CASE_ID,ACCIDENT_YEAR,PROC_DATE,JURIS,COLLISION_DATE,COLLISION_TIME,OFFICER_ID,REPORTING_DISTRICT,DAY_OF_WEEK,CHP_SHIFT,POPULATION,CNTY_CITY_LOC,SPECIAL_COND,BEAT_TYPE,CHP_BEAT_TYPE,CITY_DIVISION_LAPD,CHP_BEAT_CLASS,BEAT_NUMBER,PRIMARY_RD,SECONDARY_RD,DISTANCE,DIRECTION,INTERSECTION,WEATHER_1,WEATHER_2,STATE_HWY_IND,CALTRANS_COUNTY,CALTRANS_DISTRICT,STATE_ROUTE,ROUTE_SUFFIX,POSTMILE_PREFIX,POSTMILE,LOCATION_TYPE,RAMP_INTERSECTION,SIDE_OF_HWY,TOW_AWAY,COLLISION_SEVERITY,NUMBER_KILLED,NUMBER_INJURED,PARTY_COUNT,PRIMARY_COLL_FACTOR,PCF_CODE_OF_VIOL,PCF_VIOL_CATEGORY,PCF_VIOLATION,PCF_VIOL_SUBSECTION,HIT_AND_RUN,TYPE_OF_COLLISION,MVIW,PED_ACTION,ROAD_SURFACE,ROAD_COND_1,ROAD_COND_2,LIGHTING,CONTROL_DEVICE,CHP_ROAD_TYPE,PEDESTRIAN_ACCIDENT,BICYCLE_ACCIDENT,MOTORCYCLE_ACCIDENT,TRUCK_ACCIDENT,NOT_PRIVATE_PROPERTY,ALCOHOL_INVOLVED,STWD_VEHTYPE_AT_FAULT,CHP_VEHTYPE_AT_FAULT,COUNT_SEVERE_INJ,COUNT_VISIBLE_INJ,COUNT_COMPLAINT_PAIN,COUNT_PED_KILLED,COUNT_PED_INJURED,COUNT_BICYCLIST_KILLED,COUNT_BICYCLIST_INJURED,COUNT_MC_KILLED,COUNT_MC_INJURED,PRIMARY_RAMP,SECONDARY_RAMP,LATITUDE,LONGITUDE,COUNTY,CITY,POINT_X,POINT_Y
6962778,2015,2015-07-11,1942,2015-06-02,0540,30825,1792,2,5,7,1942,0,0,0,Q,0,35T90,CORBIN AV,PARTHENIA ST,0,NA,Y,A,-,N,NA,NA,NA,NA,NA,NA,NA,NA,NA,Y,4,0,3,2,A,-,12,21453,A,N,-,C,A,A,H,-,B,A,0,NA,NA,NA,NA,Y,NA,-,-,0,0,3,0,0,0,0,0,0,-,-,NA,NA,LOS ANGELES,LOS ANGELES,-118.56229,34.22823
6962782,2015,2015-07-11,1942,2015-06-03,1820,40639,1752,3,5,7,1942,0,0,0,Q,0,10T35,ETON AV,DEVONSHIRE ST,0,NA,Y,A,-,N,NA,NA,NA,NA,NA,NA,NA,NA,NA,Y,2,0,1,2,A,-,09,21802,A,N,D,C,A,A,H,-,A,A,0,NA,NA,Y,NA,Y,NA,A,01,1,0,0,0,0,0,0,0,1,-,-,NA,NA,LOS ANGELES,LOS ANGELES,-118.59515,34.25724002
6962783,2015,2015-10-21,1947,2015-05-31,0926,1337,NA,7,5,5,1947,0,0,0,NA,0,00D,MONTEBELLO BL,LOS ANGELES AV,0,NA,Y,A,-,N,NA,NA,NA,NA,NA,NA,NA,NA,NA,Y,4,0,2,2,A,-,09,21804,A,N,D,C,A,A,H,-,A,A,0,NA,NA,NA,NA,Y,NA,A,01,0,0,2,0,0,0,0,0,0,-,-,NA,NA,LOS ANGELES,MONTEBELLO,-118.10866999,34.00817011
6962786,2015,2015-07-11,1942,2015-06-02,1330,40165,1543,2,5,7,1942,0,0,0,O,0,15T44,LAUREL CANYON BL,CHANDLER BL,0,NA,Y,A,-,N,NA,NA,NA,NA,NA,NA,NA,NA,NA,Y,4,0,3,3,A,-,03,22350,A,N,C,C,A,A,H,-,A,D,0,NA,NA,NA,NA,Y,NA,A,01,0,0,3,0,0,0,0,0,0,-,-,NA,NA,LOS ANGELES,LOS ANGELES,-118.3965,34.16866009
6962909,2015,2015-06-29,1920,2015-05-09,0201,12323,NA,6,5,6,1920,0,0,0,NA,0,005,5TH ST,MYRTLE ST,2,W,N,A,-,N,NA,NA,NA,NA,NA,NA,NA,NA,NA,Y,3,0,1,4,A,-,01,23152,A,N,D,E,A,A,H,-,C,D,0,NA,NA,NA,NA,Y,Y,A,01,0,1,0,0,0,0,0,0,0,-,-,NA,NA,LOS ANGELES,DOWNEY,-118.13387554,33.94556296
6962913,2015,2015-07-10,1920,2015-05-03,1944,12605,NA,7,5,6,1920,0,0,0,NA,0,006,BELLFLOWER BL,IMPERIAL HWY,12,S,N,A,-,N,NA,NA,NA,NA,NA,NA,NA,NA,NA,N,4,0,1,2,A,-,03,22350,NA,N,C,C,A,A,H,-,C,A,0,NA,NA,NA,NA,Y,NA,D,22,0,0,1,0,0,0,0,0,0,-,-,NA,NA,LOS ANGELES,DOWNEY,-118.12541952,33.9169971
6962917,2015,2015-06-29,1920,2015-05-18,1703,12035,NA,1,5,6,1920,0,0,0,NA,0,003,FLORENCE AV,PARAMOUNT BL,250,W,N,A,-,N,NA,NA,NA,NA,NA,NA,NA,NA,NA,Y,4,0,1,3,A,-,09,21801,A,M,D,C,A,A,H,-,A,D,0,NA,NA,NA,NA,Y,NA,D,22,0,0,1,0,0,0,0,0,0,-,-,NA,NA,LOS ANGELES,DOWNEY,-118.13075015,33.95390946
6962921,2015,2015-06-29,1920,2015-05-17,1024,10705,NA,7,5,6,1920,0,0,0,NA,0,004,FIRESTONE BL,PANGBORN AV,47,E,N,B,-,N,NA,NA,NA,NA,NA,NA,NA,NA,NA,N,4,0,1,2,A,-,03,22350,NA,N,C,C,A,A,H,-,A,D,0,NA,NA,NA,NA,Y,NA,-,NA,0,0,1,0,0,0,0,0,0,-,-,NA,NA,LOS ANGELES,DOWNEY,-118.11381707,33.93044418
6962925,2015,2015-06-29,1920,2015-05-20,0926,11992,NA,3,5,6,1920,0,0,0,NA,0,006,BROOKSHIRE AV,ALBIA ST,0,NA,Y,A,B,N,NA,NA,NA,NA,NA,NA,NA,NA,NA,Y,3,0,3,2,A,-,09,21802,A,N,D,C,A,A,H,-,A,A,0,NA,NA,NA,NA,Y,NA,D,22,0,2,1,0,0,0,0,0,0,-,-,NA,NA,LOS ANGELES,DOWNEY,-118.13816008,33.92697005
6962929,2015,2015-06-29,1920,2015-05-13,0453,10062,NA,3,5,6,1920,0,0,0,NA,0,006,BROOKSHIRE AV,STEWART AND GRAY RD,0,NA,Y,A,-,N,NA,NA,NA,NA,NA,NA,NA,NA,NA,Y,4,0,1,3,D,-,00,NA,NA,N,D,C,A,A,H,-,C,A,0,NA,NA,NA,NA,Y,NA,-,-,0,0,1,0,0,0,0,0,0,-,-,NA,NA,LOS ANGELES,DOWNEY,-118.13534001,33.93070008
6963123,2015,2015-06-26,1976,2015-05-29,1434,894,NA,5,5,3,1964,0,0,0,NA,0,002,FLORENCE AV,NORWALK BL,0,NA,Y,A,-,N,NA,NA,NA,NA,NA,NA,NA,NA,NA,Y,3,0,2,3,A,-,09,21801,A,N,D,C,A,A,H,-,A,A,0,NA,NA,NA,NA,Y,NA,A,07,0,1,1,0,0,0,0,0,0,-,-,NA,NA,LOS ANGELES,SANTA FE SPRINGS,-118.07272007,33.93535011
6963124,2015,2016-11-05,1942,2015-05-01,0130,39262,1409,5,5,7,1942,0,0,0,N,0,34T50,VENICE BL,BAGLEY AV,0,W,N,A,-,Y,LA,7,187,-,-,7.43,H,-,E,Y,4,0,1,3,A,-,03,22350,NA,F,C,C,A,A,H,-,C,D,0,NA,NA,NA,NA,Y,NA,-,99,0,0,1,0,0,0,0,0,0,-,-,NA,NA,LOS ANGELES,LOS ANGELES,-118.39521373,34.02521319
6963126,2015,2015-06-29,1905,2015-05-31,1209,1121,423,7,5,4,1905,0,0,0,NA,0,063,FOOTHILL BL,STEIN LN,0,NA,Y,A,-,N,NA,NA,NA,NA,NA,NA,NA,NA,NA,N,4,0,2,2,A,-,09,21802,A,N,D,C,A,A,H,-,A,A,0,NA,NA,NA,NA,Y,NA,A,01,0,0,2,0,0,0,0,0,0,-,-,34.13344,-117.8984,LOS ANGELES,AZUSA,-117.90084008,34.13357003
6963127,2015,2015-06-26,1969,2015-05-27,1737,10134,PATRO,3,5,5,1969,0,0,0,NA,0,002,FIRESTONE BL,VIRGINIA AV,0,NA,Y,A,-,N,NA,NA,NA,NA,NA,NA,NA,NA,NA,N,3,0,1,2,A,-,10,21950,A,N,G,B,B,A,H,-,A,D,0,Y,NA,NA,NA,Y,NA,A,08,0,1,0,0,1,0,0,0,0,-,-,NA,NA,LOS ANGELES,SOUTH GATE,-118.20742002,33.95434
6963128,2015,2015-07-03,1942,2015-05-06,1530,37243,2029,3,5,7,1942,0,0,0,NA,0,20A33,2ND ST,VIRGIL,5,W,N,A,-,N,NA,NA,NA,NA,NA,NA,NA,NA,NA,N,4,0,1,2,A,-,09,21802,A,N,D,B,B,A,H,-,A,A,0,Y,NA,NA,NA,Y,NA,A,07,0,0,1,0,1,0,0,0,0,-,-,NA,NA,LOS ANGELES,LOS ANGELES,-118.28683646,34.07040072
6963130,2015,2015-06-29,1905,2015-05-14,1546,1113,424,4,5,4,1905,0,0,0,NA,0,063,CITRUS AV,FOOTHILL BL,0,NA,Y,B,C,N,NA,NA,NA,NA,NA,NA,NA,NA,NA,Y,4,0,1,1,A,-,03,22350,NA,N,F,I,A,B,H,-,A,D,0,NA,NA,NA,NA,Y,NA,A,01,0,0,1,0,0,0,0,0,0,-,-,NA,NA,LOS ANGELES,AZUSA,-117.89006012,34.13346006
6963132,2015,2015-06-26,1942,2015-05-20,1155,39651,0807,3,5,7,1942,0,0,0,H,0,8TL35,BEVERLY GLEN BL,ARIMO LN,284,S,N,A,-,N,NA,NA,NA,NA,NA,NA,NA,NA,NA,N,2,0,1,2,A,-,05,21460,A,N,H,C,A,A,H,-,A,A,0,NA,NA,Y,NA,Y,NA,A,01,1,0,0,0,0,0,0,0,1,-,-,NA,NA,LOS ANGELES,LOS ANGELES,-118.44117833,34.09694513
6963134,2015,2015-06-29,1905,2015-05-14,0759,1112,123,4,5,4,1905,0,0,0,NA,0,061,E 1ST ST,CERRITOS AV,0,NA,Y,B,-,N,NA,NA,NA,NA,NA,NA,NA,NA,NA,Y,3,0,3,3,A,-,08,22107,NA,N,A,C,A,A,H,-,A,A,0,NA,NA,NA,NA,Y,NA,A,01,0,1,2,0,0,0,0,0,0,-,-,34.12158,-117.89939,LOS ANGELES,AZUSA,-117.89939012,34.12156008
6963136,2015,2016-06-02,1942,2015-05-24,1830,39436,1493,7,5,7,1942,0,0,0,N,0,7M056,VISTA DEL MAR,IMPERIAL HWY,2112,N,N,A,-,N,NA,NA,NA,NA,NA,NA,NA,NA,NA,Y,3,0,3,4,A,-,08,22101,D,N,D,C,A,A,-,-,A,D,0,NA,NA,NA,NA,Y,NA,A,01,0,2,1,0,0,0,0,0,0,-,-,NA,NA,LOS ANGELES,LOS ANGELES,-118.43766947,33.9362253
6963140,2015,2015-07-03,1942,2015-05-26,0035,41723,1472,2,5,7,1942,0,0,0,N,0,14A73,CULVER BL,JEFFERSON BL,500,W,N,A,-,N,NA,NA,NA,NA,NA,NA,NA,NA,NA,Y,3,0,1,1,A,-,03,22350,NA,N,A,I,A,A,H,-,D,D,0,NA,NA,NA,NA,Y,NA,-,-,0,1,0,0,0,0,0,0,0,-,-,NA,NA,LOS ANGELES,LOS ANGELES,-118.44015718,33.96715678
6963144,2015,2016-06-02,1942,2015-05-26,2135,40460,1443,2,5,7,1942,0,0,0,N,0,14T47,VENICE BL,GRAND VIEW AV,35,W,N,A,-,N,NA,NA,NA,NA,NA,NA,NA,NA,NA,N,3,0,1,2,A,-,05,21650,NA,N,H,G,A,A,H,-,C,A,0,NA,Y,NA,NA,Y,NA,L,04,0,1,0,0,0,0,1,0,0,-,-,NA,NA,LOS ANGELES,LOS ANGELES,-118.45567882,33.99250059
6963146,2015,2015-06-29,1947,2015-05-16,1804,1397,1947,6,5,5,1947,0,0,0,NA,0,00B,MADISON AV,WILCOX AV,0,NA,Y,B,-,N,NA,NA,NA,NA,NA,NA,NA,NA,NA,N,4,0,2,2,A,-,12,21457,A,N,D,C,A,A,H,-,A,-,0,NA,NA,NA,NA,Y,Y,A,01,0,0,2,0,0,0,0,0,0,-,-,NA,NA,LOS ANGELES,MONTEBELLO,-118.12395006,34.01724005
6963148,2015,2015-06-26,1942,2015-05-28,0815,34251,1459,4,5,7,1942,0,0,0,N,0,20T59,SAWTELLE BL,BRADDOCK DR,18,S,N,A,-,N,NA,NA,NA,NA,NA,NA,NA,NA,NA,N,3,0,1,2,A,-,10,21950,A,N,G,B,B,A,H,-,A,A,0,Y,NA,NA,NA,Y,NA,A,01,0,1,0,0,1,0,0,0,0,-,-,NA,NA,LOS ANGELES,LOS ANGELES,-118.40850511,34.00059519
6963150,2015,2015-06-29,1947,2015-05-01,0755,85P,MONTE,5,5,5,1947,0,0,0,NA,0,00D,MONTEBELLO BL,OLYMPIC BL,0,NA,Y,A,-,N,NA,NA,NA,NA,NA,NA,NA,NA,NA,Y,4,0,5,2,A,-,12,21453,A,N,D,C,A,A,H,-,A,A,0,NA,NA,NA,NA,Y,NA,-,NA,0,0,5,0,0,0,0,0,0,-,-,NA,NA,LOS ANGELES,MONTEBELLO,-118.10921013,34.00641009
6963152,2015,2015-07-02,1942,2015-05-06,1625,31255,2024,3,5,7,1942,0,0,0,NA,0,7TL38,HARVARD BL,6TH ST,10,N,N,A,-,N,NA,NA,NA,NA,NA,NA,NA,NA,NA,N,4,0,1,2,A,-,10,21950,A,N,G,B,B,A,H,-,A,A,0,Y,NA,NA,NA,Y,NA,-,-,0,0,1,0,1,0,0,0,0,-,-,NA,NA,LOS ANGELES,LOS ANGELES,-118.30411044,34.06357742
6963154,2015,2015-06-29,1947,2015-05-13,2117,1403,NA,3,5,5,1947,0,0,0,NA,0,00A,VIA CAMPO,GARFIELD AV,0,NA,Y,A,-,N,NA,NA,NA,NA,NA,NA,NA,NA,NA,Y,4,0,1,2,A,-,09,21801,A,N,A,C,A,A,H,-,C,A,0,NA,NA,NA,NA,Y,NA,A,01,0,0,1,0,0,0,0,0,0,-,-,NA,NA,LOS ANGELES,MONTEBELLO,-118.12997009,34.03274011
6963156,2015,2015-06-26,1942,2015-05-10,1630,38310,2046,7,5,7,1942,0,0,0,NA,0,20TL58,BERENDO ST,SAN MARINO ST,5,N,N,A,-,N,NA,NA,NA,NA,NA,NA,NA,NA,NA,N,3,0,1,2,A,-,09,21804,A,N,B,G,A,A,H,-,A,D,0,NA,Y,NA,NA,Y,NA,L,04,0,1,0,0,0,0,1,0,0,-,-,NA,NA,LOS ANGELES,LOS ANGELES,-118.29413019,34.05452371
6963158,2015,2015-06-29,1947,2015-05-13,0810,1353,NA,3,5,5,1947,0,0,0,NA,0,EDWARD,OLYMPIC BL,PARK AV,0,NA,Y,A,-,N,NA,NA,NA,NA,NA,NA,NA,NA,NA,N,4,0,1,2,A,-,05,21650,1,N,-,G,A,A,H,-,A,D,0,NA,Y,NA,NA,Y,NA,L,04,0,0,1,0,0,0,1,0,0,-,-,NA,NA,LOS ANGELES,MONTEBELLO,-118.1166801,34.0079801
6963160,2015,2015-06-26,1942,2015-05-09,0845,32565,2013,6,5,7,1942,0,0,0,NA,0,20TL59,WESTERN AV,2ND ST,350,N,N,A,-,N,NA,NA,NA,NA,NA,NA,NA,NA,NA,N,3,0,1,2,A,-,07,21658,A,N,B,C,A,A,H,-,A,A,0,NA,NA,Y,NA,Y,NA,C,02,0,1,0,0,0,0,0,0,1,-,-,NA,NA,LOS ANGELES,LOS ANGELES,-118.309128,34.072084
6963162,2015,2015-06-29,1947,2015-05-02,2217,1397,1947,6,5,5,1947,0,0,0,NA,0,00B,WILCOX AV,VIA CAMPO,0,NA,Y,A,-,N,NA,NA,NA,NA,NA,NA,NA,NA,NA,Y,4,0,1,2,A,-,09,21801,A,N,D,C,A,A,H,-,C,A,0,NA,NA,NA,NA,Y,NA,-,NA,0,0,1,0,0,0,0,0,0,-,-,NA,NA,LOS ANGELES,MONTEBELLO,-118.12507013,34.03279006
6963165,2015,2015-06-30,1920,2015-05-12,1353,10705,NA,2,5,6,1920,0,0,0,NA,0,001,IMPERIAL HWY,BENEDICT AV,0,NA,Y,A,-,N,NA,NA,NA,NA,NA,NA,NA,NA,NA,N,3,0,1,2,D,-,00,NA,NA,M,H,A,A,A,H,-,A,A,0,NA,Y,NA,NA,Y,NA,-,-,0,1,0,0,0,0,1,0,0,-,-,NA,NA,LOS ANGELES,DOWNEY,-118.11889011,33.91704004
6963166,2015,2015-06-29,1947,2015-05-30,0021,1320,1947,6,5,5,1947,0,0,0,NA,0,441,TELEGRAPH RD,GREENWOOD AV,0,NA,Y,A,-,N,NA,NA,NA,NA,NA,NA,NA,NA,NA,Y,4,0,2,2,A,-,12,21453,A,N,D,C,A,A,H,-,A,D,0,NA,NA,NA,NA,Y,NA,-,NA,0,0,2,0,0,0,0,0,0,-,-,NA,NA,LOS ANGELES,MONTEBELLO,-118.12835001,33.97975002
6963167,2015,2015-06-26,1942,2015-05-31,1650,37700,1494,7,5,7,1942,0,0,0,N,0,14T52,WORLD WY,EAST WY,290,E,N,A,-,N,NA,NA,NA,NA,NA,NA,NA,NA,NA,Y,2,0,4,3,A,-,03,22350,NA,N,G,B,F,A,H,-,A,D,0,Y,NA,NA,NA,Y,NA,A,01,1,3,0,0,2,0,0,0,0,-,-,NA,NA,LOS ANGELES,LOS ANGELES,-118.40220772,33.94533595
6963168,2015,2015-06-26,1942,2015-05-23,1550,35945,0852,6,5,7,1942,0,0,0,H,0,8TL28,BARRINGTON AV,OHIO AV,70,S,N,A,-,N,NA,NA,NA,NA,NA,NA,NA,NA,NA,Y,3,0,1,3,A,-,03,22350,NA,N,C,C,A,A,H,-,A,D,0,NA,NA,NA,NA,Y,NA,A,01,0,1,0,0,0,0,0,0,0,-,-,NA,NA,LOS ANGELES,LOS ANGELES,-118.45649775,34.04425886
6963170,2015,2015-06-29,1947,2015-05-27,0825,1400,NA,3,5,5,1947,0,0,0,NA,0,00B,WILCOX AV,VIA PASEO,0,NA,Y,B,-,N,NA,NA,NA,NA,NA,NA,NA,NA,NA,Y,4,0,2,2,A,-,09,21804,A,N,D,C,A,A,H,-,A,D,0,NA,NA,NA,NA,Y,NA,-,NA,0,0,2,0,0,0,0,0,0,-,-,NA,NA,LOS ANGELES,MONTEBELLO,-118.12460013,34.02952007
6963179,2015,2015-07-02,1942,2015-05-29,0935,40164,1462,5,5,7,1942,0,0,0,N,0,8T35,NICHOLSON ST,PERSHING DR,30,E,N,B,-,N,NA,NA,NA,NA,NA,NA,NA,NA,NA,N,3,0,3,3,A,-,03,22350,NA,N,C,C,A,A,G,-,A,D,0,NA,NA,NA,NA,Y,NA,A,01,0,2,1,0,0,0,0,0,0,-,-,NA,NA,LOS ANGELES,LOS ANGELES,NA,NA
6963183,2015,2015-06-26,1942,2015-05-29,1600,34088,1454,5,5,7,1942,0,0,0,N,0,7T38,MINDANAO WY,LA VIA MARINA,0,NA,N,A,-,N,NA,NA,NA,NA,NA,NA,NA,NA,NA,N,3,0,2,2,A,-,07,21658,NA,N,D,C,A,A,H,-,A,D,0,NA,NA,Y,NA,Y,NA,A,01,0,1,1,0,0,0,0,0,1,-,-,NA,NA,LOS ANGELES,LOS ANGELES,-118.43806,33.98297
6963186,2015,2015-06-29,1969,2015-05-30,1026,10197,PATRO,6,5,5,1969,0,0,0,NA,0,004,ANNETTA AV,MISSOURI AV,0,NA,Y,A,-,N,NA,NA,NA,NA,NA,NA,NA,NA,NA,N,4,0,2,2,A,-,12,22450,A,N,D,C,A,A,H,-,A,A,0,NA,NA,NA,NA,Y,NA,A,01,0,0,2,0,0,0,0,0,0,-,-,NA,NA,LOS ANGELES,SOUTH GATE,-118.18916011,33.94464002
6963187,2015,2016-11-05,1942,2015-05-26,1730,37700,1433,2,5,7,1942,0,0,0,N,0,14TL52,LINCOLN BL,PALMS BL,140,S,N,A,-,Y,LA,7,1,-,-,32.55,H,-,N,Y,3,0,2,4,A,-,12,21453,A,N,B,C,A,A,H,-,A,A,0,NA,NA,NA,NA,Y,NA,A,01,0,1,1,0,0,0,0,0,0,-,-,NA,NA,LOS ANGELES,LOS ANGELES,-118.4586337,33.99693894
6963189,2015,2015-06-29,1976,2015-05-26,0317,495,NA,2,5,3,1964,0,0,0,NA,0,NA,NORWALK BL,FLORENCE AV,0,NA,Y,B,-,N,NA,NA,NA,NA,NA,NA,NA,NA,NA,Y,4,0,1,2,A,-,01,23152,A,N,D,C,A,A,H,-,C,A,0,NA,NA,NA,NA,Y,Y,A,07,0,0,1,0,0,0,0,0,0,-,-,NA,NA,LOS ANGELES,SANTA FE SPRINGS,-118.07272007,33.93535011
6963190,2015,2015-07-06,1969,2015-05-19,2200,20041,TRAFF,2,5,5,1969,0,0,0,NA,0,004,ATLANTIC AV,TWEEDY BL,0,NA,Y,A,-,N,NA,NA,NA,NA,NA,NA,NA,NA,NA,Y,4,0,2,3,A,-,03,22350,NA,N,C,C,A,A,H,-,C,A,0,NA,NA,NA,NA,Y,NA,A,08,0,0,2,0,0,0,0,0,0,-,-,NA,NA,LOS ANGELES,SOUTH GATE,-118.18159011,33.94157006
6963191,2015,2015-06-26,1942,2015-05-26,1247,01497,1494,2,5,7,1942,0,0,0,N,0,5M33,SEPULVEDA,CENTURY,618,S,N,A,-,N,NA,NA,NA,NA,NA,NA,NA,NA,NA,Y,4,0,1,2,A,-,07,21658,A,N,B,C,A,A,H,-,A,D,0,NA,NA,NA,NA,Y,NA,A,07,0,0,1,0,0,0,0,0,0,-,-,NA,NA,LOS ANGELES,LOS ANGELES,-118.39633,33.94538
6963194,2015,2015-06-29,1942,2015-05-27,1500,38202,0835,3,5,7,1942,0,0,0,H,0,14T52,WESTWOOD BL,LA GRANGE AV,185,S,N,B,-,N,NA,NA,NA,NA,NA,NA,NA,NA,NA,Y,3,0,1,2,A,-,09,21804,A,N,D,C,A,A,H,-,A,A,0,NA,NA,NA,NA,Y,NA,A,01,0,1,0,0,0,0,0,0,0,-,-,NA,NA,LOS ANGELES,LOS ANGELES,-118.43378416,34.04627798
6963195,2015,2015-06-26,1942,2015-05-29,1510,38158,1406,5,5,7,1942,0,0,0,N,0,14Z1,OVERLAND DR,PALMS BL,20,S,N,A,-,N,NA,NA,NA,NA,NA,NA,NA,NA,NA,N,4,0,1,2,A,-,09,21801,A,N,D,C,A,A,H,-,A,A,0,NA,NA,NA,NA,Y,NA,-,NA,0,0,1,0,0,0,0,0,0,-,-,NA,NA,LOS ANGELES,LOS ANGELES,-118.4115851,34.02468347
6963198,2015,2015-06-29,1942,2015-05-15,1449,41837,1474,5,5,7,1942,0,0,0,N,0,14A73,LINCOLN BL,85TH ST,10,S,N,A,-,N,NA,NA,NA,NA,NA,NA,NA,NA,NA,N,4,0,1,2,A,-,09,21801,A,N,D,C,A,A,H,-,A,A,0,NA,NA,NA,NA,Y,NA,A,01,0,0,1,0,0,0,0,0,0,-,-,NA,NA,LOS ANGELES,LOS ANGELES,-118.419968,33.960623
6963220,2015,2015-07-10,1975,2015-06-03,1750,354,NA,3,5,6,1975,0,0,0,NA,0,006,SENTOUS AV,LA PUENTE RD,0,NA,Y,A,-,N,NA,NA,NA,NA,NA,NA,NA,NA,NA,N,3,0,1,2,A,-,11,21456,B,N,G,B,A,A,H,-,A,A,0,NA,Y,NA,NA,Y,NA,L,04,0,1,0,0,0,0,1,0,0,-,-,NA,NA,LOS ANGELES,WEST COVINA,-117.88011005,34.01145004
6963224,2015,2015-07-10,1975,2015-06-06,1709,674,NA,6,5,6,1975,0,0,0,NA,0,002,HILLHAVEN AV,GARVEY AV NORTH,0,NA,Y,A,-,N,NA,NA,NA,NA,NA,NA,NA,NA,NA,NA,4,0,1,2,A,-,09,21804,A,N,B,C,A,A,H,-,A,D,0,NA,NA,NA,NA,Y,NA,-,NA,0,0,1,0,0,0,0,0,0,-,-,NA,NA,LOS ANGELES,WEST COVINA,-117.87052012,34.07208009
6963233,2015,2016-11-05,1929,2015-06-10,1121,175,1929,3,5,3,1929,0,0,0,NA,0,003,PACIFIC COAST HWY,21ST ST,0,NA,Y,A,-,Y,LA,7,1,-,-,21.721,I,5,S,N,4,0,1,2,A,-,12,21453,A,N,D,G,A,A,H,-,A,A,0,NA,Y,NA,NA,Y,NA,L,04,0,0,1,0,0,0,1,0,0,-,-,NA,NA,LOS ANGELES,HERMOSA BEACH,-118.39466417,33.87021657
6963236,2015,2015-07-10,1929,2015-06-14,1120,177,NA,7,5,3,1929,0,0,0,NA,0,003,AVIATION BL,OWOSSO AV,0,NA,Y,A,-,N,NA,NA,NA,NA,NA,NA,NA,NA,NA,Y,3,0,2,2,A,-,09,21801,A,N,A,C,A,A,H,-,A,A,0,NA,NA,NA,NA,Y,NA,-,NA,0,2,0,0,0,0,0,0,0,-,-,NA,NA,LOS ANGELES,HERMOSA BEACH,-118.38910005,33.86364001
6963272,2015,2015-07-10,1976,2015-06-05,2052,597,NA,5,5,3,1964,0,0,0,NA,0,NA,ALONDRA BL,MARQUARDT AV,3,E,N,A,-,N,NA,NA,NA,NA,NA,NA,NA,NA,NA,Y,4,0,1,2,A,-,01,23152,A,N,C,C,A,A,H,-,C,A,0,NA,NA,NA,NA,Y,Y,A,01,0,0,1,0,0,0,0,0,0,-,-,NA,NA,LOS ANGELES,SANTA FE SPRINGS,-118.03782014,33.88792011
6963276,2015,2015-07-10,1976,2015-06-05,1756,890,NA,5,5,3,1964,0,0,0,NA,0,NA,FLORENCE AV,ROSETON AV,243,E,N,A,-,N,NA,NA,NA,NA,NA,NA,NA,NA,NA,N,4,0,2,3,A,-,03,22350,NA,N,C,C,A,A,H,-,A,D,0,NA,NA,NA,NA,Y,NA,A,07,0,0,2,0,0,0,0,0,0,-,-,NA,NA,LOS ANGELES,SANTA FE SPRINGS,-118.08720068,33.93513919
6963282,2015,2015-07-10,1969,2015-06-05,1237,10119,PATRO,5,5,5,1969,0,0,0,NA,0,0A1,TRUBA AV,NEBRASKA AV,12,S,N,A,-,N,NA,NA,NA,NA,NA,NA,NA,NA,NA,N,4,0,2,2,A,-,12,22450,A,N,D,C,A,A,H,-,A,A,0,NA,NA,NA,NA,Y,NA,A,01,0,0,2,0,0,0,0,0,0,-,-,NA,NA,LOS ANGELES,SOUTH GATE,-118.22526622,33.9468075
6963285,2015,2015-07-13,1923,2015-06-03,1612,469,316,3,5,3,1923,0,0,0,NA,0,003,EL SEGUNDO BL,NASH ST,30,W,N,A,-,N,NA,NA,NA,NA,NA,NA,NA,NA,NA,N,4,0,1,2,A,-,03,22350,NA,N,C,C,A,A,H,-,A,A,0,NA,NA,NA,NA,Y,NA,A,01,0,0,1,0,0,0,0,0,0,-,-,NA,NA,LOS ANGELES,EL SEGUNDO,-118.3876087,33.91647
6963290,2015,2015-07-10,1905,2015-06-04,1244,1081,421,4,5,4,1905,0,0,0,NA,0,082,EAST FOOTHILL BL,AZUSA AV,25,E,N,B,-,N,NA,NA,NA,NA,NA,NA,NA,NA,NA,N,4,0,1,2,A,-,03,22350,NA,N,C,C,A,A,H,-,A,A,0,NA,NA,NA,NA,Y,NA,A,01,0,0,1,0,0,0,0,0,0,-,-,34.13347,-117.9065,LOS ANGELES,AZUSA,-117.9074576,34.13360128
6963294,2015,2015-07-10,1905,2015-06-15,1331,1081,337,1,5,4,1905,0,0,0,NA,0,081,S VINCENT AV,GLADSTONE ST,21,S,N,A,-,N,NA,NA,NA,NA,NA,NA,NA,NA,NA,Y,3,0,1,1,A,-,03,22350,NA,N,E,I,A,A,H,-,A,A,0,NA,NA,NA,NA,Y,NA,A,01,0,1,0,0,0,0,0,0,0,-,-,NA,NA,LOS ANGELES,AZUSA,-117.92523,34.11425243
6963298,2015,2015-07-10,1942,2015-06-07,1730,34959,1407,7,5,7,1942,0,0,0,N,0,20T59,VINCENT AV,PALMS BL,150,S,N,A,-,N,NA,NA,NA,NA,NA,NA,NA,NA,NA,N,4,0,1,2,A,-,03,22350,NA,F,C,C,A,A,H,-,A,D,0,NA,NA,NA,NA,Y,NA,-,99,0,0,1,0,0,0,0,0,0,-,-,NA,NA,LOS ANGELES,LOS ANGELES,NA,NA