CASE_ID,ACCIDENT_YEAR,PROC_DATE,JURIS,COLLISION_DATE,COLLISION_TIME,OFFICER_ID,REPORTING_DISTRICT,DAY_OF_WEEK,CHP_SHIFT,POPULATION,CNTY_CITY_LOC,SPECIAL_COND,BEAT_TYPE,CHP_BEAT_TYPE,CITY_DIVISION_LAPD,CHP_BEAT_CLASS,BEAT_NUMBER,PRIMARY_RD,SECONDARY_RD,DISTANCE,DIRECTION,INTERSECTION,WEATHER_1,WEATHER_2,STATE_HWY_IND,CALTRANS_COUNTY,CALTRANS_DISTRICT,STATE_ROUTE,ROUTE_SUFFIX,POSTMILE_PREFIX,POSTMILE,LOCATION_TYPE,RAMP_INTERSECTION,SIDE_OF_HWY,TOW_AWAY,COLLISION_SEVERITY,NUMBER_KILLED,NUMBER_INJURED,PARTY_COUNT,PRIMARY_COLL_FACTOR,PCF_CODE_OF_VIOL,PCF_VIOL_CATEGORY,PCF_VIOLATION,PCF_VIOL_SUBSECTION,HIT_AND_RUN,TYPE_OF_COLLISION,MVIW,PED_ACTION,ROAD_SURFACE,ROAD_COND_1,ROAD_COND_2,LIGHTING,CONTROL_DEVICE,CHP_ROAD_TYPE,PEDESTRIAN_ACCIDENT,BICYCLE_ACCIDENT,MOTORCYCLE_ACCIDENT,TRUCK_ACCIDENT,NOT_PRIVATE_PROPERTY,ALCOHOL_INVOLVED,STWD_VEHTYPE_AT_FAULT,CHP_VEHTYPE_AT_FAULT,COUNT_SEVERE_INJ,COUNT_VISIBLE_INJ,COUNT_COMPLAINT_PAIN,COUNT_PED_KILLED,COUNT_PED_INJURED,COUNT_BICYCLIST_KILLED,COUNT_BICYCLIST_INJURED,COUNT_MC_KILLED,COUNT_MC_INJURED,PRIMARY_RAMP,SECONDARY_RAMP,LATITUDE,LONGITUDE,COUNTY,CITY,POINT_X,POINT_Y
6964302,2015,2015-07-11,1942,2015-06-03,0438,41687,0911,3,5,7,1942,0,0,0,I,0,9A23,SHERMAN WY,SEPULVEDA BL,0,NA,N,A,-,N,NA,NA,NA,NA,NA,NA,NA,NA,NA,Y,4,0,1,4,A,-,07,21658,A,F,C,E,A,A,H,-,B,D,0,NA,NA,NA,NA,Y,NA,-,-,0,0,1,0,0,0,0,0,0,-,-,NA,NA,LOS ANGELES,LOS ANGELES,-118.46620005,34.20125004
6964303,2015,2015-07-11,1942,2015-06-05,2120,1015,1015,5,5,7,1942,0,0,0,J,0,10X94,SATICOY ST,ETIWANDA AV,60,W,N,A,-,N,NA,NA,NA,NA,NA,NA,NA,NA,NA,N,4,0,1,2,A,-,03,22350,NA,F,C,C,A,A,H,-,C,D,0,NA,NA,NA,NA,Y,NA,-,99,0,0,1,0,0,0,0,0,0,-,-,NA,NA,LOS ANGELES,LOS ANGELES,-118.53191811,34.2084
6964304,2015,2016-02-11,1942,2015-06-06,2315,40820,1035,6,5,7,1942,0,0,0,J,0,21TL61,VICTORY BL,WHITE OAK AV,120,W,N,A,-,N,NA,NA,NA,NA,NA,NA,NA,NA,NA,N,4,0,1,2,A,-,03,22350,NA,F,C,C,A,A,H,-,C,A,0,NA,NA,NA,NA,Y,NA,-,99,0,0,1,0,0,0,0,0,0,-,-,NA,NA,LOS ANGELES,LOS ANGELES,-118.5188861,34.18662
6964305,2015,2015-07-11,1942,2015-06-05,1535,37849,1035,5,5,7,1942,0,0,0,J,0,10X24,VICTORY BL,WHIE OAK AV,0,NA,Y,A,-,N,NA,NA,NA,NA,NA,NA,NA,NA,NA,Y,3,0,1,2,A,-,09,21801,A,N,D,C,A,A,H,-,A,A,0,NA,NA,NA,NA,Y,NA,A,01,0,1,0,0,0,0,0,0,0,-,-,NA,NA,LOS ANGELES,LOS ANGELES,-118.51849002,34.18662007
6964306,2015,2015-07-11,1942,2015-06-07,0545,41469,NA,7,5,7,1942,0,0,0,NA,0,1049,WOODLEY AV,BURBANK BL,0,NA,Y,A,-,N,NA,NA,NA,NA,NA,NA,NA,NA,NA,Y,4,0,4,1,C,-,18,NA,NA,N,H,I,A,A,H,-,A,D,0,NA,NA,NA,NA,Y,NA,-,-,0,0,4,0,0,0,0,0,0,-,-,NA,NA,LOS ANGELES,LOS ANGELES,-118.47577003,34.17171002
6964307,2015,2015-07-11,1942,2015-06-07,1720,40820,0963,7,5,7,1942,0,0,0,I,0,21T65,SEPULVEDA BL,OTSEGO ST,75,S,N,A,-,N,NA,NA,NA,NA,NA,NA,NA,NA,NA,N,4,0,2,2,A,-,07,21658,A,F,B,C,A,A,H,-,A,A,0,NA,NA,NA,NA,Y,NA,-,99,0,0,2,0,0,0,0,0,0,-,-,NA,NA,LOS ANGELES,LOS ANGELES,-118.46615,34.16283428
6964308,2015,2015-07-11,1942,2015-06-06,1100,38725,1025,6,5,7,1942,0,0,0,J,0,10A3,SHERMAN WY,CANBY AV,0,NA,Y,A,-,N,NA,NA,NA,NA,NA,NA,NA,NA,NA,N,3,0,1,2,A,-,09,21801,A,F,E,I,A,A,H,-,A,A,0,NA,NA,NA,NA,Y,NA,-,-,0,1,0,0,0,0,0,0,0,-,-,NA,NA,LOS ANGELES,LOS ANGELES,-118.5347801,34.20118006
6964309,2015,2015-07-11,1942,2015-06-05,2305,38049,1684,5,5,7,1942,0,0,0,P,0,16ELI,LANKERSHIM BL,ARMINTA ST,0,NA,Y,A,-,N,NA,NA,NA,NA,NA,NA,NA,NA,NA,N,4,0,1,2,A,-,10,21950,A,F,G,B,B,A,H,-,C,A,0,Y,NA,NA,NA,Y,NA,-,99,0,0,1,0,1,0,0,0,0,-,-,NA,NA,LOS ANGELES,LOS ANGELES,-118.38778009,34.21389001
6964310,2015,2015-07-11,1942,2015-06-08,1155,39635,1656,1,5,7,1942,0,0,0,P,0,21T62,JOHANNA AV,SUNLAND BL,15,W,N,A,-,N,NA,NA,NA,NA,NA,NA,NA,NA,NA,N,3,0,1,2,A,-,10,21950,A,F,G,B,C,A,H,-,A,D,0,Y,NA,NA,NA,Y,NA,-,99,0,1,0,0,1,0,0,0,0,-,-,NA,NA,LOS ANGELES,LOS ANGELES,-118.34452816,34.25383624
6964311,2015,2015-07-11,1942,2015-06-03,2240,34862,NA,3,5,7,1942,0,0,0,NA,0,1797,HAYVENHURST AVE,PARTHENIA ST,20,S,N,A,-,N,NA,NA,NA,NA,NA,NA,NA,NA,NA,N,4,0,1,2,A,-,04,21703,NA,F,C,C,A,-,H,-,C,D,0,NA,NA,NA,NA,Y,NA,-,99,0,0,1,0,0,0,0,0,0,-,-,NA,NA,LOS ANGELES,LOS ANGELES,-118.49387,34.22839514
6964312,2015,2015-07-11,1942,2015-06-06,1430,34599,1761,6,5,7,1942,0,0,0,Q,0,10TL38,NORDHOFF ST,ETON AV,29,E,N,A,-,N,NA,NA,NA,NA,NA,NA,NA,NA,NA,N,2,0,1,1,B,-,22,NA,NA,N,E,I,A,A,H,-,A,D,0,NA,NA,Y,NA,Y,NA,-,-,1,0,0,0,0,0,0,0,1,-,-,NA,NA,LOS ANGELES,LOS ANGELES,-118.59389421,34.23547
6964313,2015,2015-07-11,1942,2015-06-06,1640,41666,NA,6,5,7,1942,0,0,0,NA,0,17A48,LASSEN ST,W OF TAMPA AV,2,E,N,A,-,N,NA,NA,NA,NA,NA,NA,NA,NA,NA,Y,4,0,3,2,A,-,09,21801,NA,N,A,C,A,A,H,-,A,A,0,NA,NA,NA,NA,Y,NA,-,-,0,0,3,0,0,0,0,0,0,-,-,NA,NA,LOS ANGELES,LOS ANGELES,-118.55360400000001,34.25
6964314,2015,2015-07-11,1942,2015-06-04,0600,41852,1729,4,5,7,1942,0,0,0,Q,0,17A35,RINALDI ST,LOUSIE AV,0,NA,Y,C,-,N,NA,NA,NA,NA,NA,NA,NA,NA,NA,Y,4,0,1,2,A,-,09,21801,NA,N,A,C,A,B,-,-,B,A,0,NA,NA,NA,NA,Y,NA,A,01,0,0,1,0,0,0,0,0,0,-,-,NA,NA,LOS ANGELES,LOS ANGELES,-118.51090002,34.2793401
6964315,2015,2015-07-11,1942,2015-06-07,1700,36946,1756,7,5,7,1942,0,0,0,Q,0,17X66,DEVONSHIRE ST,ZELZAH AV,0,NA,Y,A,-,N,NA,NA,NA,NA,NA,NA,NA,NA,NA,N,4,0,1,2,A,-,09,21801,A,N,B,C,A,A,H,-,A,A,0,NA,NA,NA,NA,Y,NA,A,01,0,0,1,0,0,0,0,0,0,-,-,NA,NA,LOS ANGELES,LOS ANGELES,-118.52333002,34.25761007
6964316,2015,2015-07-11,1942,2015-06-03,2145,38743,1792,3,5,7,1942,0,0,0,Q,0,17X54,CURBIN AV,PARTHENIA ST,0,NA,Y,A,-,N,NA,NA,NA,NA,NA,NA,NA,NA,NA,Y,3,0,4,2,A,-,09,21801,NA,N,D,C,A,A,H,-,C,A,0,NA,NA,NA,NA,Y,NA,-,-,0,1,3,0,0,0,0,0,0,-,-,NA,NA,LOS ANGELES,LOS ANGELES,-118.56229,34.22823
6964317,2015,2015-07-11,1942,2015-06-02,1730,40408,1685,2,5,7,1942,0,0,0,P,0,16A11,SAN FERNANDO RD,PIERCE ST,600,N,N,A,-,N,NA,NA,NA,NA,NA,NA,NA,NA,NA,N,4,0,1,2,A,-,08,22107,NA,N,D,C,A,A,H,-,A,D,0,NA,NA,NA,NA,Y,NA,-,-,0,0,1,0,0,0,0,0,0,-,-,NA,NA,LOS ANGELES,LOS ANGELES,-118.42023551,34.26433832
6964318,2015,2015-07-11,1942,2015-06-07,1925,39971,0906,7,5,7,1942,0,0,0,I,0,15T43,TYRONE AV,VALERIO ST,0,NA,Y,A,-,N,NA,NA,NA,NA,NA,NA,NA,NA,NA,N,3,0,1,2,A,-,09,21453,B,N,D,G,A,A,H,-,A,A,0,NA,Y,NA,NA,Y,NA,L,04,0,1,0,0,0,0,1,0,0,-,-,NA,NA,LOS ANGELES,LOS ANGELES,-118.44436004,34.20482009
6964319,2015,2015-07-11,1942,2015-06-08,1845,36599,0989,1,5,7,1942,0,0,0,I,0,16TL24,MAGNOLIA BL,RAWCAITO AV,60,E,N,A,-,N,NA,NA,NA,NA,NA,NA,NA,NA,NA,N,3,0,1,1,A,-,03,22350,A,N,H,J,A,A,H,-,A,A,0,NA,NA,Y,NA,Y,NA,C,02,0,1,0,0,0,0,0,0,1,-,-,NA,NA,LOS ANGELES,LOS ANGELES,NA,NA
6964320,2015,2015-07-11,1942,2015-06-05,2120,37343,0981,5,5,7,1942,0,0,0,I,0,9A89,GREEN LEAF ST,SAUGUS AV,0,NA,Y,A,-,N,NA,NA,NA,NA,NA,NA,NA,NA,NA,N,4,0,1,2,A,-,10,21950,A,N,G,B,B,A,H,-,D,D,0,Y,NA,NA,NA,Y,NA,A,01,0,0,1,0,1,0,0,0,0,-,-,NA,NA,LOS ANGELES,LOS ANGELES,-118.46619009,34.15119007
6964321,2015,2015-07-11,1942,2015-06-08,1215,38850,NA,1,5,7,1942,0,0,0,NA,0,NA,SEPULVEDA BL,ERWIN ST,0,NA,Y,A,-,N,NA,NA,NA,NA,NA,NA,NA,NA,NA,Y,3,0,1,2,A,-,12,21453,A,N,D,C,A,A,H,-,A,A,0,NA,NA,NA,NA,Y,NA,A,01,0,1,0,0,0,0,0,0,0,-,-,NA,NA,LOS ANGELES,LOS ANGELES,-118.46619008,34.18302002
6964323,2015,2015-07-11,1942,2015-06-07,1225,38850,NA,7,5,7,1942,0,0,0,NA,0,NA,HAZELTINE AV,VANOWEN ST,0,NA,Y,A,-,N,NA,NA,NA,NA,NA,NA,NA,NA,NA,Y,4,0,1,2,A,-,12,21453,A,N,D,C,A,A,H,-,A,A,0,NA,NA,NA,NA,Y,NA,A,01,0,0,1,0,0,0,0,0,0,-,-,NA,NA,LOS ANGELES,LOS ANGELES,-118.43998004,34.19394007
6964324,2015,2015-07-11,1942,2015-06-07,1245,34561,985,7,5,7,1942,0,0,0,NA,0,NA,MOORPARK ST,VAN NUYS BL,0,NA,Y,A,-,N,NA,NA,NA,NA,NA,NA,NA,NA,NA,N,4,0,1,2,A,-,03,22350,NA,N,C,C,A,A,H,-,A,A,0,NA,NA,NA,NA,Y,NA,A,07,0,0,1,0,0,0,0,0,0,-,-,NA,NA,LOS ANGELES,LOS ANGELES,-118.44869002,34.15191011
6964326,2015,2015-07-11,1942,2015-06-08,1605,33294,1029,1,5,7,1942,0,0,0,J,0,35M74,WOODLEY,HART ST,20,N,N,A,-,N,NA,NA,NA,NA,NA,NA,NA,NA,NA,Y,3,0,2,2,A,-,08,22102,NA,N,A,C,A,A,H,-,A,A,0,NA,NA,NA,NA,Y,NA,A,07,0,1,1,0,0,0,0,0,0,-,-,NA,NA,LOS ANGELES,LOS ANGELES,-118.48367,34.19756486
6964327,2015,2015-07-11,1942,2015-06-19,0845,37774,1065,5,5,7,1942,0,0,0,J,0,1977,VENTURA BL,ALONZO AV,250,W,N,B,C,N,NA,NA,NA,NA,NA,NA,NA,NA,NA,Y,4,0,1,2,A,-,09,21801,A,N,D,C,A,B,H,-,A,D,0,NA,NA,NA,NA,Y,NA,A,01,0,0,1,0,0,0,0,0,0,-,-,NA,NA,LOS ANGELES,LOS ANGELES,-118.52101794,34.16313921
6964328,2015,2015-07-11,1942,2015-06-08,0930,30734,1035,1,5,7,1942,0,0,0,J,0,1977,VICTORY BL,LINDLEY AV,0,NA,Y,A,-,N,NA,NA,NA,NA,NA,NA,NA,NA,NA,Y,3,0,1,2,A,-,12,21453,A,N,D,C,A,A,H,-,A,A,0,NA,NA,NA,NA,Y,NA,A,01,0,1,0,0,0,0,0,0,0,-,-,NA,NA,LOS ANGELES,LOS ANGELES,-118.52728001,34.18661005
6964329,2015,2015-07-11,1942,2015-06-06,0020,38185,NA,6,5,7,1942,0,0,0,NA,0,NA,VENTURA BL,ZELZAH AV,0,NA,Y,A,-,N,NA,NA,NA,NA,NA,NA,NA,NA,NA,Y,2,0,1,2,A,-,09,21801,A,N,D,D,A,A,H,-,C,A,0,NA,NA,Y,NA,Y,NA,A,01,1,0,0,0,0,0,0,0,1,-,-,NA,NA,LOS ANGELES,LOS ANGELES,-118.52282001,34.16383012
6964330,2015,2015-07-10,1942,2015-06-05,1205,38273,NA,5,5,7,1942,0,0,0,NA,0,NA,WILBUR AV,STRATHERN ST,0,NA,Y,A,-,N,NA,NA,NA,NA,NA,NA,NA,NA,NA,Y,4,0,1,2,A,-,12,21453,A,N,D,C,A,A,H,-,A,A,0,NA,NA,NA,NA,Y,NA,-,-,0,0,1,0,0,0,0,0,0,-,-,NA,NA,LOS ANGELES,LOS ANGELES,-118.54478005,34.21564005
6964332,2015,2015-07-11,1942,2015-06-02,1500,41425,NA,2,5,7,1942,0,0,0,NA,0,NA,SATICOY ST,TAMPA,200,W,N,A,-,N,NA,NA,NA,NA,NA,NA,NA,NA,NA,Y,4,0,1,2,A,-,09,21804,A,N,A,C,A,A,-,-,A,D,0,NA,NA,NA,NA,Y,NA,A,01,0,0,1,0,0,0,0,0,0,-,-,NA,NA,LOS ANGELES,LOS ANGELES,-118.55417028,34.20835108
6964333,2015,2015-07-11,1942,2015-06-05,0640,30830,NA,5,5,7,1942,0,0,0,NA,0,NA,TAMPA AV,VENTURA BL,0,NA,Y,B,-,N,NA,NA,NA,NA,NA,NA,NA,NA,NA,Y,4,0,1,2,A,-,12,21453,A,N,D,C,A,A,H,-,A,A,0,NA,NA,NA,NA,Y,NA,A,01,0,0,1,0,0,0,0,0,0,-,-,NA,NA,LOS ANGELES,LOS ANGELES,-118.55347005,34.17264004
6964334,2015,2015-07-11,1942,2015-06-07,1220,34599,NA,7,5,7,1942,0,0,0,NA,0,NA,LINDLEY AV,KESWICK ST,0,NA,Y,A,-,N,NA,NA,NA,NA,NA,NA,NA,NA,NA,N,2,0,1,2,A,-,09,21804,A,N,D,C,A,A,H,-,A,A,0,NA,NA,Y,NA,Y,NA,A,01,1,0,0,0,0,0,0,0,1,-,-,NA,NA,LOS ANGELES,LOS ANGELES,-118.52734,34.21068008
6964335,2015,2015-07-11,1942,2015-06-05,1305,38356,155,5,5,7,1942,0,0,0,O,0,NA,LANKERSHIM BL,VOSE ST,90,N,N,A,-,N,NA,NA,NA,NA,NA,NA,NA,NA,NA,Y,4,0,3,3,A,-,03,22350,NA,N,C,C,A,A,H,-,A,A,0,NA,NA,NA,NA,Y,NA,A,07,0,0,3,0,0,0,0,0,0,-,-,NA,NA,LOS ANGELES,LOS ANGELES,-118.38778333,34.19866679
6964336,2015,2015-07-11,1942,2015-06-05,1045,38980,NA,5,5,7,1942,0,0,0,NA,0,NA,MAGNOLIA BL,COLFAX AV,100,W,N,A,-,N,NA,NA,NA,NA,NA,NA,NA,NA,NA,N,4,0,1,3,A,-,04,21703,NA,N,C,C,A,A,H,-,A,D,0,NA,NA,NA,NA,Y,NA,A,07,0,0,1,0,0,0,0,0,0,-,-,NA,NA,LOS ANGELES,LOS ANGELES,-118.38810996,34.16489
6964337,2015,2015-07-11,1942,2015-06-07,1200,38850,NA,7,5,7,1942,0,0,0,NA,0,NA,WHITSETT AV,MOORPARK ST,0,NA,Y,A,-,N,NA,NA,NA,NA,NA,NA,NA,NA,NA,N,4,0,1,2,A,-,12,21453,A,N,D,C,A,A,H,-,A,A,0,NA,NA,NA,NA,Y,NA,-,-,0,0,1,0,0,0,0,0,0,-,-,NA,NA,LOS ANGELES,LOS ANGELES,-118.4052501,34.15037008
6964338,2015,2015-07-11,1942,2015-06-13,1700,38012,NA,6,5,7,1942,0,0,0,NA,0,NA,EMELITA ST,LAUREL CYN BL,0,NA,Y,A,-,N,NA,NA,NA,NA,NA,NA,NA,NA,NA,N,4,0,1,2,A,-,09,21804,A,N,H,G,A,A,-,-,A,D,0,NA,Y,NA,NA,Y,NA,-,-,0,0,1,0,0,0,1,0,0,-,-,NA,NA,LOS ANGELES,LOS ANGELES,-118.39651007,34.17627006
6964339,2015,2015-07-11,1942,2015-06-05,0855,30830,1599,5,5,7,1942,0,0,0,O,0,NA,CAHUENGA BL W,IONE DR,40,W,N,B,-,N,NA,NA,NA,NA,NA,NA,NA,NA,NA,N,4,0,1,3,A,-,04,21703,NA,N,C,C,A,A,H,-,A,D,0,NA,NA,NA,NA,Y,NA,A,01,0,0,1,0,0,0,0,0,0,-,-,NA,NA,LOS ANGELES,LOS ANGELES,-118.35209394,34.13169756
6964340,2015,2015-07-11,1942,2015-06-06,0905,30830,NA,6,5,7,1942,0,0,0,NA,0,NA,ARCHWOOD ST,TUJUNGA AV,168,W,N,A,-,N,NA,NA,NA,NA,NA,NA,NA,NA,NA,N,4,0,2,2,A,-,03,22350,NA,N,D,C,A,A,H,-,A,D,0,NA,NA,NA,NA,Y,NA,A,01,0,0,2,0,0,0,0,0,0,-,-,NA,NA,LOS ANGELES,LOS ANGELES,-118.37959448,34.19218501
6964341,2015,2015-07-11,1942,2015-06-01,1845,41835,NA,1,5,7,1942,0,0,0,NA,0,NA,WHITSETT AV,OXNARD ST,230,S,N,A,-,N,NA,NA,NA,NA,NA,NA,NA,NA,NA,N,4,0,1,2,A,-,09,21804,A,N,D,C,A,A,H,-,A,D,0,NA,NA,NA,NA,Y,NA,A,01,0,0,1,0,0,0,0,0,0,-,-,NA,NA,LOS ANGELES,LOS ANGELES,-118.40526,34.17877915
6964342,2015,2015-07-10,1942,2015-06-03,1442,33340,NA,3,5,7,1942,0,0,0,NA,0,NA,CANOGA AV,VANOWEN ST,44,S,N,A,-,N,NA,NA,NA,NA,NA,NA,NA,NA,NA,N,4,0,1,2,A,-,03,22350,NA,N,C,C,A,A,H,-,A,D,0,NA,NA,NA,NA,Y,NA,A,01,0,0,1,0,0,0,0,0,0,-,-,NA,NA,LOS ANGELES,LOS ANGELES,-118.59748,34.19362929
6964343,2015,2015-07-11,1942,2015-06-03,1935,38995,2129,3,5,7,1942,0,0,0,NA,0,NA,WINNETKA AV,KESWICK ST,30,S,N,A,-,N,NA,NA,NA,NA,NA,NA,NA,NA,NA,N,4,0,2,3,A,-,04,21703,NA,N,C,C,A,A,H,-,B,A,0,NA,NA,NA,NA,Y,NA,A,01,0,0,2,0,0,0,0,0,0,-,-,NA,NA,LOS ANGELES,LOS ANGELES,-118.57101,34.2094777
6964344,2015,2015-07-09,1942,2015-06-03,1300,33340,2105,3,5,7,1942,0,0,0,NA,0,2164,INTERNATIONAL AV,CHASE ST,25,W,N,B,-,N,NA,NA,NA,NA,NA,NA,NA,NA,NA,N,3,0,1,1,A,-,03,22350,NA,N,E,I,A,A,H,-,A,D,0,NA,NA,Y,NA,Y,NA,C,02,0,1,0,0,0,0,0,0,1,-,-,NA,NA,LOS ANGELES,LOS ANGELES,-118.59942853,34.22468822
6964345,2015,2015-07-10,1942,2015-06-06,1300,34599,2107,6,5,7,1942,0,0,0,NA,0,1038,ROSCOE BL,DE SOTO AV,313,E,N,A,-,N,NA,NA,NA,NA,NA,NA,NA,NA,NA,N,3,0,4,4,A,-,09,21801,A,N,D,C,A,A,H,-,A,A,0,NA,NA,NA,NA,Y,NA,A,01,0,2,2,0,0,0,0,0,0,-,-,NA,NA,LOS ANGELES,LOS ANGELES,-118.58745749,34.21997821
6964346,2015,2015-07-09,1942,2015-06-05,1745,34599,2185,5,5,7,1942,0,0,0,NA,0,1038,VENTURA BL,FARRALONE AV,0,NA,Y,A,-,N,NA,NA,NA,NA,NA,NA,NA,NA,NA,N,3,0,3,2,A,-,09,21801,A,N,D,C,A,A,H,-,A,A,0,NA,NA,Y,NA,Y,NA,C,02,0,2,1,0,0,0,0,0,1,-,-,NA,NA,LOS ANGELES,LOS ANGELES,-118.61025007,34.16872008
6964347,2015,2015-07-09,1942,2015-06-05,1300,38285,2177,5,5,7,1942,0,0,0,NA,0,1628,OXNARD ST,OSO AV,1065,W,N,A,-,N,NA,NA,NA,NA,NA,NA,NA,NA,NA,Y,4,0,2,2,A,-,05,21651,B,N,B,C,A,A,H,-,A,A,0,NA,NA,NA,NA,Y,NA,A,01,0,0,2,0,0,0,0,0,0,-,-,NA,NA,LOS ANGELES,LOS ANGELES,-118.58048526,34.17798
6964348,2015,2015-07-09,1942,2015-06-05,0650,38273,2138,5,5,7,1942,0,0,0,NA,0,1975,MASON AV,COHASSET ST,0,NA,Y,B,-,N,NA,NA,NA,NA,NA,NA,NA,NA,NA,Y,4,0,2,2,A,-,09,21802,A,N,D,C,A,A,H,-,A,A,0,NA,NA,NA,NA,Y,NA,A,01,0,0,2,0,0,0,0,0,0,-,-,NA,NA,LOS ANGELES,LOS ANGELES,-118.57971009,34.20711002
6964356,2015,2015-07-09,1967,2015-06-08,1736,40275,941,1,5,2,1967,0,0,0,NA,0,NA,CHERRY AV,SKYLINE DR,0,NA,Y,A,-,N,NA,NA,NA,NA,NA,NA,NA,NA,NA,Y,2,0,1,1,A,-,06,21750,NA,N,E,I,A,A,H,-,A,A,0,NA,NA,Y,NA,Y,Y,C,02,1,0,0,0,0,0,0,0,1,-,-,NA,NA,LOS ANGELES,SIGNAL HILL,-118.16755004,33.80075002
6964357,2015,2015-07-09,1931,2015-06-02,0850,5248,1931,2,5,5,1931,0,0,0,NA,0,001,GAGE AV,MILES AV,36,W,N,B,-,N,NA,NA,NA,NA,NA,NA,NA,NA,NA,Y,3,0,1,1,D,-,00,NA,NA,N,E,I,A,A,H,-,A,A,0,NA,NA,Y,NA,Y,NA,-,-,0,1,0,0,0,0,0,0,1,-,-,NA,NA,LOS ANGELES,HUNTINGTON PARK,-118.21926851,33.98162
6964358,2015,2015-07-09,1931,2015-06-03,1115,5248,1931,3,5,5,1931,0,0,0,NA,0,NA,CLARENDON AV,`RUGBY AV,80,W,N,A,-,N,NA,NA,NA,NA,NA,NA,NA,NA,NA,N,4,0,1,2,A,-,09,21804,A,N,-,G,A,A,H,-,A,-,0,NA,Y,NA,NA,Y,NA,L,04,0,0,1,0,0,0,1,0,0,-,-,NA,NA,LOS ANGELES,HUNTINGTON PARK,-118.226838,33.983524
6964359,2015,2015-07-09,1931,2015-06-04,0605,5195,1931,4,5,5,1931,0,0,0,NA,0,003,ALAMEDA ST,RANDOLPH ST,285,S,N,A,-,N,NA,NA,NA,NA,NA,NA,NA,NA,NA,Y,4,0,1,2,A,-,03,22350,NA,N,C,C,A,A,H,-,A,D,0,NA,NA,NA,NA,Y,NA,A,01,0,0,1,0,0,0,0,0,0,-,-,NA,NA,LOS ANGELES,HUNTINGTON PARK,-118.23685,33.98597001
6964360,2015,2015-07-09,1931,2015-06-08,1458,5280,1931,1,5,5,1931,0,0,0,NA,0,003,FLORENCE AV,PACIFIC BL,0,NA,Y,A,-,N,NA,NA,NA,NA,NA,NA,NA,NA,NA,Y,3,0,1,2,A,-,09,21806,A,N,A,C,A,A,H,-,A,A,0,NA,NA,Y,NA,Y,NA,A,01,0,1,0,0,0,0,0,0,1,-,-,NA,NA,LOS ANGELES,HUNTINGTON PARK,-118.22523013,33.97422005
6964398,2015,2015-07-10,1955,2015-06-04,1657,40605,4,4,5,6,1955,0,0,0,NA,0,001,PARK AV,FIRST ST,83,S,N,A,-,N,NA,NA,NA,NA,NA,NA,NA,NA,NA,Y,3,0,2,2,A,-,08,22107,NA,F,B,C,A,A,H,-,A,A,0,NA,NA,NA,NA,Y,Y,A,01,0,2,0,0,0,0,0,0,0,-,-,NA,NA,LOS ANGELES,POMONA,-117.75454168,34.0582926
6964399,2015,2015-07-10,1902,2015-06-08,0718,535,19,1,5,5,1902,0,0,0,NA,0,004,CAMPUS DR,SANTA ANITA AV,1056,W,N,A,-,N,NA,NA,NA,NA,NA,NA,NA,NA,NA,Y,4,0,3,2,A,-,09,21801,A,N,D,C,A,A,H,-,A,D,0,NA,NA,NA,NA,Y,NA,A,01,0,0,3,0,0,0,0,0,0,-,-,NA,NA,LOS ANGELES,ARCADIA,-118.0348313,34.13077427
6964400,2015,2015-07-10,1902,2015-06-10,0753,699,14,3,5,5,1902,0,0,0,NA,0,002,1ST AV,GENOA ST,0,NA,Y,B,-,N,NA,NA,NA,NA,NA,NA,NA,NA,NA,N,3,0,1,2,A,-,12,22450,A,N,D,G,A,A,H,-,A,A,0,NA,Y,NA,NA,Y,NA,L,04,0,1,0,0,0,0,1,0,0,-,-,NA,NA,LOS ANGELES,ARCADIA,-118.02819012,34.13235001
6964401,2015,2015-07-11,1902,2015-06-10,2011,714,26,3,5,5,1902,0,0,0,NA,0,004,DUARTE RD,GOLDEN WEST AV,50,E,N,A,-,N,NA,NA,NA,NA,NA,NA,NA,NA,NA,N,4,0,1,3,A,-,03,22350,NA,N,C,C,A,A,H,-,A,A,0,NA,NA,NA,NA,Y,NA,A,07,0,0,1,0,0,0,0,0,0,-,-,NA,NA,LOS ANGELES,ARCADIA,-118.0600182,34.12531624
6964402,2015,2015-07-11,1902,2015-06-11,1006,712,11,4,5,5,1902,0,0,0,NA,0,001,HUNTINGTON DR,1ST AV,160,E,N,B,-,N,NA,NA,NA,NA,NA,NA,NA,NA,NA,N,4,0,1,2,B,-,22,NA,NA,F,C,C,A,A,H,-,A,A,0,NA,NA,NA,NA,Y,NA,-,NA,0,0,1,0,0,0,0,0,0,-,-,NA,NA,LOS ANGELES,ARCADIA,-118.02782254,34.14008995
6964403,2015,2015-07-21,1902,2015-06-09,0003,631,26,2,5,5,1902,0,0,0,NA,0,004,NAOMI AV,BALDWIN AV,0,NA,Y,A,-,N,NA,NA,NA,NA,NA,NA,NA,NA,NA,Y,3,0,1,1,A,-,01,23152,A,N,A,I,A,A,H,-,C,A,0,NA,NA,NA,NA,Y,Y,-,NA,0,1,0,0,0,0,0,0,0,-,-,NA,NA,LOS ANGELES,ARCADIA,-118.05507002,34.12404004
6964405,2015,2016-11-30,1955,2015-06-04,1528,40180,83,4,5,6,1955,0,0,0,NA,0,005,RIO RANCHO RD,RT 71,58,E,N,B,-,Y,LA,7,71,-,-,3.442,R,4,S,Y,3,0,1,2,A,-,08,22107,NA,N,G,B,F,A,H,-,A,A,0,Y,NA,Y,NA,Y,NA,C,02,0,1,0,0,1,0,0,0,0,-,-,NA,NA,LOS ANGELES,POMONA,-117.76037817,34.03360774