CASE_ID,ACCIDENT_YEAR,PROC_DATE,JURIS,COLLISION_DATE,COLLISION_TIME,OFFICER_ID,REPORTING_DISTRICT,DAY_OF_WEEK,CHP_SHIFT,POPULATION,CNTY_CITY_LOC,SPECIAL_COND,BEAT_TYPE,CHP_BEAT_TYPE,CITY_DIVISION_LAPD,CHP_BEAT_CLASS,BEAT_NUMBER,PRIMARY_RD,SECONDARY_RD,DISTANCE,DIRECTION,INTERSECTION,WEATHER_1,WEATHER_2,STATE_HWY_IND,CALTRANS_COUNTY,CALTRANS_DISTRICT,STATE_ROUTE,ROUTE_SUFFIX,POSTMILE_PREFIX,POSTMILE,LOCATION_TYPE,RAMP_INTERSECTION,SIDE_OF_HWY,TOW_AWAY,COLLISION_SEVERITY,NUMBER_KILLED,NUMBER_INJURED,PARTY_COUNT,PRIMARY_COLL_FACTOR,PCF_CODE_OF_VIOL,PCF_VIOL_CATEGORY,PCF_VIOLATION,PCF_VIOL_SUBSECTION,HIT_AND_RUN,TYPE_OF_COLLISION,MVIW,PED_ACTION,ROAD_SURFACE,ROAD_COND_1,ROAD_COND_2,LIGHTING,CONTROL_DEVICE,CHP_ROAD_TYPE,PEDESTRIAN_ACCIDENT,BICYCLE_ACCIDENT,MOTORCYCLE_ACCIDENT,TRUCK_ACCIDENT,NOT_PRIVATE_PROPERTY,ALCOHOL_INVOLVED,STWD_VEHTYPE_AT_FAULT,CHP_VEHTYPE_AT_FAULT,COUNT_SEVERE_INJ,COUNT_VISIBLE_INJ,COUNT_COMPLAINT_PAIN,COUNT_PED_KILLED,COUNT_PED_INJURED,COUNT_BICYCLIST_KILLED,COUNT_BICYCLIST_INJURED,COUNT_MC_KILLED,COUNT_MC_INJURED,PRIMARY_RAMP,SECONDARY_RAMP,LATITUDE,LONGITUDE,COUNTY,CITY,POINT_X,POINT_Y
6964407,2015,2015-07-11,1955,2015-06-07,1001,40668,87,7,5,6,1955,0,0,0,NA,0,004,TOWNE AV,PHILADELPHIA ST,0,NA,Y,A,-,N,NA,NA,NA,NA,NA,NA,NA,NA,NA,Y,3,0,1,2,A,-,12,21453,A,N,D,C,A,A,H,-,A,A,0,NA,NA,NA,NA,Y,NA,A,01,0,1,0,0,0,0,0,0,0,-,-,NA,NA,LOS ANGELES,POMONA,-117.7405401,34.03352004
6964432,2015,2015-07-11,1900,2015-06-02,1530,404918,2611,2,5,6,1950,0,0,0,NA,0,263T1,PALMDALE BL,5TH ST WEST,40,W,N,A,-,N,NA,NA,NA,NA,NA,NA,NA,NA,NA,Y,4,0,2,2,A,-,04,21703,NA,N,C,C,A,A,H,-,A,A,0,NA,NA,NA,NA,Y,NA,A,01,0,0,2,0,0,0,0,0,0,-,-,NA,NA,LOS ANGELES,PALMDALE,-118.13867649,34.58359242
6964433,2015,2015-07-11,1900,2015-06-03,0711,467578,2612,3,5,6,1950,0,0,0,NA,0,260T1,GRANDVIEW DR,WYNGATE CT,0,NA,Y,A,-,N,NA,NA,NA,NA,NA,NA,NA,NA,NA,Y,3,0,2,2,A,-,03,22350,NA,N,C,E,A,A,H,-,A,D,0,NA,NA,NA,NA,Y,NA,A,01,0,1,1,0,0,0,0,0,0,-,-,NA,NA,LOS ANGELES,PALMDALE,-118.20737007,34.61509011
6964438,2015,2015-07-11,1972,2015-06-01,1005,18263,NA,1,5,6,1972,0,0,0,NA,0,NA,TORRANCE,MAPLE,200,E,N,A,-,N,NA,NA,NA,NA,NA,NA,NA,NA,NA,N,4,0,1,2,A,-,03,22350,NA,N,C,C,A,A,H,-,A,D,0,NA,NA,NA,NA,Y,NA,D,NA,0,0,1,0,0,0,0,0,0,-,-,NA,NA,LOS ANGELES,TORRANCE,-118.33939287,33.83643587
6964439,2015,2015-07-11,1972,2015-06-03,0854,17624,NA,3,5,6,1972,0,0,0,NA,0,NA,182ND PL,YUKON,450,W,N,B,-,N,NA,NA,NA,NA,NA,NA,NA,NA,NA,Y,4,0,4,3,A,-,08,22103,NA,N,D,C,A,A,H,-,A,D,0,NA,NA,NA,NA,Y,NA,A,NA,0,0,4,0,0,0,0,0,0,-,-,NA,NA,LOS ANGELES,TORRANCE,-118.33661945,33.86556763
6964442,2015,2015-07-10,1953,2015-06-02,1850,7388,1953,2,5,6,1953,0,0,0,NA,0,001,ROSE BOWL DR,WEST DR,0,NA,Y,A,-,N,NA,NA,NA,NA,NA,NA,NA,NA,NA,N,3,0,1,2,A,-,03,22350,NA,M,B,A,A,A,H,-,A,D,0,NA,Y,NA,NA,Y,NA,L,04,0,1,0,0,0,0,1,0,0,-,-,NA,NA,LOS ANGELES,PASADENA,NA,NA
6964462,2015,2015-07-16,1942,2015-06-01,0315,41411,0158,1,5,7,1942,0,0,0,A,0,1A29,6TH ST,CENTRAL AV,40,E,N,A,-,N,NA,NA,NA,NA,NA,NA,NA,NA,NA,N,4,0,1,2,A,-,21,22106,NA,F,C,C,A,A,H,-,C,D,0,NA,NA,NA,NA,Y,NA,-,99,0,0,1,0,0,0,0,0,0,-,-,NA,NA,LOS ANGELES,LOS ANGELES,-118.23988905,34.03897083
6964466,2015,2015-07-10,1965,2015-06-02,1215,3844,0B2C,2,5,5,1965,0,0,0,NA,0,B002,16TH ST,PEARL ST,120,S,N,A,-,N,NA,NA,NA,NA,NA,NA,NA,NA,NA,N,4,0,1,3,A,-,05,21650,NA,N,A,C,A,A,H,-,A,D,0,NA,NA,NA,NA,Y,NA,A,01,0,0,1,0,0,0,0,0,0,-,-,NA,NA,LOS ANGELES,SANTA MONICA,-118.47126233,34.01403038
6964467,2015,2015-07-10,1965,2015-06-01,2215,3808,NA,1,5,5,1965,0,0,0,NA,0,B003,COLORADO AV,19TH ST,0,NA,Y,B,-,N,NA,NA,NA,NA,NA,NA,NA,NA,NA,N,4,0,1,2,A,-,12,22450,NA,N,G,B,E,A,H,-,C,A,0,Y,NA,NA,NA,Y,NA,A,07,0,0,1,0,1,0,0,0,0,-,-,NA,NA,LOS ANGELES,SANTA MONICA,-118.47786005,34.02525011
6964470,2015,2016-11-30,1976,2015-06-03,1540,264,NA,3,5,5,1976,0,0,0,NA,0,FOUR,WHITTIER BL,WHITTWOOD DR,140,W,N,A,-,Y,LA,7,72,-,-,1.4,H,-,S,Y,3,0,2,3,A,-,04,21703,NA,N,C,C,A,A,H,-,A,A,0,NA,NA,NA,NA,Y,NA,A,07,0,1,1,0,0,0,0,0,0,-,-,NA,NA,LOS ANGELES,WHITTIER,-117.99919169,33.94646497
6964471,2015,2016-06-01,1976,2015-06-02,2354,485,NA,2,5,5,1976,0,0,0,NA,0,NA,LA CUARTA ST,COMSTOCK AV,10,E,N,A,-,N,NA,NA,NA,NA,NA,NA,NA,NA,NA,NA,4,0,1,2,A,-,10,21950,A,N,G,B,B,A,H,-,C,D,0,Y,NA,NA,NA,Y,NA,-,99,0,0,1,0,1,0,0,0,0,-,-,NA,NA,LOS ANGELES,WHITTIER,-118.03854709,33.96818028
6964472,2015,2015-07-10,1953,2015-06-01,1727,5828,PASAD,1,5,6,1953,0,0,0,NA,0,NA,MARENGO AV,COLORADO BL,0,NA,Y,A,-,N,NA,NA,NA,NA,NA,NA,NA,NA,NA,Y,3,0,1,2,A,-,08,22107,NA,N,A,C,A,A,H,-,A,A,0,NA,NA,NA,NA,Y,NA,A,01,0,1,0,0,0,0,0,0,0,-,-,NA,NA,LOS ANGELES,PASADENA,-118.14598007,34.14582001
6964473,2015,2015-07-10,1900,2015-06-01,1225,236790,1137,1,5,6,1992,0,0,0,NA,0,112T1,20TH ST E,AV J,351,S,N,A,-,N,NA,NA,NA,NA,NA,NA,NA,NA,NA,Y,4,0,2,2,A,-,09,21804,A,N,D,C,A,A,H,-,A,A,0,NA,NA,NA,NA,Y,NA,A,01,0,0,2,0,0,0,0,0,0,-,-,NA,NA,LOS ANGELES,LANCASTER,-118.09477,34.68866773
6964474,2015,2015-07-10,1900,2015-06-01,1310,236790,1126,1,5,6,1992,0,0,0,NA,0,112T1,15TH ST WEST,AV K-8,24,S,N,A,-,N,NA,NA,NA,NA,NA,NA,NA,NA,NA,Y,4,0,1,2,A,-,08,22107,NA,N,D,C,A,A,H,-,A,A,0,NA,NA,NA,NA,Y,NA,A,01,0,0,1,0,0,0,0,0,0,-,-,NA,NA,LOS ANGELES,LANCASTER,-118.15677,34.66756419
6964475,2015,2015-07-10,1900,2015-06-01,0740,532040,1127,1,5,6,1992,0,0,0,NA,0,111T2,40TH ST WEST,AV J,0,NA,Y,A,-,N,NA,NA,NA,NA,NA,NA,NA,NA,NA,Y,4,0,2,2,A,-,09,21801,A,N,D,C,A,A,H,-,A,A,0,NA,NA,NA,NA,Y,NA,A,01,0,0,2,0,0,0,0,0,0,-,-,NA,NA,LOS ANGELES,LANCASTER,-118.20152002,34.68931008
6964476,2015,2015-07-10,1900,2015-06-01,0905,529699,1134,1,5,6,1992,0,0,0,NA,0,112T2,CHALLENGER WY,AV K-6,20,S,N,A,-,N,NA,NA,NA,NA,NA,NA,NA,NA,NA,Y,4,0,3,2,A,-,09,21801,A,N,D,C,A,A,H,-,A,A,0,NA,NA,NA,NA,Y,NA,A,01,0,0,3,0,0,0,0,0,0,-,-,NA,NA,LOS ANGELES,LANCASTER,-118.112391,34.674924
6964477,2015,2015-07-10,1900,2015-06-01,0945,532040,1122,1,5,6,1992,0,0,0,NA,0,111T2,LANCASTER BL,GADSDEN AV,0,NA,Y,A,-,N,NA,NA,NA,NA,NA,NA,NA,NA,NA,N,4,0,2,2,A,-,03,22350,NA,N,C,C,A,A,H,-,A,A,0,NA,NA,NA,NA,Y,NA,A,01,0,0,2,0,0,0,0,0,0,-,-,NA,NA,LOS ANGELES,LANCASTER,-118.1457901,34.69748004
6964478,2015,2015-07-10,1900,2015-06-02,1927,442237,1135,2,5,6,1992,0,0,0,NA,0,112T1,15TH ST EAST,AVE J,0,NA,Y,A,-,N,NA,NA,NA,NA,NA,NA,NA,NA,NA,Y,4,0,3,2,A,-,09,21801,A,N,D,C,A,A,H,-,A,A,0,NA,NA,NA,NA,Y,NA,A,01,0,0,3,0,0,0,0,0,0,-,-,NA,NA,LOS ANGELES,LANCASTER,-118.10369012,34.68956005
6964479,2015,2015-07-10,1900,2015-06-03,1050,532040,1125,3,5,6,1992,0,0,0,NA,0,111T2,LANCASTER BL,20TH ST W,0,NA,Y,A,-,N,NA,NA,NA,NA,NA,NA,NA,NA,NA,Y,3,0,3,3,A,-,12,21453,NA,N,D,C,A,A,H,-,A,A,0,NA,NA,NA,NA,Y,NA,A,01,0,1,2,0,0,0,0,0,0,-,-,NA,NA,LOS ANGELES,LANCASTER,-118.16582,34.69674001
6964598,2015,2015-10-28,1942,2015-06-13,1420,39096,1525,6,5,7,1942,0,0,0,O,0,10TL34,GILMORE ST,LANKERSHIM BL,80,W,N,A,-,N,NA,NA,NA,NA,NA,NA,NA,NA,NA,Y,4,0,1,2,A,-,09,21804,A,F,D,C,A,A,H,-,A,D,0,NA,NA,NA,NA,Y,NA,A,01,0,0,1,0,0,0,0,0,0,-,-,NA,NA,LOS ANGELES,LOS ANGELES,-118.38807404,34.1874994
6964784,2015,2015-11-09,1953,2015-06-21,1515,7388,1953,7,5,6,1953,0,0,0,NA,0,001,ARROYO PKWY,GLENARM ST,0,NA,Y,A,-,N,NA,NA,NA,NA,NA,NA,NA,NA,NA,N,4,0,1,2,A,-,03,22350,A,M,C,C,A,A,H,-,A,A,0,NA,NA,NA,NA,Y,Y,A,01,0,0,1,0,0,0,0,0,0,-,-,NA,NA,LOS ANGELES,PASADENA,-118.14733006,34.12752003
6964792,2015,2015-11-09,1953,2015-06-21,1434,7720,1953,7,5,6,1953,0,0,0,NA,0,005,DEL MAR ST,HUDSON AV,0,NA,Y,A,-,N,NA,NA,NA,NA,NA,NA,NA,NA,NA,N,4,0,2,2,A,-,12,21453,NA,N,D,C,A,A,H,-,A,A,0,NA,NA,NA,NA,Y,NA,-,-,0,0,2,0,0,0,0,0,0,-,-,NA,NA,LOS ANGELES,PASADENA,-118.13383002,34.14045009
6964800,2015,2015-11-09,1953,2015-06-16,2127,2039,1953,2,5,6,1953,0,0,0,NA,0,001,FAIR OAKS AV,ARLINGTON ST,0,NA,Y,A,-,N,NA,NA,NA,NA,NA,NA,NA,NA,NA,N,4,0,1,2,A,-,09,21804,A,M,H,C,A,-,H,-,C,D,0,NA,NA,NA,NA,Y,NA,-,NA,0,0,1,0,0,0,0,0,0,-,-,NA,NA,LOS ANGELES,PASADENA,-118.15033008,34.12853009
6964859,2015,2015-07-10,1953,2015-06-10,1529,7868,1953,3,5,6,1953,0,0,0,NA,0,001,OAK KNOLL AV,HILLCREST ST,300,S,N,A,-,N,NA,NA,NA,NA,NA,NA,NA,NA,NA,Y,4,0,3,2,A,-,03,22350,NA,N,C,E,A,A,H,-,A,D,0,NA,NA,NA,NA,Y,NA,A,01,0,0,3,0,0,0,0,0,0,-,-,NA,NA,LOS ANGELES,PASADENA,-118.13544917,34.12678174
6964879,2015,2015-07-10,1953,2015-06-19,1605,5033,PASAD,5,5,6,1953,0,0,0,NA,0,005,EL MOLINO AV,ORANGE GROVE BL,0,NA,Y,A,-,N,NA,NA,NA,NA,NA,NA,NA,NA,NA,Y,4,0,1,2,A,-,12,21453,A,N,B,D,A,A,H,-,A,A,0,NA,NA,NA,NA,Y,NA,-,-,0,0,1,0,0,0,0,0,0,-,-,NA,NA,LOS ANGELES,PASADENA,-118.13697007,34.1577901
6964888,2015,2016-11-05,1972,2015-06-05,0450,19865,NA,5,5,6,1972,0,0,0,NA,0,NA,WESTERN,228TH,10,S,N,B,-,Y,LA,7,213,-,-,7.13,H,-,S,Y,4,0,1,2,A,-,03,22350,NA,F,C,C,A,A,H,-,B,D,0,NA,NA,NA,NA,Y,NA,A,NA,0,0,1,0,0,0,0,0,0,-,-,NA,NA,LOS ANGELES,TORRANCE,-118.30895376,33.81925598
6964893,2015,2015-07-06,1900,2015-05-29,1352,538701,1622,5,5,5,1977,0,0,0,NA,0,168T,ALAMEDA ST,EL PRESIDIO ST,216,S,N,A,-,N,NA,NA,NA,NA,NA,NA,NA,NA,NA,Y,2,0,3,3,A,-,03,22350,NA,N,C,C,A,A,H,-,A,D,0,NA,NA,NA,Y,Y,NA,A,07,1,0,2,0,0,0,0,0,0,-,-,NA,NA,LOS ANGELES,CARSON,-118.22209995,33.84201414
6964897,2015,2015-07-08,1900,2015-05-24,0530,526680,1610,7,5,5,1977,0,0,0,NA,0,160T,AVALON BL,WALNUT ST,0,NA,Y,A,-,N,NA,NA,NA,NA,NA,NA,NA,NA,NA,Y,4,0,2,3,A,-,01,23152,A,N,B,C,A,A,H,-,B,A,0,NA,NA,NA,NA,Y,Y,A,01,0,0,2,0,0,0,0,0,0,-,-,NA,NA,LOS ANGELES,CARSON,-118.2656101,33.87579009
6964929,2015,2015-07-11,1900,2015-06-15,0915,111676,1624,1,5,5,1977,0,0,0,NA,0,168T,AVALON BL,WATSON CENTER RD,40,N,N,A,-,N,NA,NA,NA,NA,NA,NA,NA,NA,NA,N,4,0,1,2,A,-,03,22350,NA,M,C,C,A,A,H,-,A,D,0,NA,NA,NA,NA,Y,NA,A,NA,0,0,1,0,0,0,0,0,0,-,-,NA,NA,LOS ANGELES,CARSON,-118.26371,33.8202297
6965122,2015,2016-11-05,9535,2015-06-05,0935,016276,NA,5,1,5,1959,0,1,1,NA,2,401,RT 10,DEL MAR AV,800,E,N,B,-,Y,LA,7,10,-,-,25.49,H,-,W,Y,4,0,3,3,A,-,03,22350,NA,N,C,C,A,A,H,-,A,D,0,NA,NA,NA,NA,Y,NA,-,NA,0,0,3,0,0,0,0,0,0,-,-,34.072,-118.1081,LOS ANGELES,ROSEMEAD,-118.09685807,34.07211385
6965123,2015,2016-12-17,9530,2015-06-20,1254,020935,NA,6,1,7,1942,0,1,1,NA,2,200,RT 105,AVALON BL,450,E,N,A,-,Y,LA,7,105,-,R,8.4,H,-,E,Y,4,0,1,2,A,-,03,22350,NA,N,C,C,A,A,H,-,A,D,1,NA,NA,NA,NA,Y,NA,A,01,0,0,1,0,0,0,0,0,0,-,-,33.5538,-118.1548,LOS ANGELES,LOS ANGELES,-118.26293333,33.92730768
6965124,2015,2016-12-03,9530,2015-06-11,2255,020718,NA,4,3,9,1900,0,3,5,NA,2,006,RT 110,SEPULVEDA BL,0,NA,Y,A,-,Y,LA,7,110,-,-,5.616,R,1,S,Y,4,0,3,3,A,-,12,21453,A,N,D,C,A,A,H,-,C,A,1,NA,NA,NA,NA,Y,NA,A,01,0,0,3,0,0,0,0,0,0,TO,-,33.80949,-118.28889,LOS ANGELES,UNINCORPORATED,-118.28744615,33.81117996
6965126,2015,2017-01-03,9535,2015-06-06,2255,19125,NA,6,3,5,1947,0,1,3,NA,2,601,RT 60,WILCOX AV,528,E,N,A,-,Y,LA,7,60,-,R,5.99,H,-,W,Y,3,0,5,2,A,-,07,21658,A,N,B,C,A,A,H,-,C,D,1,NA,NA,NA,NA,Y,NA,A,01,0,3,2,0,0,0,0,0,0,-,-,34.03336,-118.12288,LOS ANGELES,MONTEBELLO,-118.12364435,34.03332673
6965127,2015,2016-11-19,9530,2015-06-21,2223,20699,NA,7,3,5,1977,0,1,1,NA,2,410,RT 405,WILMINGTON AV,200,N,N,A,-,Y,LA,7,405,-,-,9.63,H,-,S,Y,4,0,1,1,C,-,18,NA,NA,N,E,J,A,A,H,-,C,D,1,NA,NA,NA,NA,Y,NA,-,-,0,0,1,0,0,0,0,0,0,-,-,NA,NA,LOS ANGELES,CARSON,-118.24263432,33.82574711
6965128,2015,2016-11-03,9530,2015-06-03,1655,018270,NA,3,2,7,1942,0,1,1,NA,2,110,RT 110,ROSECRANS AV,300,S,N,A,-,Y,LA,7,110,-,-,11.86,H,-,N,Y,4,0,1,3,A,-,03,22350,NA,N,C,C,A,A,H,-,A,D,1,NA,NA,NA,NA,Y,NA,A,07,0,0,1,0,0,0,0,0,0,-,-,33.89969,-118.28629,LOS ANGELES,LOS ANGELES,-118.28651167,33.90170303
6965130,2015,2016-12-22,9535,2015-06-08,1210,17148,NA,1,1,6,1922,0,1,1,NA,2,400,RT 10,RT 605,10,W,N,A,-,Y,LA,7,10,-,-,31.11,H,-,E,Y,4,0,2,3,A,-,03,22350,NA,N,C,C,A,A,H,-,A,D,1,NA,NA,NA,NA,Y,NA,A,07,0,0,2,0,0,0,0,0,0,-,-,34.0651,-118.00011,LOS ANGELES,EL MONTE,-118.00089315,34.06491686
6965131,2015,2016-11-03,9530,2015-06-23,1733,020293,NA,2,2,7,1941,0,1,1,NA,2,420,RT 405,CARSON ST,1000,S,N,A,-,Y,LA,7,710,-,-,9.723,R,1,N,N,4,0,1,2,A,-,03,22350,NA,N,C,C,A,A,H,-,A,D,1,NA,NA,NA,NA,Y,NA,A,01,0,0,1,0,0,0,0,0,0,TO,-,33.84995,-118.20669,LOS ANGELES,LONG BEACH,-118.20862031,33.83085126
6965132,2015,2016-11-03,9530,2015-06-05,0040,20707,NA,5,3,7,1942,0,1,1,NA,2,110,RT 110,EL SEGUNDO BL,1200,S,N,A,-,Y,LA,7,110,-,-,12.61,H,-,N,Y,3,0,1,1,A,-,08,22107,NA,N,E,I,A,A,H,-,C,D,1,NA,NA,NA,NA,Y,Y,A,01,0,1,0,0,0,0,0,0,0,-,-,33.91269,-118.28628,LOS ANGELES,LOS ANGELES,-118.28648236,33.91269775
6965134,2015,2017-01-04,9535,2015-06-23,2350,20673,NA,2,3,4,1907,0,1,1,NA,2,072,RT 710,ATLANTIC BL,300,S,N,A,-,Y,LA,7,710,-,-,21.86,H,-,N,Y,3,0,1,1,A,-,03,22350,NA,N,F,A,A,A,D,-,C,D,1,NA,NA,Y,NA,Y,NA,C,02,0,1,0,0,0,0,0,0,1,-,-,33.99388,-118.17636,LOS ANGELES,BELL,-118.17686576,33.99662856
6965136,2015,2017-01-05,9530,2015-06-04,1130,18745,NA,4,1,7,1941,0,1,1,NA,2,420,RT 405,RT 710,40,N,N,B,-,Y,LA,7,405,-,-,7.63,H,-,N,Y,4,0,1,2,A,-,03,22350,NA,N,C,C,A,A,H,-,A,-,1,NA,NA,NA,NA,Y,NA,A,07,0,0,1,0,0,0,0,0,0,-,-,33.82666,-118.20751,LOS ANGELES,LONG BEACH,-118.20808428,33.82658311
6965138,2015,2016-11-05,9535,2015-06-18,0846,019121,NA,4,1,5,1948,0,1,1,NA,2,420,RT 10,RT 710,600,W,N,A,-,Y,LA,7,10,-,-,20.813,R,2,E,Y,4,0,1,2,A,-,03,22350,NA,N,C,C,A,A,H,-,A,D,1,NA,NA,NA,NA,Y,NA,A,01,0,0,1,0,0,0,0,0,0,TO,-,34.06101,-118.16786,LOS ANGELES,MONTEREY PARK,-118.17391982,34.06022739
6965140,2015,2016-12-10,9530,2015-06-22,0913,018385,NA,1,1,7,1941,0,1,3,NA,2,320,RT 91,LONG BEACH BL,528,E,N,A,-,Y,LA,7,91,-,-,11.24,H,-,W,Y,4,0,1,2,A,-,03,22350,NA,N,C,C,A,A,H,-,A,D,1,NA,NA,NA,NA,Y,NA,A,01,0,0,1,0,0,0,0,0,0,-,-,33.87431,-118.19604,LOS ANGELES,LONG BEACH,-118.20077649,33.87290652
6965142,2015,2016-11-05,9535,2015-06-01,0114,020833,NA,1,3,5,1901,0,1,1,NA,2,421,RT 10,HELLMAN AV,54,S,N,A,-,Y,LA,7,10,-,-,22.414,R,2,W,Y,2,0,2,1,A,-,03,22350,NA,N,E,I,A,A,H,-,C,D,1,NA,NA,NA,NA,Y,NA,A,01,1,1,0,0,0,0,0,0,0,TO,-,34.06956,-118.15069,LOS ANGELES,ALHAMBRA,-118.14960843,34.06941997
6965144,2015,2016-12-17,9530,2015-06-17,0815,18594,NA,3,1,5,1943,0,1,1,NA,2,210,RT 105,ATLANTIC AV,528,W,N,A,-,Y,LA,7,105,-,R,12.77,H,-,W,N,4,0,2,3,A,-,03,22350,NA,N,A,C,A,A,H,-,A,D,6,NA,NA,NA,NA,Y,NA,A,01,0,0,2,0,0,0,0,0,0,-,-,33.92608,-118.21091,LOS ANGELES,LYNWOOD,-118.19094986,33.91677079
6965146,2015,2017-01-05,9535,2015-06-12,1442,20852,NA,5,2,3,1914,0,1,1,NA,2,500,RT 5,SLAUSON AV,100,N,N,A,-,Y,LA,7,5,-,-,9.82,H,-,N,N,4,0,1,2,A,-,03,22350,NA,N,C,C,A,A,H,-,A,D,1,NA,NA,NA,NA,Y,NA,A,01,0,0,1,0,0,0,0,0,0,-,-,33.97673,-118.12579,LOS ANGELES,COMMERCE,-118.12526231,33.97588362
6965148,2015,2017-01-05,9530,2015-06-17,0655,14701,NA,3,1,7,1941,0,1,1,NA,2,420,RT 405,LONG BEACH BL,200,S,N,A,-,Y,LA,7,405,-,-,6.3,H,-,N,Y,4,0,1,2,A,-,07,21658,A,N,B,C,A,A,H,-,A,D,1,NA,NA,NA,NA,Y,NA,A,01,0,0,1,0,0,0,0,0,0,-,-,33.822,-118.196,LOS ANGELES,LONG BEACH,-118.18831861,33.816856370000004
6965150,2015,2017-01-05,9535,2015-06-16,1130,15797,NA,2,1,9,1900,0,1,1,NA,2,500,RT 5,DOWNEY RD,1200,N,N,A,-,Y,LA,7,5,-,-,14.48,H,-,N,Y,4,0,1,3,A,-,03,22350,NA,N,C,C,A,A,H,-,A,D,1,NA,NA,NA,NA,Y,NA,A,07,0,0,1,0,0,0,0,0,0,-,-,34.02944,-118.18511,LOS ANGELES,UNINCORPORATED,-118.18398529,34.02024483
6965152,2015,2016-12-12,9530,2015-06-16,0810,018385,NA,2,1,5,1915,0,1,3,NA,2,310,RT 91,CENTRAL AV,800,W,N,A,B,Y,LA,7,91,-,-,8.28,H,-,E,Y,4,0,2,3,A,-,07,21658,A,F,B,C,A,A,H,-,A,D,1,NA,NA,NA,NA,Y,NA,-,99,0,0,2,0,0,0,0,0,0,-,-,33.87342,-118.25807,LOS ANGELES,COMPTON,-118.25139738,33.8734881
6965153,2015,2016-12-22,9535,2015-06-07,1150,019121,NA,7,1,5,1959,0,1,1,NA,2,401,RT 10,TEMPLE CITY BL,400,E,N,A,-,Y,LA,7,10,-,S,27.82,H,-,W,Y,4,0,1,2,A,-,07,21658,A,N,E,I,A,A,H,-,A,D,0,NA,NA,NA,NA,Y,NA,A,01,0,0,1,0,0,0,0,0,0,-,-,34.0726,-118.05499,LOS ANGELES,ROSEMEAD,-117.75884984,34.07143745
6965154,2015,2016-12-22,9535,2015-06-13,1310,19626,NA,6,1,6,1922,0,1,1,NA,2,401,RT 10,SANTA ANITA AV,1056,W,N,A,-,Y,LA,7,10,-,-,28.47,H,-,W,N,4,0,1,3,A,-,03,22350,NA,M,C,C,A,A,H,-,A,D,0,NA,NA,NA,NA,Y,NA,A,08,0,0,1,0,0,0,0,0,0,-,-,34.07335,-118.04572,LOS ANGELES,EL MONTE,-118.04574313,34.06974016
6965156,2015,2016-12-17,9530,2015-06-16,0615,018385,NA,2,1,5,1915,0,1,3,NA,2,310,RT 91,CENTRAL AV,260,W,N,B,-,Y,LA,7,91,-,R,8.195,R,1,W,Y,4,0,2,3,A,-,03,22350,NA,F,C,C,A,A,H,-,A,D,1,NA,NA,NA,NA,Y,NA,A,01,0,0,2,0,0,0,0,0,0,FR,-,33.87391,-118.25175,LOS ANGELES,COMPTON,-118.25287724,33.87377745
6965157,2015,2017-01-05,9535,2015-06-04,2100,20864,NA,4,2,3,1914,0,1,1,NA,2,500,RT 5,SLAUSON AV,800,N,N,A,-,Y,LA,7,5,-,-,9.93,H,-,N,Y,4,0,1,2,A,-,03,22350,NA,M,C,C,A,A,H,-,D,D,1,NA,NA,NA,NA,Y,NA,A,01,0,0,1,0,0,0,0,0,0,-,-,33.97711,-118.1262,LOS ANGELES,COMMERCE,-118.12628847,33.97726105
6965158,2015,2016-11-05,9535,2015-06-15,2120,18188,NA,1,2,9,1900,0,1,1,NA,2,420,RT 10,CAMPUS RD,60,E,N,A,-,Y,LA,7,10,-,-,21.16,H,-,E,Y,4,0,1,2,A,-,08,22107,NA,N,B,C,A,A,H,-,C,D,1,NA,NA,NA,NA,Y,NA,A,01,0,0,1,0,0,0,0,0,0,-,-,34.06123,-118.1677,LOS ANGELES,UNINCORPORATED,-118.16864407,34.06144366
6965160,2015,2016-12-10,9530,2015-06-16,1735,18200,NA,2,2,5,1977,0,1,3,NA,2,310,RT 91,WILMINGTON AV,500,E,N,A,-,Y,LA,7,91,-,-,9.26,H,-,E,Y,4,0,1,3,A,-,07,21658,A,N,B,C,A,A,H,-,A,D,1,NA,NA,NA,NA,Y,NA,A,01,0,0,1,0,0,0,0,0,0,-,-,33.87413,-118.23032,LOS ANGELES,CARSON,-118.2342744,33.87366252
6965161,2015,2017-01-04,9535,2015-06-06,1258,019626,NA,6,1,4,1907,0,1,1,NA,2,073,RT 710,FLORENCE AV,1300,N,N,A,-,Y,LA,7,710,-,-,19.98,H,-,S,Y,3,0,1,1,A,-,01,23152,A,N,E,I,A,A,H,-,A,D,1,NA,NA,NA,NA,Y,Y,A,07,0,1,0,0,0,0,0,0,0,-,-,33.97082,-118.16796,LOS ANGELES,BELL,-118.16794504,33.97175562