CASE_ID,ACCIDENT_YEAR,PROC_DATE,JURIS,COLLISION_DATE,COLLISION_TIME,OFFICER_ID,REPORTING_DISTRICT,DAY_OF_WEEK,CHP_SHIFT,POPULATION,CNTY_CITY_LOC,SPECIAL_COND,BEAT_TYPE,CHP_BEAT_TYPE,CITY_DIVISION_LAPD,CHP_BEAT_CLASS,BEAT_NUMBER,PRIMARY_RD,SECONDARY_RD,DISTANCE,DIRECTION,INTERSECTION,WEATHER_1,WEATHER_2,STATE_HWY_IND,CALTRANS_COUNTY,CALTRANS_DISTRICT,STATE_ROUTE,ROUTE_SUFFIX,POSTMILE_PREFIX,POSTMILE,LOCATION_TYPE,RAMP_INTERSECTION,SIDE_OF_HWY,TOW_AWAY,COLLISION_SEVERITY,NUMBER_KILLED,NUMBER_INJURED,PARTY_COUNT,PRIMARY_COLL_FACTOR,PCF_CODE_OF_VIOL,PCF_VIOL_CATEGORY,PCF_VIOLATION,PCF_VIOL_SUBSECTION,HIT_AND_RUN,TYPE_OF_COLLISION,MVIW,PED_ACTION,ROAD_SURFACE,ROAD_COND_1,ROAD_COND_2,LIGHTING,CONTROL_DEVICE,CHP_ROAD_TYPE,PEDESTRIAN_ACCIDENT,BICYCLE_ACCIDENT,MOTORCYCLE_ACCIDENT,TRUCK_ACCIDENT,NOT_PRIVATE_PROPERTY,ALCOHOL_INVOLVED,STWD_VEHTYPE_AT_FAULT,CHP_VEHTYPE_AT_FAULT,COUNT_SEVERE_INJ,COUNT_VISIBLE_INJ,COUNT_COMPLAINT_PAIN,COUNT_PED_KILLED,COUNT_PED_INJURED,COUNT_BICYCLIST_KILLED,COUNT_BICYCLIST_INJURED,COUNT_MC_KILLED,COUNT_MC_INJURED,PRIMARY_RAMP,SECONDARY_RAMP,LATITUDE,LONGITUDE,COUNTY,CITY,POINT_X,POINT_Y
6972941,2015,2015-07-17,1942,2015-06-09,0900,41253,0331,2,5,7,1942,0,0,0,C,0,3A31,LA BREA,ROSELAND ST,0,NA,Y,C,-,N,NA,NA,NA,NA,NA,NA,NA,NA,NA,Y,4,0,2,2,A,-,09,21801,A,N,D,C,A,B,H,-,A,D,0,NA,NA,NA,NA,Y,NA,A,01,0,0,2,0,0,0,0,0,0,-,-,NA,NA,LOS ANGELES,LOS ANGELES,-118.35373012,34.02720003
6972942,2015,2015-07-17,1900,2015-06-10,1915,513465,2610,3,5,6,1950,0,0,0,NA,0,263T1,AVENUE S,20TH ST EAST,0,NA,Y,A,-,N,NA,NA,NA,NA,NA,NA,NA,NA,NA,Y,3,0,3,2,D,-,00,NA,NA,N,D,C,A,A,H,-,A,A,0,NA,NA,NA,NA,Y,NA,-,-,0,1,2,0,0,0,0,0,0,-,-,NA,NA,LOS ANGELES,PALMDALE,-118.09414005,34.55825011
6972943,2015,2015-07-25,1942,2015-06-18,2030,41760,0328,4,5,7,1942,0,0,0,C,0,3A15,ADAMS BL,FIGUEROA,0,NA,Y,A,-,N,NA,NA,NA,NA,NA,NA,NA,NA,NA,Y,4,0,1,2,A,-,09,21801,A,N,D,C,A,A,H,-,C,A,0,NA,NA,NA,NA,Y,NA,A,01,0,0,1,0,0,0,0,0,0,-,-,NA,NA,LOS ANGELES,LOS ANGELES,-118.27602002,34.02816008
6972944,2015,2015-07-25,1942,2015-06-07,1535,39177,0555,7,5,7,1942,0,0,0,E,0,3TL57,SUMMERLAND AV,GAFFEY PL,17,E,N,A,-,N,NA,NA,NA,NA,NA,NA,NA,NA,NA,N,3,0,2,1,A,-,03,22350,NA,N,E,I,A,A,H,-,A,A,0,NA,NA,NA,NA,Y,NA,A,01,0,1,1,0,0,0,0,0,0,-,-,NA,NA,LOS ANGELES,LOS ANGELES,-118.29285097,33.74767228
6972945,2015,2015-07-17,1942,2015-06-01,1700,40869,341,1,5,7,1942,0,0,0,NA,0,12TL41,JEFFERSON BL,RODEO RD,0,NA,Y,A,-,N,NA,NA,NA,NA,NA,NA,NA,NA,NA,Y,4,0,2,2,A,-,09,21801,A,N,D,C,A,A,H,-,A,A,0,NA,NA,NA,NA,Y,NA,A,01,0,0,2,0,0,0,0,0,0,-,-,NA,NA,LOS ANGELES,LOS ANGELES,-118.37715012,34.02193003
6972946,2015,2015-07-17,1900,2015-06-11,1501,517840,2607,4,5,6,1950,0,0,0,NA,0,264T1,AVENUE S,45TH ST EAST,0,NA,Y,A,-,N,NA,NA,NA,NA,NA,NA,NA,NA,NA,Y,4,0,1,2,A,-,09,21802,A,N,D,C,A,A,H,-,A,A,0,NA,NA,NA,NA,Y,NA,A,01,0,0,1,0,0,0,0,0,0,-,-,NA,NA,LOS ANGELES,PALMDALE,-118.04954005,34.55809004
6972947,2015,2015-07-25,1942,2015-06-19,1810,36754,1804,5,5,7,1942,0,0,0,R,0,3T57,CENTRAL AV,87TH PL,0,NA,Y,A,-,N,NA,NA,NA,NA,NA,NA,NA,NA,NA,Y,4,0,2,2,A,-,03,22350,NA,N,C,C,A,A,H,-,A,D,0,NA,NA,NA,NA,Y,NA,A,01,0,0,2,0,0,0,0,0,0,-,-,NA,NA,LOS ANGELES,LOS ANGELES,-118.25642002,33.95834003
6972948,2015,2015-07-25,1942,2015-06-09,1625,38444,0541,2,5,7,1942,0,0,0,E,0,5TL25,WESTERN AV,CAPITOL DR,0,NA,Y,B,-,N,NA,NA,NA,NA,NA,NA,NA,NA,NA,N,3,0,1,2,A,-,12,21453,A,N,D,C,A,A,H,-,A,A,0,NA,NA,NA,NA,Y,NA,A,08,0,1,0,0,0,0,0,0,0,-,-,NA,NA,LOS ANGELES,LOS ANGELES,-118.30898011,33.7537501
6972949,2015,2015-07-17,1942,2015-06-09,0945,41838,0372,2,5,7,1942,0,0,0,C,0,NA,JEFFERSON BL,REDONDO BL,0,NA,Y,B,-,N,NA,NA,NA,NA,NA,NA,NA,NA,NA,Y,4,0,1,3,A,-,09,21801,A,N,A,C,A,B,H,-,A,A,0,NA,NA,NA,NA,Y,NA,A,01,0,0,1,0,0,0,0,0,0,-,-,NA,NA,LOS ANGELES,LOS ANGELES,-118.35906009,34.02549004
6972950,2015,2015-07-23,1942,2015-06-08,0855,35393,NA,1,5,7,1942,0,0,0,NA,0,3TL5,RODEO RD,GRAYBURN AV,0,NA,Y,A,-,N,NA,NA,NA,NA,NA,NA,NA,NA,NA,Y,4,0,1,3,A,-,09,21802,A,N,B,C,A,A,H,-,A,A,0,NA,NA,NA,NA,Y,NA,A,01,0,0,1,0,0,0,0,0,0,-,-,NA,NA,LOS ANGELES,LOS ANGELES,-118.33194001,34.02079008
6972951,2015,2015-07-25,1942,2015-06-15,1820,40869,1831,1,5,7,1942,0,0,0,R,0,12T73,EL SEGUNDO,FIGUEROA ST,0,NA,Y,A,-,N,NA,NA,NA,NA,NA,NA,NA,NA,NA,Y,4,0,2,2,A,-,12,21453,A,N,D,C,A,A,H,-,A,A,0,NA,NA,NA,NA,Y,NA,-,-,0,0,2,0,0,0,0,0,0,-,-,NA,NA,LOS ANGELES,LOS ANGELES,-118.28275009,33.91642008
6972952,2015,2015-07-25,1942,2015-06-12,2320,31745,563,5,5,7,1942,0,0,0,NA,0,3T5,GAFFEY ST,13TH ST,0,NA,Y,A,-,N,NA,NA,NA,NA,NA,NA,NA,NA,NA,Y,3,0,4,3,A,-,12,21453,A,N,D,C,A,A,H,-,C,A,0,NA,NA,NA,NA,Y,NA,A,01,0,1,3,0,0,0,0,0,0,-,-,NA,NA,LOS ANGELES,LOS ANGELES,-118.29237006,33.73241001
6972953,2015,2015-07-17,1942,2015-06-01,2015,24475,0648,1,5,7,1942,0,0,0,F,0,7T71,HOLLYWOOD BL,WILTON PL,12,W,N,A,-,N,NA,NA,NA,NA,NA,NA,NA,NA,NA,N,4,0,2,2,A,-,09,21801,A,N,D,C,A,A,H,-,C,A,0,NA,NA,NA,NA,Y,NA,A,01,0,0,2,0,0,0,0,0,0,-,-,NA,NA,LOS ANGELES,LOS ANGELES,-118.31368956,34.10172
6972955,2015,2015-07-25,1942,2015-06-15,1255,36571,1802,1,5,7,1942,0,0,0,R,0,12TL41,MAIN ST,92ND ST,0,NA,Y,A,-,N,NA,NA,NA,NA,NA,NA,NA,NA,NA,Y,4,0,1,2,A,-,12,21453,A,N,D,C,A,A,H,-,A,A,0,NA,NA,NA,NA,Y,NA,-,-,0,0,1,0,0,0,0,0,0,-,-,NA,NA,LOS ANGELES,LOS ANGELES,-118.27389,33.95283007
6972956,2015,2015-07-25,1942,2015-06-01,0705,40024,0656,1,5,7,1942,0,0,0,F,0,14T47,SANTA MONICA BL,VINE ST,0,NA,Y,B,-,N,NA,NA,NA,NA,NA,NA,NA,NA,NA,Y,4,0,1,3,A,-,09,21801,A,N,D,C,B,A,H,-,A,A,0,Y,NA,NA,NA,Y,NA,A,01,0,0,1,0,1,0,0,0,0,-,-,NA,NA,LOS ANGELES,LOS ANGELES,-118.32661005,34.09074003
6972957,2015,2015-07-17,1942,2015-06-19,2140,36286,2005,5,5,7,1942,0,0,0,NA,0,20A45,MELROSE AV,KINGSLEY DR,0,NA,Y,A,-,N,NA,NA,NA,NA,NA,NA,NA,NA,NA,N,4,0,1,2,A,-,09,21801,A,F,B,C,A,A,H,-,C,D,0,NA,NA,NA,NA,Y,NA,-,99,0,0,1,0,0,0,0,0,0,-,-,NA,NA,LOS ANGELES,LOS ANGELES,-118.30346007,34.08353003
6972958,2015,2015-07-17,1942,2015-06-05,0805,39762,0314,5,5,7,1942,0,0,0,C,0,18T23,ARLINGTON AV,ADAMS BL,1,S,N,A,-,N,NA,NA,NA,NA,NA,NA,NA,NA,NA,N,4,0,1,2,A,-,03,22350,A,N,C,C,A,A,H,-,A,D,0,NA,NA,NA,NA,Y,NA,A,01,0,0,1,0,0,0,0,0,0,-,-,NA,NA,LOS ANGELES,LOS ANGELES,-118.31768,34.03263726
6972959,2015,2015-07-25,1942,2015-06-14,0450,27259,1823,7,5,7,1942,0,0,0,R,0,5TL21,SAN PEDRO ST,102ND ST,0,NA,Y,B,-,N,NA,NA,NA,NA,NA,NA,NA,NA,NA,Y,4,0,1,2,A,-,12,22450,A,N,D,C,A,A,H,-,A,A,0,NA,NA,NA,NA,Y,NA,A,01,0,0,1,0,0,0,0,0,0,-,-,NA,NA,LOS ANGELES,LOS ANGELES,-118.26952005,33.94377011
6972960,2015,2015-07-25,1942,2015-06-02,1940,40102,666,2,5,7,1942,0,0,0,NA,0,7T71,FOUNTAIN AV,N GOWER ST,0,NA,Y,A,-,N,NA,NA,NA,NA,NA,NA,NA,NA,NA,N,4,0,3,2,A,-,09,21801,A,N,A,C,A,A,H,-,A,A,0,NA,NA,NA,NA,Y,NA,A,01,0,0,3,0,0,0,0,0,0,-,-,NA,NA,LOS ANGELES,LOS ANGELES,-118.32229009,34.0943801
6973021,2014,2015-07-08,1925,2014-10-27,1205,37768,9999,1,5,6,1925,0,0,0,NA,0,6D253,KENNETH RD,WINCHESTER AV,0,NA,Y,A,-,N,NA,NA,NA,NA,NA,NA,NA,NA,NA,Y,3,0,2,3,A,-,05,21460,A,N,B,C,A,A,H,-,A,D,0,NA,NA,NA,NA,Y,NA,D,22,0,1,1,0,0,0,0,0,0,-,-,NA,NA,LOS ANGELES,GLENDALE,-118.28386,34.17503005
6973022,2015,2015-07-09,1942,2015-06-20,1715,34599,1063,6,5,7,1942,0,0,0,J,0,10TL38,RESEDA BL,VENTURA FWY,0,NA,Y,A,-,N,NA,NA,NA,NA,NA,NA,NA,NA,NA,N,4,0,1,2,A,-,12,21453,A,N,D,C,A,A,H,-,A,A,0,NA,NA,NA,NA,Y,NA,-,-,0,0,1,0,0,0,0,0,0,-,EF,NA,NA,LOS ANGELES,LOS ANGELES,-118.53608012,34.16876003
6973023,2015,2015-07-13,1942,2015-06-20,1400,33779,1023,6,5,7,1942,0,0,0,J,0,15TL44,SHERMAN WAY,WILBUR AV,750,W,N,A,-,N,NA,NA,NA,NA,NA,NA,NA,NA,NA,Y,4,0,2,2,A,-,07,21658,A,N,C,C,A,A,H,-,A,A,0,NA,NA,NA,NA,Y,NA,A,08,0,0,2,0,0,0,0,0,0,-,-,NA,NA,LOS ANGELES,LOS ANGELES,-118.54723614,34.20117
6973024,2015,2015-07-13,1942,2015-06-20,1620,33779,1009,6,5,7,1942,0,0,0,J,0,15TL44,ROSCOE BL,WOODLEY AV,0,NA,Y,A,-,N,NA,NA,NA,NA,NA,NA,NA,NA,NA,Y,3,0,1,2,A,-,17,21451,A,N,D,C,A,A,H,-,A,A,0,NA,NA,NA,Y,Y,NA,A,01,0,1,0,0,0,0,0,0,0,-,-,NA,NA,LOS ANGELES,LOS ANGELES,-118.48367,34.22134008
6973025,2015,2015-07-09,1942,2015-06-20,1815,40398,1031,6,5,7,1942,0,0,0,J,0,21TL62,VICTORY BL,BELMAR AV,0,NA,Y,A,-,N,NA,NA,NA,NA,NA,NA,NA,NA,NA,Y,4,0,1,2,A,-,09,21801,A,N,A,C,A,A,H,-,A,A,0,NA,NA,NA,NA,Y,NA,A,01,0,0,1,0,0,0,0,0,0,-,-,NA,NA,LOS ANGELES,LOS ANGELES,-118.55821,34.18656005
6973027,2015,2015-07-10,1942,2015-06-18,0700,38996,1017,4,5,7,1942,0,0,0,J,0,10TL39,SATICOY ST,OAK PARK AV,80,W,N,A,-,N,NA,NA,NA,NA,NA,NA,NA,NA,NA,Y,4,0,1,4,A,-,07,21658,A,N,B,C,A,A,H,-,A,D,0,NA,NA,NA,NA,Y,NA,D,22,0,0,1,0,0,0,0,0,0,-,-,NA,NA,LOS ANGELES,LOS ANGELES,-118.5046841,34.20841367
6973028,2015,2015-07-08,1942,2015-06-19,1510,37353,1009,5,5,7,1942,0,0,0,J,0,19TL72,ROSCOE BL,HASKELL AV,0,NA,Y,A,-,N,NA,NA,NA,NA,NA,NA,NA,NA,NA,N,4,0,2,2,A,-,09,21801,A,N,A,C,A,A,H,-,A,A,0,NA,NA,NA,NA,Y,NA,A,07,0,0,2,0,0,0,0,0,0,-,-,NA,NA,LOS ANGELES,LOS ANGELES,-118.4764601,34.22135001
6973029,2015,2015-07-08,1942,2015-06-19,1355,40398,0946,5,5,7,1942,0,0,0,I,0,21TL62,WOODMAN AV,OXNARD ST,0,NA,Y,A,-,N,NA,NA,NA,NA,NA,NA,NA,NA,NA,Y,3,0,3,4,A,-,09,21801,A,N,D,C,A,A,H,-,A,A,0,NA,NA,NA,NA,Y,NA,-,NA,0,1,2,0,0,0,0,0,0,-,-,NA,NA,LOS ANGELES,LOS ANGELES,-118.43124004,34.17940007
6973030,2015,2015-07-08,1942,2015-06-19,2225,39635,1653,5,5,7,1942,0,0,0,P,0,9T53,TELFAIR AV,KAMLOOPS ST,167,N,N,A,-,N,NA,NA,NA,NA,NA,NA,NA,NA,NA,Y,4,0,1,5,A,-,01,23152,A,N,D,C,A,A,H,-,D,D,0,NA,NA,NA,NA,Y,Y,D,22,0,0,1,0,0,0,0,0,0,-,-,NA,NA,LOS ANGELES,LOS ANGELES,-118.41488794,34.25346852
6973032,2015,2015-07-10,1942,2015-06-19,1050,38980,1672,5,5,7,1942,0,0,0,P,0,21TL61,LANKERSHIM BL,PEORIA ST,200,S,N,A,-,N,NA,NA,NA,NA,NA,NA,NA,NA,NA,Y,3,0,3,4,A,-,08,22107,NA,F,C,E,A,A,H,-,A,D,0,NA,NA,NA,NA,Y,NA,A,01,0,3,0,0,0,0,0,0,0,-,-,NA,NA,LOS ANGELES,LOS ANGELES,-118.38780156,34.23266149
6973077,2015,2017-01-28,1942,2015-06-12,1030,41595,1512,5,5,7,1942,0,0,0,O,0,15X46,LEMAY ST,GOODLAND AV,14,E,N,A,-,N,NA,NA,NA,NA,NA,NA,NA,NA,NA,Y,4,0,1,1,A,-,03,22350,NA,M,E,I,A,A,H,-,A,D,0,NA,NA,NA,NA,Y,NA,A,01,0,0,1,0,0,0,0,0,0,-,-,NA,NA,LOS ANGELES,LOS ANGELES,-118.41189379,34.19171023
6973439,2015,2016-12-12,9535,2015-05-19,1635,017722,NA,2,2,9,1900,0,1,3,NA,2,600,RT 60,3RD ST,20,W,N,A,-,Y,LA,7,60,-,R,2.53,H,-,E,N,4,0,1,2,A,-,03,22350,NA,N,C,C,A,A,H,-,A,D,1,NA,NA,NA,NA,Y,NA,A,01,0,0,1,0,0,0,0,0,0,-,-,34.03327,-118.18072,LOS ANGELES,UNINCORPORATED,-118.18226309,34.03255234
6973794,2015,2015-07-09,1962,2015-06-20,1002,086,1962,6,5,4,1962,0,0,0,NA,0,025,SAN GABRIEL BL,NORWOOD PL,138,N,N,A,-,N,NA,NA,NA,NA,NA,NA,NA,NA,NA,N,4,0,1,2,A,-,03,22350,NA,N,C,C,A,A,H,-,A,D,0,NA,NA,NA,NA,Y,NA,A,01,0,0,1,0,0,0,0,0,0,-,-,NA,NA,LOS ANGELES,SAN GABRIEL,-118.09074,34.07653839
6973806,2015,2015-07-07,1900,2015-05-28,0830,253807,2619,4,5,6,1950,0,0,0,NA,0,261T1,10TH ST WEST,AVENUE N,0,NA,Y,A,-,N,NA,NA,NA,NA,NA,NA,NA,NA,NA,Y,3,0,6,3,A,-,09,21801,A,N,D,C,A,A,H,-,A,A,0,NA,NA,NA,NA,Y,NA,A,08,0,2,4,0,0,0,0,0,0,-,-,NA,NA,LOS ANGELES,PALMDALE,-118.1477,34.63121008
6973810,2015,2016-11-05,1942,2015-05-23,0530,39762,513,6,5,7,1942,0,0,0,NA,0,5T21,PACIFIC COAST HWY,257TH ST,211,E,N,A,-,Y,LA,7,1,-,-,12.33,H,-,N,Y,3,0,1,1,A,-,01,23152,E,N,E,I,A,A,H,-,C,D,0,NA,NA,NA,NA,Y,NA,A,01,0,1,0,0,0,0,0,0,0,-,-,NA,NA,LOS ANGELES,LOS ANGELES,-118.29447355,33.79096686
6973899,2015,2015-07-20,1900,2015-05-15,1616,442490,2608,5,5,6,1950,0,0,0,NA,0,264T1,PALMDALE BL,22ND ST EAST,0,NA,Y,B,-,N,NA,NA,NA,NA,NA,NA,NA,NA,NA,Y,4,0,2,4,A,-,03,22350,NA,N,C,C,A,-,H,-,A,A,0,NA,NA,NA,NA,Y,NA,A,08,0,0,2,0,0,0,0,0,0,-,-,NA,NA,LOS ANGELES,PALMDALE,-118.08956006,34.58011001
6973900,2015,2015-07-07,1900,2015-05-08,1000,253807,2619,5,5,6,1950,0,0,0,NA,0,261T1,SIERRA HWY,AVE O,1459,S,N,A,-,N,NA,NA,NA,NA,NA,NA,NA,NA,NA,Y,3,0,1,2,A,-,03,22350,NA,N,C,C,A,A,H,-,A,D,0,NA,NA,NA,NA,Y,NA,A,01,0,1,0,0,0,0,0,0,0,-,-,NA,NA,LOS ANGELES,PALMDALE,-118.12313438,34.6133732
6973910,2015,2015-07-14,1942,2015-05-22,2325,32091,1385,5,5,7,1942,0,0,0,M,0,13630W,GAGE AV,AVALON BL,200,W,N,B,-,N,NA,NA,NA,NA,NA,NA,NA,NA,NA,Y,4,0,1,3,A,-,01,23152,A,M,B,E,A,A,H,-,C,D,0,NA,NA,NA,NA,Y,Y,-,NA,0,0,1,0,0,0,0,0,0,-,-,NA,NA,LOS ANGELES,LOS ANGELES,-118.26584827,33.98246857
6973911,2015,2015-07-07,1942,2015-05-26,1200,40499,1942,2,5,7,1942,0,0,0,NA,0,13A9,S SANTA FE,14TH ST,10,W,N,A,-,N,NA,NA,NA,NA,NA,NA,NA,NA,NA,N,4,0,1,2,A,-,08,22108,NA,N,A,C,A,A,H,-,A,D,0,NA,NA,NA,NA,Y,NA,-,NA,0,0,1,0,0,0,0,0,0,-,-,NA,NA,LOS ANGELES,LOS ANGELES,-118.23018,34.02171
6973912,2015,2015-07-07,1942,2015-05-27,1600,41532,0497,3,5,7,1942,0,0,0,D,0,4A97,E OLYMPIC BL,VELASCO ST,1,N,N,A,-,N,NA,NA,NA,NA,NA,NA,NA,NA,NA,Y,4,0,2,2,A,-,08,22107,NA,N,D,C,A,A,H,-,A,D,0,NA,NA,NA,NA,Y,NA,A,01,0,0,2,0,0,0,0,0,0,-,-,NA,NA,LOS ANGELES,LOS ANGELES,-118.20518,34.01878
6973913,2015,2015-07-07,1942,2015-05-27,1850,33182,1144,3,5,7,1942,0,0,0,K,0,11A71,HYPERION AV,TRACY ST,10,E,N,A,-,N,NA,NA,NA,NA,NA,NA,NA,NA,NA,N,4,0,1,2,A,-,04,21703,NA,N,C,C,A,A,H,-,A,D,0,NA,NA,NA,NA,Y,NA,-,NA,0,0,1,0,0,0,0,0,0,-,-,NA,NA,LOS ANGELES,LOS ANGELES,-118.27335061,34.10410629
6973914,2015,2015-07-07,1942,2015-05-30,1255,39062,1177,6,5,7,1942,0,0,0,K,0,2TL15,AVENUE 26,FIGUEROA ST,5,N,N,A,-,N,NA,NA,NA,NA,NA,NA,NA,NA,NA,N,3,0,1,2,A,-,11,21456,B,F,G,B,B,A,H,-,A,A,0,Y,NA,NA,NA,Y,NA,N,60,0,1,0,0,1,0,0,0,0,-,-,NA,NA,LOS ANGELES,LOS ANGELES,-118.22246148,34.08385984
6973915,2015,2016-04-05,1942,2015-05-31,1110,39062,0132,7,5,7,1942,0,0,0,A,0,2TL15,3RD ST,FIGUEROA ST,0,NA,Y,A,-,N,NA,NA,NA,NA,NA,NA,NA,NA,NA,Y,4,0,1,2,A,-,12,21453,A,M,D,C,A,A,H,-,A,A,0,NA,NA,NA,NA,Y,NA,A,01,0,0,1,0,0,0,0,0,0,-,-,NA,NA,LOS ANGELES,LOS ANGELES,-118.25461002,34.05501004
6973916,2015,2015-07-07,1942,2015-05-31,2130,40926,0564,7,5,7,1942,0,0,0,E,0,5A55,2ND ST,MESA ST,300,W,N,A,-,N,NA,NA,NA,NA,NA,NA,NA,NA,NA,Y,3,0,1,2,A,-,01,23152,A,N,D,E,A,A,H,-,C,D,0,NA,NA,NA,NA,Y,Y,A,01,0,1,0,0,0,0,0,0,0,-,-,NA,NA,LOS ANGELES,LOS ANGELES,-118.28672486,33.74240464
6973919,2015,2015-07-07,1942,2015-05-10,1630,32654,1333,7,5,7,1942,0,0,0,M,0,6D254,JEFFERSON BL,MCKINLEY AV,45,E,N,A,-,N,NA,NA,NA,NA,NA,NA,NA,NA,NA,Y,2,0,3,3,A,-,05,21460,C,N,B,C,A,A,H,-,A,D,0,NA,NA,Y,NA,Y,NA,C,02,1,0,2,0,0,0,0,0,1,-,-,NA,NA,LOS ANGELES,LOS ANGELES,-118.26017619,34.01316705
6973920,2015,2015-07-07,1942,2015-05-30,2200,37991,1124,6,5,7,1942,0,0,0,K,0,11A42,SAN FERNANDO RD,FLETCHER DR,0,NA,Y,A,-,N,NA,NA,NA,NA,NA,NA,NA,NA,NA,Y,4,0,1,2,A,-,00,12500,A,N,A,C,A,A,-,-,C,A,0,NA,NA,NA,NA,Y,NA,-,NA,0,0,1,0,0,0,0,0,0,-,-,NA,NA,LOS ANGELES,LOS ANGELES,-118.2458701,34.11488005
6973939,2015,2015-10-24,1972,2015-05-18,0646,18450,NA,1,5,6,1972,0,0,0,NA,0,NA,CRENSHAW BL,182ND ST,0,NA,Y,A,-,N,NA,NA,NA,NA,NA,NA,NA,NA,NA,Y,4,0,1,2,A,-,09,21801,A,N,D,C,A,A,H,-,A,A,0,NA,NA,NA,NA,Y,NA,A,NA,0,0,1,0,0,0,0,0,0,-,-,NA,NA,LOS ANGELES,TORRANCE,-118.32647013,33.86558008
6973980,2015,2015-07-08,1942,2015-04-24,2215,40602,589,5,5,7,1942,0,0,0,NA,0,5A59,S PACIFIC AV,37TH ST,75,S,N,A,-,N,NA,NA,NA,NA,NA,NA,NA,NA,NA,Y,3,0,2,3,A,-,03,22350,NA,N,A,C,A,A,H,-,C,D,0,NA,NA,Y,NA,Y,NA,A,01,0,1,1,0,0,0,0,0,0,-,-,NA,NA,LOS ANGELES,LOS ANGELES,-118.28795,33.7103643
6973981,2015,2015-07-08,1942,2015-04-14,1125,37654,0526,2,5,7,1942,0,0,0,E,0,5A25,ANAHEIM ST,LAGOON AV,0,NA,Y,A,-,N,NA,NA,NA,NA,NA,NA,NA,NA,NA,Y,4,0,1,2,A,-,08,22107,NA,N,D,C,A,A,H,-,A,D,0,NA,NA,NA,NA,Y,NA,A,08,0,0,1,0,0,0,0,0,0,-,-,NA,NA,LOS ANGELES,LOS ANGELES,-118.2677001,33.77969005
6973982,2015,2015-07-08,1942,2015-04-22,1100,41681,0555,3,5,7,1942,0,0,0,E,0,5A11,GAFFEY ST,7TH ST,0,NA,Y,A,-,N,NA,NA,NA,NA,NA,NA,NA,NA,NA,N,4,0,1,2,A,-,10,21950,A,N,G,B,B,A,H,-,A,A,0,Y,NA,NA,NA,Y,NA,A,01,0,0,1,0,1,0,0,0,0,-,-,NA,NA,LOS ANGELES,LOS ANGELES,-118.29235011,33.73788009
6973983,2015,2015-07-08,1942,2015-04-25,1400,41773,0566,6,5,7,1942,0,0,0,E,0,5A59,PACIFIC AV,GRAND AV,162,E,N,C,-,N,NA,NA,NA,NA,NA,NA,NA,NA,NA,N,3,0,1,2,A,-,04,21703,NA,N,C,C,A,B,H,-,A,D,0,NA,NA,Y,NA,Y,NA,C,02,0,1,0,0,0,0,0,0,1,-,-,NA,NA,LOS ANGELES,LOS ANGELES,-118.22522,33.96915
6973984,2015,2016-11-05,1942,2015-04-27,1350,38627,0515,1,5,7,1942,0,0,0,E,0,5A15,RT 1,AVALON BL,60,W,N,A,-,Y,LA,7,1,-,-,10.54,H,-,S,N,4,0,1,2,A,-,03,22350,NA,F,C,C,A,A,H,-,A,A,0,NA,NA,NA,NA,Y,NA,-,99,0,0,1,0,0,0,0,0,0,-,-,NA,NA,LOS ANGELES,LOS ANGELES,-118.26347386,33.79109251
6973985,2015,2015-07-08,1942,2015-04-28,0900,41638,508,2,5,7,1942,0,0,0,NA,0,5A11W2,SEPULVEDA BL,LOCKNESS AV,0,E,N,A,-,N,NA,NA,NA,NA,NA,NA,NA,NA,NA,Y,4,0,1,2,A,-,09,21801,A,N,D,C,A,A,H,-,A,D,0,NA,NA,NA,NA,Y,NA,A,01,0,0,1,0,0,0,0,0,0,-,-,NA,NA,LOS ANGELES,LOS ANGELES,-118.3045201,33.81534001
6974015,2015,2017-01-03,9550,2015-04-10,0352,20226,NA,5,3,1,1932,0,1,3,NA,2,602,RT 60,NOGALES ST,1800,E,N,A,-,Y,LA,7,60,-,-,20.77,H,-,W,Y,3,0,1,1,A,-,01,23152,A,N,E,I,A,A,H,-,C,D,1,NA,NA,NA,NA,Y,Y,A,01,0,1,0,0,0,0,0,0,0,-,-,33.99495,-117.8803,LOS ANGELES,INDUSTRY,-117.88272962,33.9945132
6974016,2015,2016-12-01,9550,2015-04-13,0840,20070,NA,1,1,6,1920,0,1,1,NA,2,150,RT 105,LAKEWOOD BL,150,W,N,A,-,Y,LA,7,105,-,R,15.771,R,1,E,Y,4,0,2,2,A,-,03,22350,NA,N,C,C,A,A,H,-,A,A,1,NA,NA,NA,NA,Y,NA,A,01,0,0,2,0,0,0,0,0,0,FR,-,33.91266,-118.14145,LOS ANGELES,DOWNEY,-118.14048109,33.91292684
6974017,2015,2015-07-03,9550,2015-04-12,2005,020948,NA,7,2,9,1900,0,2,4,NA,1,022,TELEGRAPH RD,VALLEY VIEW AV,0,NA,Y,A,-,N,NA,NA,NA,NA,NA,NA,NA,NA,NA,Y,4,0,2,2,A,-,12,21453,A,N,D,C,A,A,H,-,C,A,0,NA,NA,NA,NA,Y,NA,A,01,0,0,2,0,0,0,0,0,0,-,-,33.92811,-118.02905,LOS ANGELES,UNINCORPORATED,-118.02903004,33.92808004