CASE_ID,ACCIDENT_YEAR,PROC_DATE,JURIS,COLLISION_DATE,COLLISION_TIME,OFFICER_ID,REPORTING_DISTRICT,DAY_OF_WEEK,CHP_SHIFT,POPULATION,CNTY_CITY_LOC,SPECIAL_COND,BEAT_TYPE,CHP_BEAT_TYPE,CITY_DIVISION_LAPD,CHP_BEAT_CLASS,BEAT_NUMBER,PRIMARY_RD,SECONDARY_RD,DISTANCE,DIRECTION,INTERSECTION,WEATHER_1,WEATHER_2,STATE_HWY_IND,CALTRANS_COUNTY,CALTRANS_DISTRICT,STATE_ROUTE,ROUTE_SUFFIX,POSTMILE_PREFIX,POSTMILE,LOCATION_TYPE,RAMP_INTERSECTION,SIDE_OF_HWY,TOW_AWAY,COLLISION_SEVERITY,NUMBER_KILLED,NUMBER_INJURED,PARTY_COUNT,PRIMARY_COLL_FACTOR,PCF_CODE_OF_VIOL,PCF_VIOL_CATEGORY,PCF_VIOLATION,PCF_VIOL_SUBSECTION,HIT_AND_RUN,TYPE_OF_COLLISION,MVIW,PED_ACTION,ROAD_SURFACE,ROAD_COND_1,ROAD_COND_2,LIGHTING,CONTROL_DEVICE,CHP_ROAD_TYPE,PEDESTRIAN_ACCIDENT,BICYCLE_ACCIDENT,MOTORCYCLE_ACCIDENT,TRUCK_ACCIDENT,NOT_PRIVATE_PROPERTY,ALCOHOL_INVOLVED,STWD_VEHTYPE_AT_FAULT,CHP_VEHTYPE_AT_FAULT,COUNT_SEVERE_INJ,COUNT_VISIBLE_INJ,COUNT_COMPLAINT_PAIN,COUNT_PED_KILLED,COUNT_PED_INJURED,COUNT_BICYCLIST_KILLED,COUNT_BICYCLIST_INJURED,COUNT_MC_KILLED,COUNT_MC_INJURED,PRIMARY_RAMP,SECONDARY_RAMP,LATITUDE,LONGITUDE,COUNTY,CITY,POINT_X,POINT_Y
6974018,2015,2015-07-03,9550,2015-04-12,1735,020531,NA,7,2,9,1900,0,3,5,NA,2,004,HALLIBURTON RD,STIMSON AV,0,NA,Y,A,-,N,NA,NA,NA,NA,NA,NA,NA,NA,NA,Y,4,0,1,2,A,-,09,21801,A,N,D,C,A,A,H,-,A,A,0,NA,NA,NA,NA,Y,NA,A,01,0,0,1,0,0,0,0,0,0,-,-,33.99643,-117.96356,LOS ANGELES,UNINCORPORATED,-117.96359011,33.99640011
6974019,2015,2017-01-05,9550,2015-04-12,1325,019117,NA,7,1,6,1920,0,1,1,NA,2,500,RT 5,PARAMOUNT BL,100,S,N,A,-,Y,LA,7,5,-,-,8.76,H,-,N,N,4,0,1,2,A,-,03,22350,NA,M,C,C,A,A,H,-,A,D,1,NA,NA,NA,NA,Y,NA,-,99,0,0,1,0,0,0,0,0,0,-,-,33.9633,-118.11892,LOS ANGELES,DOWNEY,-118.11766256,33.96222329
6974020,2015,2016-12-17,9550,2015-04-12,1230,20399,NA,7,1,6,1949,0,1,1,NA,2,501,RT 5,NORWALK BL,2275,S,N,A,-,Y,LA,7,5,-,-,3.99,H,-,S,Y,4,0,1,5,A,-,03,22350,NA,F,C,C,A,A,H,-,A,D,1,NA,NA,NA,NA,Y,NA,A,01,0,0,1,0,0,0,0,0,0,-,-,33.9079,-118.06803,LOS ANGELES,NORWALK,-118.06805489,33.9078815
6974021,2015,2016-06-01,9550,2015-04-12,1250,020948,NA,7,1,9,1900,0,2,4,NA,1,021,IMPERIAL HWY,CARMENITA RD,0,NA,Y,A,-,N,NA,NA,NA,NA,NA,NA,NA,NA,NA,Y,3,0,5,2,A,-,09,21801,A,N,D,C,A,A,H,-,A,A,0,NA,NA,NA,NA,Y,NA,A,01,0,1,4,0,0,0,0,0,0,-,-,33.91698,-118.04679,LOS ANGELES,UNINCORPORATED,-118.04681009,33.91705011
6974022,2015,2016-11-05,9550,2015-04-12,0350,19527,NA,7,3,6,1920,0,1,1,NA,2,500,RT 5,RT 605,500,N,N,A,-,Y,LA,7,5,-,-,7.063,R,3,S,Y,3,0,1,1,A,-,08,22107,NA,N,E,J,A,A,H,-,C,D,1,NA,NA,NA,NA,Y,Y,A,01,0,1,0,0,0,0,0,0,0,TO,-,33.94254,-118.09828,LOS ANGELES,DOWNEY,-118.0984961,33.9438612
6974023,2015,2017-01-03,9550,2015-04-12,0033,20226,NA,7,3,1,1932,0,1,3,NA,2,602,RT 60,FULLERTON RD,1200,W,N,A,-,Y,LA,7,60,-,-,19.23,H,-,E,Y,4,0,2,2,A,-,08,22107,NA,N,C,C,A,A,H,-,C,D,1,NA,NA,NA,NA,Y,NA,A,01,0,0,2,0,0,0,0,0,0,-,-,33.99419,-117.91073,LOS ANGELES,INDUSTRY,-117.90950713,33.99413387
6974024,2015,2016-12-12,9550,2015-04-11,1725,020777,NA,6,2,7,1941,0,1,3,NA,2,090,RT 91,ATLANTIC AV,1000,E,N,A,-,Y,LA,7,91,-,-,12.31,H,-,E,Y,3,0,1,3,A,-,03,22350,NA,N,C,C,A,A,H,-,A,D,1,NA,NA,NA,NA,Y,NA,A,01,0,1,0,0,0,0,0,0,0,-,-,33.8771,-118.1862,LOS ANGELES,LONG BEACH,-118.18222881,33.87685418
6974025,2015,2016-12-08,9550,2015-04-11,1535,18949,NA,6,2,9,1900,0,1,1,NA,2,650,RT 605,SLAUSON AV,2000,N,N,A,-,Y,LA,7,605,-,R,11.96,H,-,S,Y,4,0,1,2,A,-,08,22107,NA,N,C,C,A,A,H,-,A,D,1,NA,NA,NA,NA,Y,NA,A,08,0,0,1,0,0,0,0,0,0,-,-,33.97108,-118.08161,LOS ANGELES,UNINCORPORATED,-118.08070933,33.97254794
6974026,2015,2017-01-03,9550,2015-04-11,1250,020948,NA,6,1,9,1900,0,1,3,NA,2,600,RT 60,7TH AV,3000,W,N,A,-,Y,LA,7,60,-,-,13.69,H,-,W,N,4,0,1,2,A,-,03,22350,NA,N,C,C,A,A,H,-,A,D,1,NA,NA,NA,NA,Y,NA,A,07,0,0,1,0,0,0,0,0,0,-,-,34.02577,-117.99457,LOS ANGELES,UNINCORPORATED,-117.99537295,34.02616636
6974027,2015,2015-07-03,9550,2015-04-11,1110,20696,NA,6,1,9,1900,0,3,5,NA,2,003,CLARK AV,9TH AV,0,NA,Y,A,-,N,NA,NA,NA,NA,NA,NA,NA,NA,NA,Y,4,0,1,2,A,-,09,21802,A,N,B,C,A,A,H,-,A,D,0,NA,NA,NA,NA,Y,NA,A,01,0,0,1,0,0,0,0,0,0,-,-,34.01999,-117.97783,LOS ANGELES,UNINCORPORATED,-117.97789001,34.02004001
6974028,2015,2016-11-04,9550,2015-04-11,0135,18150,NA,6,3,9,1900,0,1,1,NA,2,650,RT 605,SLAUSON AV,700,N,N,A,-,Y,LA,7,605,-,R,11.71,H,-,N,Y,4,0,1,2,A,-,07,21658,A,N,C,C,A,A,H,-,C,D,1,NA,NA,NA,NA,Y,NA,A,01,0,0,1,0,0,0,0,0,0,-,-,33.96952,-118.08186,LOS ANGELES,UNINCORPORATED,-118.08220095,33.96916207
6974031,2015,2016-12-17,9550,2015-04-10,1525,20795,NA,5,2,3,1964,0,1,1,NA,2,501,RT 5,ALONDRA BL,700,N,N,A,-,Y,LA,7,5,-,-,1.81,H,-,S,N,4,0,1,2,A,-,03,22350,NA,N,C,C,A,A,H,-,A,D,1,NA,NA,NA,NA,Y,NA,A,01,0,0,1,0,0,0,0,0,0,-,-,33.88899,-118.03843,LOS ANGELES,SANTA FE SPRINGS,-118.0379689,33.88890858
6974032,2015,2016-11-04,9550,2015-04-08,1220,20037,NA,3,1,5,1935,0,1,1,NA,2,652,RT 605,CENTRALIA ST,320,S,N,A,-,Y,LA,7,605,-,R,2.24,H,-,S,Y,4,0,1,2,A,-,03,22350,NA,N,C,C,A,A,H,-,A,D,1,NA,NA,NA,NA,Y,NA,A,01,0,0,1,0,0,0,0,0,0,-,-,33.83778,-118.08789,LOS ANGELES,LAKEWOOD,-118.08784131,33.83774583
6974033,2015,2015-07-03,9550,2015-04-09,2020,019707,NA,4,2,9,1900,0,2,4,NA,1,022,LEFFINGWELL RD,TELEGRAPH RD,250,N,N,A,-,N,NA,NA,NA,NA,NA,NA,NA,NA,NA,N,3,0,1,2,A,-,11,21954,A,N,G,B,D,A,H,-,D,D,0,Y,NA,NA,NA,Y,NA,N,60,0,1,0,0,1,0,0,0,0,-,-,33.55288,-118.01173,LOS ANGELES,UNINCORPORATED,-118.02248975,33.92441
6974034,2015,2017-01-03,9550,2015-04-09,1950,19120,NA,4,2,9,1900,0,1,3,NA,2,602,RT 60,FAIRWAY DR,730,W,N,A,-,Y,LA,7,60,-,R,21.305,R,1,W,Y,4,0,2,2,A,-,03,22350,NA,N,C,C,A,A,H,-,C,D,1,NA,NA,NA,NA,Y,NA,A,01,0,0,2,0,0,0,0,0,0,-,-,33.99627,-117.87238,LOS ANGELES,UNINCORPORATED,-117.87357046,33.99591663
6974035,2015,2016-12-17,9550,2015-04-09,0945,15040,NA,4,1,6,1949,0,1,1,NA,2,500,RT 5,IMPERIAL HWY,1000,S,N,A,-,Y,LA,7,5,-,-,4.58,H,-,N,Y,4,0,1,2,A,-,03,22350,NA,N,C,C,A,A,D,H,A,D,1,NA,NA,NA,NA,Y,NA,A,01,0,0,1,0,0,0,0,0,0,-,-,33.91628,-118.07917,LOS ANGELES,NORWALK,-118.07577678,33.91350255
6974036,2015,2016-12-10,9550,2015-04-09,0020,019808,NA,4,3,5,1908,0,1,3,NA,2,091,RT 91,LAKEWOOD BL,1600,E,N,A,-,Y,LA,7,91,-,-,14.94,H,-,W,Y,4,0,1,1,A,-,01,23152,A,N,E,I,A,A,H,-,C,D,1,NA,NA,NA,NA,Y,Y,A,01,0,0,1,0,0,0,0,0,0,-,-,33.87755,-118.13862,LOS ANGELES,BELLFLOWER,-118.13809559,33.87728627
6974037,2015,2016-11-05,9550,2015-04-08,2343,013935,NA,3,3,3,1964,0,1,1,NA,2,500,RT 605,RT 5,0,N,N,A,-,Y,LA,7,605,-,R,9.76,R,1,N,Y,4,0,1,2,A,-,08,22107,NA,N,D,C,A,A,H,-,C,D,1,NA,NA,NA,NA,Y,NA,A,01,0,0,1,0,0,0,0,0,0,-,-,33.94491,-118.09443,LOS ANGELES,SANTA FE SPRINGS,-118.0955192,33.94306935
6974038,2015,2017-01-03,9550,2015-04-08,1720,020689,NA,3,2,9,1900,0,1,3,NA,2,600,RT 60,CROSSROADS PKWY,200,E,N,A,-,Y,LA,7,60,-,-,12.67,H,-,W,Y,4,0,1,2,A,-,03,22350,NA,N,C,C,A,A,H,-,A,D,1,NA,NA,NA,NA,Y,NA,A,01,0,0,1,0,0,0,0,0,0,-,-,34.02934,-118.01133,LOS ANGELES,UNINCORPORATED,-118.01190259,34.02919879
6974039,2015,2016-12-08,9550,2015-04-08,1625,20954,NA,3,2,5,1976,0,1,1,NA,2,650,RT 605,WHITTIER BL,300,N,N,A,-,Y,LA,7,605,-,R,13.63,H,-,S,N,4,0,1,2,A,-,03,22350,NA,N,C,C,A,A,H,-,A,D,1,NA,NA,NA,NA,Y,NA,A,08,0,0,1,0,0,0,0,0,0,-,-,33.99896,-118.06792,LOS ANGELES,WHITTIER,-118.06912121,33.99436549
6974040,2015,2016-11-05,9550,2015-04-08,1515,020928,NA,3,2,9,1900,0,1,1,NA,2,500,RT 5,ROSEMEAD BL,1100,N,N,A,-,Y,LA,7,5,-,-,8.54,H,-,S,N,4,0,2,2,A,-,03,22350,NA,N,C,C,A,A,H,-,A,D,1,NA,NA,NA,NA,Y,NA,A,01,0,0,2,0,0,0,0,0,0,-,-,33.95977,-118.11478,LOS ANGELES,UNINCORPORATED,-118.11488016,33.96003475
6974291,2015,2015-07-16,1976,2015-06-06,1030,568,NA,6,5,5,1976,0,0,0,NA,0,003,COLIMA RD,EL SONETO DR,0,NA,Y,A,-,N,NA,NA,NA,NA,NA,NA,NA,NA,NA,Y,3,0,2,2,A,-,09,21802,A,N,D,C,A,A,H,-,A,-,0,NA,NA,NA,NA,Y,NA,A,01,0,2,0,0,0,0,0,0,0,-,-,NA,NA,LOS ANGELES,WHITTIER,-118.00486005,33.95140009
6974292,2015,2015-07-09,1976,2015-06-13,0546,309,WHITT,6,5,5,1976,0,0,0,NA,0,001,PALM AV,ORANGE DR,75,S,N,B,-,N,NA,NA,NA,NA,NA,NA,NA,NA,NA,Y,3,0,2,2,A,-,01,23152,A,N,A,E,A,A,H,-,A,D,0,NA,NA,NA,NA,Y,Y,A,01,0,1,1,0,0,0,0,0,0,-,-,NA,NA,LOS ANGELES,WHITTIER,-118.05466,33.98975436
6974294,2015,2015-07-09,1976,2015-06-15,1506,297,NA,1,5,5,1976,0,0,0,NA,0,004,LAMBERT RD,EL ARCO DR,80,E,N,A,-,N,NA,NA,NA,NA,NA,NA,NA,NA,NA,Y,3,0,5,2,A,-,03,22350,NA,N,C,C,A,A,D,-,A,D,0,NA,NA,NA,NA,Y,NA,D,23,0,1,4,0,0,0,0,0,0,-,-,NA,NA,LOS ANGELES,WHITTIER,-117.9961999,33.93474358
6974296,2015,2016-11-29,1976,2015-06-18,1710,288,WHITT,4,5,5,1976,0,0,0,NA,0,003,WHITTIER BL,STRUB AV,40,W,N,A,-,Y,LA,7,72,-,-,3.07,H,-,S,N,4,0,1,2,A,-,03,22350,NA,N,C,C,A,A,H,-,A,A,0,NA,NA,NA,NA,Y,NA,D,22,0,0,1,0,0,0,0,0,0,-,-,NA,NA,LOS ANGELES,WHITTIER,-118.02440564,33.95831039
6974297,2015,2015-07-09,1976,2015-06-19,1725,269,NA,5,5,5,1976,0,0,0,NA,0,001,BEVERLY BL,CARLEY AV,0,NA,Y,A,-,N,NA,NA,NA,NA,NA,NA,NA,NA,NA,Y,4,0,1,2,A,-,03,22350,NA,F,C,C,A,A,H,-,A,D,0,NA,NA,NA,NA,Y,NA,D,22,0,0,1,0,0,0,0,0,0,-,-,NA,NA,LOS ANGELES,WHITTIER,-118.05845005,34.00073006
6974403,2015,2015-07-09,1942,2015-06-06,1625,41297,0376,6,5,7,1942,0,0,0,C,0,3A98,MARTIN LUTHER KING JR,HOBART BL,25,W,N,A,-,N,NA,NA,NA,NA,NA,NA,NA,NA,NA,N,4,0,1,2,A,-,03,22350,NA,N,C,C,A,A,H,-,A,D,0,NA,NA,NA,NA,Y,NA,A,07,0,0,1,0,0,0,0,0,0,-,-,NA,NA,LOS ANGELES,LOS ANGELES,-118.30788233,34.01085
6974404,2015,2015-07-08,1942,2015-06-21,1630,40440,0373,7,5,7,1942,0,0,0,C,0,3T57,NORTON AV,RODEO RD,180,S,N,A,-,N,NA,NA,NA,NA,NA,NA,NA,NA,NA,Y,3,0,5,4,A,-,05,21650,NA,N,A,C,A,A,H,-,A,D,0,NA,NA,NA,NA,Y,NA,A,01,0,1,4,0,0,0,0,0,0,-,-,NA,NA,LOS ANGELES,LOS ANGELES,-118.33292081,34.02050839
6974406,2015,2015-07-08,1942,2015-06-04,1610,40440,0334,4,5,7,1942,0,0,0,C,0,12TL73,CRENSHAW BL,30TH ST,250,N,N,A,-,N,NA,NA,NA,NA,NA,NA,NA,NA,NA,N,4,0,2,2,A,-,03,22350,NA,N,C,C,A,A,H,-,A,D,0,NA,NA,NA,NA,Y,NA,A,01,0,0,2,0,0,0,0,0,0,-,-,NA,NA,LOS ANGELES,LOS ANGELES,-118.335103,34.028255
6974407,2015,2015-07-09,1942,2015-06-05,0910,41262,0321,5,5,7,1942,0,0,0,C,0,3A31,JEFFERSON BL,NATIONAL,1000,S,N,A,-,N,NA,NA,NA,NA,NA,NA,NA,NA,NA,Y,3,0,2,2,A,-,09,21801,A,N,A,C,A,A,H,-,A,D,0,NA,NA,Y,NA,Y,NA,A,01,0,1,1,0,0,0,0,0,1,-,-,NA,NA,LOS ANGELES,LOS ANGELES,-118.37672439,34.02397351
6974408,2015,2015-07-08,1942,2015-06-22,1515,37724,0334,1,5,7,1942,0,0,0,C,0,3T57,JEFFERSON BL,CRENSHAW BL,200,W,N,A,-,N,NA,NA,NA,NA,NA,NA,NA,NA,NA,N,4,0,1,2,A,-,05,21650,1,N,H,G,A,A,H,-,A,D,0,NA,Y,NA,NA,Y,NA,L,04,0,0,1,0,0,0,1,0,0,-,-,NA,NA,LOS ANGELES,LOS ANGELES,-118.33576869,34.02557
6974410,2015,2015-07-08,1941,2015-06-15,0700,10318,NA,1,5,7,1941,0,0,0,NA,0,NA,WILLOW ST,DAISY AV,90,E,N,A,-,N,NA,NA,NA,NA,NA,NA,NA,NA,NA,Y,3,0,3,2,A,-,03,22350,NA,N,C,C,A,A,H,-,A,D,0,NA,NA,NA,NA,Y,NA,A,NA,0,1,2,0,0,0,0,0,0,-,-,NA,NA,LOS ANGELES,LONG BEACH,-118.19892435,33.80445
6974412,2015,2015-07-08,1942,2015-06-17,1840,36754,0354,3,5,7,1942,0,0,0,C,0,3T57,6TH AV,36TH ST,370,S,N,A,-,N,NA,NA,NA,NA,NA,NA,NA,NA,NA,N,3,0,1,2,A,-,03,22350,NA,N,H,G,A,A,H,-,A,D,0,NA,Y,NA,NA,Y,NA,A,08,0,1,0,0,0,0,1,0,0,-,-,NA,NA,LOS ANGELES,LOS ANGELES,-118.323586,34.021933
6974414,2015,2015-07-10,1941,2015-06-16,1619,5497,NA,2,5,7,1941,0,0,0,NA,0,NA,MAGNOLIA,25TH ST,110,S,N,A,-,N,NA,NA,NA,NA,NA,NA,NA,NA,NA,Y,4,0,1,3,A,-,03,22350,NA,N,B,C,A,A,H,-,A,D,0,NA,NA,NA,NA,Y,NA,A,NA,0,0,1,0,0,0,0,0,0,-,-,NA,NA,LOS ANGELES,LONG BEACH,-118.19811539,33.80226837
6974416,2015,2015-07-08,1942,2015-06-06,2115,25132,377,6,5,7,1942,0,0,0,NA,0,3A57,NORMANDIE AV,LEIGHTON AV,30,S,N,A,-,N,NA,NA,NA,NA,NA,NA,NA,NA,NA,Y,4,0,1,2,A,-,09,21804,A,N,D,C,A,A,H,-,C,D,0,NA,NA,NA,NA,Y,NA,A,07,0,0,1,0,0,0,0,0,0,-,-,NA,NA,LOS ANGELES,LOS ANGELES,-118.30018,34.01314772
6974418,2015,2015-07-08,1941,2015-06-06,1454,6296,NA,6,5,7,1941,0,0,0,NA,0,NA,PACIFIC AV,15TH ST,37,N,N,A,-,N,NA,NA,NA,NA,NA,NA,NA,NA,NA,N,4,0,1,2,A,-,08,22100,A,N,B,C,A,A,H,-,A,D,0,NA,NA,NA,NA,Y,NA,A,NA,0,0,1,0,0,0,0,0,0,-,-,NA,NA,LOS ANGELES,LONG BEACH,-118.19373,33.786341470000004
6974420,2015,2015-07-08,1942,2015-06-13,1500,40950,0362,6,5,7,1942,0,0,0,C,0,3A73,RODEO RD,CHESAPEAKE,45,W,N,A,-,N,NA,NA,NA,NA,NA,NA,NA,NA,NA,Y,4,0,1,3,A,-,03,22350,NA,N,B,E,A,A,A,-,A,B,0,NA,NA,NA,NA,Y,NA,A,01,0,0,1,0,0,0,0,0,0,-,-,NA,NA,LOS ANGELES,LOS ANGELES,-118.34536819,34.02147256
6974422,2015,2015-07-08,1941,2015-06-16,1522,NA,NA,2,5,7,1941,0,0,0,NA,0,NA,PARAMOUNT BL,SOUTH ST,0,NA,N,A,-,N,NA,NA,NA,NA,NA,NA,NA,NA,NA,Y,4,0,1,2,A,-,03,22350,NA,N,C,C,A,A,H,-,A,A,0,NA,NA,NA,NA,Y,NA,A,NA,0,0,1,0,0,0,0,0,0,-,-,NA,NA,LOS ANGELES,LONG BEACH,-118.15990006,33.86018005
6974424,2015,2015-07-08,1942,2015-06-12,1700,25385,0375,5,5,7,1942,0,0,0,C,0,25MQ54,WILTON PL,MARTIN L KING BL,40,N,N,A,-,N,NA,NA,NA,NA,NA,NA,NA,NA,NA,Y,4,0,1,3,A,-,08,22107,NA,N,D,C,A,A,H,-,A,D,0,NA,NA,NA,NA,Y,Y,A,01,0,0,1,0,0,0,0,0,0,-,-,NA,NA,LOS ANGELES,LOS ANGELES,-118.31517,34.0109297
6974425,2015,2015-07-08,1942,2015-06-02,1840,34959,0734,2,5,7,1942,0,0,0,G,0,20T59,BURNSIDE AV,6TH ST,0,NA,Y,A,-,N,NA,NA,NA,NA,NA,NA,NA,NA,NA,N,2,0,1,2,A,-,11,21456,B,N,G,B,B,A,H,-,A,A,0,Y,NA,NA,NA,Y,NA,N,60,1,0,0,0,1,0,0,0,0,-,-,NA,NA,LOS ANGELES,LOS ANGELES,-118.34936007,34.06490005
6974426,2015,2015-07-08,1941,2015-06-12,1659,6116,NA,5,5,7,1941,0,0,0,NA,0,NA,XIMENO AV,XIMENO AV 1650,0,NA,N,A,-,N,NA,NA,NA,NA,NA,NA,NA,NA,NA,N,2,0,1,2,A,-,10,21950,NA,N,A,B,C,A,H,-,A,A,0,Y,NA,NA,NA,Y,NA,A,NA,1,0,0,0,1,0,0,0,0,-,-,NA,NA,LOS ANGELES,LONG BEACH,-118.140385,33.787006
6974428,2015,2015-07-08,1942,2015-06-01,0800,40869,355,1,5,7,1942,0,0,0,NA,0,12TL41,JEFFERSON BL,GRAMERCY PL,65,E,N,A,-,N,NA,NA,NA,NA,NA,NA,NA,NA,NA,N,4,0,1,2,A,-,03,22350,NA,N,C,C,A,A,H,-,A,D,0,NA,NA,NA,NA,Y,NA,A,01,0,0,1,0,0,0,0,0,0,-,-,NA,NA,LOS ANGELES,LOS ANGELES,-118.31360589,34.02555
6974429,2015,2015-07-08,1942,2015-06-03,1830,24517,0782,3,5,7,1942,0,0,0,G,0,7T38,PICO BL,TREMAINE ST,0,NA,Y,A,-,N,NA,NA,NA,NA,NA,NA,NA,NA,NA,N,4,0,3,2,A,-,09,21801,A,N,B,C,A,A,H,-,A,A,0,NA,NA,NA,NA,Y,NA,A,01,0,0,3,0,0,0,0,0,0,-,-,NA,NA,LOS ANGELES,LOS ANGELES,-118.34093006,34.04830011
6974432,2015,2015-07-08,1942,2015-06-17,1830,38503,0354,3,5,7,1942,0,0,0,C,0,3T57,BUDLONG AV,KING,3,N,N,A,-,N,NA,NA,NA,NA,NA,NA,NA,NA,NA,N,4,0,1,2,A,-,05,21650,1,N,H,G,A,A,H,-,A,A,0,NA,Y,NA,NA,Y,NA,A,01,0,0,1,0,0,0,1,0,0,-,-,NA,NA,LOS ANGELES,LOS ANGELES,-118.2959,34.010873
6974434,2015,2015-07-07,1942,2015-06-14,2035,39971,0957,7,5,7,1942,0,0,0,I,0,15T43,WOODMAN AV,CHANDLER ST,330,S,N,A,-,N,NA,NA,NA,NA,NA,NA,NA,NA,NA,Y,4,0,1,5,A,-,05,21460,A,N,A,E,A,A,H,-,C,A,0,NA,NA,NA,NA,Y,NA,A,01,0,0,1,0,0,0,0,0,0,-,-,NA,NA,LOS ANGELES,LOS ANGELES,-118.43125025,34.16765485
6974436,2015,2015-07-08,1942,2015-06-06,1905,41849,0356,6,5,7,1942,0,0,0,C,0,12A49,W 36TH PL,S HALLDALE AV,318,E,N,A,-,N,NA,NA,NA,NA,NA,NA,NA,NA,NA,Y,4,0,1,4,A,-,03,22350,NA,N,C,C,A,A,H,-,B,D,0,NA,NA,NA,NA,Y,NA,A,01,0,0,1,0,0,0,0,0,0,-,-,NA,NA,LOS ANGELES,LOS ANGELES,-118.30187258,34.02189001
6974438,2015,2015-07-07,1942,2015-06-16,1740,36599,0932,2,5,7,1942,0,0,0,I,0,16TL24,VICTORY BL,KESTER AV,135,W,N,A,-,N,NA,NA,NA,NA,NA,NA,NA,NA,NA,N,4,0,1,2,A,-,09,21804,A,N,B,C,A,A,H,-,A,A,0,NA,NA,Y,NA,Y,NA,A,01,0,0,1,0,0,0,0,0,1,-,-,NA,NA,LOS ANGELES,LOS ANGELES,-118.45789559,34.18666
6974440,2015,2016-04-13,1942,2015-06-05,1105,26217,0361,5,5,7,1942,0,0,0,C,0,25MQ13,LA BREA,COLISEUM,800,N,N,A,-,N,NA,NA,NA,NA,NA,NA,NA,NA,NA,N,4,0,2,4,A,-,03,22350,NA,N,C,C,A,A,H,-,A,D,0,NA,NA,NA,NA,Y,NA,A,07,0,0,2,0,0,0,0,0,0,-,-,NA,NA,LOS ANGELES,LOS ANGELES,-118.35560004,34.02050414
6974442,2015,2015-07-07,1942,2015-06-18,1500,39096,0914,4,5,7,1942,0,0,0,I,0,10TL34,SHERMAN WY,VAN NUYS BL,80,W,N,A,-,N,NA,NA,NA,NA,NA,NA,NA,NA,NA,N,4,0,1,2,A,-,03,22350,NA,N,C,C,A,A,H,-,A,A,0,NA,NA,NA,NA,Y,NA,A,01,0,0,1,0,0,0,0,0,0,-,-,NA,NA,LOS ANGELES,LOS ANGELES,-118.44898408,34.20118741
6974444,2015,2015-07-08,1942,2015-06-02,1715,41793,0378,2,5,7,1942,0,0,0,C,0,3A73,HOOVER,MARTIN LUTHER KING BL,5,S,N,A,-,N,NA,NA,NA,NA,NA,NA,NA,NA,NA,NA,3,0,1,2,A,-,05,21650,1,N,H,G,A,A,H,-,A,A,0,NA,Y,NA,NA,Y,NA,L,04,0,1,0,0,0,0,1,0,0,-,-,NA,NA,LOS ANGELES,LOS ANGELES,-118.28724945,34.01106629
6974448,2015,2015-07-08,1942,2015-06-03,1745,41166,0343,3,5,7,1942,0,0,0,C,0,NA,RODEO RD,REDONDO BL,54,W,N,A,-,N,NA,NA,NA,NA,NA,NA,NA,NA,NA,N,4,0,5,3,A,-,03,22350,NA,N,C,C,A,A,H,-,A,D,0,NA,NA,NA,NA,Y,NA,A,01,0,0,5,0,0,0,0,0,0,-,-,NA,NA,LOS ANGELES,LOS ANGELES,-118.35945787,34.02152
6974449,2015,2015-07-08,1942,2015-06-08,1020,40024,2036,1,5,7,1942,0,0,0,NA,0,14TL47,WILSHIRE BL,CATALINA ST,0,NA,Y,A,-,N,NA,NA,NA,NA,NA,NA,NA,NA,NA,Y,4,0,1,2,A,-,12,21453,A,N,D,C,A,A,H,-,A,A,0,NA,NA,NA,NA,Y,NA,A,01,0,0,1,0,0,0,0,0,0,-,-,NA,NA,LOS ANGELES,LOS ANGELES,-118.29540012,34.06176008
6974450,2015,2015-07-07,1942,2015-06-18,2010,40639,0923,4,5,7,1942,0,0,0,I,0,17T17,VICTORY BL,COLUMBUS AV,125,W,N,A,-,N,NA,NA,NA,NA,NA,NA,NA,NA,NA,Y,4,0,2,2,A,-,03,22350,NA,N,C,C,A,A,H,-,B,D,0,NA,NA,NA,NA,Y,NA,A,07,0,0,2,0,0,0,0,0,0,-,-,NA,NA,LOS ANGELES,LOS ANGELES,-118.46442252,34.18665402
6974452,2015,2015-07-08,1942,2015-06-07,0745,40700,0357,7,5,7,1942,0,0,0,C,0,3TL5,37TH PL,NORMANDIE AV,20,E,N,B,-,N,NA,NA,NA,NA,NA,NA,NA,NA,NA,Y,3,0,1,1,A,-,03,22350,NA,N,E,I,A,A,H,-,A,A,0,NA,NA,NA,NA,Y,NA,A,01,0,1,0,0,0,0,0,0,0,-,-,NA,NA,LOS ANGELES,LOS ANGELES,-118.30011413,34.01998973
6974453,2015,2015-07-08,1942,2015-06-05,2040,37575,2044,5,5,7,1942,0,0,0,NA,0,14T47,8TH ST,IROLO ST,0,NA,Y,A,-,N,NA,NA,NA,NA,NA,NA,NA,NA,NA,N,4,0,1,2,A,-,10,21950,A,F,G,B,B,A,H,-,C,A,0,Y,NA,NA,NA,Y,NA,-,99,0,0,1,0,1,0,0,0,0,-,-,NA,NA,LOS ANGELES,LOS ANGELES,-118.30090006,34.05773001
6974454,2015,2015-07-07,1942,2015-06-17,0120,36760,1581,3,5,7,1942,0,0,0,O,0,15A85,MOORPARK ST,WILKINSON AV,60,E,N,A,-,N,NA,NA,NA,NA,NA,NA,NA,NA,NA,Y,3,0,1,3,A,-,01,23152,A,N,C,E,A,A,H,-,C,D,0,NA,NA,NA,NA,Y,Y,A,07,0,1,0,0,0,0,0,0,0,-,-,NA,NA,LOS ANGELES,LOS ANGELES,-118.40399205,34.15037