CASE_ID,ACCIDENT_YEAR,PROC_DATE,JURIS,COLLISION_DATE,COLLISION_TIME,OFFICER_ID,REPORTING_DISTRICT,DAY_OF_WEEK,CHP_SHIFT,POPULATION,CNTY_CITY_LOC,SPECIAL_COND,BEAT_TYPE,CHP_BEAT_TYPE,CITY_DIVISION_LAPD,CHP_BEAT_CLASS,BEAT_NUMBER,PRIMARY_RD,SECONDARY_RD,DISTANCE,DIRECTION,INTERSECTION,WEATHER_1,WEATHER_2,STATE_HWY_IND,CALTRANS_COUNTY,CALTRANS_DISTRICT,STATE_ROUTE,ROUTE_SUFFIX,POSTMILE_PREFIX,POSTMILE,LOCATION_TYPE,RAMP_INTERSECTION,SIDE_OF_HWY,TOW_AWAY,COLLISION_SEVERITY,NUMBER_KILLED,NUMBER_INJURED,PARTY_COUNT,PRIMARY_COLL_FACTOR,PCF_CODE_OF_VIOL,PCF_VIOL_CATEGORY,PCF_VIOLATION,PCF_VIOL_SUBSECTION,HIT_AND_RUN,TYPE_OF_COLLISION,MVIW,PED_ACTION,ROAD_SURFACE,ROAD_COND_1,ROAD_COND_2,LIGHTING,CONTROL_DEVICE,CHP_ROAD_TYPE,PEDESTRIAN_ACCIDENT,BICYCLE_ACCIDENT,MOTORCYCLE_ACCIDENT,TRUCK_ACCIDENT,NOT_PRIVATE_PROPERTY,ALCOHOL_INVOLVED,STWD_VEHTYPE_AT_FAULT,CHP_VEHTYPE_AT_FAULT,COUNT_SEVERE_INJ,COUNT_VISIBLE_INJ,COUNT_COMPLAINT_PAIN,COUNT_PED_KILLED,COUNT_PED_INJURED,COUNT_BICYCLIST_KILLED,COUNT_BICYCLIST_INJURED,COUNT_MC_KILLED,COUNT_MC_INJURED,PRIMARY_RAMP,SECONDARY_RAMP,LATITUDE,LONGITUDE,COUNTY,CITY,POINT_X,POINT_Y
6980502,2015,2015-07-16,1942,2015-06-24,1530,40697,1243,3,5,7,1942,0,0,0,L,0,12T73,HAAS AV,62ND ST,0,NA,Y,A,-,N,NA,NA,NA,NA,NA,NA,NA,NA,NA,Y,4,0,1,2,A,-,09,21802,A,N,D,C,A,A,H,-,A,A,0,NA,NA,NA,NA,Y,NA,A,01,0,0,1,0,0,0,0,0,0,-,-,NA,NA,LOS ANGELES,LOS ANGELES,-118.31680013,33.98335004
6980510,2015,2015-07-21,1942,2015-06-28,2230,40740,1256,7,5,7,1942,0,0,0,L,0,12A51,VERMONT AV,74TH ST,175,S,N,A,-,N,NA,NA,NA,NA,NA,NA,NA,NA,NA,N,2,0,1,2,A,-,05,21650,1,N,H,G,A,A,H,-,C,D,0,NA,Y,NA,NA,Y,NA,L,04,1,0,0,0,0,0,1,0,0,-,-,NA,NA,LOS ANGELES,LOS ANGELES,-118.291576,33.972202
6980512,2015,2015-07-11,1973,2015-05-26,1705,638,NA,2,5,1,1973,0,0,0,NA,0,NA,SANTA FE AV,VERNON AV,100,N,N,A,-,N,NA,NA,NA,NA,NA,NA,NA,NA,NA,N,4,0,1,2,A,-,03,22350,A,N,C,C,A,A,H,-,A,A,0,NA,NA,NA,NA,Y,NA,D,22,0,0,1,0,0,0,0,0,0,-,-,NA,NA,LOS ANGELES,VERNON,-118.23025609,34.00549419
6980515,2015,2016-11-09,9430,2015-06-30,1025,13402,NA,2,1,9,1900,0,1,1,NA,2,051,RT 5,FRAZIER MOUNTAIN PARK RD,285,S,N,A,-,Y,LA,7,5,-,R,88.5,H,-,S,Y,2,0,1,1,A,-,08,22107,NA,N,E,I,A,A,H,-,A,D,1,NA,NA,NA,Y,Y,NA,G,25,1,0,0,0,0,0,0,0,0,-,-,34.81699,-118.8834,LOS ANGELES,UNINCORPORATED,-118.88305095,34.81668571
6980518,2015,2015-07-16,1941,2015-06-23,1808,10687,NA,2,5,7,1941,0,0,0,NA,0,NA,ALAMITOS AV,5TH ST,90,N,N,A,-,N,NA,NA,NA,NA,NA,NA,NA,NA,NA,N,4,0,2,3,A,-,03,22350,NA,N,C,C,A,A,H,-,A,D,0,NA,NA,NA,NA,Y,NA,A,NA,0,0,2,0,0,0,0,0,0,-,-,NA,NA,LOS ANGELES,LONG BEACH,-118.18084338,33.77320837
6980519,2015,2016-11-09,9430,2015-06-30,1350,13402,NA,2,1,9,1900,0,1,1,NA,2,051,RT 5,GORMAN SCHOOL RD,0,S,N,A,-,Y,LA,7,5,-,R,85.75,H,-,S,Y,4,0,1,2,A,-,08,22107,NA,N,E,I,A,A,H,-,A,D,1,NA,NA,NA,Y,Y,NA,A,01,0,0,1,0,0,0,0,0,0,-,-,34.79495,-118.85259,LOS ANGELES,UNINCORPORATED,-118.85144357,34.79485176
6980530,2015,2015-07-14,1941,2015-06-23,1251,5737,NA,2,5,7,1941,0,0,0,NA,0,NA,OCEAN,PINE,0,NA,Y,A,-,N,NA,NA,NA,NA,NA,NA,NA,NA,NA,N,4,0,1,2,A,-,06,21750,NA,N,C,C,A,A,H,-,A,D,0,NA,NA,NA,NA,Y,NA,I,NA,0,0,1,0,0,0,0,0,0,-,-,NA,NA,LOS ANGELES,LONG BEACH,-118.19240013,33.76710006
6980532,2015,2015-07-16,9535,2015-05-31,0344,18188,NA,7,3,9,1900,0,2,4,NA,2,025,ATLANTIC BL,LOUIS PL,60,S,N,A,-,N,NA,NA,NA,NA,NA,NA,NA,NA,NA,Y,3,0,1,2,A,-,01,23152,A,N,C,E,A,A,H,-,C,D,0,NA,NA,NA,NA,Y,Y,A,01,0,1,0,0,0,0,0,0,0,-,-,34.01928,-118.15777,LOS ANGELES,UNINCORPORATED,-118.15767976,34.01915077
6980543,2015,2015-07-16,1973,2015-06-16,0700,638,1973,2,5,1,1973,0,0,0,NA,0,002,SOTO ST,26TH ST,427,S,N,A,-,N,NA,NA,NA,NA,NA,NA,NA,NA,NA,Y,3,0,1,2,A,-,09,21801,A,N,D,C,A,A,H,-,A,D,0,NA,NA,NA,NA,Y,NA,D,22,0,1,0,0,0,0,0,0,0,-,-,NA,NA,LOS ANGELES,VERNON,-118.21986092,34.01323973
6980549,2015,2015-07-18,1942,2015-06-23,1840,34959,0777,2,5,7,1942,0,0,0,G,0,20T59,VENICE BL,LA FAYETTE RD,20,E,N,A,-,N,NA,NA,NA,NA,NA,NA,NA,NA,NA,N,4,0,1,2,A,-,03,22350,NA,F,C,C,A,A,H,-,A,D,0,NA,NA,NA,NA,Y,NA,-,99,0,0,1,0,0,0,0,0,0,-,-,NA,NA,LOS ANGELES,LOS ANGELES,-118.33370873,34.0463898
6980561,2015,2016-12-22,9535,2015-05-28,0435,20416,NA,4,3,6,1922,0,1,1,NA,2,401,RT 10 W/B,RT 605,400,W,N,A,-,Y,LA,7,10,-,-,30.95,H,-,W,Y,3,0,1,3,A,-,03,22350,NA,N,C,C,A,A,H,-,D,D,1,NA,NA,NA,Y,Y,NA,A,01,0,1,0,0,0,0,0,0,0,-,-,34.06472,-118.00343,LOS ANGELES,EL MONTE,-118.00357931,34.06472522
6980562,2015,2017-06-15,9535,2015-01-24,0435,20833,NA,6,3,9,1900,0,1,3,NA,2,600,RT 60,INDIANA ST,481,E,N,A,-,Y,LA,7,60,-,R,2.03,H,-,E,Y,2,0,1,3,A,-,01,23152,F,F,B,C,A,A,H,-,C,D,1,NA,NA,NA,Y,Y,Y,A,01,1,0,0,0,0,0,0,0,0,-,-,34.03162,-118.19001,LOS ANGELES,UNINCORPORATED,-118.19075895,34.03150753
6980567,2015,2017-01-03,9535,2015-05-30,2312,19125,NA,6,3,5,1947,0,1,3,NA,2,620,RT 60 E/B,SAN GABRIEL BL,1300,W,N,A,-,Y,LA,7,60,-,R,8.3,H,-,E,Y,3,0,3,2,A,-,07,21658,A,N,B,C,A,A,H,-,E,D,1,NA,NA,NA,Y,Y,NA,-,-,0,1,2,0,0,0,0,0,0,-,-,34.03841,-118.08308,LOS ANGELES,MONTEBELLO,-118.08412015,34.0381367
6980568,2015,2017-01-04,9535,2015-06-15,1502,20033,NA,1,2,4,1907,0,1,1,NA,2,073,RT 710,GAGE AV,175,S,N,A,-,Y,LA,7,710,-,-,20.23,H,-,S,Y,4,0,1,2,A,-,03,22350,NA,N,C,C,A,A,H,-,A,D,1,NA,NA,NA,NA,Y,NA,A,01,0,0,1,0,0,0,0,0,0,-,-,33.97496,-118.16791,LOS ANGELES,BELL,-118.16773824,33.97538059
6980571,2015,2017-01-05,9535,2015-05-06,0448,17781,NA,3,3,3,1914,0,1,1,NA,2,501,RT 5 S/B,WASHINGTON BL,1584,N,N,A,-,Y,LA,7,5,-,-,11.89,H,-,S,Y,3,0,1,2,A,-,01,23152,A,N,C,C,A,A,H,-,C,D,1,NA,NA,NA,Y,Y,Y,A,01,0,1,0,0,0,0,0,0,0,-,-,33.5958,-118.0854,LOS ANGELES,COMMERCE,-118.14814259,33.99930777
6980573,2015,2017-01-04,9535,2015-06-16,1140,17598,NA,2,1,5,1969,0,1,1,NA,2,074,RT 710,IMPERIAL HWY,250,N,N,A,-,Y,LA,7,710,-,-,17.03,H,-,N,Y,3,0,1,2,A,-,07,21658,A,M,B,C,A,A,H,-,A,D,1,NA,NA,NA,Y,Y,NA,A,01,0,1,0,0,0,0,0,0,0,-,-,34.04619,-118.1724,LOS ANGELES,SOUTH GATE,-118.17855557,33.93148531
6980577,2015,2017-01-04,9535,2015-06-25,0839,15636,NA,4,1,5,1915,0,1,1,NA,2,074,RT 710,ATLANTIC AV,300,N,N,A,-,Y,LA,7,710,-,-,13.7,H,-,N,N,4,0,1,2,A,-,07,21658,A,N,B,C,A,A,H,-,A,D,1,NA,NA,NA,Y,Y,NA,G,25,0,0,1,0,0,0,0,0,0,-,-,33.88565,-118.19006,LOS ANGELES,COMPTON,-118.19012926,33.88572284
6980578,2015,2016-12-22,9535,2015-06-20,0735,17148,NA,6,1,6,1922,0,1,1,NA,2,401,RT 10,SANTA ANITA AV,150,W,N,A,-,Y,LA,7,10,-,S,28.58,H,-,W,Y,3,0,1,2,A,-,03,22350,NA,N,C,C,A,A,D,-,A,D,0,NA,NA,Y,NA,Y,NA,C,02,0,1,0,0,0,0,0,0,1,-,-,34.06821,-118.02865,LOS ANGELES,EL MONTE,-117.74699139,34.07612206
6980581,2015,2016-11-03,9535,2015-06-14,1055,17802,NA,7,1,3,1914,0,1,1,NA,2,071,RT 710,WASHINGTON BL,460,N,N,A,-,Y,LA,7,710,-,-,22.583,R,3,S,Y,4,0,1,1,C,-,18,NA,NA,N,E,I,A,A,H,-,A,D,1,NA,NA,NA,NA,Y,NA,-,-,0,0,1,0,0,0,0,0,0,-,-,34.00619,-118.17286,LOS ANGELES,COMMERCE,-118.17266142,34.0063648
6980589,2015,2016-12-08,9535,2015-06-24,1335,20818,NA,3,1,9,1900,0,1,1,NA,2,651,RT 605,VALLEY BL,600,S,N,A,-,Y,LA,7,605,-,R,19.28,H,-,S,N,4,0,1,2,A,-,04,21703,NA,N,C,C,A,A,H,-,A,D,1,NA,NA,NA,NA,Y,NA,A,01,0,0,1,0,0,0,0,0,0,-,-,34.04604,-118.00881,LOS ANGELES,UNINCORPORATED,-118.00535017,34.05261065
6980596,2015,2016-12-08,9535,2015-06-23,0735,13259,NA,2,1,5,1906,0,1,1,NA,2,651,RT 605,WALNUT CREEK BR,21,S,N,A,-,Y,LA,7,605,-,R,19.82,H,-,S,N,4,0,1,2,A,-,04,21703,NA,N,C,C,A,A,H,-,A,A,1,NA,NA,NA,NA,Y,NA,D,22,0,0,1,0,0,0,0,0,0,-,-,34.05986,-118.00164,LOS ANGELES,BALDWIN PARK,-118.00154312,34.05982838
6980602,2015,2016-12-22,9535,2015-05-29,0605,16276,NA,5,1,6,1922,0,1,1,NA,2,400,RT 10 E/B,VALLEY BL,1584,E,N,B,-,Y,LA,7,10,-,-,29.87,H,-,E,N,4,0,1,2,A,-,07,21658,A,N,B,C,A,A,H,-,A,D,6,NA,NA,NA,Y,Y,NA,-,-,0,0,1,0,0,0,0,0,0,-,-,34.06787,-118.02913,LOS ANGELES,EL MONTE,-118.02180032,34.06770874
6980605,2015,2017-01-05,9535,2015-05-29,0345,20825,NA,5,3,3,1914,0,1,1,NA,2,500,RT 5,RT 710,546,S,N,A,-,Y,LA,7,5,-,-,13.65,H,-,N,Y,4,0,1,1,A,-,08,22107,NA,N,E,I,A,A,H,-,C,D,1,NA,NA,NA,NA,Y,NA,D,22,0,0,1,0,0,0,0,0,0,-,-,34.01549,-118.17103,LOS ANGELES,COMMERCE,-118.17082236,34.01542456
6980617,2015,2015-07-22,9535,2015-04-20,2115,20855,NA,1,2,9,1900,0,2,4,NA,2,022,OLYMPIC BL,ARIZONA AV,0,NA,Y,A,-,N,NA,NA,NA,NA,NA,NA,NA,NA,NA,N,2,0,1,2,A,-,09,21804,A,F,H,G,A,A,H,-,C,A,0,NA,Y,NA,NA,Y,Y,L,04,1,0,0,0,0,0,1,0,0,-,-,34.01837,-118.16833,LOS ANGELES,UNINCORPORATED,-118.16832013,34.01836004
6980622,2015,2017-01-03,9535,2015-05-28,1100,12952,NA,4,1,5,1959,0,1,3,NA,2,621,RT 60 W/B POMOMA FWY,SAN GABRIEL BL,255,W,N,A,-,Y,LA,7,60,-,R,8.5,H,-,W,Y,4,0,2,2,A,-,07,21658,A,N,B,C,A,A,H,-,A,D,1,NA,NA,NA,Y,Y,NA,G,25,0,0,2,0,0,0,0,0,0,-,-,34.03922,-118.08172,LOS ANGELES,ROSEMEAD,-118.08154413,34.03924419
6980629,2015,2016-12-22,9535,2015-04-27,1130,20816,NA,1,1,6,1922,0,1,1,NA,2,401,RT 10,SANTA ANITA AV,200,W,N,A,-,Y,LA,7,10,-,-,28.63,H,-,W,Y,4,0,1,4,A,-,08,22107,NA,N,B,C,A,A,H,-,A,D,0,NA,NA,NA,NA,Y,NA,A,01,0,0,1,0,0,0,0,0,0,-,-,34.07203,-118.05084,LOS ANGELES,EL MONTE,-118.0430722,34.06899959
6980631,2015,2016-12-22,9535,2015-06-26,0810,13259,NA,5,1,6,1922,0,1,1,NA,2,400,RT 10,DURFEE AV,48,E,N,A,-,Y,LA,7,10,-,-,30.54,H,-,E,N,4,0,1,2,A,-,07,21658,A,N,B,C,A,A,H,-,A,D,1,NA,NA,NA,NA,Y,NA,D,22,0,0,1,0,0,0,0,0,0,-,-,34.06384,-118.00719,LOS ANGELES,EL MONTE,-118.01082706,34.06427659
6980637,2015,2015-07-22,9535,2015-04-25,0510,20820,NA,6,3,9,1900,0,3,5,NA,2,001,HAMMEL ST,MARIANNA AV,50,W,N,A,-,N,NA,NA,NA,NA,NA,NA,NA,NA,NA,Y,2,0,1,5,A,-,03,22350,NA,N,D,E,A,A,H,-,C,D,0,NA,NA,NA,NA,Y,NA,A,01,1,0,0,0,0,0,0,0,0,-,-,34.04242,-118.17624,LOS ANGELES,UNINCORPORATED,-118.1759547,34.04239925
6980647,2015,2016-11-03,9535,2015-05-25,2130,20813,NA,1,2,5,1915,0,1,1,NA,2,074,RT 710,ALONDRA BL,100,S,N,A,-,Y,LA,7,710,-,-,13.811,R,1,N,N,4,0,1,2,A,-,01,23152,A,N,C,C,A,A,H,-,C,A,1,NA,NA,NA,NA,Y,Y,D,22,0,0,1,0,0,0,0,0,0,-,-,33.88795,-118.18641,LOS ANGELES,COMPTON,-118.1894542,33.88719267
6980649,2015,2017-01-04,9535,2015-06-16,1450,20033,NA,2,2,5,1969,0,1,1,NA,2,075,RT 710,FIRESTONE BL,1400,S,N,A,-,Y,LA,7,710,-,-,18.17,H,-,S,N,4,0,1,3,A,-,03,22350,NA,N,C,C,A,A,H,-,A,D,1,NA,NA,NA,NA,Y,NA,D,22,0,0,1,0,0,0,0,0,0,-,-,33.94489,-118.17103,LOS ANGELES,SOUTH GATE,-118.17072682,33.94583618
6980652,2015,2016-06-02,9535,2015-06-05,1700,20855,NA,5,2,9,1900,0,3,5,NA,2,002,UNION PACIFIC AV,EASTMAN AV,0,NA,Y,A,-,N,NA,NA,NA,NA,NA,NA,NA,NA,NA,Y,4,0,2,2,A,-,09,21802,A,N,D,C,A,A,H,-,A,A,0,NA,NA,NA,NA,Y,NA,D,22,0,0,2,0,0,0,0,0,0,-,-,34.01657,-118.18618,LOS ANGELES,UNINCORPORATED,-118.18621003,34.01656009
6980654,2015,2017-01-03,9535,2015-06-01,1530,20818,NA,1,2,5,1959,0,1,3,NA,2,620,RT 60,SAN GABRIEL BL,500,W,N,A,-,Y,LA,7,60,-,R,8.46,H,-,E,Y,4,0,1,3,A,-,03,22350,NA,N,C,C,A,A,H,-,A,D,1,NA,NA,NA,NA,Y,NA,D,22,0,0,1,0,0,0,0,0,0,-,-,34.03881,-118.08201,LOS ANGELES,ROSEMEAD,-118.0820663,34.03884385
6980656,2015,2015-07-15,9535,2015-06-03,1405,20862,NA,3,2,9,1900,0,2,4,NA,2,024,WHITTIER BL,BELDEN AV,25,W,N,A,-,N,NA,NA,NA,NA,NA,NA,NA,NA,NA,N,4,0,1,3,A,-,03,22350,NA,N,C,C,A,A,H,-,A,A,0,NA,NA,NA,NA,Y,NA,D,22,0,0,1,0,0,0,0,0,0,-,-,34.01932,-118.15251,LOS ANGELES,UNINCORPORATED,-118.15250984,34.01939671
6980657,2015,2016-11-05,9535,2015-06-18,1640,20943,NA,4,2,3,1914,0,1,1,NA,2,501,RT 5,RT 710,300,W,N,A,-,Y,LA,7,5,-,-,13.894,R,1,S,Y,4,0,1,2,A,-,04,21703,NA,N,C,C,A,A,H,-,A,D,1,NA,NA,NA,NA,Y,NA,A,01,0,0,1,0,0,0,0,0,0,-,-,34.01637,-118.17423,LOS ANGELES,COMMERCE,-118.17468495,34.01685815
6980658,2015,2017-01-11,9535,2015-06-02,1540,20943,NA,2,2,5,1943,0,1,1,NA,2,105,RT 105,RT 710,46,W,N,A,-,Y,LA,7,105,-,R,13.47,H,-,W,Y,3,0,1,1,A,-,08,22107,NA,N,E,I,A,A,H,-,A,D,7,NA,NA,NA,NA,Y,NA,D,22,0,1,0,0,0,0,0,0,0,-,-,33.91294,-118.17991,LOS ANGELES,LYNWOOD,-118.17966953,33.91293169
6980668,2015,2017-01-03,9535,2015-05-08,0215,020790,NA,5,3,5,1947,0,1,3,NA,2,620,RT  60 E/B,MARKLAND DR,400,E,N,C,-,Y,LA,7,60,-,R,6.41,H,-,E,Y,3,0,4,4,A,-,01,23152,A,N,C,C,E,B,H,-,C,D,1,Y,NA,NA,Y,Y,Y,A,01,0,2,2,0,1,0,0,0,0,-,-,34.03322,-118.11609,LOS ANGELES,MONTEBELLO,-118.11632576,34.03318384
6980674,2015,2015-07-17,9535,2015-05-23,0315,20833,NA,6,3,9,1900,0,2,4,NA,2,025,ATLANTIC BL,POMONA BL,12,S,N,A,-,N,NA,NA,NA,NA,NA,NA,NA,NA,NA,Y,3,0,1,2,A,-,01,23152,A,N,E,I,A,A,H,-,C,A,0,NA,NA,NA,Y,Y,Y,A,07,0,1,0,0,0,0,0,0,0,-,-,34.03208,-118.15352,LOS ANGELES,UNINCORPORATED,-118.15277476,34.03334435
6980679,2015,2016-12-12,9535,2015-06-08,1820,20943,NA,1,2,9,1900,0,1,3,NA,2,600,RT 60,MEDNICK AV,40,W,N,A,-,Y,LA,7,60,-,R,3.73,H,-,E,Y,4,0,1,2,A,-,04,21703,NA,N,C,C,A,A,H,-,A,D,1,NA,NA,NA,NA,Y,NA,A,01,0,0,1,0,0,0,0,0,0,-,-,34.03658,-118.16158,LOS ANGELES,UNINCORPORATED,-118.16209493,34.03641892
6980682,2015,2015-07-16,9535,2015-05-02,2330,20769,NA,6,3,9,1900,0,2,4,NA,2,024,WHITTIER BL,INDIANA ST,120,E,N,A,-,N,NA,NA,NA,NA,NA,NA,NA,NA,NA,Y,4,0,1,4,A,-,03,22350,NA,N,B,E,E,A,H,-,C,D,0,Y,NA,NA,NA,Y,NA,A,01,0,0,1,0,1,0,0,0,0,-,-,34.02389,-118.19169,LOS ANGELES,UNINCORPORATED,-118.1922985,34.02396959
6980685,2015,2016-12-22,9535,2015-06-11,0850,16276,NA,4,1,6,1922,0,1,1,NA,2,401,RT 10,PECK RD,995,W,N,B,-,Y,LA,7,10,-,-,29.24,H,-,W,Y,4,0,2,3,A,-,03,22350,NA,N,C,C,A,A,H,-,A,D,6,NA,NA,NA,Y,Y,NA,G,25,0,0,2,0,0,0,0,0,0,-,-,34.0681,-118.03241,LOS ANGELES,EL MONTE,-118.03253068,34.06804099
6980686,2015,2015-07-16,9535,2015-05-25,1625,21000,NA,1,2,9,1900,0,3,5,NA,2,002,FETTERLY AV,WHITTIER BL,330,S,N,A,-,N,NA,NA,NA,NA,NA,NA,NA,NA,NA,N,3,0,1,2,A,-,09,21804,A,N,H,G,A,A,H,-,A,D,0,NA,Y,NA,NA,Y,NA,L,04,0,1,0,0,0,0,1,0,0,-,-,34.02121,-118.16481,LOS ANGELES,UNINCORPORATED,-118.16482744,34.02107083
6980688,2015,2015-07-16,1942,2015-06-26,1810,37865,643,5,5,7,1942,0,0,0,NA,0,6A48,HOLLYWOOD BL,CAMINO PALMERO,0,NA,Y,A,-,N,NA,NA,NA,NA,NA,NA,NA,NA,NA,Y,4,0,2,2,A,-,08,22107,NA,N,B,C,A,A,H,-,A,D,0,NA,NA,NA,NA,Y,NA,A,07,0,0,2,0,0,0,0,0,0,-,-,NA,NA,LOS ANGELES,LOS ANGELES,-118.35000002,34.10162006
6980694,2015,2015-07-21,9535,2015-06-07,1520,20864,NA,7,2,9,1900,0,3,5,NA,2,002,HARDING AV,6TH ST,100,S,N,A,-,N,NA,NA,NA,NA,NA,NA,NA,NA,NA,N,4,0,1,2,A,-,09,21804,A,N,D,C,A,A,H,-,A,D,0,NA,NA,NA,NA,Y,NA,A,07,0,0,1,0,0,0,0,0,0,-,-,34.02122,-118.13969,LOS ANGELES,UNINCORPORATED,-118.13988081,34.021224170000004
6980697,2015,2016-12-22,9535,2015-06-05,1550,20857,NA,5,2,5,1959,0,1,1,NA,2,400,RT 10,RT 164,100,W,N,A,-,Y,LA,7,10,-,-,26.82,H,-,E,Y,4,0,1,4,A,-,04,21703,NA,N,C,C,A,A,H,-,A,D,0,NA,NA,NA,NA,Y,NA,A,01,0,0,1,0,0,0,0,0,0,-,-,34.0717,-118.05481,LOS ANGELES,ROSEMEAD,-118.07366796,34.07205802
6980709,2015,2016-12-12,9535,2015-06-08,2310,20825,NA,1,3,9,1900,0,1,3,NA,2,620,RT 60,RT 164,50,W,N,A,-,Y,LA,7,60,-,-,9.5,H,-,E,Y,4,0,1,2,A,-,03,22350,NA,N,D,C,A,A,H,-,C,D,1,NA,NA,NA,NA,Y,NA,A,01,0,0,1,0,0,0,0,0,0,-,-,34.04121,-118.06485,LOS ANGELES,UNINCORPORATED,-118.06444346,34.0411848
6980710,2015,2016-06-03,9535,2015-05-17,1735,20852,NA,7,2,9,1900,0,2,4,NA,2,018,3RD ST,MCDONNELL AV,0,NA,Y,A,-,N,NA,NA,NA,NA,NA,NA,NA,NA,NA,N,4,0,12,2,B,-,22,NA,NA,N,H,F,A,A,H,-,A,A,0,NA,NA,NA,NA,Y,NA,M,95,0,0,12,0,0,0,0,0,0,-,-,34.03335,-118.16694,LOS ANGELES,UNINCORPORATED,-118.16699012,34.03341004
6980721,2015,2017-01-05,9530,2015-05-31,1535,17860,NA,7,2,4,1939,0,1,1,NA,2,400,RT 405,REDONDO BEACH BL,500,N,N,A,-,Y,LA,7,405,-,-,17.01,H,-,N,Y,4,0,2,3,A,-,03,22350,NA,N,C,C,A,A,H,-,A,D,1,NA,NA,NA,NA,Y,NA,A,01,0,0,2,0,0,0,0,0,0,-,-,33.87981,-118.34695,LOS ANGELES,LAWNDALE,-118.34593973,33.87829054
6980722,2015,2016-11-05,9535,2015-05-24,1815,20851,NA,7,2,5,1901,0,1,1,NA,2,421,100TH AV,FREMONT AV,500,E,N,A,-,Y,LA,7,10,-,-,22.48,H,-,W,N,3,0,2,2,A,-,07,21658,A,N,B,C,A,A,H,-,A,D,1,NA,NA,Y,NA,Y,NA,C,02,0,2,0,0,0,0,0,0,2,-,-,34.0718,-118.14403,LOS ANGELES,ALHAMBRA,-118.14861639,34.06995602
6980723,2015,2015-07-11,9535,2015-05-12,2100,19550,NA,2,2,9,1900,0,3,5,NA,2,001,EAGLE ST,LA VERNE AV,0,NA,Y,A,-,N,NA,NA,NA,NA,NA,NA,NA,NA,NA,N,4,0,1,2,A,-,12,22450,A,N,D,G,A,A,H,-,C,A,0,NA,Y,NA,NA,Y,NA,L,04,0,0,1,0,0,0,1,0,0,-,-,34.02818,-118.16011,LOS ANGELES,UNINCORPORATED,-118.16016004,34.02819008
6980725,2015,2016-11-03,9530,2015-05-27,1740,20608,NA,3,2,7,1941,0,1,1,NA,2,072,RT 710,WILLOW ST,20,S,N,A,-,Y,LA,7,710,-,-,7.719,R,1,N,N,4,0,1,2,A,-,03,22350,NA,M,C,C,A,A,H,-,A,D,1,NA,NA,NA,NA,Y,NA,A,01,0,0,1,0,0,0,0,0,0,TO,-,33.80422,-118.92067,LOS ANGELES,LONG BEACH,-118.20712904,33.80197005
6980726,2015,2016-11-05,9535,2015-05-22,1705,19056,NA,5,2,4,1962,0,1,1,NA,2,401,RT 10,DEL MAR AV,50,W,N,A,-,Y,LA,7,10,-,-,25.32,H,-,W,N,4,0,1,2,A,-,03,22350,NA,N,C,C,A,A,H,-,A,D,0,NA,NA,NA,NA,Y,NA,A,01,0,0,1,0,0,0,0,0,0,-,-,34.07231,-118.10034,LOS ANGELES,SAN GABRIEL,-118.09982231,34.07213795
6980727,2015,2015-07-11,9535,2015-05-10,1310,20816,NA,7,1,9,1900,0,3,5,NA,2,002,EAGLE ST,OAKFORD DR,0,NA,Y,A,-,N,NA,NA,NA,NA,NA,NA,NA,NA,NA,Y,4,0,1,2,A,-,09,21802,A,N,D,C,A,A,H,-,A,A,0,NA,NA,NA,NA,Y,NA,A,01,0,0,1,0,0,0,0,0,0,-,-,34.02651,-118.15222,LOS ANGELES,UNINCORPORATED,-118.15226013,34.02651011
6980729,2015,2016-11-03,9530,2015-05-30,2205,20776,NA,6,3,7,1942,0,1,1,NA,2,110,RT 110,168TH ST,300,S,N,A,-,Y,LA,7,110,-,-,10.26,H,-,S,Y,4,0,2,2,A,-,01,23152,A,N,B,C,A,A,H,-,C,D,1,NA,NA,NA,NA,Y,Y,A,01,0,0,2,0,0,0,0,0,0,-,-,33.52334,-118.17725,LOS ANGELES,LOS ANGELES,-118.28513897,33.87843406
6980730,2015,2017-01-05,9535,2015-05-09,0350,20943,NA,6,3,3,1914,0,1,1,NA,2,500,RT 5,GARFIELD AV,2000,S,N,B,-,Y,LA,7,5,-,-,10.5,H,-,N,Y,3,0,2,1,A,-,01,23152,A,N,E,I,A,A,H,-,C,D,1,NA,NA,NA,NA,Y,Y,A,01,0,2,0,0,0,0,0,0,0,-,-,33.98347,-118.13223,LOS ANGELES,COMMERCE,-118.13262211,33.98374017