CASE_ID,ACCIDENT_YEAR,PROC_DATE,JURIS,COLLISION_DATE,COLLISION_TIME,OFFICER_ID,REPORTING_DISTRICT,DAY_OF_WEEK,CHP_SHIFT,POPULATION,CNTY_CITY_LOC,SPECIAL_COND,BEAT_TYPE,CHP_BEAT_TYPE,CITY_DIVISION_LAPD,CHP_BEAT_CLASS,BEAT_NUMBER,PRIMARY_RD,SECONDARY_RD,DISTANCE,DIRECTION,INTERSECTION,WEATHER_1,WEATHER_2,STATE_HWY_IND,CALTRANS_COUNTY,CALTRANS_DISTRICT,STATE_ROUTE,ROUTE_SUFFIX,POSTMILE_PREFIX,POSTMILE,LOCATION_TYPE,RAMP_INTERSECTION,SIDE_OF_HWY,TOW_AWAY,COLLISION_SEVERITY,NUMBER_KILLED,NUMBER_INJURED,PARTY_COUNT,PRIMARY_COLL_FACTOR,PCF_CODE_OF_VIOL,PCF_VIOL_CATEGORY,PCF_VIOLATION,PCF_VIOL_SUBSECTION,HIT_AND_RUN,TYPE_OF_COLLISION,MVIW,PED_ACTION,ROAD_SURFACE,ROAD_COND_1,ROAD_COND_2,LIGHTING,CONTROL_DEVICE,CHP_ROAD_TYPE,PEDESTRIAN_ACCIDENT,BICYCLE_ACCIDENT,MOTORCYCLE_ACCIDENT,TRUCK_ACCIDENT,NOT_PRIVATE_PROPERTY,ALCOHOL_INVOLVED,STWD_VEHTYPE_AT_FAULT,CHP_VEHTYPE_AT_FAULT,COUNT_SEVERE_INJ,COUNT_VISIBLE_INJ,COUNT_COMPLAINT_PAIN,COUNT_PED_KILLED,COUNT_PED_INJURED,COUNT_BICYCLIST_KILLED,COUNT_BICYCLIST_INJURED,COUNT_MC_KILLED,COUNT_MC_INJURED,PRIMARY_RAMP,SECONDARY_RAMP,LATITUDE,LONGITUDE,COUNTY,CITY,POINT_X,POINT_Y
6985383,2015,2015-07-25,9530,2015-06-26,1440,20675,NA,5,2,9,1900,0,3,5,NA,2,001,COMPTON AV,FLORENCE AV,70,N,N,A,-,N,NA,NA,NA,NA,NA,NA,NA,NA,NA,N,4,0,1,2,A,-,09,21804,A,N,D,C,A,A,H,-,A,D,0,NA,NA,NA,NA,Y,NA,D,22,0,0,1,0,0,0,0,0,0,-,-,33.97536,-118.24731,LOS ANGELES,UNINCORPORATED,-118.24769,33.97493197
6985384,2015,2016-11-19,9530,2015-06-30,0538,18278,NA,2,3,7,1942,0,1,1,NA,2,400,RT 405,VERMONT AV,500,N,N,A,-,Y,LA,7,405,-,-,13.46,H,-,N,Y,4,0,1,2,A,-,03,22350,NA,N,C,C,A,A,H,-,B,D,1,NA,NA,NA,NA,Y,NA,D,22,0,0,1,0,0,0,0,0,0,-,-,33.85972,-118.29291,LOS ANGELES,LOS ANGELES,-118.29237295,33.85986065
6985387,2015,2015-07-25,9530,2015-06-26,1310,20446,NA,5,1,9,1900,0,3,5,NA,2,006,VERMONT AV,SEPULVEDA BL,150,S,N,A,-,N,NA,NA,NA,NA,NA,NA,NA,NA,NA,NA,4,0,1,2,A,-,06,21750,NA,N,B,C,A,A,H,-,A,D,0,NA,NA,NA,Y,Y,NA,F,27,0,0,1,0,0,0,0,0,0,-,-,33.80996,-118.29013,LOS ANGELES,UNINCORPORATED,-118.29041,33.80984861
6985394,2015,2016-12-08,9550,2015-05-11,0735,20959,NA,1,1,5,1976,0,1,1,NA,2,650,RT 605 S/B,WHITTIER BL,940,N,N,A,-,Y,LA,7,605,-,R,13.75,H,-,S,Y,3,0,3,2,A,-,08,22107,NA,N,C,C,A,A,H,-,A,D,1,NA,NA,NA,NA,Y,NA,A,08,0,1,2,0,0,0,0,0,0,-,-,33.99611,-118.06865,LOS ANGELES,WHITTIER,-118.06871986,33.99606368
6985398,2015,2015-07-17,9550,2015-05-03,1810,020974,NA,7,2,9,1900,0,3,5,NA,2,001,TURNBULL CANYON RD,SKYLINE DR,3000,W,N,A,-,N,NA,NA,NA,NA,NA,NA,NA,NA,NA,Y,3,0,1,1,A,-,01,23152,A,N,E,I,A,A,H,-,A,D,0,NA,NA,NA,NA,Y,Y,D,22,0,1,0,0,0,0,0,0,0,-,-,33.99424,-118.00751,LOS ANGELES,UNINCORPORATED,-118.00741002,33.99376007
6985403,2015,2015-07-25,9530,2015-06-30,1500,18385,NA,2,2,9,1900,0,3,5,NA,2,002,EL SEGUNDO BL,BROADWAY AV,250,W,N,A,-,N,NA,NA,NA,NA,NA,NA,NA,NA,NA,N,4,0,1,2,A,-,03,22350,NA,N,C,C,A,A,H,-,A,D,0,NA,NA,NA,NA,Y,NA,A,01,0,0,1,0,0,0,0,0,0,-,-,33.91633,-118.27882,LOS ANGELES,UNINCORPORATED,-118.2791824,33.91642
6985407,2015,2015-07-25,9530,2015-06-30,0745,18278,NA,2,1,7,1942,1,4,S,NA,2,901,ALBA ST,53RD ST,92,S,N,A,-,N,NA,NA,NA,NA,NA,NA,NA,NA,NA,N,4,0,1,1,C,-,18,NA,NA,N,H,A,A,A,H,-,A,D,0,NA,NA,NA,NA,Y,NA,-,-,0,0,1,0,0,0,0,0,0,-,-,33.99439,-118.23984,LOS ANGELES,LOS ANGELES,-118.2398177,33.9943779
6985413,2015,2016-11-05,9550,2015-05-08,1325,20533,NA,5,1,5,1935,0,1,1,NA,2,652,RT 605 N/B SAN GABRIEL RIVER FWY,CENTRALIA ST,880,N,N,C,-,Y,LA,7,605,-,R,2.48,H,-,N,Y,3,0,1,4,A,-,03,22350,NA,N,C,C,A,B,H,-,A,D,1,NA,NA,NA,NA,Y,NA,A,07,0,1,0,0,0,0,0,0,0,-,-,33.84095,-118.08933,LOS ANGELES,LAKEWOOD,-118.08935631,33.84088444
6985417,2015,2017-01-03,9550,2015-05-10,1500,019117,NA,7,2,1,1932,0,1,3,NA,2,601,RT 60 E/B,STONER CREEK RD,20,W,N,A,-,Y,LA,7,60,-,-,19.1,H,-,E,Y,4,0,1,3,A,-,03,22350,NA,N,C,C,A,A,H,-,A,D,1,NA,NA,NA,NA,Y,NA,B,07,0,0,1,0,0,0,0,0,0,-,-,33.99433,-117.91194,LOS ANGELES,INDUSTRY,-117.91177054,33.99437856
6985419,2015,2016-12-17,9530,2015-06-29,1410,20331,NA,1,2,7,1942,0,1,1,NA,2,200,RT 105,FIGUEROA ST,300,W,N,A,-,Y,LA,7,105,-,R,7.2,H,-,E,Y,4,0,1,4,A,-,03,22350,NA,N,B,C,A,A,H,-,A,D,1,NA,NA,NA,NA,Y,NA,A,01,0,0,1,0,0,0,0,0,0,-,-,33.929,-118.281,LOS ANGELES,LOS ANGELES,-118.28384368,33.92853188
6985420,2015,2016-11-04,9550,2015-05-08,1145,18408,NA,5,1,9,1900,0,1,1,NA,2,650,RT 605,TELEGRAPH RD,1000,N,N,B,-,Y,LA,7,605,-,R,10.47,H,-,N,Y,4,0,1,3,A,-,03,22350,NA,N,C,C,A,A,H,-,A,D,1,NA,NA,NA,Y,Y,NA,A,01,0,0,1,0,0,0,0,0,0,-,-,33.96351,-118.08467,LOS ANGELES,UNINCORPORATED,-118.09026851,33.95235019
6985425,2015,2016-12-15,9550,2015-05-09,2240,20966,NA,6,3,6,1949,0,1,3,NA,2,090,RT 91 W/B,PIONEER BL,75,W,N,B,C,Y,LA,7,91,-,R,18.07,H,-,W,Y,4,0,2,3,A,-,03,22350,NA,N,C,C,A,B,H,-,C,D,1,NA,NA,NA,NA,Y,NA,A,01,0,0,2,0,0,0,0,0,0,-,-,33.87661,-118.08576,LOS ANGELES,NORWALK,-118.08290428,33.87645559
6985429,2015,2016-11-04,9550,2015-05-09,1800,18664,NA,6,2,5,1954,0,1,1,NA,2,650,RT 605,SLAUSON AV,600,N,N,A,-,Y,LA,7,605,-,R,11.69,H,-,S,Y,4,0,2,3,A,-,03,22350,NA,N,C,C,A,A,H,-,A,D,1,NA,NA,NA,NA,Y,NA,D,22,0,0,2,0,0,0,0,0,0,-,-,33.96785,-118.08312,LOS ANGELES,PICO RIVERA,-118.08257204,33.96893705
6985432,2015,2016-04-12,9550,2015-05-12,1925,20469,NA,2,2,5,1976,0,1,1,NA,2,650,RT 605,SARAGOSSA ST,500,S,N,A,-,Y,LA,7,605,-,R,12.32,H,-,N,Y,3,0,2,3,C,-,18,NA,NA,N,B,C,A,A,H,-,A,D,1,NA,NA,NA,Y,Y,NA,-,-,0,1,1,0,0,0,0,0,0,-,-,33.97759,-118.07847,LOS ANGELES,WHITTIER,-118.07863311,33.97743771
6985435,2015,2016-12-17,9530,2015-06-25,1435,19857,NA,4,2,5,1943,0,1,1,NA,2,210,RT 105,GERTRUDE AV,320,W,N,A,-,Y,LA,7,105,-,R,12.24,H,-,W,Y,4,0,2,4,A,-,04,21703,NA,N,C,C,A,A,H,-,A,D,6,NA,NA,NA,NA,Y,NA,D,22,0,0,2,0,0,0,0,0,0,-,-,33.92063,-118.19964,LOS ANGELES,LYNWOOD,-118.19919079,33.92033714
6985438,2015,2016-12-17,9550,2015-05-11,0750,9995,NA,1,1,3,1964,0,1,1,NA,2,500,RT 5,FLORENCE AV,600,S,N,A,-,Y,LA,7,5,-,-,6.27,H,-,N,Y,4,0,1,3,A,-,03,22350,NA,N,C,C,A,A,H,-,A,D,1,NA,NA,NA,Y,Y,NA,A,01,0,0,1,0,0,0,0,0,0,-,-,33.56016,-118.05292,LOS ANGELES,SANTA FE SPRINGS,-118.09161137,33.93391642
6985440,2015,2016-12-12,9550,2015-05-12,1555,18854,NA,2,2,9,1900,0,1,3,NA,2,601,RT 60,AZUSA AV,1000,W,N,A,-,Y,LA,7,60,-,-,17.78,H,-,E,Y,4,0,2,4,A,-,08,22107,NA,N,B,C,A,A,H,-,A,D,1,NA,NA,NA,NA,Y,NA,D,22,0,0,2,0,0,0,0,0,0,-,-,33.99894,-117.93883,LOS ANGELES,UNINCORPORATED,-117.93436772,33.99758685
6985441,2015,2016-11-04,9550,2015-05-13,1619,019117,NA,3,2,6,1949,0,1,1,NA,2,651,RT 605,RT 105,15,N,N,A,-,Y,LA,7,605,-,R,7.5,H,-,N,Y,4,0,1,2,A,-,03,22350,NA,N,C,C,A,A,H,-,A,D,1,NA,NA,Y,NA,Y,NA,C,02,0,0,1,0,0,0,0,0,1,-,-,33.91213,-118.10479,LOS ANGELES,NORWALK,-118.10476349,33.91216459
6985446,2015,2016-12-10,9550,2015-05-14,2230,020948,NA,4,3,5,1908,0,1,3,NA,2,091,RT 91,CLARK AV,1650,E,N,C,-,Y,LA,7,91,-,-,15.44,H,-,W,Y,4,0,1,2,A,-,08,22107,NA,N,C,C,A,B,H,-,C,D,1,NA,NA,NA,Y,Y,NA,A,01,0,0,1,0,0,0,0,0,0,-,-,33.876220000000004,-118.12825,LOS ANGELES,BELLFLOWER,-118.12961883,33.87629043
6985461,2015,2016-11-04,9550,2015-05-07,1255,18408,NA,4,1,3,1964,0,1,1,NA,2,650,RT 605,TELEGRAPH RD,3200,N,N,B,-,Y,LA,7,605,-,R,10.88,H,-,S,Y,3,0,1,2,A,-,08,22107,NA,N,E,I,A,A,H,-,A,D,1,NA,NA,NA,NA,Y,NA,D,22,0,1,0,0,0,0,0,0,0,-,-,33.95851,-118.08703,LOS ANGELES,SANTA FE SPRINGS,-118.08741923,33.95782952
6985466,2015,2015-07-22,9550,2015-05-14,0825,18408,NA,4,1,9,1900,0,2,4,NA,1,012,WASHINGTON BL,PIONEER BL,130,W,N,A,-,N,NA,NA,NA,NA,NA,NA,NA,NA,NA,Y,4,0,2,3,A,-,03,22350,NA,N,C,C,A,A,H,-,A,D,0,NA,NA,NA,NA,Y,NA,A,07,0,0,2,0,0,0,0,0,0,-,-,33.97396,-118.08012,LOS ANGELES,UNINCORPORATED,-118.0794521,33.97375584
6985470,2015,2016-12-08,9550,2015-05-15,2005,20974,NA,5,2,9,1900,0,1,3,NA,2,600,RT 60,HACIENDA BL,2300,W,N,A,-,Y,LA,7,60,-,-,15.52,H,-,W,N,4,0,1,2,A,-,03,22350,NA,N,C,C,A,A,H,-,C,D,1,NA,NA,NA,NA,Y,NA,D,22,0,0,1,0,0,0,0,0,0,-,-,34.00883,-117.97008,LOS ANGELES,UNINCORPORATED,-117.97127466,34.0091246
6985474,2015,2017-01-05,9550,2015-05-16,1425,20741,NA,6,2,6,1920,0,1,1,NA,2,500,RT 5,LAKEWOOD BL,3500,S,N,A,-,Y,LA,7,5,-,-,7.63,H,-,N,N,4,0,9,3,A,-,03,22350,NA,N,C,C,A,A,H,-,A,D,1,NA,NA,NA,NA,Y,NA,A,01,0,0,9,0,0,0,0,0,0,-,-,33.9503,-118.10245,LOS ANGELES,DOWNEY,-118.10323929,33.95123206
6985478,2015,2016-12-01,9550,2015-05-16,1350,20765,NA,6,1,6,1949,0,1,1,NA,2,150,RT 105,STUDEBAKER RD,198,W,N,A,-,Y,LA,7,105,-,R,18.11,H,-,E,Y,3,0,1,2,C,-,18,NA,NA,N,C,C,A,A,H,-,A,D,1,NA,NA,NA,NA,Y,NA,-,-,0,1,0,0,0,0,0,0,0,-,-,33.9142,-118.09991,LOS ANGELES,NORWALK,-118.09989817,33.91426349
6985490,2015,2016-12-15,9550,2015-05-16,1150,020755,NA,6,1,5,1908,0,1,3,NA,2,091,RT 91,RT 605,2000,W,N,A,-,Y,LA,7,91,-,R,16.52,H,-,E,Y,4,0,1,3,A,-,03,22350,NA,N,C,A,A,A,H,-,A,D,1,NA,NA,NA,NA,Y,NA,A,01,0,0,1,0,0,0,0,0,0,-,-,33.87631,-118.08819,LOS ANGELES,BELLFLOWER,-118.10946169,33.87676235
6985493,2015,2016-12-15,9550,2015-05-12,1635,020954,NA,2,2,5,1919,0,1,3,NA,2,092,RT 91,CARMENITA RD,500,E,N,A,-,Y,LA,7,91,-,R,20.26,H,-,W,Y,4,0,2,3,A,-,03,22350,NA,N,C,C,A,A,H,-,A,D,1,NA,NA,NA,NA,Y,NA,A,07,0,0,2,0,0,0,0,0,0,-,-,33.86226,-118.04204,LOS ANGELES,CERRITOS,-118.04903763,33.86565674
6985581,2015,2015-11-05,9550,2015-05-15,1400,19939,NA,5,2,9,1900,0,3,5,NA,2,004,STIMSON AV,GARO ST,0,NA,Y,B,-,N,NA,NA,NA,NA,NA,NA,NA,NA,NA,N,4,0,1,2,A,-,12,21453,A,N,D,C,A,B,H,-,A,A,0,NA,NA,NA,NA,Y,NA,-,-,0,0,1,0,0,0,0,0,0,-,-,34.00439,-117.95929,LOS ANGELES,UNINCORPORATED,-117.95870012,34.00435005
6986163,2015,2016-11-04,9550,2015-05-14,1520,16882,NA,4,2,7,1941,0,1,1,NA,2,653,RT 605,SPRING ST,80,N,N,B,-,Y,LA,7,605,-,R,0.31,H,-,N,Y,4,0,1,2,A,-,03,22350,NA,N,C,C,A,B,H,-,A,D,1,NA,NA,NA,NA,Y,NA,A,01,0,0,1,0,0,0,0,0,0,-,-,33.81072,-118.08139,LOS ANGELES,LONG BEACH,-118.08133682,33.81075234
6986167,2015,2016-12-08,9550,2015-05-14,1640,20765,NA,4,2,9,1900,0,1,1,NA,2,650,RT 605,PECK RD,100,S,N,C,-,Y,LA,7,605,-,R,16.63,H,-,S,N,4,0,1,3,A,-,03,22350,NA,N,C,C,A,B,H,-,A,D,1,NA,NA,NA,NA,Y,NA,A,01,0,0,1,0,0,0,0,0,0,-,-,34.0265,-118.0395,LOS ANGELES,UNINCORPORATED,-118.03786662,34.02725714
6986171,2015,2015-07-16,9550,2015-05-14,1600,19117,NA,4,2,9,1900,0,3,5,NA,2,003,VALLECITO DR,TURNBULL CANYON RD,300,S,N,C,-,N,NA,NA,NA,NA,NA,NA,NA,NA,NA,Y,4,0,1,2,A,-,03,22350,NA,N,A,C,A,B,H,-,A,D,0,NA,NA,NA,NA,Y,NA,A,01,0,0,1,0,0,0,0,0,0,-,-,33.00447,-117.97949,LOS ANGELES,UNINCORPORATED,-117.98031977,34.00586037
6986175,2015,2015-07-17,9550,2015-05-14,1825,19117,NA,4,2,9,1900,0,3,5,NA,2,003,TUJUNGA CANYON RD,GALE AV,35,S,N,C,-,N,NA,NA,NA,NA,NA,NA,NA,NA,NA,N,4,0,2,3,A,-,03,22350,NA,N,B,C,A,B,H,-,A,D,0,NA,NA,NA,NA,Y,NA,A,01,0,0,2,0,0,0,0,0,0,-,-,34.01454,-117.97616,LOS ANGELES,UNINCORPORATED,-117.975861,34.014823
6986179,2015,2017-01-05,9550,2015-05-15,0250,20966,NA,5,3,6,1920,0,1,1,NA,2,500,RT 5,LAKEWOOD BL,100,N,N,A,-,Y,LA,7,5,-,-,8.35,H,-,S,Y,3,0,1,2,A,-,01,23152,A,N,B,C,A,A,H,-,C,D,1,NA,NA,NA,NA,Y,Y,A,01,0,1,0,0,0,0,0,0,0,-,-,33.95804,-118.11247,LOS ANGELES,DOWNEY,-118.11237283,33.95822497
6986183,2015,2016-12-15,9550,2015-05-15,2325,18952,NA,5,3,3,1903,0,1,3,NA,2,091,RT 91,PIONEER BL,1000,W,N,B,C,Y,LA,7,91,-,R,17.9,H,-,W,N,4,0,2,2,A,-,03,22350,NA,N,C,C,A,B,H,-,D,D,1,NA,NA,NA,NA,Y,NA,A,01,0,0,2,0,0,0,0,0,0,-,-,33.87645,-118.09084,LOS ANGELES,ARTESIA,-118.08584301,33.87644256
6986187,2015,2015-07-16,9550,2015-05-15,0125,20941,NA,5,3,9,1900,0,3,5,NA,2,002,PAINTER AV,CARMENITA RD,25,W,N,B,-,N,NA,NA,NA,NA,NA,NA,NA,NA,NA,Y,4,0,1,1,A,-,01,23152,A,M,E,I,A,B,H,-,C,D,0,NA,NA,NA,NA,Y,Y,A,01,0,0,1,0,0,0,0,0,0,-,-,33.94886,-118.04675,LOS ANGELES,UNINCORPORATED,-118.04659153,33.94884906
6986191,2015,2016-12-15,9550,2015-05-15,1150,20360,NA,5,1,5,1919,0,1,3,NA,2,092,RT 91,ARTESIA BL,25,W,N,C,-,Y,LA,7,91,-,R,19.43,H,-,W,N,4,0,1,2,A,-,03,22350,NA,N,C,C,A,B,H,-,A,D,1,NA,NA,NA,NA,Y,NA,A,01,0,0,1,0,0,0,0,0,0,-,-,33.87362,-118.06052,LOS ANGELES,CERRITOS,-118.06026911,33.87321448
6986195,2015,2016-06-02,9550,2015-05-15,1245,19939,NA,5,1,9,1900,0,2,4,NA,1,052,COLIMA RD,NOGALES ST,200,W,N,A,-,N,NA,NA,NA,NA,NA,NA,NA,NA,NA,N,4,0,1,2,A,-,21,22106,NA,N,C,C,A,A,H,-,A,D,0,NA,NA,NA,NA,Y,NA,A,01,0,0,1,0,0,0,0,0,0,-,-,33.98719,-117.88991,LOS ANGELES,UNINCORPORATED,-117.88996639,33.98756982
6986199,2015,2016-12-12,9550,2015-05-15,1930,20824,NA,5,2,5,1908,0,1,3,NA,2,090,RT 91,LAKEWOOD BL,500,W,N,A,-,Y,LA,7,91,-,-,14.51,H,-,W,Y,4,0,1,4,A,-,07,21658,A,F,B,C,A,A,H,-,A,D,1,NA,NA,NA,NA,Y,NA,A,07,0,0,1,0,0,0,0,0,0,-,-,33.87733,-118.14663,LOS ANGELES,BELLFLOWER,-118.14552996,33.87722376
6986203,2015,2016-12-17,9550,2015-05-16,1120,20025,NA,6,1,6,1949,0,1,1,NA,2,500,RT 5,IMPERIAL HWY,2000,N,N,A,-,Y,LA,7,5,-,-,5.32,H,-,S,Y,4,0,1,3,A,-,07,21658,A,N,B,C,A,A,H,-,A,D,1,NA,NA,NA,NA,Y,NA,A,01,0,0,1,0,0,0,0,0,0,-,-,33.92288,-118.08398,LOS ANGELES,NORWALK,-118.0833738,33.9219858
6986206,2015,2016-12-17,9550,2015-05-14,0650,15449,NA,4,1,6,1920,0,1,1,NA,2,150,RT 105,CLARK AV,600,W,N,B,-,Y,LA,7,105,-,R,16.03,H,-,E,Y,4,0,1,2,A,-,03,22350,NA,N,C,C,A,A,H,-,A,D,1,NA,NA,NA,NA,Y,NA,A,01,0,0,1,0,0,0,0,0,0,-,-,33.91263,-118.1314,LOS ANGELES,DOWNEY,-118.1359749,33.91295465
6986207,2015,2015-07-16,9550,2015-05-16,1055,20360,NA,6,1,9,1900,0,3,5,NA,2,005,GALE AV,CHARLEY RD,140,E,N,A,-,N,NA,NA,NA,NA,NA,NA,NA,NA,NA,Y,4,0,2,2,A,-,08,22107,NA,N,A,C,A,A,H,-,A,D,0,NA,NA,NA,NA,Y,NA,A,01,0,0,2,0,0,0,0,0,0,-,-,33.995,-117.89181,LOS ANGELES,UNINCORPORATED,NA,NA
6986210,2015,2016-12-08,9550,2015-05-12,0550,18412,NA,2,3,9,1900,0,1,1,NA,2,650,RT 605,SARAGOSA ST,500,N,N,B,-,Y,LA,7,605,-,R,12.52,H,-,S,Y,4,0,1,3,A,-,07,21658,A,N,B,C,A,A,H,-,B,D,1,NA,NA,NA,NA,Y,NA,A,01,0,0,1,0,0,0,0,0,0,-,-,33.19822,-118.07458,LOS ANGELES,UNINCORPORATED,-118.0768405,33.97989103
6986211,2015,2015-07-16,9550,2015-05-15,1925,19808,NA,5,2,9,1900,0,2,4,NA,1,042,COLIMA RD,ALBATROSS RD,200,W,N,A,-,N,NA,NA,NA,NA,NA,NA,NA,NA,NA,N,4,0,1,2,A,-,05,21650,1,N,D,G,A,A,H,-,A,A,0,NA,Y,NA,NA,Y,NA,L,04,0,0,1,0,0,0,1,0,0,-,-,33.99043,-117.92514,LOS ANGELES,UNINCORPORATED,-117.92498096,33.99050122
6986214,2015,2015-07-17,9550,2015-05-12,1445,20959,NA,2,2,9,1900,0,3,5,NA,2,003,HACIENDA BL,RT 60,50,S,N,A,-,N,NA,NA,60,NA,NA,NA,NA,NA,NA,N,4,0,1,2,A,-,03,22350,NA,N,C,C,A,A,H,-,A,D,0,NA,NA,NA,NA,Y,NA,A,01,0,0,1,0,0,0,0,0,0,-,-,34.00658,-117.96441,LOS ANGELES,UNINCORPORATED,-117.96435858,34.00678925
6986215,2015,2016-11-04,9550,2015-05-15,1855,20151,NA,5,2,5,1919,0,1,1,NA,2,652,RT 605,ARTESIA BL,500,S,N,A,-,Y,LA,7,605,-,R,4.62,H,-,N,Y,4,0,1,3,A,-,03,22350,NA,N,C,C,A,A,H,-,A,D,1,NA,NA,NA,NA,Y,NA,A,07,0,0,1,0,0,0,0,0,0,-,-,33.87071,-118.10018,LOS ANGELES,CERRITOS,-118.10017662,33.87046059
6986218,2015,2016-11-04,9550,2015-05-12,2031,20533,NA,2,2,6,1949,0,1,1,NA,2,651,RT 605,FIRESTONE BL,1440,N,N,A,-,Y,LA,7,605,-,R,8.68,H,-,S,Y,4,0,2,2,A,-,03,22350,NA,N,C,C,A,A,H,-,C,D,1,NA,NA,NA,NA,Y,NA,A,07,0,0,2,0,0,0,0,0,0,-,-,33.92877,-118.10297,LOS ANGELES,NORWALK,-118.10304153,33.92881319
6986222,2015,2016-12-12,9550,2015-05-13,0745,19939,NA,3,1,9,1900,0,1,3,NA,2,601,RT 60,AZUSA AV,1300,W,N,A,-,Y,LA,7,60,-,-,17.72,H,-,W,Y,4,0,2,3,A,-,03,22350,NA,N,C,C,A,A,H,-,A,D,1,NA,NA,NA,NA,Y,NA,A,01,0,0,2,0,0,0,0,0,0,-,-,33.9989,-117.93747,LOS ANGELES,UNINCORPORATED,-117.93531987,33.99809474
6986226,2015,2017-01-03,9550,2015-05-13,0945,20954,NA,3,1,1,1932,0,1,3,NA,2,600,RT 60,CROSSROADS PKWY,350,E,N,B,-,Y,LA,7,60,-,-,12.77,H,-,W,N,4,0,1,2,A,-,03,22350,NA,N,C,C,A,A,H,-,A,D,1,NA,NA,NA,NA,Y,NA,A,01,0,0,1,0,0,0,0,0,0,-,-,34.02871,-118.00225,LOS ANGELES,INDUSTRY,-118.01023003,34.02921728
6986227,2015,2016-12-17,9530,2015-06-27,0657,020935,NA,6,1,5,1977,0,1,3,NA,2,310,RT 91,MAIN ST,150,W,N,A,-,Y,LA,7,91,-,R,6.85,H,-,W,Y,4,0,1,3,A,-,03,22350,NA,N,C,C,A,A,H,-,A,D,1,NA,NA,NA,NA,Y,NA,A,07,0,0,1,0,0,0,0,0,0,-,-,33.8729,-118.2761,LOS ANGELES,CARSON,-118.2762073,33.87278143
6986230,2015,2016-11-04,9550,2015-05-13,1610,19117,NA,3,2,6,1949,0,1,1,NA,2,651,RT 605,FIRESTONE BL,550,N,N,A,-,Y,LA,7,605,-,R,8.51,H,-,N,Y,3,0,1,3,A,-,07,21658,A,N,C,C,A,A,H,-,A,D,1,NA,NA,Y,NA,Y,NA,A,01,0,1,0,0,0,0,0,0,1,-,-,33.92706,-118.1038,LOS ANGELES,NORWALK,-118.10353208,33.92634123
6986231,2015,2015-07-20,9530,2015-06-26,1810,020232,NA,5,2,9,1900,0,3,5,NA,2,002,ROSECRANS AV,SAN PEDRO ST,30,W,N,A,-,N,NA,NA,NA,NA,NA,NA,NA,NA,NA,Y,4,0,1,2,A,-,03,22350,NA,N,C,C,A,A,H,-,A,D,0,NA,NA,NA,NA,Y,NA,A,01,0,0,1,0,0,0,0,0,0,-,-,33.90185,-118.26938,LOS ANGELES,UNINCORPORATED,-118.26909867,33.90196
6986234,2015,2015-07-16,9550,2015-05-14,1346,20977,NA,4,1,9,1900,0,3,5,NA,2,002,HAWES ST,RUOFF AV,100,W,N,B,-,N,NA,NA,NA,NA,NA,NA,NA,NA,NA,Y,4,0,1,2,A,-,09,21801,A,N,D,C,A,B,H,-,A,D,0,NA,NA,NA,NA,Y,NA,A,01,0,0,1,0,0,0,0,0,0,-,-,33.94203,-118.02344,LOS ANGELES,UNINCORPORATED,-118.02301549,33.94173272
6986235,2015,2015-07-20,9530,2015-06-27,1245,020675,NA,6,1,9,1900,0,3,5,NA,2,002,EADALL AV,140TH ST,8,S,N,B,-,N,NA,NA,NA,NA,NA,NA,NA,NA,NA,N,4,0,1,2,A,-,09,21800,B,N,D,C,A,A,H,-,A,D,0,NA,NA,Y,NA,Y,NA,A,01,0,0,1,0,0,0,0,0,1,-,-,33.9041,-118.27044,LOS ANGELES,UNINCORPORATED,-118.27053,33.90424806
6986238,2015,2015-07-16,9550,2015-05-14,1345,20977,NA,4,1,9,1900,0,3,5,NA,2,002,MILLS AV,TRUMBALL ST,200,N,N,B,C,N,NA,NA,NA,NA,NA,NA,NA,NA,NA,N,3,0,1,2,A,-,09,21804,A,N,D,C,A,B,H,-,A,D,0,NA,NA,Y,NA,Y,NA,A,07,0,1,0,0,0,0,0,0,1,-,-,33.93791,-118.0386,LOS ANGELES,UNINCORPORATED,-118.03827077,33.93807007
6986239,2015,2015-07-20,9530,2015-06-27,1703,017860,NA,6,2,9,1900,0,3,5,NA,2,005,REDONDO BEACH BL,STADIUM WY,366,W,N,A,-,N,NA,NA,NA,NA,NA,NA,NA,NA,NA,Y,4,0,2,2,A,-,09,21804,A,N,D,C,A,A,H,-,A,D,0,NA,NA,NA,NA,Y,NA,A,01,0,0,2,0,0,0,0,0,0,-,-,33.88111,-118.33195,LOS ANGELES,UNINCORPORATED,-118.33211063,33.88110391