CASE_ID,ACCIDENT_YEAR,PROC_DATE,JURIS,COLLISION_DATE,COLLISION_TIME,OFFICER_ID,REPORTING_DISTRICT,DAY_OF_WEEK,CHP_SHIFT,POPULATION,CNTY_CITY_LOC,SPECIAL_COND,BEAT_TYPE,CHP_BEAT_TYPE,CITY_DIVISION_LAPD,CHP_BEAT_CLASS,BEAT_NUMBER,PRIMARY_RD,SECONDARY_RD,DISTANCE,DIRECTION,INTERSECTION,WEATHER_1,WEATHER_2,STATE_HWY_IND,CALTRANS_COUNTY,CALTRANS_DISTRICT,STATE_ROUTE,ROUTE_SUFFIX,POSTMILE_PREFIX,POSTMILE,LOCATION_TYPE,RAMP_INTERSECTION,SIDE_OF_HWY,TOW_AWAY,COLLISION_SEVERITY,NUMBER_KILLED,NUMBER_INJURED,PARTY_COUNT,PRIMARY_COLL_FACTOR,PCF_CODE_OF_VIOL,PCF_VIOL_CATEGORY,PCF_VIOLATION,PCF_VIOL_SUBSECTION,HIT_AND_RUN,TYPE_OF_COLLISION,MVIW,PED_ACTION,ROAD_SURFACE,ROAD_COND_1,ROAD_COND_2,LIGHTING,CONTROL_DEVICE,CHP_ROAD_TYPE,PEDESTRIAN_ACCIDENT,BICYCLE_ACCIDENT,MOTORCYCLE_ACCIDENT,TRUCK_ACCIDENT,NOT_PRIVATE_PROPERTY,ALCOHOL_INVOLVED,STWD_VEHTYPE_AT_FAULT,CHP_VEHTYPE_AT_FAULT,COUNT_SEVERE_INJ,COUNT_VISIBLE_INJ,COUNT_COMPLAINT_PAIN,COUNT_PED_KILLED,COUNT_PED_INJURED,COUNT_BICYCLIST_KILLED,COUNT_BICYCLIST_INJURED,COUNT_MC_KILLED,COUNT_MC_INJURED,PRIMARY_RAMP,SECONDARY_RAMP,LATITUDE,LONGITUDE,COUNTY,CITY,POINT_X,POINT_Y
6990857,2015,2015-08-05,1942,2015-05-20,1250,41803,1205,3,5,7,1942,0,0,0,L,0,12A15,51ST ST,NORMANDIE AV,0,NA,Y,A,-,N,NA,NA,NA,NA,NA,NA,NA,NA,NA,Y,3,0,3,2,A,-,12,21453,A,N,D,C,A,A,H,-,A,A,0,NA,NA,NA,NA,Y,NA,A,07,0,1,2,0,0,0,0,0,0,-,-,NA,NA,LOS ANGELES,LOS ANGELES,-118.30017006,33.99686007
6990858,2015,2015-08-06,1942,2015-06-30,1440,36698,0156,2,5,7,1942,0,0,0,A,0,13TL22,SAN JULIAN ST,6TH ST,21,S,N,B,-,N,NA,NA,NA,NA,NA,NA,NA,NA,NA,Y,4,0,1,2,D,-,00,NA,NA,N,B,C,A,A,H,-,A,D,0,NA,NA,NA,Y,Y,NA,-,-,0,0,1,0,0,0,0,0,0,-,-,NA,NA,LOS ANGELES,LOS ANGELES,-118.24622537,34.04280652
6990859,2015,2015-09-29,1942,2015-07-19,1215,35688,1823,7,5,7,1942,0,0,0,R,0,18T23,SAN PEDRO ST,102ND ST,0,NA,Y,A,-,N,NA,NA,NA,NA,NA,NA,NA,NA,NA,Y,2,0,4,2,A,-,09,21802,NA,N,D,C,A,A,H,-,A,A,0,NA,NA,NA,NA,Y,NA,A,01,1,1,2,0,0,0,0,0,0,-,-,NA,NA,LOS ANGELES,LOS ANGELES,-118.26952005,33.94377011
6990862,2015,2015-08-14,1942,2015-06-11,1655,37505,0195,4,5,7,1942,0,0,0,A,0,13TL22,WASHINGTON BL,MAIN ST,0,NA,Y,A,-,N,NA,NA,NA,NA,NA,NA,NA,NA,NA,Y,4,0,2,2,A,-,09,21801,A,N,B,C,A,-,H,-,A,A,0,NA,NA,NA,NA,Y,NA,A,01,0,0,2,0,0,0,0,0,0,-,-,NA,NA,LOS ANGELES,LOS ANGELES,-118.26466002,34.03096004
6990864,2015,2015-09-17,1942,2015-07-03,1300,25749,565,5,5,7,1942,0,0,0,NA,0,5A85,GAFFEY ST,8TH ST,0,NA,Y,A,-,N,NA,NA,NA,NA,NA,NA,NA,NA,NA,N,4,0,1,2,A,-,04,21703,NA,N,C,C,A,A,H,-,A,A,0,NA,NA,NA,NA,Y,NA,D,22,0,0,1,0,0,0,0,0,0,-,-,NA,NA,LOS ANGELES,LOS ANGELES,-118.29235011,33.73697004
6990865,2015,2015-08-05,1942,2015-05-19,0634,38721,1268,2,5,7,1942,0,0,0,L,0,18A1,MANCHESTER,MAIN,50,E,N,A,-,N,NA,NA,NA,NA,NA,NA,NA,NA,NA,N,4,0,2,3,A,-,07,21658,A,N,C,D,A,A,H,-,A,D,0,NA,NA,NA,NA,Y,NA,D,22,0,0,2,0,0,0,0,0,0,-,-,NA,NA,LOS ANGELES,LOS ANGELES,-118.27388,33.96009
6990868,2015,2015-08-08,1942,2015-06-27,1340,36571,0555,6,5,7,1942,0,0,0,E,0,5TL21,ELBERON AV,GAFFEY PL,60,W,N,A,-,N,NA,NA,NA,NA,NA,NA,NA,NA,NA,Y,3,0,3,2,A,-,04,21703,NA,N,C,C,A,A,H,-,A,D,0,NA,NA,NA,NA,Y,NA,A,01,0,2,1,0,0,0,0,0,0,-,-,NA,NA,LOS ANGELES,LOS ANGELES,-118.29253699,33.7484
6990871,2015,2015-09-17,1942,2015-07-05,1155,40476,0931,7,5,7,1942,0,0,0,I,0,3T5,LA BREA AV,DON LORENZO DR,50,S,N,B,-,N,NA,NA,NA,NA,NA,NA,NA,NA,NA,N,4,0,1,3,A,-,03,22350,NA,F,C,C,A,A,H,-,A,A,0,NA,NA,NA,NA,Y,NA,-,99,0,0,1,0,0,0,0,0,0,-,-,NA,NA,LOS ANGELES,LOS ANGELES,-118.35893556,34.0006838
6990872,2015,2015-08-08,1942,2015-06-21,1250,36571,0511,7,5,7,1942,0,0,0,E,0,5TL21,FRAMPTON AV,253RD ST,0,NA,Y,A,-,N,NA,NA,NA,NA,NA,NA,NA,NA,NA,N,3,0,1,2,A,-,09,21802,A,N,D,C,A,A,H,-,A,A,0,NA,NA,NA,NA,Y,NA,A,01,0,1,0,0,0,0,0,0,0,-,-,NA,NA,LOS ANGELES,LOS ANGELES,-118.29993009,33.79475002
6990873,2015,2015-08-04,1942,2015-05-01,1320,36268,1248,5,5,7,1942,0,0,0,L,0,12A49,90TH ST,VERMONT AV,22,E,N,A,-,N,NA,NA,NA,NA,NA,NA,NA,NA,NA,N,4,0,2,2,A,-,03,22350,A,N,C,C,A,A,H,-,A,D,0,NA,NA,NA,NA,Y,NA,D,22,0,0,2,0,0,0,0,0,0,-,-,NA,NA,LOS ANGELES,LOS ANGELES,-118.29148761,33.95505123
6990877,2015,2015-08-29,1942,2015-07-13,1530,37259,1273,1,5,7,1942,0,0,0,L,0,3TL5,WESTERN AV,87TH ST,0,NA,Y,A,-,N,NA,NA,NA,NA,NA,NA,NA,NA,NA,Y,4,0,1,2,A,-,01,23152,A,N,D,C,A,A,H,-,A,A,0,NA,NA,NA,NA,Y,Y,-,NA,0,0,1,0,0,0,0,0,0,-,-,NA,NA,LOS ANGELES,LOS ANGELES,-118.30901,33.95906
6990878,2015,2015-09-29,1942,2015-07-10,1535,34426,0152,5,5,7,1942,0,0,0,A,0,1TL26,5TH ST,OLIVE ST,40,E,N,A,-,N,NA,NA,NA,NA,NA,NA,NA,NA,NA,N,4,0,2,2,A,-,07,21658,A,N,B,C,A,A,H,-,A,D,0,NA,NA,NA,NA,Y,NA,-,-,0,0,2,0,0,0,0,0,0,-,-,NA,NA,LOS ANGELES,LOS ANGELES,-118.25273828,34.04940025
6990880,2015,2015-09-18,1942,2015-07-08,1115,31814,0501,3,5,7,1942,0,0,0,E,0,12T41,NORMANDIE AV,186TH ST,8,E,N,A,-,N,NA,NA,NA,NA,NA,NA,NA,NA,NA,Y,4,0,1,2,A,-,07,21658,A,N,B,C,A,A,H,-,A,D,0,NA,NA,NA,Y,Y,NA,A,01,0,0,1,0,0,0,0,0,0,-,-,NA,NA,LOS ANGELES,LOS ANGELES,-118.29956,33.862
6990881,2015,2015-08-29,1942,2015-07-03,0625,39762,0537,5,5,7,1942,0,0,0,E,0,18T23,GAFFEY ST,SANTA CRUZ ST,0,N,-,B,-,N,NA,NA,NA,NA,NA,NA,NA,NA,NA,Y,2,0,1,2,A,-,09,21801,A,N,D,C,A,A,H,-,A,A,0,NA,NA,Y,NA,Y,NA,D,22,1,0,0,0,0,0,0,0,1,-,-,NA,NA,LOS ANGELES,LOS ANGELES,-118.29232011,33.74465003
6990895,2015,2015-08-04,1907,2015-04-02,0235,191,1,4,5,4,1907,0,0,0,NA,0,NA,RANDOLPH ST,GIFFORD AV,63,E,N,A,-,N,NA,NA,NA,NA,NA,NA,NA,NA,NA,Y,4,0,1,1,A,-,08,22107,NA,N,E,I,A,A,H,-,C,D,0,NA,NA,NA,NA,Y,NA,A,01,0,0,1,0,0,0,0,0,0,-,-,NA,NA,LOS ANGELES,BELL,-118.19297395,33.98195038
6990899,2015,2015-08-14,1907,2015-04-17,0742,226,1,5,5,4,1907,0,0,0,NA,0,NA,FLORENCE AV,FLORA AV,0,NA,Y,A,-,N,NA,NA,NA,NA,NA,NA,NA,NA,NA,N,4,0,2,3,A,-,09,21801,A,N,D,C,A,A,H,-,A,A,0,NA,NA,NA,NA,Y,NA,A,01,0,0,2,0,0,0,0,0,0,-,-,NA,NA,LOS ANGELES,BELL,-118.19167003,33.97069
6990903,2015,2015-08-04,1907,2015-04-27,0458,234,NA,1,5,4,1907,0,0,0,NA,0,NA,FLORENCE AV,FLORENCE ABUTMENT,175,E,N,A,-,N,NA,NA,NA,NA,NA,NA,NA,NA,NA,N,4,0,1,5,A,-,03,22350,NA,N,C,C,A,A,H,-,C,A,0,NA,NA,NA,NA,Y,NA,A,01,0,0,1,0,0,0,0,0,0,-,-,NA,NA,LOS ANGELES,BELL,NA,NA
6990905,2015,2015-08-08,1942,2015-06-30,0800,24543,0555,2,5,7,1942,0,0,0,E,0,25MQ14,GAFFEY ST,SANTA CRUZ ST,0,NA,Y,A,-,N,NA,NA,NA,NA,NA,NA,NA,NA,NA,Y,2,0,2,2,A,-,09,21801,A,N,D,C,A,A,H,-,A,A,0,NA,NA,Y,NA,Y,NA,D,22,1,1,0,0,0,0,0,0,1,-,-,NA,NA,LOS ANGELES,LOS ANGELES,-118.29232011,33.74465003
6990907,2015,2015-08-04,1907,2015-04-30,0806,202,2,4,5,4,1907,0,0,0,NA,0,NA,ATLANTIC AV,GAGE AV,12,S,N,A,-,N,NA,NA,NA,NA,NA,NA,NA,NA,NA,N,4,0,2,3,A,-,10,21950,A,F,G,B,B,A,H,-,A,A,0,Y,NA,NA,NA,Y,NA,-,99,0,0,2,0,2,0,0,0,0,-,-,NA,NA,LOS ANGELES,BELL,-118.18704493,33.97797735
6990918,2015,2015-08-04,1900,2015-04-03,1600,552726,NA,5,5,5,1908,0,0,0,NA,0,133F1,SOMERSET BL,LIBLEN ST,75,W,N,A,-,N,NA,NA,NA,NA,NA,NA,NA,NA,NA,N,4,0,1,2,A,-,21,22106,NA,N,D,C,A,A,H,-,A,D,0,NA,NA,NA,NA,Y,Y,A,NA,0,0,1,0,0,0,0,0,0,-,-,NA,NA,LOS ANGELES,BELLFLOWER,-118.13686663,33.89654
6990921,2015,2016-06-01,1942,2015-05-20,1830,39523,504,3,5,7,1942,0,0,0,NA,0,5A84,NORMANDIE AV,KNOX AV,0,NA,Y,A,-,N,NA,NA,NA,NA,NA,NA,NA,NA,NA,NA,3,0,1,2,A,-,09,21804,A,N,D,G,A,A,H,-,A,A,0,NA,Y,NA,NA,Y,NA,L,04,0,1,0,0,0,0,1,0,0,-,-,NA,NA,LOS ANGELES,LOS ANGELES,-118.29923005,33.85422003
6990925,2015,2015-08-04,1942,2015-05-24,0235,37944,0557,7,5,7,1942,0,0,0,E,0,5A55,MEYLER ST,1ST ST,100,N,N,A,-,N,NA,NA,NA,NA,NA,NA,NA,NA,NA,N,4,0,1,4,A,-,03,22350,NA,N,C,E,A,A,H,-,C,D,0,NA,NA,NA,NA,Y,NA,A,07,0,0,1,0,0,0,0,0,0,-,-,NA,NA,LOS ANGELES,LOS ANGELES,-118.29674,33.74333
6990927,2015,2015-08-04,1907,2015-04-01,1145,233,2,3,5,4,1907,0,0,0,NA,0,022,FLORENCE AV,CRAFTON AV,36,W,N,A,-,N,NA,NA,NA,NA,NA,NA,NA,NA,NA,Y,4,0,1,2,A,-,04,21703,NA,N,C,C,A,A,H,-,A,A,0,NA,NA,NA,NA,Y,NA,A,01,0,0,1,0,0,0,0,0,0,-,-,33.96916,-118.17557,LOS ANGELES,BELL,-118.17533749,33.96897277
6990929,2015,2015-08-04,1942,2015-05-01,2020,36065,0541,5,5,7,1942,0,0,0,E,0,5A85,PARK WESTERN DR,VIA SEBASTIAN ST,105,E,N,A,-,N,NA,NA,NA,NA,NA,NA,NA,NA,NA,N,4,0,1,2,A,-,05,21650,NA,N,B,E,A,A,H,-,C,D,0,NA,NA,NA,NA,Y,NA,A,01,0,0,1,0,0,0,0,0,0,-,-,NA,NA,LOS ANGELES,LOS ANGELES,-118.30375,33.75535
6990931,2015,2015-08-04,1907,2015-04-02,1936,235,2,4,5,4,1907,0,0,0,NA,0,NA,GAGE AV,WILCOX AV,54,W,N,A,-,N,NA,NA,NA,NA,NA,NA,NA,NA,NA,N,4,0,2,2,A,-,09,21801,A,N,D,C,A,A,H,-,C,A,0,NA,NA,NA,NA,Y,NA,A,01,0,0,2,0,0,0,0,0,0,-,-,33.97894,-118.18823,LOS ANGELES,BELL,-118.176836,33.97691071
6990935,2015,2015-08-04,1907,2015-04-09,2100,235,2,4,5,4,1907,0,0,0,NA,0,NA,CRAFTON AV,ACACIA ST,15,W,N,A,-,N,NA,NA,NA,NA,NA,NA,NA,NA,NA,N,4,0,1,2,A,-,08,22107,NA,N,B,E,A,A,H,-,C,D,0,NA,NA,NA,NA,Y,NA,A,01,0,0,1,0,0,0,0,0,0,-,-,NA,NA,LOS ANGELES,BELL,-118.1742174,33.97474933
6990937,2015,2015-08-29,1942,2015-07-02,2125,41820,0525,4,5,7,1942,0,0,0,E,0,5A24,ANAHEIM ST,WILMINGTON BL,15,W,N,A,-,N,NA,NA,NA,NA,NA,NA,NA,NA,NA,N,4,0,1,4,A,-,03,22350,NA,N,C,C,A,A,H,-,C,A,0,NA,NA,NA,NA,Y,NA,D,22,0,0,1,0,0,0,0,0,0,-,-,NA,NA,LOS ANGELES,LOS ANGELES,-118.27421917,33.77932741
6990941,2015,2015-08-29,1942,2015-07-03,1155,40436,529,5,5,7,1942,0,0,0,NA,0,5A25,ANAHEIM ST,FLINT AV,0,NA,Y,A,-,N,NA,NA,NA,NA,NA,NA,NA,NA,NA,N,4,0,1,3,A,-,09,21801,A,N,D,C,A,A,H,-,A,A,0,NA,NA,NA,NA,Y,NA,A,01,0,0,1,0,0,0,0,0,0,-,-,NA,NA,LOS ANGELES,LOS ANGELES,-118.24943009,33.78068002
6990945,2014,2015-08-12,1942,2014-01-19,1920,40730,0164,7,5,7,1942,0,0,0,A,0,1T11,7TH ST,SPRING ST,0,NA,Y,A,-,N,NA,NA,NA,NA,NA,NA,NA,NA,NA,N,3,0,1,2,A,-,-,NA,NA,N,B,G,A,A,H,-,C,D,0,NA,Y,NA,NA,Y,NA,I,20,0,1,0,0,0,0,1,0,0,-,-,NA,NA,LOS ANGELES,LOS ANGELES,-118.25233009,34.04454
6990953,2014,2015-07-30,1942,2014-01-28,1845,38233,0413,2,5,7,1942,0,0,0,D,0,1T1W3,E AVENUE 28,GRIFFIN AV,27,W,N,A,-,N,NA,NA,NA,NA,NA,NA,NA,NA,NA,N,4,0,1,3,A,-,01,23152,A,N,C,E,A,A,H,-,C,D,0,NA,NA,NA,NA,Y,Y,A,01,0,0,1,0,0,0,0,0,0,-,-,NA,NA,LOS ANGELES,LOS ANGELES,-118.21196897,34.07925133
6990975,2015,2015-10-21,1942,2015-05-30,2350,41121,0529,6,5,7,1942,0,0,0,E,0,5A59W3,AVALON BL,ANAHEIM ST,10,S,N,B,-,N,NA,NA,NA,NA,NA,NA,NA,NA,NA,Y,4,0,2,2,A,-,09,21801,A,N,A,C,A,A,H,-,C,A,0,NA,NA,NA,NA,Y,NA,A,01,0,0,2,0,0,0,0,0,0,-,-,NA,NA,LOS ANGELES,LOS ANGELES,-118.26244756,33.77995265
6990991,2015,2015-07-31,1942,2015-05-16,1920,35740,1283,6,5,7,1942,0,0,0,L,0,12A3,VAN NESS AV,96TH ST,0,NA,Y,A,-,N,NA,NA,NA,NA,NA,NA,NA,NA,NA,Y,4,0,1,2,A,-,12,21453,A,F,D,C,A,A,H,-,C,A,0,NA,NA,NA,NA,Y,NA,-,99,0,0,1,0,0,0,0,0,0,-,-,NA,NA,LOS ANGELES,LOS ANGELES,-118.31773001,33.94908007
6990992,2015,2015-10-21,1942,2015-05-03,0035,33672,0529,7,5,7,1942,0,0,0,E,0,5A24,ANAHEIM ST,WATSON AV,400,E,N,A,-,N,NA,NA,NA,NA,NA,NA,NA,NA,NA,Y,3,0,1,1,A,-,01,23152,B,N,A,I,A,A,H,-,C,D,0,NA,NA,NA,NA,Y,Y,A,01,0,1,0,0,0,0,0,0,0,-,-,NA,NA,LOS ANGELES,LOS ANGELES,-118.24616029,33.78086284
6990995,2015,2015-07-31,1942,2015-05-26,1020,35046,1207,2,5,7,1942,0,0,0,L,0,12A3,VERMONT AV,51ST ST,0,NA,Y,A,-,N,NA,NA,NA,NA,NA,NA,NA,NA,NA,N,4,0,1,2,A,-,12,22450,NA,F,D,G,A,A,H,-,A,A,0,NA,Y,NA,NA,Y,NA,-,99,0,0,1,0,0,0,1,0,0,-,-,NA,NA,LOS ANGELES,LOS ANGELES,-118.29152,33.996848
6990999,2015,2015-07-31,1942,2015-05-28,1445,25385,1235,4,5,7,1942,0,0,0,L,0,25MQ54,SLAUSON AV,DENKER AV,0,NA,Y,A,-,N,NA,NA,NA,NA,NA,NA,NA,NA,NA,N,4,0,2,2,A,-,03,22350,NA,N,C,C,A,A,H,-,A,A,0,NA,NA,NA,NA,Y,NA,A,01,0,0,2,0,0,0,0,0,0,-,-,NA,NA,LOS ANGELES,LOS ANGELES,-118.30452002,33.98915007
6991003,2015,2016-06-01,1942,2015-05-26,1650,36268,1232,2,5,7,1942,0,0,0,L,0,12A49,SLAUSON AV,11TH AV,28,E,N,A,-,N,NA,NA,NA,NA,NA,NA,NA,NA,NA,N,3,0,1,2,A,-,11,21954,A,N,G,B,D,A,H,-,A,D,0,Y,NA,NA,NA,Y,NA,N,60,0,1,0,0,1,0,0,0,0,-,-,NA,NA,LOS ANGELES,LOS ANGELES,-118.32932781,33.98901
6991007,2015,2015-07-31,1942,2015-05-15,0300,37589,1232,5,5,7,1942,0,0,0,L,0,12A3,SLAUSON AV,WEST BL,30,E,N,A,-,N,NA,NA,NA,NA,NA,NA,NA,NA,NA,N,4,0,1,2,A,-,03,22350,NA,F,G,B,D,A,H,-,C,A,0,Y,NA,NA,NA,Y,NA,-,99,0,0,1,0,1,0,0,0,0,-,-,NA,NA,LOS ANGELES,LOS ANGELES,-118.33514122,33.98899
6991011,2015,2015-08-07,1942,2015-05-26,0950,41481,1218,2,5,7,1942,0,0,0,L,0,NA,HOOVER ST,58TH ST,0,NA,Y,B,-,N,NA,NA,NA,NA,NA,NA,NA,NA,NA,Y,4,0,1,2,A,-,07,21658,A,N,B,C,A,A,H,-,A,D,0,NA,NA,NA,NA,Y,NA,-,-,0,0,1,0,0,0,0,0,0,-,-,NA,NA,LOS ANGELES,LOS ANGELES,-118.28714012,33.98968001
6991015,2015,2016-11-03,1942,2015-05-22,1720,38598,0505,5,5,7,1942,0,0,0,E,0,5A11W2,VERMONT,RT 405,5,S,N,A,-,Y,LA,7,405,-,-,13.473,R,4,N,N,4,0,1,2,A,-,08,22107,NA,N,D,C,A,A,H,-,A,D,0,NA,NA,NA,NA,Y,NA,A,01,0,0,1,0,0,0,0,0,0,-,NO,NA,NA,LOS ANGELES,LOS ANGELES,-118.29260164,33.8598824
6991019,2015,2015-07-31,1942,2015-05-15,1030,41750,0557,5,5,7,1942,0,0,0,E,0,5A55,PACIFIC AV,1ST ST,200,S,N,C,-,N,NA,NA,NA,NA,NA,NA,NA,NA,NA,N,4,0,1,2,A,-,03,22350,NA,N,G,B,F,B,H,-,A,A,0,Y,NA,NA,NA,Y,NA,A,07,0,0,1,0,1,0,0,0,0,-,-,NA,NA,LOS ANGELES,LOS ANGELES,-118.2879,33.74277159
6991023,2015,2015-07-31,1942,2015-05-15,0745,32758,0509,5,5,7,1942,0,0,0,E,0,5A1,WESTERN AV,248TH ST,107,N,N,C,-,N,NA,NA,NA,NA,NA,NA,NA,NA,NA,N,4,0,1,3,A,-,03,22350,NA,N,C,C,A,B,H,-,A,D,0,NA,NA,NA,NA,Y,NA,A,01,0,0,1,0,0,0,0,0,0,-,-,NA,NA,LOS ANGELES,LOS ANGELES,NA,NA
6991027,2015,2015-07-31,1942,2015-05-02,1800,38720,0563,6,5,7,1942,0,0,0,E,0,5A58,CABRILLO AV,13TH ST,100,S,N,A,-,N,NA,NA,NA,NA,NA,NA,NA,NA,NA,N,3,0,1,3,A,-,05,21650,NA,F,D,E,A,A,H,-,A,D,0,NA,NA,NA,NA,Y,NA,-,99,0,1,0,0,0,0,0,0,0,-,-,NA,NA,LOS ANGELES,LOS ANGELES,-118.29460377,33.73214578
6991030,2015,2015-10-05,9525,2015-04-18,1400,20341,NA,6,2,9,1900,0,3,5,NA,2,005,GLENDORA MOUNTAIN RD,BIG DALTON CANYON RD,3,N,N,A,-,N,NA,NA,NA,NA,NA,NA,NA,NA,NA,Y,3,0,1,1,A,-,03,22350,NA,N,F,A,A,A,H,-,A,D,0,NA,NA,Y,NA,Y,NA,C,02,0,1,0,0,0,0,0,0,1,-,-,34.16757,-117.84427,LOS ANGELES,UNINCORPORATED,-117.83664324,34.15585777
6991031,2015,2015-08-06,1942,2015-05-02,1530,41750,0583,6,5,7,1942,0,0,0,E,0,5A55,WESTERN,25TH ST,700,N,N,A,-,N,NA,NA,NA,NA,NA,NA,NA,NA,NA,N,4,0,1,2,A,-,09,21804,A,N,D,C,A,A,H,-,A,A,0,NA,NA,NA,NA,Y,NA,A,01,0,0,1,0,0,0,0,0,0,-,-,NA,NA,LOS ANGELES,LOS ANGELES,-118.30766276,33.79440975
6991035,2015,2015-07-31,1942,2015-05-28,1550,40233,0511,4,5,7,1942,0,0,0,E,0,5A1,WESTERN AV,252ND ST,70,S,N,B,-,N,NA,NA,NA,NA,NA,NA,NA,NA,NA,N,4,0,2,2,A,-,04,21703,NA,N,C,C,A,A,H,-,A,A,0,NA,NA,NA,NA,Y,NA,A,01,0,0,2,0,0,0,0,0,0,-,-,NA,NA,LOS ANGELES,LOS ANGELES,-118.307656,33.795581
6991039,2015,2015-08-12,1942,2015-05-28,1730,41902,HARBO,4,5,7,1942,0,0,0,NA,0,5A12,TORRANCE BL,NORMANDIE AV,0,NA,Y,A,-,N,NA,NA,NA,NA,NA,NA,NA,NA,NA,N,3,0,1,2,A,-,09,21804,A,N,D,G,A,A,H,-,A,A,0,NA,Y,NA,NA,Y,NA,L,04,0,1,0,0,0,0,1,0,0,-,-,NA,NA,LOS ANGELES,LOS ANGELES,-118.29962007,33.84196005
6991041,2015,2015-10-22,9550,2015-05-30,1345,20755,NA,6,1,9,1900,0,3,5,NA,2,001,BROADWAY AV,COOLHURST DR,20,S,N,A,-,N,NA,NA,NA,NA,NA,NA,NA,NA,NA,NA,4,0,1,2,A,-,07,21658,A,N,B,C,A,A,H,-,A,D,0,NA,NA,NA,NA,Y,NA,A,07,0,0,1,0,0,0,0,0,0,-,-,33.9758,-118.06651,LOS ANGELES,UNINCORPORATED,-118.06648213,33.97586787
6991172,2015,2016-11-21,9540,2015-06-20,0550,017983,NA,6,3,9,1900,0,1,3,NA,2,147,RT 14,AGUA DULCE CYN RD,7392,N,N,A,-,Y,LA,7,14,-,-,41.27,H,-,S,Y,4,0,1,1,A,-,08,22107,NA,N,E,I,A,A,H,-,A,D,1,NA,NA,NA,NA,Y,NA,A,01,0,0,1,0,0,0,0,0,0,-,-,34.47425,-118.30813,LOS ANGELES,UNINCORPORATED,-118.30852014,34.47435504
6991174,2015,2016-06-02,1942,2015-06-19,0200,37825,1395,5,5,7,1942,0,0,0,M,0,13A85,GAGE AV,CENTRAL AV,300,W,N,A,-,N,NA,NA,NA,NA,NA,NA,NA,NA,NA,Y,4,0,1,1,A,-,03,22350,NA,F,A,I,A,A,H,-,C,D,0,NA,NA,NA,NA,Y,NA,A,08,0,0,1,0,0,0,0,0,0,-,-,NA,NA,LOS ANGELES,LOS ANGELES,-118.2574437,33.98196
6991185,2015,2015-11-18,1942,2015-06-28,2030,38912,0291,7,5,7,1942,0,0,0,B,0,2A69,VENICE BL,COURTLAND AV,10,W,N,A,-,N,NA,NA,NA,NA,NA,NA,NA,NA,NA,NA,4,0,1,2,A,-,00,26158,A,F,H,C,A,A,H,-,C,A,0,NA,NA,NA,NA,Y,NA,-,99,0,0,1,0,0,0,0,0,0,-,-,NA,NA,LOS ANGELES,LOS ANGELES,-118.28389044,34.0437105
6991190,2015,2015-11-10,1942,2015-06-05,2040,41875,0152,5,5,7,1942,0,0,0,A,0,1A41,OLIVE ST,8TH ST,0,NA,Y,A,-,N,NA,NA,NA,NA,NA,NA,NA,NA,NA,N,4,0,1,2,A,-,03,22350,NA,F,C,C,A,A,E,-,C,A,0,NA,NA,NA,NA,Y,NA,-,99,0,0,1,0,0,0,0,0,0,-,-,NA,NA,LOS ANGELES,LOS ANGELES,-118.25687014,34.04515002
6991204,2015,2016-06-01,1942,2015-05-30,1915,41407,0557,6,5,7,1942,0,0,0,E,0,5XL4,GAFFEY ST,4TH ST,0,NA,Y,A,-,N,NA,NA,NA,NA,NA,NA,NA,NA,NA,N,4,0,1,2,A,-,09,21801,A,N,B,C,A,A,H,-,A,D,0,NA,NA,NA,NA,Y,NA,A,01,0,0,1,0,0,0,0,0,0,-,-,NA,NA,LOS ANGELES,LOS ANGELES,-118.29232005,33.7406201
6991208,2015,2016-11-05,1942,2015-05-28,2040,33852,0516,4,5,7,1942,0,0,0,E,0,5A25,PACIFIC COAST HWY,AVALON BL,20,E,N,A,-,Y,LA,7,1,-,-,10.52,H,-,S,N,4,0,1,2,A,-,11,21956,NA,M,G,B,D,A,B,-,C,A,0,Y,NA,NA,NA,Y,NA,N,60,0,0,1,0,1,0,0,0,0,-,-,NA,NA,LOS ANGELES,LOS ANGELES,-118.26312528,33.79111558
6991212,2015,2015-08-01,1953,2015-06-16,1446,9296,NA,2,5,6,1953,0,0,0,NA,0,NA,FAIR OAKS AV,FILLMORE ST,0,NA,Y,A,-,N,NA,NA,NA,NA,NA,NA,NA,NA,NA,N,4,0,1,2,A,-,09,21801,A,N,D,C,A,A,H,-,A,A,0,NA,NA,Y,NA,Y,NA,A,01,0,0,1,0,0,0,0,0,1,-,-,NA,NA,LOS ANGELES,PASADENA,-118.15037006,34.13294003
6991216,2015,2015-08-01,1953,2015-06-22,1233,3775,NA,1,5,6,1953,0,0,0,NA,0,NA,UNION ST,OAK KNOLL AV,0,NA,Y,A,-,N,NA,NA,NA,NA,NA,NA,NA,NA,NA,N,4,0,2,2,A,-,08,22107,NA,N,B,C,A,A,H,-,A,A,0,NA,NA,NA,NA,Y,NA,A,01,0,0,2,0,0,0,0,0,0,-,-,NA,NA,LOS ANGELES,PASADENA,-118.13534008,34.14775009
6991220,2015,2015-08-01,1953,2015-06-25,0810,3775,NA,4,5,6,1953,0,0,0,NA,0,NA,FAIR OAKS AV,DEL MAR BL,0,NA,Y,A,-,N,NA,NA,NA,NA,NA,NA,NA,NA,NA,Y,3,0,1,3,A,-,09,21801,A,N,-,C,A,A,H,-,A,A,0,NA,NA,NA,NA,Y,NA,A,01,0,1,0,0,0,0,0,0,0,-,-,NA,NA,LOS ANGELES,PASADENA,-118.15043001,34.1406201