CASE_ID,ACCIDENT_YEAR,PROC_DATE,JURIS,COLLISION_DATE,COLLISION_TIME,OFFICER_ID,REPORTING_DISTRICT,DAY_OF_WEEK,CHP_SHIFT,POPULATION,CNTY_CITY_LOC,SPECIAL_COND,BEAT_TYPE,CHP_BEAT_TYPE,CITY_DIVISION_LAPD,CHP_BEAT_CLASS,BEAT_NUMBER,PRIMARY_RD,SECONDARY_RD,DISTANCE,DIRECTION,INTERSECTION,WEATHER_1,WEATHER_2,STATE_HWY_IND,CALTRANS_COUNTY,CALTRANS_DISTRICT,STATE_ROUTE,ROUTE_SUFFIX,POSTMILE_PREFIX,POSTMILE,LOCATION_TYPE,RAMP_INTERSECTION,SIDE_OF_HWY,TOW_AWAY,COLLISION_SEVERITY,NUMBER_KILLED,NUMBER_INJURED,PARTY_COUNT,PRIMARY_COLL_FACTOR,PCF_CODE_OF_VIOL,PCF_VIOL_CATEGORY,PCF_VIOLATION,PCF_VIOL_SUBSECTION,HIT_AND_RUN,TYPE_OF_COLLISION,MVIW,PED_ACTION,ROAD_SURFACE,ROAD_COND_1,ROAD_COND_2,LIGHTING,CONTROL_DEVICE,CHP_ROAD_TYPE,PEDESTRIAN_ACCIDENT,BICYCLE_ACCIDENT,MOTORCYCLE_ACCIDENT,TRUCK_ACCIDENT,NOT_PRIVATE_PROPERTY,ALCOHOL_INVOLVED,STWD_VEHTYPE_AT_FAULT,CHP_VEHTYPE_AT_FAULT,COUNT_SEVERE_INJ,COUNT_VISIBLE_INJ,COUNT_COMPLAINT_PAIN,COUNT_PED_KILLED,COUNT_PED_INJURED,COUNT_BICYCLIST_KILLED,COUNT_BICYCLIST_INJURED,COUNT_MC_KILLED,COUNT_MC_INJURED,PRIMARY_RAMP,SECONDARY_RAMP,LATITUDE,LONGITUDE,COUNTY,CITY,POINT_X,POINT_Y
6993233,2015,2017-01-09,9530,2015-07-16,1720,17860,NA,4,2,6,1972,0,1,1,NA,2,400,RT 405,YUKON AV,528,S,N,A,-,Y,LA,7,405,-,-,15.88,H,-,S,Y,4,0,2,2,A,-,03,22350,NA,N,C,C,A,A,H,-,A,D,1,NA,NA,NA,NA,Y,NA,A,01,0,0,2,0,0,0,0,0,0,-,-,33.86654,-118.33368,LOS ANGELES,TORRANCE,-118.33330191,33.86652115
6993234,2015,2015-08-04,1900,2015-07-13,1638,522953,0524,1,5,4,1971,0,0,0,NA,0,52T1PM,LOWER AZUSA RD,FIESTA AV,0,NA,Y,A,-,N,NA,NA,NA,NA,NA,NA,NA,NA,NA,Y,4,0,1,3,A,-,04,21703,NA,M,C,C,A,A,H,-,A,D,0,NA,NA,NA,NA,Y,NA,A,01,0,0,1,0,0,0,0,0,0,-,-,NA,NA,LOS ANGELES,TEMPLE CITY,-118.05918005,34.08921003
6993237,2015,2017-01-11,9530,2015-07-01,0856,21059,NA,3,1,9,1900,0,1,1,NA,2,120,RT 110,RT 405,986,N,N,B,-,Y,LA,7,110,-,-,8.96,H,-,S,N,4,0,2,3,A,-,03,22350,NA,N,C,C,A,A,H,-,A,D,1,NA,NA,NA,NA,Y,NA,A,01,0,0,2,0,0,0,0,0,0,-,-,33.85888,-118.28502,LOS ANGELES,UNINCORPORATED,-118.28494591,33.85969183
6993238,2015,2015-08-04,1900,2015-07-06,1512,486595,0560,1,5,3,1968,0,0,0,NA,0,55T1AM,RUSH ST,CENTRAL AV,0,NA,Y,A,-,N,NA,NA,NA,NA,NA,NA,NA,NA,NA,Y,3,0,3,3,A,-,08,22100,B,N,A,D,A,A,H,-,A,A,0,NA,NA,NA,NA,Y,NA,A,01,0,1,2,0,0,0,0,0,0,-,-,NA,NA,LOS ANGELES,SOUTH EL MONTE,-118.04693003,34.05185005
6993241,2015,2017-03-29,9530,2015-07-09,2115,20787,NA,4,2,9,1900,0,3,5,NA,2,002,IMPERIAL HWY,SLATER ST,350,E,N,A,-,N,NA,NA,NA,NA,NA,NA,NA,NA,NA,N,1,1,0,2,A,-,11,21954,A,N,G,B,D,A,H,-,C,D,0,Y,NA,NA,NA,Y,Y,N,60,0,0,0,1,0,0,0,0,0,-,-,33.92949,-118.25195,LOS ANGELES,UNINCORPORATED,-118.251056,33.929465
6993242,2015,2015-08-05,1900,2015-07-14,1818,522953,0521,2,5,4,1971,0,0,0,NA,0,52T1PM,LAS TUNAS DR,GOLDEN WEST AV,0,NA,Y,A,-,N,NA,NA,NA,NA,NA,NA,NA,NA,NA,Y,3,0,2,2,A,-,12,21453,A,N,D,C,A,A,H,-,A,A,0,NA,NA,NA,NA,Y,NA,A,01,0,1,1,0,0,0,0,0,0,-,-,NA,NA,LOS ANGELES,TEMPLE CITY,-118.05656005,34.10730007
6993246,2015,2015-08-05,1941,2015-07-15,0231,10063,NA,3,5,7,1941,0,0,0,NA,0,NA,MARKET ST,ORANGE AV,0,NA,Y,A,-,N,NA,NA,NA,NA,NA,NA,NA,NA,NA,Y,4,0,1,2,A,-,01,23153,B,N,A,C,A,A,H,-,C,A,0,NA,NA,NA,NA,Y,Y,A,NA,0,0,1,0,0,0,0,0,0,-,-,NA,NA,LOS ANGELES,LONG BEACH,-118.17726003,33.85437001
6993250,2015,2015-08-05,9530,2015-07-04,1055,21041,NA,6,1,9,1900,0,3,5,NA,2,001,62ND ST,MAKEE AV,0,NA,Y,A,-,N,NA,NA,NA,NA,NA,NA,NA,NA,NA,Y,3,0,1,2,A,-,09,21802,A,N,D,C,A,A,H,-,A,A,0,NA,NA,Y,NA,Y,NA,A,07,0,1,0,0,0,0,0,0,1,-,-,33.98387,-118.24655,LOS ANGELES,UNINCORPORATED,-118.24655006,33.98387005
6993254,2015,2015-08-05,9530,2015-07-07,0725,16110,NA,2,1,9,1900,0,3,5,NA,2,002,EL SEGUNDO BL,MAIN ST,0,NA,Y,B,-,N,NA,NA,NA,NA,NA,NA,NA,NA,NA,Y,4,0,1,2,A,-,09,21801,A,N,A,C,A,A,H,-,A,A,0,NA,NA,NA,NA,Y,NA,A,01,0,0,1,0,0,0,0,0,0,-,-,33.91668,-118.27406,LOS ANGELES,UNINCORPORATED,-118.41595012,33.9163701
6993376,2015,2015-11-18,1941,2015-07-08,2215,6066,NA,3,5,7,1941,0,0,0,NA,0,NA,JUNIPERO AV,SPALDING,40,N,N,A,-,N,NA,NA,NA,NA,NA,NA,NA,NA,NA,Y,4,0,1,3,A,-,08,22107,NA,N,B,C,A,A,H,-,C,A,0,NA,NA,NA,NA,Y,NA,A,NA,0,0,1,0,0,0,0,0,0,-,-,NA,NA,LOS ANGELES,LONG BEACH,-118.16334,33.78542969
6993512,2015,2015-07-30,1975,2015-06-29,1453,353,NA,1,5,6,1975,0,0,0,NA,0,004,VALINDA AV,MERCED AV,0,NA,Y,A,-,N,NA,NA,NA,NA,NA,NA,NA,NA,NA,Y,3,0,1,2,A,-,09,21801,A,N,D,C,A,A,H,-,A,A,0,NA,NA,NA,NA,Y,NA,-,NA,0,1,0,0,0,0,0,0,0,-,-,NA,NA,LOS ANGELES,WEST COVINA,-117.92554007,34.05399002
6993513,2015,2015-07-30,1975,2015-06-28,1951,401,NA,7,5,6,1975,0,0,0,NA,0,004,VALINDA AV,SERVICE AV,300,S,N,A,-,N,NA,NA,NA,NA,NA,NA,NA,NA,NA,N,4,0,1,2,A,-,09,21804,NA,N,D,G,A,A,H,-,B,A,0,NA,Y,NA,NA,Y,NA,-,NA,0,0,1,0,0,0,1,0,0,-,-,NA,NA,LOS ANGELES,WEST COVINA,-117.92537924,34.0640677
6993514,2015,2015-07-30,1975,2015-06-26,2240,423,NA,5,5,6,1975,0,0,0,NA,0,004,AZUSA AV,MERCED AV,200,N,N,A,-,N,NA,NA,NA,NA,NA,NA,NA,NA,NA,Y,4,0,2,2,A,-,03,22350,NA,N,C,D,A,A,H,-,C,D,0,NA,NA,NA,NA,Y,NA,-,NA,0,0,2,0,0,0,0,0,0,-,-,NA,NA,LOS ANGELES,WEST COVINA,-117.90803816,34.05439829
6993515,2015,2015-07-30,1975,2015-06-25,1314,353,NA,4,5,6,1975,0,0,0,NA,0,003,CALIFORNIA AV,CAMERON AV,0,NA,Y,A,-,N,NA,NA,NA,NA,NA,NA,NA,NA,NA,Y,3,0,3,2,A,-,09,21801,A,N,D,C,A,A,H,-,A,A,0,NA,NA,NA,NA,Y,NA,-,NA,0,2,1,0,0,0,0,0,0,-,-,NA,NA,LOS ANGELES,WEST COVINA,-117.93495003,34.06392006
6993516,2015,2015-07-30,1975,2015-06-14,0034,423,NA,7,5,6,1975,0,0,0,NA,0,003,WEST COVINA PKWY,CALIFORNIA AV,200,W,N,A,-,N,NA,NA,NA,NA,NA,NA,NA,NA,NA,Y,3,0,1,1,A,-,-,NA,NA,F,E,I,A,A,H,-,C,D,0,NA,NA,NA,NA,Y,NA,-,NA,0,1,0,0,0,0,0,0,0,-,-,NA,NA,LOS ANGELES,WEST COVINA,-117.93091641,34.06870475
6993604,2015,2016-07-26,1900,2015-07-03,2025,101944,0451,5,5,6,1949,0,0,0,NA,0,43T11P,PIONEER BL,RT 5,145,N,N,A,-,N,NA,NA,NA,NA,NA,NA,NA,NA,NA,N,3,0,1,2,A,-,09,21804,A,N,D,G,A,A,H,-,C,D,0,NA,Y,NA,NA,Y,Y,L,04,0,1,0,0,0,0,1,0,0,-,-,NA,NA,LOS ANGELES,NORWALK,-118.08187388,33.92046756
6993605,2015,2015-09-01,1900,2015-07-06,1910,489533,0459,1,5,6,1949,0,0,0,NA,0,45T1,LIGGETT ST,GRACEBEE AV,20,W,N,A,-,N,NA,NA,NA,NA,NA,NA,NA,NA,NA,Y,4,0,1,2,A,-,11,21954,A,N,G,B,E,A,H,-,A,D,0,Y,NA,NA,NA,Y,NA,N,60,0,0,1,0,1,0,0,0,0,-,-,NA,NA,LOS ANGELES,NORWALK,-118.05448576,33.90143928
6993606,2015,2015-09-01,1900,2015-07-07,1555,489533,0455,2,5,6,1949,0,0,0,NA,0,45T1,BARNWALL ST,STUDEBAKER RD,0,NA,Y,A,-,N,NA,NA,NA,NA,NA,NA,NA,NA,NA,N,4,0,1,2,A,-,10,21950,A,N,G,B,B,A,H,-,A,A,0,Y,NA,NA,NA,Y,NA,A,07,0,0,1,0,1,0,0,0,0,-,-,NA,NA,LOS ANGELES,NORWALK,-118.10001009,33.89115007
6993607,2015,2015-09-01,1900,2015-07-11,1520,517022,0465,6,5,4,1936,0,0,0,NA,0,46T1PM,ALONDA BL,STAGE RD,0,NA,Y,A,-,N,NA,NA,NA,NA,NA,NA,NA,NA,NA,Y,3,0,2,2,A,-,09,21801,A,N,D,C,A,A,H,-,A,A,0,NA,NA,NA,NA,Y,NA,A,01,0,1,1,0,0,0,0,0,0,-,-,NA,NA,LOS ANGELES,LA MIRADA,-118.01195012,33.88818009
6993615,2015,2015-08-29,1941,2015-07-08,0944,5839,NA,3,5,7,1941,0,0,0,NA,0,NA,4TH ST,ELM AV,0,NA,Y,A,-,N,NA,NA,NA,NA,NA,NA,NA,NA,NA,N,4,0,1,2,A,-,10,21950,A,N,G,B,B,A,H,-,A,A,0,Y,NA,NA,NA,Y,NA,A,NA,0,0,1,0,1,0,0,0,0,-,-,NA,NA,LOS ANGELES,LONG BEACH,-118.18765003,33.77173003
6993616,2015,2015-08-29,1941,2015-07-08,1303,5839,NA,3,5,7,1941,0,0,0,NA,0,NA,OCEAN BL,PACIFIC AV,0,NA,Y,A,-,N,NA,NA,NA,NA,NA,NA,NA,NA,NA,Y,4,0,1,3,A,-,03,22350,NA,N,C,C,A,A,H,-,A,A,0,NA,NA,NA,NA,Y,NA,A,NA,0,0,1,0,0,0,0,0,0,-,-,NA,NA,LOS ANGELES,LONG BEACH,-118.19374004,33.76717002
6993617,2015,2015-08-29,1941,2015-07-07,1817,5825,NA,2,5,7,1941,0,0,0,NA,0,NA,EAST 7TH ST,E PARK AV,10,W,N,A,-,N,NA,NA,NA,NA,NA,NA,NA,NA,NA,Y,4,0,1,2,A,-,09,21801,A,N,D,C,A,A,H,-,A,A,0,NA,NA,NA,NA,Y,NA,-,NA,0,0,1,0,0,0,0,0,0,-,-,NA,NA,LOS ANGELES,LONG BEACH,-118.13750284,33.77536
6993618,2015,2015-08-29,1941,2015-07-09,1500,10052,NA,4,5,7,1941,0,0,0,NA,0,NA,PALO VERDE AV,BARBANELL ST,528,N,N,A,-,N,NA,NA,NA,NA,NA,NA,NA,NA,NA,N,4,0,1,2,A,-,05,21650,1,N,D,G,A,A,H,-,A,D,0,NA,Y,NA,NA,Y,NA,L,NA,0,0,1,0,0,0,1,0,0,-,-,NA,NA,LOS ANGELES,LONG BEACH,-118.10792153,33.80670782
6993619,2015,2015-08-29,1941,2015-07-07,1800,5150,NA,2,5,7,1941,0,0,0,NA,0,NA,W WARDLOW RD,SEABRIGHT AV,220,E,N,A,-,N,NA,NA,NA,NA,NA,NA,NA,NA,NA,N,4,0,1,2,A,-,09,21802,A,N,D,C,A,A,H,-,A,D,0,NA,NA,NA,NA,Y,NA,A,NA,0,0,1,0,0,0,0,0,0,-,-,NA,NA,LOS ANGELES,LONG BEACH,-118.21703712,33.8243814
6993629,2015,2015-08-29,1941,2015-07-13,1100,5555,NA,1,5,7,1941,0,0,0,NA,0,NA,HARDING ST,ROSE AV,0,NA,Y,A,-,N,NA,NA,NA,NA,NA,NA,NA,NA,NA,N,4,0,1,2,-,-,-,NA,NA,N,G,-,-,A,H,-,A,D,0,Y,NA,NA,NA,Y,NA,-,-,0,0,1,0,1,0,0,0,0,-,-,NA,NA,LOS ANGELES,LONG BEACH,-118.17085007,33.86737004
6993630,2015,2017-01-14,1941,2015-07-08,1115,610,NA,3,5,7,1941,0,0,0,NA,0,NA,LONG BEACH BL,RT 91,0,NA,Y,B,-,Y,LA,7,91,-,R,11.272,R,4,W,Y,4,0,1,2,A,-,12,21453,NA,N,D,C,A,A,H,-,A,A,0,NA,NA,NA,NA,Y,NA,-,-,0,0,1,0,0,0,0,0,0,-,-,NA,NA,LOS ANGELES,LONG BEACH,-118.19966388,33.87313276
6993631,2015,2015-08-29,1941,2015-07-10,0941,10672,NA,5,5,7,1941,0,0,0,NA,0,NA,BIXBY RD,ELM AV,0,NA,Y,A,-,N,NA,NA,NA,NA,NA,NA,NA,NA,NA,N,4,0,1,2,A,-,17,22517,NA,N,-,G,A,A,H,-,A,D,0,NA,Y,NA,NA,Y,NA,A,NA,0,0,1,0,0,0,1,0,0,-,-,NA,NA,LOS ANGELES,LONG BEACH,-118.1879801,33.82671007
6993632,2015,2016-07-20,1941,2015-07-05,0024,10147,NA,7,5,7,1941,0,0,0,NA,0,NA,RT 710,UTILITY POLE YE1118,120,N,N,A,-,N,NA,NA,NA,NA,NA,NA,NA,NA,NA,Y,2,0,1,1,A,-,03,22350,NA,N,E,I,A,A,H,-,C,D,0,NA,NA,Y,NA,Y,NA,-,-,1,0,0,0,0,0,0,0,1,-,-,NA,NA,LOS ANGELES,LONG BEACH,NA,NA
6993633,2015,2015-08-29,1941,2015-07-13,0858,6209,NA,1,5,7,1941,0,0,0,NA,0,NA,LIME AV,MARKET ST,193,N,N,A,-,N,NA,NA,NA,NA,NA,NA,NA,NA,NA,N,4,0,1,2,A,-,09,21804,A,N,D,C,A,A,H,-,A,D,0,NA,NA,NA,NA,Y,NA,A,NA,0,0,1,0,0,0,0,0,0,-,-,NA,NA,LOS ANGELES,LONG BEACH,-118.18397563,33.85487924
6993634,2015,2015-08-29,1941,2015-07-11,1434,10049,NA,6,5,7,1941,0,0,0,NA,0,NA,W PCH,CHESTNUT AV,0,NA,Y,A,-,N,NA,NA,NA,NA,NA,NA,NA,NA,NA,N,4,0,1,2,D,-,00,NA,NA,N,D,G,A,A,H,-,A,D,0,NA,Y,NA,NA,Y,NA,-,-,0,0,1,0,0,0,1,0,0,-,-,NA,NA,LOS ANGELES,LONG BEACH,-118.19641003,33.78987007
6993635,2015,2015-08-29,1941,2015-07-12,1041,6263,NA,7,5,7,1941,0,0,0,NA,0,NA,1ST ST,SANTA ANA AV,0,NA,Y,A,-,N,NA,NA,NA,NA,NA,NA,NA,NA,NA,N,4,0,1,2,-,-,-,NA,NA,N,C,B,E,A,H,-,A,D,0,Y,NA,NA,NA,Y,NA,-,-,0,0,1,0,1,0,0,0,0,-,-,NA,NA,LOS ANGELES,LONG BEACH,-118.13331,33.75580007
6993636,2015,2016-07-19,1941,2015-07-12,0834,10053,NA,7,5,7,1941,0,0,0,NA,0,NA,4TH ST,LOMA AV,0,NA,Y,A,-,N,NA,NA,NA,NA,NA,NA,NA,NA,NA,N,4,0,1,2,A,-,09,21802,A,N,H,A,A,A,H,-,A,A,0,NA,NA,Y,NA,Y,NA,A,NA,0,0,1,0,0,0,0,0,1,-,-,NA,NA,LOS ANGELES,LONG BEACH,-118.15027012,33.77170006
6993637,2015,2015-08-29,1941,2015-07-07,2350,10003,NA,2,5,7,1941,0,0,0,NA,0,NA,7TH ST,WALNUT,22,E,N,A,-,N,NA,NA,NA,NA,NA,NA,NA,NA,NA,N,4,0,1,2,-,-,-,NA,NA,N,G,B,B,A,H,-,C,A,0,Y,NA,NA,NA,Y,NA,-,-,0,0,1,0,1,0,0,0,0,-,-,NA,NA,LOS ANGELES,LONG BEACH,-118.17195776,33.77535
6993638,2015,2015-08-29,1941,2015-07-11,1904,10659,NA,6,5,7,1941,0,0,0,NA,0,NA,10TH ST,MAGNOLIA AV,94,W,N,A,-,N,NA,NA,NA,NA,NA,NA,NA,NA,NA,Y,3,0,2,2,A,-,21,22106,NA,N,D,C,A,A,H,-,A,D,0,NA,NA,NA,NA,Y,NA,A,NA,0,1,1,0,0,0,0,0,0,-,-,NA,NA,LOS ANGELES,LONG BEACH,-118.19834852,33.77898881
6993639,2015,2015-08-29,1941,2015-07-10,2109,10120,NA,5,5,7,1941,0,0,0,NA,0,NA,7TH ST,PACIFIC AV,0,NA,Y,A,-,N,NA,NA,NA,NA,NA,NA,NA,NA,NA,Y,4,0,2,2,A,-,12,21453,A,N,D,C,A,A,H,-,C,A,0,NA,NA,NA,NA,Y,NA,-,-,0,0,2,0,0,0,0,0,0,-,-,NA,NA,LOS ANGELES,LONG BEACH,-118.1937301,33.77536001
6993640,2015,2015-08-29,1941,2015-07-09,1100,6145,NA,4,5,7,1941,0,0,0,NA,0,NA,4TH ST,LONG BEACH BL,0,NA,Y,A,-,N,NA,NA,NA,NA,NA,NA,NA,NA,NA,Y,4,0,1,2,A,-,12,21453,A,N,D,C,A,A,H,-,A,A,0,NA,NA,NA,NA,Y,NA,A,NA,0,0,1,0,0,0,0,0,0,-,-,NA,NA,LOS ANGELES,LONG BEACH,-118.18948002,33.7717301
6993641,2015,2015-07-31,1941,2015-07-10,0844,5761,NA,5,5,7,1941,0,0,0,NA,0,NA,WILLOW AV,FASHION AV,120,E,N,A,-,N,NA,NA,NA,NA,NA,NA,NA,NA,NA,N,4,0,1,2,A,-,09,21804,A,N,-,G,A,A,H,-,A,A,0,NA,Y,NA,NA,Y,NA,A,NA,0,0,1,0,0,0,1,0,0,-,-,NA,NA,LOS ANGELES,LONG BEACH,-118.20856579,33.80439
6993642,2015,2015-07-31,1941,2015-07-01,1801,5971,NA,3,5,7,1941,0,0,0,NA,0,NA,ANAHEIM ST,CANAL AV,0,NA,Y,B,-,N,NA,NA,NA,NA,NA,NA,NA,NA,NA,N,3,0,1,3,A,-,09,21802,A,N,D,C,A,A,H,-,A,D,0,NA,NA,NA,NA,Y,NA,A,NA,0,1,0,0,0,0,0,0,0,-,-,NA,NA,LOS ANGELES,LONG BEACH,-118.21383002,33.7827101
6993643,2015,2015-07-31,1941,2015-07-13,0229,10575,NA,1,5,7,1941,0,0,0,NA,0,NA,ARTESIA BL,ATLANTIC AV,346,E,N,A,-,N,NA,NA,NA,NA,NA,NA,NA,NA,NA,Y,3,0,2,1,A,-,08,22107,NA,N,E,I,A,A,H,-,C,D,0,NA,NA,NA,NA,Y,Y,D,NA,0,2,0,0,0,0,0,0,0,-,-,NA,NA,LOS ANGELES,LONG BEACH,-118.18505179,33.87438364
6993662,2015,2015-07-31,1942,2015-07-16,2245,36733,1516,4,5,7,1942,0,0,0,O,0,15T45,VANOWEN ST,CAMELLIA AV,20,E,N,A,-,N,NA,NA,NA,NA,NA,NA,NA,NA,NA,N,4,0,1,2,A,-,07,21658,A,F,B,C,A,A,H,-,C,D,0,NA,NA,NA,NA,Y,NA,-,99,0,0,1,0,0,0,0,0,0,-,-,NA,NA,LOS ANGELES,LOS ANGELES,-118.38226399,34.19394
6993663,2015,2015-08-14,1942,2015-07-16,2200,36733,1679,4,5,7,1942,0,0,0,P,0,15T45,LA TUNA CANYON RD,ELBEN AV,2000,N,N,A,-,N,NA,NA,NA,NA,NA,NA,NA,NA,NA,Y,4,0,1,2,A,-,-,NA,NA,F,H,C,A,A,H,-,A,-,0,NA,NA,NA,NA,Y,NA,-,99,0,0,1,0,0,0,0,0,0,-,-,NA,NA,LOS ANGELES,LOS ANGELES,-118.33507,34.23636
6993664,2015,2015-07-31,1942,2015-07-19,1940,40639,1018,7,5,7,1942,0,0,0,J,0,21T61,SATICOY ST,DENSMORE AV,0,NA,Y,C,-,N,NA,NA,NA,NA,NA,NA,NA,NA,NA,Y,4,0,1,2,A,-,01,23152,A,N,D,C,A,B,H,-,C,A,0,NA,NA,NA,NA,Y,Y,A,01,0,0,1,0,0,0,0,0,0,-,-,NA,NA,LOS ANGELES,LOS ANGELES,-118.47713002,34.20845011
6993665,2015,2015-07-30,1942,2015-07-17,1505,40193,1004,5,5,7,1942,0,0,0,J,0,17TL14,LINDLEY AV,KESWICK ST,70,S,N,A,-,N,NA,NA,NA,NA,NA,NA,NA,NA,NA,Y,3,0,3,4,A,-,01,23152,A,N,B,C,A,A,H,-,A,D,0,NA,NA,NA,NA,Y,NA,A,01,0,1,2,0,0,0,0,0,0,-,-,NA,NA,LOS ANGELES,LOS ANGELES,-118.527334,34.21048805
6993666,2015,2015-07-30,1942,2015-07-18,1750,38995,0905,6,5,7,1942,0,0,0,I,0,9TL56,SATICOY ST,VAN NUYS BL,0,NA,Y,C,-,N,NA,NA,NA,NA,NA,NA,NA,NA,NA,Y,4,0,2,2,A,-,09,21801,A,N,A,C,A,B,D,-,A,A,0,NA,NA,NA,NA,Y,NA,A,01,0,0,2,0,0,0,0,0,0,-,-,NA,NA,LOS ANGELES,LOS ANGELES,-118.44878004,34.20846005
6993667,2015,2015-07-30,1942,2015-07-15,0845,30452,0926,3,5,7,1942,0,0,0,I,0,9TL53,VICTORY BL,RANCHITO AV,180,E,N,B,-,N,NA,NA,NA,NA,NA,NA,NA,NA,NA,N,4,0,3,3,A,-,04,21703,NA,N,C,C,A,A,H,-,A,D,0,NA,NA,NA,NA,Y,NA,A,01,0,0,3,0,0,0,0,0,0,-,-,NA,NA,LOS ANGELES,LOS ANGELES,-118.43503589,34.18667
6993668,2015,2015-08-12,1942,2015-07-17,1440,40141,0926,5,5,7,1942,0,0,0,I,0,19TL74,WOODMAN AV,VANOWEN ST,0,NA,Y,A,-,N,NA,NA,NA,NA,NA,NA,NA,NA,NA,N,4,0,2,2,A,-,12,21453,A,N,D,C,A,A,H,-,A,A,0,NA,NA,NA,NA,Y,NA,-,-,0,0,2,0,0,0,0,0,0,-,-,NA,NA,LOS ANGELES,LOS ANGELES,-118.43127013,34.19394008
6993669,2015,2015-07-30,1942,2015-07-17,1810,31652,0989,5,5,7,1942,0,0,0,I,0,19T73,VENTURA BL,VENTURA CANYON AV,55,E,N,A,-,N,NA,NA,NA,NA,NA,NA,NA,NA,NA,N,4,0,1,2,A,-,11,21954,A,N,G,B,D,A,H,-,A,D,0,Y,NA,NA,NA,Y,NA,N,60,0,0,1,0,1,0,0,0,0,-,-,NA,NA,LOS ANGELES,LOS ANGELES,-118.42943394,34.1477136
6993670,2015,2015-07-30,1942,2015-07-17,2245,38980,0914,5,5,7,1942,0,0,0,I,0,9T53,KESTER AV,HARTLAND ST,20,N,N,A,-,N,NA,NA,NA,NA,NA,NA,NA,NA,NA,N,4,0,1,2,A,-,08,22102,NA,N,D,C,A,A,H,-,C,D,0,NA,NA,NA,NA,Y,NA,A,07,0,0,1,0,0,0,0,0,0,-,-,NA,NA,LOS ANGELES,LOS ANGELES,-118.45745062,34.19533486
6993671,2015,2015-07-30,1942,2015-07-17,2125,38185,1017,5,5,7,1942,0,0,0,J,0,15T45,WHITE OAK AV,SATICOY ST,0,NA,Y,A,-,N,NA,NA,NA,NA,NA,NA,NA,NA,NA,Y,3,0,1,2,A,-,09,21801,A,N,D,C,A,A,H,-,C,A,0,NA,NA,Y,NA,Y,NA,A,01,0,1,0,0,0,0,0,0,1,-,-,NA,NA,LOS ANGELES,LOS ANGELES,-118.51860001,34.20841011
6993672,2015,2015-07-30,1942,2015-07-17,1830,41198,1031,5,5,7,1942,0,0,0,J,0,10T35,VICTORY BL,TAMPA AV,143,W,N,A,-,N,NA,NA,NA,NA,NA,NA,NA,NA,NA,Y,3,0,2,2,A,-,09,21804,A,N,D,C,A,A,H,-,A,A,0,NA,NA,NA,NA,Y,NA,A,01,0,2,0,0,0,0,0,0,0,-,-,NA,NA,LOS ANGELES,LOS ANGELES,-118.55396204,34.18657
6993673,2015,2015-07-30,1942,2015-07-11,0950,30452,1061,6,5,7,1942,0,0,0,J,0,9TL53,AURA AV,VENTURA BL,227,S,N,A,-,N,NA,NA,NA,NA,NA,NA,NA,NA,NA,Y,2,0,1,3,C,-,18,NA,NA,N,D,E,A,A,H,-,A,D,0,NA,NA,NA,NA,Y,NA,-,-,1,0,0,0,0,0,0,0,0,-,-,NA,NA,LOS ANGELES,LOS ANGELES,-118.55458902,34.17206729
6993675,2015,2015-07-30,1942,2015-07-18,0915,36257,1535,6,5,7,1942,0,0,0,O,0,15TL45,LANKERSHIM BL,COLLINS ST,3,S,N,B,-,N,NA,NA,NA,NA,NA,NA,NA,NA,NA,N,4,0,1,2,A,-,09,21804,A,N,D,G,A,B,D,H,A,A,0,NA,Y,NA,NA,Y,NA,A,01,0,0,1,0,0,0,1,0,0,-,-,NA,NA,LOS ANGELES,LOS ANGELES,-118.38009564,34.17396261
6993676,2015,2015-07-30,1942,2015-07-19,1250,39192,1548,7,5,7,1942,0,0,0,O,0,15TL46,BAKMAN AV,WEDDINGTON ST,0,NA,Y,B,-,N,NA,NA,NA,NA,NA,NA,NA,NA,NA,N,3,0,1,2,A,-,12,22450,A,N,D,C,A,A,H,-,A,A,0,NA,NA,NA,NA,Y,NA,A,01,0,1,0,0,0,0,0,0,0,-,-,NA,NA,LOS ANGELES,LOS ANGELES,-118.3773901,34.16700002
6993685,2015,2016-11-04,9550,2015-05-26,0720,20741,NA,2,1,3,1964,0,1,1,NA,2,650,RT 605,TELEGRAPH RD,250,N,N,B,-,Y,LA,7,605,-,R,10.36,H,-,S,Y,3,0,1,2,A,-,03,22350,NA,N,C,C,A,A,H,-,A,D,1,NA,NA,NA,NA,Y,NA,D,22,0,1,0,0,0,0,0,0,0,-,-,33.94961,-118.09233,LOS ANGELES,SANTA FE SPRINGS,-118.09131897,33.95102066
6993688,2015,2016-12-08,9550,2015-05-26,1510,20741,NA,2,2,9,1900,0,1,1,NA,2,650,RT 605,SARAGOSA ST,1200,N,N,A,-,Y,LA,7,605,-,R,12.69,H,-,S,Y,4,0,2,2,A,-,03,22350,NA,N,C,C,A,A,H,-,A,D,1,NA,NA,NA,NA,Y,NA,D,22,0,0,2,0,0,0,0,0,0,-,-,33.97948,-118.07747,LOS ANGELES,UNINCORPORATED,-118.0749628,33.98173944
6993690,2015,2016-12-12,9550,2015-05-27,1555,019421,NA,3,2,9,1900,0,1,3,NA,2,601,RT 60,AZUSA AV,750,W,N,A,-,Y,LA,7,60,-,-,17.82,H,-,E,Y,3,0,1,3,A,-,03,22350,NA,N,C,C,A,A,H,-,A,D,1,NA,NA,NA,Y,Y,NA,G,25,0,1,0,0,0,0,0,0,0,-,-,33.99785,-117.93528,LOS ANGELES,UNINCORPORATED,-117.9337106,33.99740082