CASE_ID,ACCIDENT_YEAR,PROC_DATE,JURIS,COLLISION_DATE,COLLISION_TIME,OFFICER_ID,REPORTING_DISTRICT,DAY_OF_WEEK,CHP_SHIFT,POPULATION,CNTY_CITY_LOC,SPECIAL_COND,BEAT_TYPE,CHP_BEAT_TYPE,CITY_DIVISION_LAPD,CHP_BEAT_CLASS,BEAT_NUMBER,PRIMARY_RD,SECONDARY_RD,DISTANCE,DIRECTION,INTERSECTION,WEATHER_1,WEATHER_2,STATE_HWY_IND,CALTRANS_COUNTY,CALTRANS_DISTRICT,STATE_ROUTE,ROUTE_SUFFIX,POSTMILE_PREFIX,POSTMILE,LOCATION_TYPE,RAMP_INTERSECTION,SIDE_OF_HWY,TOW_AWAY,COLLISION_SEVERITY,NUMBER_KILLED,NUMBER_INJURED,PARTY_COUNT,PRIMARY_COLL_FACTOR,PCF_CODE_OF_VIOL,PCF_VIOL_CATEGORY,PCF_VIOLATION,PCF_VIOL_SUBSECTION,HIT_AND_RUN,TYPE_OF_COLLISION,MVIW,PED_ACTION,ROAD_SURFACE,ROAD_COND_1,ROAD_COND_2,LIGHTING,CONTROL_DEVICE,CHP_ROAD_TYPE,PEDESTRIAN_ACCIDENT,BICYCLE_ACCIDENT,MOTORCYCLE_ACCIDENT,TRUCK_ACCIDENT,NOT_PRIVATE_PROPERTY,ALCOHOL_INVOLVED,STWD_VEHTYPE_AT_FAULT,CHP_VEHTYPE_AT_FAULT,COUNT_SEVERE_INJ,COUNT_VISIBLE_INJ,COUNT_COMPLAINT_PAIN,COUNT_PED_KILLED,COUNT_PED_INJURED,COUNT_BICYCLIST_KILLED,COUNT_BICYCLIST_INJURED,COUNT_MC_KILLED,COUNT_MC_INJURED,PRIMARY_RAMP,SECONDARY_RAMP,LATITUDE,LONGITUDE,COUNTY,CITY,POINT_X,POINT_Y
6993693,2015,2016-11-04,9550,2015-05-27,1325,20305,NA,3,1,9,1900,0,1,1,NA,2,650,RT 605,SLAUSON AV,240,N,N,A,-,Y,LA,7,605,-,R,11.62,H,-,S,Y,4,0,2,3,A,-,07,21658,A,N,B,C,A,A,H,-,A,D,1,NA,NA,NA,Y,Y,NA,A,01,0,0,2,0,0,0,0,0,0,-,-,33.9681,-118.08299,LOS ANGELES,UNINCORPORATED,-118.08306595,33.96801052
6993696,2015,2016-12-08,9550,2015-05-29,1325,20932,NA,5,1,9,1900,0,1,1,NA,2,650,RT 605,RT 60,200,S,N,A,-,Y,LA,7,605,-,R,17.37,H,-,S,Y,3,0,1,3,A,-,03,22350,NA,N,-,C,A,A,H,-,A,D,1,NA,NA,NA,Y,Y,NA,A,01,0,1,0,0,0,0,0,0,0,-,-,34.03334,-118.02826,LOS ANGELES,UNINCORPORATED,-118.02773987,34.03368424
6993698,2015,2015-08-05,9550,2015-05-29,1400,20741,NA,5,2,9,1900,0,2,4,NA,1,012,WASHINGTON BL,SORENSEN AV,750,E,N,A,-,N,NA,NA,NA,NA,NA,NA,NA,NA,NA,N,4,0,1,2,A,-,03,22350,NA,N,C,C,A,A,H,-,A,D,0,NA,NA,NA,NA,Y,NA,A,08,0,0,1,0,0,0,0,0,0,-,-,33.96883,-118.05765,LOS ANGELES,UNINCORPORATED,-118.05764088,33.96882289
6993700,2015,2016-11-04,9550,2015-05-29,1740,18664,NA,5,2,5,1954,0,1,1,NA,2,650,RT 605,SLAUSON AV,0,N,N,A,-,Y,LA,7,605,-,R,11.67,H,-,S,N,4,0,1,2,A,-,03,22350,NA,N,C,C,A,A,H,-,A,D,1,NA,NA,NA,NA,Y,NA,A,01,0,0,1,0,0,0,0,0,0,-,-,33.97091,-118.08219,LOS ANGELES,PICO RIVERA,-118.08271315,33.96867233
6993702,2015,2015-08-05,9550,2015-05-30,0935,20755,NA,6,1,9,1900,0,2,4,NA,1,021,CARMENITA RD,SUNSHINE AV,0,NA,Y,B,-,N,NA,NA,NA,NA,NA,NA,NA,NA,NA,Y,4,0,1,3,A,-,09,21802,A,N,D,C,A,A,H,-,A,A,0,NA,NA,NA,NA,Y,NA,D,22,0,0,1,0,0,0,0,0,0,-,-,33.92177,-118.04639,LOS ANGELES,UNINCORPORATED,-118.04659013,33.92191001
6993710,2015,2015-08-05,1942,2015-07-21,0820,30830,1541,2,5,7,1942,0,0,0,O,0,16TL23,LA MAIDA ST,WHITSETT AV,10,E,N,A,-,N,NA,NA,NA,NA,NA,NA,NA,NA,NA,N,3,0,1,2,A,-,09,21804,A,N,H,G,A,A,H,-,A,A,0,NA,Y,NA,NA,Y,NA,L,04,0,1,0,0,0,0,1,0,0,-,-,NA,NA,LOS ANGELES,LOS ANGELES,-118.40521701,34.15853
6993711,2015,2017-01-28,1942,2015-07-17,1055,39021,1585,5,5,7,1942,0,0,0,O,0,9TL55,LANKERSHIM BL,RT 101,7,S,N,A,-,Y,LA,7,101,-,-,10.227,R,4,N,Y,4,0,2,3,A,-,12,21453,A,N,D,C,A,A,H,-,A,A,0,NA,NA,NA,NA,Y,NA,D,22,0,0,2,0,0,0,0,0,0,-,NF,NA,NA,LOS ANGELES,LOS ANGELES,-118.36113147,34.13663081
6993712,2015,2016-07-19,1942,2015-07-20,0200,39274,0989,1,5,7,1942,0,0,0,I,0,9A63,VENTURA BL,VENTURA CANYON AV,0,NA,Y,A,-,N,NA,NA,NA,NA,NA,NA,NA,NA,NA,Y,3,0,1,2,A,-,12,22450,NA,N,D,C,A,A,H,-,C,D,0,NA,NA,NA,NA,Y,NA,D,22,0,1,0,0,0,0,0,0,0,-,-,NA,NA,LOS ANGELES,LOS ANGELES,-118.4296101,34.14775007
6993714,2015,2015-08-05,9530,2015-07-02,2245,020776,NA,4,3,9,1900,0,3,5,NA,2,002,SAN PEDRO ST,126TH ST,0,NA,Y,A,-,N,NA,NA,NA,NA,NA,NA,NA,NA,NA,Y,3,0,3,2,A,-,01,23152,A,N,A,C,A,A,H,-,C,D,0,NA,NA,NA,NA,Y,Y,A,07,0,2,1,0,0,0,0,0,0,-,-,33.55793,-118.16105,LOS ANGELES,UNINCORPORATED,-118.2696001,33.91885011
6993715,2015,2017-01-11,9530,2015-07-01,1355,019857,NA,3,1,9,1900,0,3,5,NA,2,006,CARSON ST,RT 110,0,NA,Y,A,-,Y,LA,7,110,-,-,7.112,R,4,S,N,4,0,1,2,A,-,12,21453,A,N,D,C,A,A,H,-,A,A,1,NA,NA,NA,NA,Y,NA,D,22,0,0,1,0,0,0,0,0,0,-,TO,33.83173,-118.28743,LOS ANGELES,UNINCORPORATED,-118.28748108,33.83313072
6993716,2015,2015-08-04,9530,2015-07-01,1603,019778,NA,3,2,9,1900,0,3,5,NA,2,002,WILMINGTON AV,123RD ST,69,S,N,A,-,N,NA,NA,NA,NA,NA,NA,NA,NA,NA,N,3,0,1,2,A,-,11,21954,A,N,G,B,D,A,H,-,A,D,0,Y,NA,NA,NA,Y,NA,N,60,0,1,0,0,1,0,0,0,0,-,-,33.92115,-118.23897,LOS ANGELES,UNINCORPORATED,-118.23933,33.92085
6993717,2015,2016-12-21,9530,2015-07-07,1920,20307,NA,2,2,6,1972,0,1,1,NA,2,400,RT 405,CRENSHAW BL,2640,S,N,A,-,Y,LA,7,405,-,-,14.95,H,-,N,Y,4,0,1,2,A,-,03,22350,NA,N,C,C,A,A,H,-,A,D,1,NA,NA,NA,NA,Y,NA,A,01,0,0,1,0,0,0,0,0,0,-,-,33.86138,-118.31523,LOS ANGELES,TORRANCE,-118.31804553,33.8621611
6993726,2015,2017-01-04,9530,2015-07-02,0852,21076,NA,4,1,7,1942,0,1,3,NA,1,470,RT 47,HARBOR BL,470,S,N,B,-,Y,LA,7,47,-,-,0.77,H,-,N,Y,3,0,3,3,A,-,03,22350,NA,N,C,C,A,A,H,-,A,D,1,NA,NA,NA,Y,Y,NA,A,01,0,3,0,0,0,0,0,0,0,-,-,33.74019,-118.27955,LOS ANGELES,LOS ANGELES,-118.28285303,33.74911706
6993729,2015,2015-08-05,9530,2015-07-02,1905,021007,NA,4,2,9,1900,0,3,5,NA,2,001,PARMELEE AV,96TH ST,0,NA,Y,A,-,N,NA,NA,NA,NA,NA,NA,NA,NA,NA,Y,4,0,1,2,A,-,10,21950,A,N,G,B,B,A,H,-,A,D,0,Y,NA,NA,NA,Y,NA,D,22,0,0,1,0,1,0,0,0,0,-,-,33.8913,-118.1956,LOS ANGELES,UNINCORPORATED,-118.25021002,33.94928005
6993756,2015,2016-11-05,1944,2015-06-28,1009,351,NA,7,5,4,1944,0,0,0,NA,0,004,MARINE AV,SEPULVEDA BL,0,NA,Y,A,-,Y,LA,7,1,-,-,23.421,I,5,N,Y,3,0,2,2,A,-,09,21453,C,N,D,C,A,A,H,-,A,A,0,NA,NA,NA,NA,Y,NA,D,22,0,2,0,0,0,0,0,0,0,-,-,NA,NA,LOS ANGELES,MANHATTAN BEACH,-118.3959532,33.89465623
6993784,2015,2015-08-06,1900,2015-07-01,0905,279454,1517,3,5,5,1954,0,0,0,NA,0,151M1,SLAUSON AV,PASSONS BL,105,E,N,A,-,N,NA,NA,NA,NA,NA,NA,NA,NA,NA,Y,4,0,1,2,A,-,03,22350,NA,N,C,C,A,A,H,-,A,A,0,NA,NA,NA,NA,Y,NA,A,07,0,0,1,0,0,0,0,0,0,-,-,NA,NA,LOS ANGELES,PICO RIVERA,-118.09690501,33.96844215
6993785,2015,2015-08-05,1900,2015-07-07,1110,455303,1517,2,5,5,1954,0,0,0,NA,0,151T1,SLAUSON AV,SERAPIS AV,43,E,N,A,-,N,NA,NA,NA,NA,NA,NA,NA,NA,NA,N,4,0,2,2,A,-,03,22350,A,F,C,C,A,A,H,-,A,A,0,NA,NA,NA,NA,Y,NA,D,22,0,0,2,0,0,0,0,0,0,-,-,NA,NA,LOS ANGELES,PICO RIVERA,-118.10084629,33.96964137
6993799,2015,2016-10-26,9580,2015-02-07,1645,019715,NA,6,2,7,1942,0,1,2,NA,2,102,RT 101,BALBOA BL,350,S,N,C,-,Y,LA,7,101,-,-,19.15,H,-,N,N,4,0,2,4,A,-,03,22350,NA,N,C,C,A,B,H,-,D,D,1,NA,NA,NA,NA,Y,NA,D,22,0,0,2,0,0,0,0,0,0,-,-,NA,NA,LOS ANGELES,LOS ANGELES,-118.5000804,34.17008552
6993800,2015,2016-11-05,9580,2015-02-07,1405,019715,NA,6,2,7,1942,0,1,3,NA,2,114,RT 118,SHARP AV,50,W,N,C,-,Y,LA,7,118,-,R,11.301,R,2,E,N,4,0,1,2,A,-,03,22350,NA,N,B,C,A,B,H,-,A,D,1,NA,NA,NA,NA,Y,NA,A,01,0,0,1,0,0,0,0,0,0,-,-,NA,NA,LOS ANGELES,LOS ANGELES,-118.44609479,34.26612284
6993810,2015,2015-08-10,1900,2015-07-04,1515,455303,1511,6,5,5,1954,0,0,0,NA,0,151T1,BEVERLY BL,ROSEMEAD BL,42,E,N,A,-,N,NA,NA,NA,NA,NA,NA,NA,NA,NA,N,4,0,1,2,A,-,03,22350,A,N,C,C,A,A,H,-,A,A,0,NA,NA,NA,NA,Y,NA,A,08,0,0,1,0,0,0,0,0,0,-,-,NA,NA,LOS ANGELES,PICO RIVERA,-118.08087961,34.01054165
6993811,2015,2015-08-10,1900,2015-07-11,1320,279454,1518,6,5,5,1954,0,0,0,NA,0,151T1,SERAPIS AV,BURKE ST,0,NA,Y,A,-,N,NA,NA,NA,NA,NA,NA,NA,NA,NA,N,4,0,1,2,A,-,09,21802,A,N,D,C,A,A,H,-,A,A,0,NA,NA,NA,NA,Y,NA,A,01,0,0,1,0,0,0,0,0,0,-,-,NA,NA,LOS ANGELES,PICO RIVERA,-118.10136005,33.96880004
6993834,2015,2015-08-07,1976,2015-07-17,0641,279,1976,5,5,5,1976,0,0,0,NA,0,002,LAMBERT RD,SANTA FE SPRINGS RD,0,NA,Y,B,-,N,NA,NA,NA,NA,NA,NA,NA,NA,NA,Y,3,0,2,2,A,-,07,21658,A,N,D,C,A,A,H,-,A,A,0,NA,NA,NA,NA,Y,NA,A,01,0,1,1,0,0,0,0,0,0,-,-,NA,NA,LOS ANGELES,WHITTIER,-118.04589003,33.96378004
6993835,2015,2015-08-07,1976,2015-07-14,1857,596,NA,2,5,5,1976,0,0,0,NA,0,004,LAMBERT RD,SANTA GERTRUDES AV,300,E,N,A,-,N,NA,NA,NA,NA,NA,NA,NA,NA,NA,N,3,0,1,2,A,-,03,22350,NA,N,C,C,A,A,H,-,A,D,0,NA,NA,NA,NA,Y,NA,A,01,0,1,0,0,0,0,0,0,0,-,-,NA,NA,LOS ANGELES,WHITTIER,-117.99225491,33.93287952
6993836,2015,2015-08-07,1976,2015-07-14,1704,351,CA019,2,5,5,1976,0,0,0,NA,0,002,SANTA FE SPRINGS RD,DANBROOK AV,59,S,N,A,-,N,NA,NA,NA,NA,NA,NA,NA,NA,NA,Y,3,0,2,3,A,-,03,22350,NA,N,C,C,A,A,H,-,A,D,0,NA,NA,NA,NA,Y,NA,A,01,0,1,1,0,0,0,0,0,0,-,-,NA,NA,LOS ANGELES,WHITTIER,-118.04685428,33.96280572
6993837,2015,2015-08-07,1976,2015-07-09,0655,469,NA,4,5,5,1976,0,0,0,NA,0,NA,COLIMA RD,YOUNGWOOD DR,200,S,N,A,-,N,NA,NA,NA,NA,NA,NA,NA,NA,NA,N,4,0,1,2,A,-,03,22350,NA,N,C,C,A,A,H,-,A,D,0,NA,NA,NA,NA,Y,NA,A,01,0,0,1,0,0,0,0,0,0,-,-,NA,NA,LOS ANGELES,WHITTIER,-118.00280086,33.95455125
6993921,2015,2017-01-25,9530,2015-06-28,1430,020868,NA,7,2,7,1942,0,1,1,NA,2,200,RT 105,RT 110,50,W,N,A,-,Y,LA,7,105,-,R,7.25,H,-,W,Y,3,0,6,4,A,-,07,21658,A,F,B,C,A,A,H,-,A,D,1,NA,NA,NA,NA,Y,Y,A,01,0,1,5,0,0,0,0,0,0,-,-,33.9291,-118.2813,LOS ANGELES,LOS ANGELES,-118.28298787,33.92888626
6993922,2015,2015-08-06,1942,2015-06-05,1450,34458,1354,5,5,7,1942,0,0,0,M,0,4TL4,BROADWAY,41ST ST,180,S,N,A,-,N,NA,NA,NA,NA,NA,NA,NA,NA,NA,N,3,0,1,2,A,-,09,21804,A,N,D,G,A,A,H,-,A,D,0,NA,Y,NA,NA,Y,NA,L,04,0,1,0,0,0,0,1,0,0,-,-,NA,NA,LOS ANGELES,LOS ANGELES,-118.278369,34.008611
6993925,2015,2016-12-17,9530,2015-06-07,1920,020583,NA,7,2,9,1900,0,3,5,NA,2,006,SEPULVEDA BL,RT 110,251,W,N,A,-,Y,LA,7,110,-,-,5.493,R,4,S,Y,3,0,1,1,A,-,01,23152,A,N,E,I,A,A,H,-,A,D,1,NA,NA,NA,NA,Y,Y,A,01,0,1,0,0,0,0,0,0,0,-,-,33.80964,-118.28853,LOS ANGELES,UNINCORPORATED,-118.28763804,33.80937487
6993926,2015,2015-08-06,1900,2015-06-26,1320,524687,0540,5,5,3,1921,0,0,0,NA,0,58T1AM,BUENA VISTA ST,DUARTE RD,0,NA,Y,A,-,N,NA,NA,NA,NA,NA,NA,NA,NA,NA,N,3,0,1,2,A,-,09,21453,B,N,H,A,A,A,H,-,A,A,0,NA,NA,Y,NA,Y,NA,A,01,0,1,0,0,0,0,0,0,1,-,-,NA,NA,LOS ANGELES,DUARTE,-117.97755005,34.1323201
6993929,2015,2016-11-03,9530,2015-06-28,1300,020868,NA,7,1,7,1942,0,1,1,NA,2,110,RT 110,CENTURY BL,500,S,N,A,-,Y,LA,7,110,-,-,14.88,H,-,N,N,4,0,1,2,A,-,03,22350,NA,N,C,A,A,A,H,-,A,D,1,NA,NA,NA,NA,Y,NA,A,01,0,0,1,0,0,0,0,0,0,-,-,34.9432,-118.27955,LOS ANGELES,LOS ANGELES,-118.27972273,33.94428598
6993930,2015,2015-08-06,9530,2015-06-27,0430,020548,NA,6,3,9,1900,0,3,5,NA,2,001,MILES AV,FLORENCE AV,0,NA,Y,A,-,N,NA,NA,NA,NA,NA,NA,NA,NA,NA,Y,4,0,1,1,A,-,01,23152,E,N,E,I,A,A,H,-,C,A,0,NA,NA,NA,NA,Y,NA,A,01,0,0,1,0,0,0,0,0,0,-,-,33.97346,-118.21909,LOS ANGELES,UNINCORPORATED,-118.21899013,33.9735701
6993933,2015,2016-12-17,9530,2015-06-26,1505,020923,NA,5,2,5,1943,0,1,1,NA,2,210,RT 105,BULLIS RD,200,E,N,B,-,Y,LA,7,105,-,R,12.12,H,-,W,Y,4,0,2,2,A,-,03,22350,NA,N,C,C,A,A,H,-,A,D,6,NA,NA,Y,NA,Y,NA,C,02,0,0,2,0,0,0,0,0,1,-,-,33.921,-118.2008,LOS ANGELES,LYNWOOD,-118.20104902,33.92116534
6993934,2015,2015-08-06,9530,2015-06-29,0205,020548,NA,1,3,9,1900,0,3,5,NA,2,001,BROADWAY AV,MOUNTAIN VIEW AV,0,NA,Y,A,-,N,NA,NA,NA,NA,NA,NA,NA,NA,NA,N,4,0,1,2,A,-,12,22450,A,F,D,C,A,A,H,-,C,A,0,NA,NA,NA,NA,Y,NA,A,01,0,0,1,0,0,0,0,0,0,-,-,33.96602,-118.21858,LOS ANGELES,UNINCORPORATED,-118.21862006,33.96596007
6993937,2015,2016-12-17,9530,2015-06-18,1445,020923,NA,4,2,9,1900,0,1,1,NA,2,210,RT 105,WILMINGTON AV,1000,E,N,A,-,Y,LA,7,105,-,R,10.1,H,-,E,Y,3,0,2,2,A,-,07,21658,A,N,B,D,A,A,H,-,A,D,0,NA,NA,Y,NA,Y,NA,C,02,0,2,0,0,0,0,0,0,2,-,-,33.92787,-118.23546,LOS ANGELES,UNINCORPORATED,-118.23374274,33.92784779
6993938,2015,2015-08-06,9540,2015-06-24,1600,13877,NA,3,2,9,1900,0,3,5,NA,2,400,PINE CANYON RD,THREE POINTS RD,22176,E,N,A,-,N,NA,NA,NA,NA,NA,NA,NA,NA,NA,Y,3,0,2,2,A,-,08,22107,NA,F,B,C,A,A,H,-,A,D,0,NA,NA,NA,NA,Y,Y,-,NA,0,2,0,0,0,0,0,0,0,-,-,34.7159,-118.57001,LOS ANGELES,UNINCORPORATED,-118.53765199,34.70769599
6993941,2015,2016-12-17,9530,2015-06-17,1905,020930,NA,3,2,5,1943,0,1,1,NA,2,210,RT 105,LONG BEACH BL,30,W,N,A,-,Y,LA,7,105,-,R,11.5,H,-,E,Y,3,0,1,2,A,-,07,21658,A,N,B,C,A,A,H,-,A,D,6,NA,NA,Y,NA,Y,NA,A,01,0,1,0,0,0,0,0,0,1,-,-,33.92392,-118.20833,LOS ANGELES,LYNWOOD,-118.21083225,33.92509148
6993942,2015,2015-08-06,1942,2015-06-04,0825,38399,1352,4,5,7,1942,0,0,0,M,0,13T55,AVALON BL,46TH ST,17,S,N,B,-,N,NA,NA,NA,NA,NA,NA,NA,NA,NA,Y,3,0,2,2,A,-,09,21801,A,N,D,C,A,A,H,-,A,A,0,NA,NA,NA,NA,Y,NA,A,01,0,1,1,0,0,0,0,0,0,-,-,NA,NA,LOS ANGELES,LOS ANGELES,-118.26526,34.00153338
6993945,2015,2016-11-09,9530,2015-06-07,2036,20699,NA,7,2,4,1939,0,1,1,NA,2,400,RT 405,INGLEWOOD AV,500,S,N,A,-,Y,LA,7,405,-,-,18.091,R,2,N,Y,3,0,1,1,A,-,01,23152,A,N,E,I,A,A,H,-,A,D,1,NA,NA,Y,NA,Y,Y,C,02,0,1,0,0,0,0,0,0,1,-,-,33.89075,-118.35976,LOS ANGELES,LAWNDALE,-118.35910361,33.88948405
6993946,2015,2015-08-06,1942,2015-06-11,1345,40099,1307,4,5,7,1942,0,0,0,M,0,1T24,TOWNE AV,7TH ST,40,S,N,A,-,N,NA,NA,NA,NA,NA,NA,NA,NA,NA,N,4,0,1,2,A,-,03,22350,NA,N,G,B,E,A,H,-,A,D,0,Y,NA,NA,NA,Y,NA,A,01,0,0,1,0,1,0,0,0,0,-,-,NA,NA,LOS ANGELES,LOS ANGELES,-118.24521885,34.03945899
6993949,2015,2016-12-15,9565,2015-06-30,0755,013744,NA,2,1,7,1942,0,1,1,NA,2,060,RT 405,CENTURY BL,500,S,N,A,-,Y,LA,7,405,-,-,22.12,H,-,N,N,4,0,1,2,A,-,07,21658,A,N,B,C,A,A,H,-,A,D,1,NA,NA,Y,NA,Y,NA,A,01,0,0,1,0,0,0,0,0,1,-,-,33.94457,-118.36841,LOS ANGELES,LOS ANGELES,-118.36821864,33.94365477
6993950,2015,2015-08-06,1942,2015-06-15,1500,36698,1309,1,5,7,1942,0,0,0,M,0,4TL4,15TH ST,ALAMEDA ST,100,E,N,A,-,N,NA,NA,NA,NA,NA,NA,NA,NA,NA,N,4,0,2,2,A,-,21,22106,NA,N,C,C,A,A,H,-,A,D,0,NA,NA,NA,NA,Y,NA,A,01,0,0,2,0,0,0,0,0,0,-,-,NA,NA,LOS ANGELES,LOS ANGELES,-118.2390062,34.02348669
6993953,2015,2017-01-05,9530,2015-06-28,0136,020687,NA,7,3,6,1972,0,1,1,NA,2,400,RT 405,CRENSHAW BL,270,N,N,A,-,Y,LA,7,405,-,-,15.53,H,-,S,Y,3,0,1,1,A,-,01,23152,A,N,E,I,A,A,H,-,C,D,1,NA,NA,NA,NA,Y,Y,A,01,0,1,0,0,0,0,0,0,0,-,-,33.8645,-118.3275,LOS ANGELES,TORRANCE,-118.32757484,33.86479451
6993954,2015,2015-08-06,1942,2015-06-18,1730,34426,1117,4,5,7,1942,0,0,0,K,0,2TL28,ADDISON WY,EAGLE ROCK BL,265,E,N,A,-,N,NA,NA,NA,NA,NA,NA,NA,NA,NA,N,3,0,1,1,A,-,03,22350,NA,N,B,I,A,A,H,-,A,D,0,NA,NA,Y,NA,Y,NA,C,02,0,1,0,0,0,0,0,0,1,-,-,NA,NA,LOS ANGELES,LOS ANGELES,-118.2147498,34.13409181
6993957,2015,2016-11-09,9530,2015-06-26,1410,19722,NA,5,2,7,1941,0,1,1,NA,2,430,RT 405,WILLOW ST,97,S,N,A,-,Y,LA,7,405,-,-,2.925,R,1,S,Y,4,0,1,5,A,-,03,22350,NA,N,C,C,A,A,H,-,A,A,1,NA,NA,NA,NA,Y,NA,A,01,0,0,1,0,0,0,0,0,0,FR,-,33.80326,-118.13906,LOS ANGELES,LONG BEACH,-118.13654697,33.80289692
6993958,2015,2016-11-08,1965,2015-06-29,0839,3693,0B2E,1,5,5,1965,0,0,0,NA,0,B002,PICO BL,34TH ST,22,W,N,A,-,Y,LA,7,10,-,R,4.107,R,4,E,Y,3,0,2,2,A,-,12,21453,A,N,A,C,A,A,H,-,A,A,0,NA,NA,NA,NA,Y,NA,A,01,0,2,0,0,0,0,0,0,0,-,-,NA,NA,LOS ANGELES,SANTA MONICA,-118.4565464,34.02752157
6993961,2015,2016-12-17,9530,2015-06-26,1325,020923,NA,5,1,7,1942,0,1,1,NA,2,200,RT 105,RT 110,1200,W,N,B,-,Y,LA,7,105,-,R,6.95,H,-,W,N,4,0,1,3,A,-,03,22350,NA,N,C,C,A,A,H,-,A,D,1,NA,NA,NA,NA,Y,NA,A,07,0,0,1,0,0,0,0,0,0,-,-,33.92906,-118.29224,LOS ANGELES,LOS ANGELES,-118.2882502,33.92886591
6993962,2015,2015-08-06,1907,2015-06-12,1853,235,3,5,5,4,1907,0,0,0,NA,0,NA,BANDINI BL,YEAGER WY,120,W,N,A,-,N,NA,NA,NA,NA,NA,NA,NA,NA,NA,N,4,0,1,2,A,-,03,22350,NA,F,C,C,A,A,H,-,A,A,0,NA,NA,NA,NA,Y,NA,-,NA,0,0,1,0,0,0,0,0,0,-,-,34.00156,-118.17587,LOS ANGELES,BELL,-118.16908034,33.99625455
6993966,2015,2015-08-07,1942,2015-06-04,1550,37505,1102,4,5,7,1942,0,0,0,K,0,11T32,LOS FELIZ BL,SENECA AV,18,E,N,A,-,N,NA,NA,NA,NA,NA,NA,NA,NA,NA,Y,4,0,2,3,A,-,04,21703,NA,N,C,C,A,A,H,-,A,A,0,NA,NA,NA,NA,Y,NA,-,NA,0,0,2,0,0,0,0,0,0,-,-,NA,NA,LOS ANGELES,LOS ANGELES,-118.26281913,34.12647544
6993969,2015,2016-06-03,1900,2015-06-25,1000,462141,2111,4,5,5,1943,0,0,0,NA,0,212T4,IMPERIAL HWY,STATE ST,0,NA,Y,A,-,N,NA,NA,NA,NA,NA,NA,NA,NA,NA,Y,4,0,1,2,A,-,12,21453,A,N,D,C,A,A,H,-,A,A,0,NA,NA,NA,NA,Y,NA,A,07,0,0,1,0,0,0,0,0,0,-,-,NA,NA,LOS ANGELES,LYNWOOD,-118.21645008,33.93046004
6993970,2015,2015-08-06,1942,2015-06-06,1950,40730,1115,6,5,7,1942,0,0,0,K,0,2TL15,FAIR PARK AV,EAGLE ROCK BL,310,W,N,A,-,N,NA,NA,NA,NA,NA,NA,NA,NA,NA,N,3,0,2,2,A,-,06,21755,NA,N,B,C,A,A,H,-,A,D,0,NA,NA,Y,NA,Y,NA,C,02,0,2,0,0,0,0,0,0,2,-,-,NA,NA,LOS ANGELES,LOS ANGELES,-118.21603488,34.13632878
6993973,2015,2015-08-07,9530,2015-06-24,2125,20716,NA,3,2,9,1900,0,3,5,NA,2,001,HOOPER AV,58TH PL,0,NA,Y,A,-,N,NA,NA,NA,NA,NA,NA,NA,NA,NA,Y,3,0,2,2,A,-,12,22450,A,F,D,C,A,A,H,-,C,A,0,NA,NA,NA,NA,Y,NA,A,01,0,1,1,0,0,0,0,0,0,-,-,33.59189,-118.15077,LOS ANGELES,UNINCORPORATED,-118.25212003,33.98860005
6993974,2015,2015-08-06,1942,2015-06-05,1540,33452,1372,5,5,7,1942,0,0,0,M,0,1TL24,SLAUSON AV,AVALON BL,100,W,N,A,-,N,NA,NA,NA,NA,NA,NA,NA,NA,NA,N,4,0,2,2,A,-,03,22350,NA,N,C,C,A,A,H,-,A,D,0,NA,NA,NA,NA,Y,NA,A,01,0,0,2,0,0,0,0,0,0,-,-,NA,NA,LOS ANGELES,LOS ANGELES,-118.26553919,33.98924555
6993977,2015,2015-08-07,9530,2015-06-19,1445,020923,NA,5,2,9,1900,0,3,5,NA,2,002,SAN PEDRO ST,121ST ST,0,NA,Y,A,-,N,NA,NA,NA,NA,NA,NA,NA,NA,NA,N,3,0,1,2,A,-,09,21802,A,N,D,C,A,A,H,-,A,D,0,NA,NA,NA,NA,Y,NA,A,01,0,1,0,0,0,0,0,0,0,-,-,33.92257,-118.26929,LOS ANGELES,UNINCORPORATED,-118.26958012,33.92251006
6993978,2015,2015-08-06,1942,2015-06-01,0800,40726,1345,1,5,7,1942,0,0,0,M,0,2TL15,NAOMI ST,41ST ST,22,N,N,A,-,N,NA,NA,NA,NA,NA,NA,NA,NA,NA,N,4,0,1,2,A,-,03,22350,NA,N,C,C,A,A,H,-,A,A,0,NA,NA,NA,NA,Y,NA,A,08,0,0,1,0,0,0,0,0,0,-,-,NA,NA,LOS ANGELES,LOS ANGELES,-118.25428,34.00932033
6993981,2015,2015-08-06,9530,2015-06-18,1602,020935,NA,4,2,9,1900,0,3,5,NA,2,002,EL SEGUNDO BL,CENTRAL AV,0,NA,Y,A,-,N,NA,NA,NA,NA,NA,NA,NA,NA,NA,Y,4,0,3,2,A,-,09,21801,A,N,D,C,A,A,H,-,A,A,0,NA,NA,NA,NA,Y,NA,A,01,0,0,3,0,0,0,0,0,0,-,-,33.5459,-118.1516,LOS ANGELES,UNINCORPORATED,-118.25449011,33.91636011