CASE_ID,ACCIDENT_YEAR,PROC_DATE,JURIS,COLLISION_DATE,COLLISION_TIME,OFFICER_ID,REPORTING_DISTRICT,DAY_OF_WEEK,CHP_SHIFT,POPULATION,CNTY_CITY_LOC,SPECIAL_COND,BEAT_TYPE,CHP_BEAT_TYPE,CITY_DIVISION_LAPD,CHP_BEAT_CLASS,BEAT_NUMBER,PRIMARY_RD,SECONDARY_RD,DISTANCE,DIRECTION,INTERSECTION,WEATHER_1,WEATHER_2,STATE_HWY_IND,CALTRANS_COUNTY,CALTRANS_DISTRICT,STATE_ROUTE,ROUTE_SUFFIX,POSTMILE_PREFIX,POSTMILE,LOCATION_TYPE,RAMP_INTERSECTION,SIDE_OF_HWY,TOW_AWAY,COLLISION_SEVERITY,NUMBER_KILLED,NUMBER_INJURED,PARTY_COUNT,PRIMARY_COLL_FACTOR,PCF_CODE_OF_VIOL,PCF_VIOL_CATEGORY,PCF_VIOLATION,PCF_VIOL_SUBSECTION,HIT_AND_RUN,TYPE_OF_COLLISION,MVIW,PED_ACTION,ROAD_SURFACE,ROAD_COND_1,ROAD_COND_2,LIGHTING,CONTROL_DEVICE,CHP_ROAD_TYPE,PEDESTRIAN_ACCIDENT,BICYCLE_ACCIDENT,MOTORCYCLE_ACCIDENT,TRUCK_ACCIDENT,NOT_PRIVATE_PROPERTY,ALCOHOL_INVOLVED,STWD_VEHTYPE_AT_FAULT,CHP_VEHTYPE_AT_FAULT,COUNT_SEVERE_INJ,COUNT_VISIBLE_INJ,COUNT_COMPLAINT_PAIN,COUNT_PED_KILLED,COUNT_PED_INJURED,COUNT_BICYCLIST_KILLED,COUNT_BICYCLIST_INJURED,COUNT_MC_KILLED,COUNT_MC_INJURED,PRIMARY_RAMP,SECONDARY_RAMP,LATITUDE,LONGITUDE,COUNTY,CITY,POINT_X,POINT_Y
6995990,2015,2015-08-05,1942,2015-07-06,1225,35393,529,1,5,7,1942,0,0,0,NA,0,18T23,ANAHEIM,MCDONOUGH ST,10,NA,N,A,-,N,NA,NA,NA,NA,NA,NA,NA,NA,NA,Y,3,0,2,2,A,-,08,22102,NA,N,D,C,A,A,H,-,A,D,0,NA,NA,NA,NA,Y,NA,A,01,0,1,1,0,0,0,0,0,0,-,-,NA,NA,LOS ANGELES,LOS ANGELES,-118.23144009,33.78185007
6995993,2015,2015-08-05,1942,2015-07-12,1805,40325,0111,7,5,7,1942,0,0,0,A,0,11TL32,ORD ST,HILL ST,0,NA,Y,A,-,N,NA,NA,NA,NA,NA,NA,NA,NA,NA,N,4,0,1,2,A,-,10,21950,A,N,G,B,B,A,H,-,A,A,0,Y,NA,NA,NA,Y,NA,A,01,0,0,1,0,1,0,0,0,0,-,-,NA,NA,LOS ANGELES,LOS ANGELES,-118.2404901,34.06074002
6995994,2015,2015-08-05,1942,2015-07-17,1800,40258,0319,5,5,7,1942,0,0,0,C,0,NA,ADAMS BL,FLOWER ST,0,NA,Y,A,-,N,NA,NA,NA,NA,NA,NA,NA,NA,NA,N,4,0,1,2,A,-,03,22350,NA,F,C,C,A,A,H,-,A,D,0,NA,NA,NA,NA,Y,NA,-,99,0,0,1,0,0,0,0,0,0,-,-,NA,NA,LOS ANGELES,LOS ANGELES,-118.2749201,34.02764008
6995997,2015,2015-08-05,1942,2015-07-13,1330,41443,1373,1,5,7,1942,0,0,0,M,0,13A85,CENTRAL,51ST ST,0,NA,Y,A,-,N,NA,NA,NA,NA,NA,NA,NA,NA,NA,N,3,0,1,2,A,-,09,21804,A,F,D,G,A,A,H,-,A,A,0,NA,Y,NA,NA,Y,NA,L,04,0,1,0,0,0,0,1,0,0,-,-,NA,NA,LOS ANGELES,LOS ANGELES,-118.25647005,33.99711008
6995998,2015,2015-08-05,1942,2015-07-02,1030,41584,0509,4,5,7,1942,0,0,0,E,0,5A11,LOMITA BL,SENATOR AV,0,NA,Y,A,-,N,NA,NA,NA,NA,NA,NA,NA,NA,NA,N,3,0,1,2,A,-,10,21950,A,F,G,B,B,A,H,-,A,D,0,Y,NA,NA,NA,Y,NA,-,99,0,1,0,0,1,0,0,0,0,-,-,NA,NA,LOS ANGELES,LOS ANGELES,-118.30272003,33.79782007
6996002,2015,2015-09-02,1900,2015-07-06,1220,520746,0455,1,5,6,1949,0,0,0,NA,0,45T1D,PIONEER BL,LINDALE ST,0,NA,Y,A,-,N,NA,NA,NA,NA,NA,NA,NA,NA,NA,N,3,0,1,2,A,-,05,21650,1,N,H,G,A,A,H,-,A,A,0,NA,Y,NA,NA,Y,NA,L,04,0,1,0,0,0,0,1,0,0,-,-,NA,NA,LOS ANGELES,NORWALK,-118.08258011,33.90032006
6996004,2015,2015-08-06,1928,2015-07-06,1255,352,506,1,5,5,1928,0,0,0,NA,0,0H1,INGLEWOOD AV,117TH ST,0,NA,Y,B,-,N,NA,NA,NA,NA,NA,NA,NA,NA,NA,N,3,0,1,2,A,-,05,21650,1,N,D,G,A,A,H,-,A,A,0,NA,Y,NA,NA,Y,NA,L,04,0,1,0,0,0,0,1,0,0,-,-,NA,NA,LOS ANGELES,HAWTHORNE,-118.36132011,33.92822007
6996006,2015,2015-09-02,1900,2015-07-03,1440,101944,0456,5,5,6,1949,0,0,0,NA,0,43T-1P,NORWALK BL,EXCELSIOR DR,0,NA,Y,A,-,N,NA,NA,NA,NA,NA,NA,NA,NA,NA,Y,4,0,1,2,A,-,09,21801,A,N,D,C,A,A,H,-,A,A,0,NA,NA,NA,NA,Y,NA,A,01,0,0,1,0,0,0,0,0,0,-,-,NA,NA,LOS ANGELES,NORWALK,-118.07295009,33.89492004
6996008,2015,2015-08-06,1928,2015-07-08,1647,239,517,3,5,5,1928,0,0,0,NA,0,0H3,PRAIRIE AV,130TH ST,0,NA,Y,A,-,N,NA,NA,NA,NA,NA,NA,NA,NA,NA,N,3,0,1,2,A,-,06,21951,NA,N,G,B,D,A,H,-,A,D,0,Y,NA,NA,NA,Y,NA,A,01,0,1,0,0,1,0,0,0,0,-,-,NA,NA,LOS ANGELES,HAWTHORNE,-118.34389007,33.91418011
6996020,2015,2015-08-07,1956,2015-07-18,1442,1243,53,6,5,5,1956,0,0,0,NA,0,004,ARTESIA BL,PHELAN LN,100,W,N,C,-,N,NA,NA,NA,NA,NA,NA,NA,NA,NA,N,4,0,3,2,A,-,03,22350,NA,N,C,C,A,B,H,-,A,D,0,NA,NA,NA,NA,Y,NA,A,01,0,0,3,0,0,0,0,0,0,-,-,NA,NA,LOS ANGELES,REDONDO BEACH,-118.36678882,33.8729
6996024,2015,2015-08-06,1956,2015-07-17,1557,1305,19,5,5,5,1956,0,0,0,NA,0,003,FRANCESCA AV,HERONDO ST,150,S,N,A,-,N,NA,NA,NA,NA,NA,NA,NA,NA,NA,N,4,0,1,2,A,-,11,21954,A,N,G,B,D,A,H,-,A,D,0,Y,NA,NA,NA,Y,NA,N,60,0,0,1,0,1,0,0,0,0,-,-,NA,NA,LOS ANGELES,REDONDO BEACH,-118.3930741,33.85337563
6996028,2015,2017-01-13,1956,2015-07-18,1214,1257,68,6,5,5,1956,0,0,0,NA,0,00S,RT 107,182ND ST,878,N,N,B,-,Y,LA,7,107,-,-,4.367,I,5,S,Y,2,0,1,2,A,-,09,21801,A,N,D,C,A,A,H,-,A,D,0,NA,NA,NA,NA,Y,NA,A,01,1,0,0,0,0,0,0,0,0,-,-,NA,NA,LOS ANGELES,REDONDO BEACH,-118.35265822,33.86810149
6996032,2015,2015-08-07,1956,2015-07-18,2036,1224,16,6,5,5,1956,0,0,0,NA,0,003,TORRANCE BL,BROADWAY ST,0,NA,Y,B,-,N,NA,NA,NA,NA,NA,NA,NA,NA,NA,Y,4,0,1,2,A,-,09,21802,A,N,D,C,A,A,H,-,C,D,0,NA,NA,NA,NA,Y,NA,A,01,0,0,1,0,0,0,0,0,0,-,-,NA,NA,LOS ANGELES,REDONDO BEACH,-118.38674007,33.83830003
6996034,2015,2017-01-28,1956,2015-07-20,1811,1215,NA,1,5,5,1956,0,0,0,NA,0,002,RT 1,CARNELIAN ST,210,N,N,A,-,Y,LA,7,1,-,-,20.13,H,-,S,N,4,0,1,2,A,-,05,21650,1,N,D,G,A,A,H,-,A,D,0,NA,Y,NA,NA,Y,NA,L,04,0,0,1,0,0,0,1,0,0,-,-,NA,NA,LOS ANGELES,REDONDO BEACH,-118.38809183,33.84762021
6996036,2015,2015-08-06,1928,2015-07-08,0530,362,508,3,5,5,1928,0,0,0,NA,0,0H2,VAN NESS AV,116TH ST,97,N,N,A,-,N,NA,NA,NA,NA,NA,NA,NA,NA,NA,Y,4,0,2,2,A,-,08,22107,NA,N,B,C,A,A,H,-,B,D,0,NA,NA,NA,NA,Y,Y,A,01,0,0,2,0,0,0,0,0,0,-,-,NA,NA,LOS ANGELES,HAWTHORNE,-118.3178,33.92881604
6996045,2015,2015-09-02,1942,2015-07-19,1300,39335,1029,7,5,7,1942,0,0,0,J,0,10TL36,VALJEAN AV,SHERMAN WY,500,S,N,A,-,N,NA,NA,NA,NA,NA,NA,NA,NA,NA,Y,4,0,3,2,A,-,08,22107,NA,F,B,E,A,A,H,-,A,D,0,NA,NA,NA,NA,Y,NA,-,99,0,0,3,0,0,0,0,0,0,-,-,NA,NA,LOS ANGELES,LOS ANGELES,-118.48586521,34.19981066
6996049,2015,2015-09-02,1942,2015-07-17,2155,40972,1027,5,5,7,1942,0,0,0,J,0,19T73,BALBOA BL,HARTLAND ST,6,N,N,A,-,N,NA,NA,NA,NA,NA,NA,NA,NA,NA,N,4,0,1,2,A,-,10,21950,A,F,G,B,B,A,H,-,C,A,0,Y,NA,NA,NA,Y,NA,-,99,0,0,1,0,1,0,0,0,0,-,-,NA,NA,LOS ANGELES,LOS ANGELES,-118.50136,34.19489646
6996078,2015,2015-09-09,1900,2015-07-13,1315,466734,0564,1,5,4,1936,0,0,0,NA,0,46T2D,ROSECRANS AV,FONDA WY,20,E,N,A,-,N,NA,NA,NA,NA,NA,NA,NA,NA,NA,Y,4,0,2,2,A,-,-,NA,NA,N,C,C,A,A,D,-,A,D,0,NA,NA,NA,NA,Y,NA,A,01,0,0,2,0,0,0,0,0,0,-,-,NA,NA,LOS ANGELES,LA MIRADA,-118.001118,33.899156
6996081,2015,2015-09-17,1942,2015-07-04,1905,39177,0529,6,5,7,1942,0,0,0,E,0,18T39,ANAHEIM ST,MAHAR AV,20,W,N,A,-,N,NA,NA,NA,NA,NA,NA,NA,NA,NA,N,4,0,4,2,A,-,03,22350,NA,F,C,C,A,A,H,-,A,D,0,NA,NA,NA,NA,Y,NA,-,99,0,0,4,0,0,0,0,0,0,-,-,NA,NA,LOS ANGELES,LOS ANGELES,-118.24612545,33.78086533
6996082,2015,2015-09-17,1942,2015-07-03,1940,40440,1245,5,5,7,1942,0,0,0,L,0,18T39,VERMONT AV,FLORENCE AV,26,N,N,A,-,N,NA,NA,NA,NA,NA,NA,NA,NA,NA,Y,3,0,5,2,A,-,09,21801,A,N,D,C,A,A,H,-,B,A,0,NA,NA,NA,NA,Y,NA,A,01,0,1,4,0,0,0,0,0,0,-,-,NA,NA,LOS ANGELES,LOS ANGELES,-118.29174,33.97470131
6996084,2015,2015-08-04,1931,2015-07-17,2130,5261,1931,5,5,5,1931,0,0,0,NA,0,003,ZOE AV,ALBANY ST,0,NA,Y,A,-,N,NA,NA,NA,NA,NA,NA,NA,NA,NA,N,4,0,1,2,A,-,09,21801,A,N,D,C,A,A,H,-,C,D,0,NA,NA,NA,NA,Y,NA,A,01,0,0,1,0,0,0,0,0,0,-,-,NA,NA,LOS ANGELES,HUNTINGTON PARK,-118.23281001,33.97952008
6996085,2015,2015-09-17,1942,2015-07-04,1650,40869,532,6,5,7,1942,0,0,0,NA,0,5T25,BAYVIEW AV,L ST,0,NA,Y,A,-,N,NA,NA,NA,NA,NA,NA,NA,NA,NA,Y,4,0,1,2,A,-,09,21802,A,N,D,C,A,A,H,-,A,A,0,NA,NA,NA,NA,Y,NA,A,01,0,0,1,0,0,0,0,0,0,-,-,NA,NA,LOS ANGELES,LOS ANGELES,-118.27048008,33.78666
6996086,2015,2015-09-17,1942,2015-07-01,1645,37724,1245,3,5,7,1942,0,0,0,L,0,3T57,NORMANDIE AV,64TH ST,30,S,N,A,-,N,NA,NA,NA,NA,NA,NA,NA,NA,NA,N,3,0,1,2,A,-,17,21208,B,N,D,G,A,A,H,-,A,D,0,NA,Y,NA,NA,Y,NA,L,04,0,1,0,0,0,0,1,0,0,-,-,NA,NA,LOS ANGELES,LOS ANGELES,-118.30027103,33.98131773
6996089,2015,2015-09-17,1942,2015-07-13,1900,40697,0514,1,5,7,1942,0,0,0,E,0,3T57,FIGUEROA ST,GRANT ST,0,NA,Y,A,-,N,NA,NA,NA,NA,NA,NA,NA,NA,NA,Y,4,0,1,2,A,-,12,22450,NA,F,D,C,A,A,H,-,A,D,0,NA,NA,NA,NA,Y,NA,-,99,0,0,1,0,0,0,0,0,0,-,-,NA,NA,LOS ANGELES,LOS ANGELES,-118.28034007,33.78324002
6996090,2015,2015-09-17,1942,2015-07-07,1520,40697,1215,2,5,7,1942,0,0,0,L,0,3T57,VERMONT,58TH ST,170,N,N,A,-,N,NA,NA,NA,NA,NA,NA,NA,NA,NA,N,4,0,2,3,A,-,09,21801,A,N,D,C,A,A,H,-,A,D,0,NA,NA,NA,NA,Y,NA,A,01,0,0,2,0,0,0,0,0,0,-,-,NA,NA,LOS ANGELES,LOS ANGELES,-118.291482,33.990124
6996093,2015,2015-09-17,1942,2015-07-12,1715,36754,0584,7,5,7,1942,0,0,0,E,0,12T73,PASEO DEL MAR,GAFFEY ST,682,N,N,A,-,N,NA,NA,NA,NA,NA,NA,NA,NA,NA,Y,3,0,3,2,A,-,21,22106,NA,N,D,C,A,A,H,-,A,D,0,NA,NA,NA,NA,Y,NA,A,01,0,2,1,0,0,0,0,0,0,-,-,NA,NA,LOS ANGELES,LOS ANGELES,-118.29352,33.7068
6996094,2015,2015-09-17,1942,2015-07-08,1745,39177,1235,3,5,7,1942,0,0,0,L,0,3T57,NORMANDIE,SLAUSON,0,NA,Y,A,-,N,NA,NA,NA,NA,NA,NA,NA,NA,NA,Y,4,0,1,2,A,-,09,21801,A,N,A,C,A,A,H,-,A,A,0,NA,NA,NA,NA,Y,NA,A,07,0,0,1,0,0,0,0,0,0,-,-,NA,NA,LOS ANGELES,LOS ANGELES,-118.30019011,33.98914002
6996097,2015,2015-09-17,1942,2015-07-11,1700,39177,0528,6,5,7,1942,0,0,0,E,0,5TL25,PCH,WATSON AV,12,W,N,A,-,N,NA,NA,NA,NA,NA,NA,NA,NA,NA,N,4,0,1,2,A,-,03,22350,NA,N,C,C,A,A,H,-,A,D,0,NA,NA,NA,NA,Y,NA,A,07,0,0,1,0,0,0,0,0,0,-,-,NA,NA,LOS ANGELES,LOS ANGELES,-118.24815927,33.7909272
6996098,2015,2015-09-17,1942,2015-07-14,1340,40700,1265,2,5,7,1942,0,0,0,L,0,12T41,HALLDALE AV,84TH ST,0,NA,Y,A,-,N,NA,NA,NA,NA,NA,NA,NA,NA,NA,Y,4,0,1,2,A,-,12,22450,A,F,D,C,A,A,H,-,A,A,0,NA,NA,NA,NA,Y,NA,-,99,0,0,1,0,0,0,0,0,0,-,-,NA,NA,LOS ANGELES,LOS ANGELES,-118.30249012,33.96273004
6996101,2015,2015-09-17,1942,2015-07-14,1055,31814,0522,2,5,7,1942,0,0,0,E,0,12T41,ANAHEIM AV,MCDONALD ST,17,S,N,A,-,N,NA,NA,NA,NA,NA,NA,NA,NA,NA,N,3,0,1,1,A,-,03,22350,NA,N,H,J,A,A,D,-,A,A,0,NA,NA,Y,NA,Y,NA,O,05,0,1,0,0,0,0,0,0,1,-,-,NA,NA,LOS ANGELES,LOS ANGELES,-118.27164573,33.77947721
6996102,2015,2015-09-17,1942,2015-07-14,1705,36754,1235,2,5,7,1942,0,0,0,L,0,12T73,NORMANDIE AV,60TH PL,153,S,N,A,-,N,NA,NA,NA,NA,NA,NA,NA,NA,NA,Y,4,0,3,2,A,-,05,21460,A,N,A,C,A,A,H,-,A,D,0,NA,NA,NA,NA,Y,NA,A,01,0,0,3,0,0,0,0,0,0,-,-,NA,NA,LOS ANGELES,LOS ANGELES,-118.30025021,33.98459039
6996105,2015,2015-09-17,1942,2015-07-13,2205,41056,0529,1,5,7,1942,0,0,0,E,0,3TL5,ALAMEDA ST,ANAHEIM ST,48,S,N,A,-,N,NA,NA,NA,NA,NA,NA,NA,NA,NA,N,3,0,1,1,A,-,03,22350,NA,N,F,A,A,B,F,-,C,A,0,NA,NA,NA,NA,Y,NA,A,07,0,1,0,0,0,0,0,0,0,-,-,NA,NA,LOS ANGELES,LOS ANGELES,-118.24529559,33.78081448
6996106,2015,2015-09-17,1942,2015-07-16,1035,38040,1241,4,5,7,1942,0,0,0,L,0,3T5,WESTERN AV,65TH ST,0,NA,Y,A,-,N,NA,NA,NA,NA,NA,NA,NA,NA,NA,Y,4,0,1,2,A,-,09,21801,A,N,D,C,A,A,H,-,A,D,0,NA,NA,NA,NA,Y,NA,A,01,0,0,1,0,0,0,0,0,0,-,-,NA,NA,LOS ANGELES,LOS ANGELES,-118.30897,33.9806
6996109,2015,2015-09-17,1942,2015-07-14,1740,40869,0541,2,5,7,1942,0,0,0,E,0,5TL25,WESTERN AV,W PARK WESTERN DR,100,S,N,A,-,N,NA,NA,NA,NA,NA,NA,NA,NA,NA,N,3,0,3,3,A,-,03,22350,NA,N,C,C,A,A,H,-,A,D,0,NA,NA,NA,NA,Y,NA,A,01,0,2,1,0,0,0,0,0,0,-,-,NA,NA,LOS ANGELES,LOS ANGELES,-118.30896716,33.75187749
6996110,2015,2015-09-17,1942,2015-07-18,1430,40440,1251,6,5,7,1942,0,0,0,L,0,12T73,CRENSHAW BL,66TH PL,10,N,N,C,-,N,NA,NA,NA,NA,NA,NA,NA,NA,NA,Y,4,0,1,2,A,-,03,22350,NA,N,C,C,A,B,H,-,A,D,0,NA,NA,NA,NA,Y,NA,A,01,0,0,1,0,0,0,0,0,0,-,-,NA,NA,LOS ANGELES,LOS ANGELES,-118.33088,33.97873743
6996113,2015,2015-09-17,1942,2015-07-14,1040,35393,0566,2,5,7,1942,0,0,0,E,0,5TL21,PACIFIC AV,7TH ST,0,NA,Y,A,-,N,NA,NA,NA,NA,NA,NA,NA,NA,NA,Y,3,0,3,2,A,-,09,21801,A,N,B,C,A,A,H,-,A,A,0,NA,NA,NA,NA,Y,NA,A,01,0,2,1,0,0,0,0,0,0,-,-,NA,NA,LOS ANGELES,LOS ANGELES,-118.28792008,33.73788004
6996114,2015,2015-09-17,1942,2015-07-21,1700,36754,1269,2,5,7,1942,0,0,0,L,0,12T73,MANCHESTER BL,SAN PEDRO ST,166,E,N,A,-,N,NA,NA,NA,NA,NA,NA,NA,NA,NA,Y,4,0,3,3,A,-,09,21801,A,N,D,C,F,A,H,-,A,D,0,Y,NA,NA,NA,Y,NA,B,01,0,0,3,0,1,0,0,0,0,-,-,NA,NA,LOS ANGELES,LOS ANGELES,-118.26895365,33.96011
6996116,2015,2015-08-04,1931,2015-07-16,1421,5617,1931,4,5,5,1931,0,0,0,NA,0,004,SANTA ANA ST,OTIS ST,265,E,N,A,-,N,NA,NA,NA,NA,NA,NA,NA,NA,NA,N,4,0,1,2,A,-,07,21658,A,N,A,C,A,A,H,-,A,A,0,NA,NA,NA,NA,Y,NA,A,01,0,0,1,0,0,0,0,0,0,-,-,NA,NA,LOS ANGELES,HUNTINGTON PARK,-118.19434346,33.96175778
6996117,2015,2015-09-17,1942,2015-07-14,2320,41056,0587,2,5,7,1942,0,0,0,E,0,3TL5,PASEO DEL MAR,GAFFEY ST,0,NA,N,A,-,N,NA,NA,NA,NA,NA,NA,NA,NA,NA,NA,3,0,1,1,A,-,03,22350,NA,N,E,I,A,A,H,-,C,D,0,NA,NA,NA,NA,Y,NA,A,01,0,1,0,0,0,0,0,0,0,-,-,NA,NA,LOS ANGELES,LOS ANGELES,-118.29288004,33.70653006
6996118,2015,2015-09-17,1942,2015-07-22,1320,39317,1863,3,5,7,1942,0,0,0,R,0,12TL73,AVALON BL,LANZIT AV,0,NA,Y,A,-,N,NA,NA,NA,NA,NA,NA,NA,NA,NA,Y,4,0,2,2,A,-,08,22102,NA,F,D,C,A,A,H,-,A,D,0,NA,NA,NA,NA,Y,NA,-,99,0,0,2,0,0,0,0,0,0,-,-,NA,NA,LOS ANGELES,LOS ANGELES,-118.26520002,33.93251001
6996120,2015,2015-08-04,1931,2015-07-02,0019,5264,1931,4,5,5,1931,0,0,0,NA,0,004,GAGE AV,BISSELL AV,200,E,N,A,-,N,NA,NA,NA,NA,NA,NA,NA,NA,NA,Y,3,0,1,3,A,-,08,22107,NA,N,D,C,A,A,H,-,C,D,0,NA,NA,NA,NA,Y,NA,A,01,0,1,0,0,0,0,0,0,0,-,-,NA,NA,LOS ANGELES,HUNTINGTON PARK,-118.20564732,33.9799981
6996121,2015,2015-09-17,1942,2015-07-13,1115,31288,0513,1,5,7,1942,0,0,0,E,0,5T21,NORMANDIE AV,PCH,500,S,N,A,-,N,NA,NA,NA,NA,NA,NA,NA,NA,NA,Y,4,0,1,3,A,-,03,22350,NA,N,C,E,A,A,H,-,A,-,0,NA,NA,NA,NA,Y,NA,A,07,0,0,1,0,0,0,0,0,0,-,-,NA,NA,LOS ANGELES,LOS ANGELES,-118.29751026,33.78854878
6996122,2015,2015-09-17,1942,2015-07-18,2355,41842,1837,6,5,7,1942,0,0,0,R,0,12A73,114TH ST,E COMPTON AV,55,E,N,A,-,N,NA,NA,NA,NA,NA,NA,NA,NA,NA,N,4,0,2,2,A,-,05,21650,NA,F,A,E,A,A,H,-,C,D,0,NA,NA,NA,NA,Y,NA,-,99,0,0,2,0,0,0,0,0,0,-,-,NA,NA,LOS ANGELES,LOS ANGELES,-118.24610905,33.93111094
6996125,2015,2015-09-17,1942,2015-07-20,1700,40003,0526,1,5,7,1942,0,0,0,E,0,18T39,ANAHEIM ST,MARINE AV,0,NA,Y,A,-,N,NA,NA,NA,NA,NA,NA,NA,NA,NA,N,3,0,1,2,A,-,08,22100,A,N,B,C,A,A,H,-,A,D,0,NA,NA,Y,NA,Y,NA,A,07,0,1,0,0,0,0,0,0,1,-,-,NA,NA,LOS ANGELES,LOS ANGELES,-118.26377012,33.77991006
6996126,2015,2015-09-17,1942,2015-07-18,1455,40003,LA,6,5,7,1942,0,0,0,NA,0,3T57,HOOVER ST,47TH PL,0,NA,Y,B,C,N,NA,NA,NA,NA,NA,NA,NA,NA,NA,N,3,0,1,2,A,-,09,21801,A,N,D,G,A,B,H,-,A,D,0,NA,Y,NA,NA,Y,NA,A,08,0,1,0,0,0,0,1,0,0,-,-,NA,NA,LOS ANGELES,LOS ANGELES,-118.25215003,34.00054011
6996129,2015,2015-09-17,1942,2015-07-19,1800,41059,0557,7,5,7,1942,0,0,0,E,0,3T57,GAFFEY ST,4TH ST,0,NA,Y,B,C,N,NA,NA,NA,NA,NA,NA,NA,NA,NA,Y,3,0,2,2,A,-,09,21801,A,N,D,C,A,B,H,-,A,D,0,NA,NA,NA,NA,Y,NA,A,01,0,1,1,0,0,0,0,0,0,-,-,NA,NA,LOS ANGELES,LOS ANGELES,-118.29232005,33.7406201
6996130,2015,2015-09-17,1942,2015-07-12,1430,38503,1204,7,5,7,1942,0,0,0,L,0,12T73,VERNON AV,HALLDALE AV,0,NA,Y,A,-,N,NA,NA,NA,NA,NA,NA,NA,NA,NA,Y,4,0,1,2,A,-,09,21801,A,F,B,C,A,A,H,-,A,A,0,NA,NA,NA,NA,Y,NA,A,01,0,0,1,0,0,0,0,0,0,-,-,NA,NA,LOS ANGELES,LOS ANGELES,-118.30236005,34.00371003
6996133,2015,2015-09-17,1942,2015-07-16,1640,39177,0526,4,5,7,1942,0,0,0,E,0,5TL25,FRIES AV,I ST,44,S,N,A,-,N,NA,NA,NA,NA,NA,NA,NA,NA,NA,N,3,0,1,2,A,-,03,22350,NA,N,B,C,A,A,H,-,A,D,0,NA,NA,NA,NA,Y,NA,-,-,0,1,0,0,0,0,0,0,0,-,-,NA,NA,LOS ANGELES,LOS ANGELES,-118.26495027,33.7807096
6996134,2015,2015-09-17,1942,2015-07-15,1808,41820,1827,3,5,7,1942,0,0,0,R,0,5A24,BANDERA,92ND ST,50,N,N,A,-,N,NA,NA,NA,NA,NA,NA,NA,NA,NA,N,3,0,1,2,A,-,09,21804,A,F,H,G,A,A,H,-,A,D,0,NA,Y,NA,NA,Y,NA,L,04,0,1,0,0,0,0,1,0,0,-,-,NA,NA,LOS ANGELES,LOS ANGELES,-118.23968074,33.95339712
6996137,2015,2015-09-17,1942,2015-07-15,1645,37164,1253,3,5,7,1942,0,0,0,L,0,12XL1,FLORENCE AV,VAN NESS AV,0,NA,Y,A,-,N,NA,NA,NA,NA,NA,NA,NA,NA,NA,Y,4,0,2,2,A,-,09,21801,A,N,A,C,A,A,H,-,A,A,0,NA,NA,NA,NA,Y,NA,A,01,0,0,2,0,0,0,0,0,0,-,-,NA,NA,LOS ANGELES,LOS ANGELES,-118.31773011,33.97460009
6996138,2015,2015-09-17,1942,2015-07-08,1930,37880,1251,3,5,7,1942,0,0,0,L,0,12A51,FLORENCE AV,VAN NESS,5,E,N,B,-,N,NA,NA,NA,NA,NA,NA,NA,NA,NA,N,4,0,1,2,A,-,04,21703,NA,F,C,-,A,A,H,-,B,A,0,NA,NA,NA,NA,Y,Y,-,99,0,0,1,0,0,0,0,0,0,-,-,NA,NA,LOS ANGELES,LOS ANGELES,-118.31771354,33.9746
6996141,2015,2015-09-17,1942,2015-07-15,0200,35019,1273,3,5,7,1942,0,0,0,L,0,12A49,WESTERN AV,MANCHESTER AV,9,N,N,A,-,N,NA,NA,NA,NA,NA,NA,NA,NA,NA,Y,4,0,1,2,A,-,01,23152,A,N,D,C,A,A,H,-,C,A,0,NA,NA,NA,NA,Y,Y,A,07,0,0,1,0,0,0,0,0,0,-,-,NA,NA,LOS ANGELES,LOS ANGELES,-118.30901049,33.95999468
6996145,2015,2015-09-17,1942,2015-07-14,1854,36023,1259,2,5,7,1942,0,0,0,L,0,18T23,76TH PL,AVALON BL,251,E,N,A,-,N,NA,NA,NA,NA,NA,NA,NA,NA,NA,N,3,0,3,3,A,-,21,22106,NA,N,D,C,A,A,H,-,A,D,0,NA,NA,NA,NA,Y,NA,A,07,0,2,1,0,0,0,0,0,0,-,-,NA,NA,LOS ANGELES,LOS ANGELES,-118.26434381,33.97023093
6996149,2015,2015-09-17,1942,2015-07-12,1800,38249,1273,7,5,7,1942,0,0,0,L,0,12X55,WESTERN,89TH ST,20,N,N,A,-,N,NA,NA,NA,NA,NA,NA,NA,NA,NA,N,4,0,1,2,A,-,03,22350,NA,N,C,C,A,A,H,-,A,B,0,NA,NA,NA,NA,Y,NA,A,01,0,0,1,0,0,0,0,0,0,-,-,NA,NA,LOS ANGELES,LOS ANGELES,-118.3090197,33.95638485
6996153,2015,2015-09-17,1942,2015-07-14,2155,38233,1268,2,5,7,1942,0,0,0,L,0,18T23,S SAN PEDRO ST,E MANCHESTER AV,125,N,N,A,-,N,NA,NA,NA,NA,NA,NA,NA,NA,NA,N,3,0,1,2,A,-,11,21954,A,N,G,B,D,A,H,-,C,D,0,Y,NA,NA,NA,Y,Y,N,60,0,1,0,0,1,0,0,0,0,-,-,NA,NA,LOS ANGELES,LOS ANGELES,-118.26951523,33.96045258
6996157,2015,2015-09-17,1942,2015-07-11,1415,39177,0566,6,5,7,1942,0,0,0,E,0,5TL25,PACIFIC AV,7TH ST,0,NA,Y,A,-,N,NA,NA,NA,NA,NA,NA,NA,NA,NA,N,4,0,2,2,A,-,09,21801,A,N,A,C,A,A,H,-,A,A,0,NA,NA,NA,NA,Y,NA,A,01,0,0,2,0,0,0,0,0,0,-,-,NA,NA,LOS ANGELES,LOS ANGELES,-118.28792008,33.73788004