CASE_ID,ACCIDENT_YEAR,PROC_DATE,JURIS,COLLISION_DATE,COLLISION_TIME,OFFICER_ID,REPORTING_DISTRICT,DAY_OF_WEEK,CHP_SHIFT,POPULATION,CNTY_CITY_LOC,SPECIAL_COND,BEAT_TYPE,CHP_BEAT_TYPE,CITY_DIVISION_LAPD,CHP_BEAT_CLASS,BEAT_NUMBER,PRIMARY_RD,SECONDARY_RD,DISTANCE,DIRECTION,INTERSECTION,WEATHER_1,WEATHER_2,STATE_HWY_IND,CALTRANS_COUNTY,CALTRANS_DISTRICT,STATE_ROUTE,ROUTE_SUFFIX,POSTMILE_PREFIX,POSTMILE,LOCATION_TYPE,RAMP_INTERSECTION,SIDE_OF_HWY,TOW_AWAY,COLLISION_SEVERITY,NUMBER_KILLED,NUMBER_INJURED,PARTY_COUNT,PRIMARY_COLL_FACTOR,PCF_CODE_OF_VIOL,PCF_VIOL_CATEGORY,PCF_VIOLATION,PCF_VIOL_SUBSECTION,HIT_AND_RUN,TYPE_OF_COLLISION,MVIW,PED_ACTION,ROAD_SURFACE,ROAD_COND_1,ROAD_COND_2,LIGHTING,CONTROL_DEVICE,CHP_ROAD_TYPE,PEDESTRIAN_ACCIDENT,BICYCLE_ACCIDENT,MOTORCYCLE_ACCIDENT,TRUCK_ACCIDENT,NOT_PRIVATE_PROPERTY,ALCOHOL_INVOLVED,STWD_VEHTYPE_AT_FAULT,CHP_VEHTYPE_AT_FAULT,COUNT_SEVERE_INJ,COUNT_VISIBLE_INJ,COUNT_COMPLAINT_PAIN,COUNT_PED_KILLED,COUNT_PED_INJURED,COUNT_BICYCLIST_KILLED,COUNT_BICYCLIST_INJURED,COUNT_MC_KILLED,COUNT_MC_INJURED,PRIMARY_RAMP,SECONDARY_RAMP,LATITUDE,LONGITUDE,COUNTY,CITY,POINT_X,POINT_Y
6998257,2015,2015-07-22,1942,2015-06-28,1645,39010,1345,7,5,7,1942,0,0,0,M,0,4TL4,41ST ST,ZAMORA ST,78,W,N,A,-,N,NA,NA,NA,NA,NA,NA,NA,NA,NA,Y,3,0,1,3,A,-,03,22350,NA,N,A,E,A,A,H,-,A,D,0,NA,NA,NA,NA,Y,NA,A,01,0,1,0,0,0,0,0,0,0,-,-,NA,NA,LOS ANGELES,LOS ANGELES,-118.25320684,34.00927698
6998261,2015,2015-07-22,1942,2015-06-21,0910,38399,1341,7,5,7,1942,0,0,0,M,0,2TL15,JEFFERSON BL,GRAND AV,77,E,N,A,-,N,NA,NA,NA,NA,NA,NA,NA,NA,NA,Y,3,0,3,2,A,-,12,21453,A,M,D,C,A,A,H,-,A,A,0,NA,NA,NA,NA,Y,NA,-,99,0,1,2,0,0,0,0,0,0,-,-,NA,NA,LOS ANGELES,LOS ANGELES,-118.27596783,34.02014817
6998265,2015,2016-04-07,1942,2015-06-25,1055,41443,1395,4,5,7,1942,0,0,0,M,0,13A93,GAGE,CENTRAL,2,E,N,A,-,N,NA,NA,NA,NA,NA,NA,NA,NA,NA,N,4,0,1,2,A,-,-,NA,NA,F,G,B,B,A,H,-,A,A,0,Y,NA,NA,NA,Y,NA,-,NA,0,0,1,0,1,0,0,0,0,-,-,NA,NA,LOS ANGELES,LOS ANGELES,-118.25645345,33.98202054
6998278,2015,2015-07-22,1942,2015-06-25,0806,39761,1136,4,5,7,1942,0,0,0,K,0,11TL21,EAGLE ROCK BL,EL PASO DR,137,S,N,A,-,N,NA,NA,NA,NA,NA,NA,NA,NA,NA,N,3,0,2,2,A,-,03,22350,NA,F,C,C,A,A,H,-,A,D,0,NA,NA,NA,NA,Y,NA,-,99,0,1,1,0,0,0,0,0,0,-,-,NA,NA,LOS ANGELES,LOS ANGELES,-118.2247607,34.12217139
6998282,2015,2015-07-22,1942,2015-06-27,0100,41729,0414,6,5,7,1942,0,0,0,D,0,1A29,JOHNSTON ST,MINNESOTA ST,120,S,N,A,-,N,NA,NA,NA,NA,NA,NA,NA,NA,NA,Y,4,0,1,3,A,-,01,23152,A,N,A,E,A,A,H,-,C,D,0,NA,NA,NA,NA,Y,Y,A,01,0,0,1,0,0,0,0,0,0,-,-,NA,NA,LOS ANGELES,LOS ANGELES,-118.21048412,34.07726096
6998285,2015,2015-07-22,1942,2015-06-18,1815,34426,0162,4,5,7,1942,0,0,0,A,0,2TL28,FIGUEROA ST,7TH ST,0,NA,Y,A,-,N,NA,NA,NA,NA,NA,NA,NA,NA,NA,N,4,0,1,2,A,-,10,21950,A,F,G,B,B,A,H,-,A,A,0,Y,NA,NA,NA,Y,NA,-,99,0,0,1,0,1,0,0,0,0,-,-,NA,NA,LOS ANGELES,LOS ANGELES,-118.25991007,34.04942011
6998286,2015,2016-06-02,1955,2015-06-26,2326,40939,NA,5,5,6,1955,0,0,0,NA,0,001,ORANGE GROVE,GAREY AV,6,E,N,A,-,N,NA,NA,NA,NA,NA,NA,NA,NA,NA,Y,3,0,2,2,A,-,01,23152,A,F,B,C,A,A,H,-,C,A,0,NA,NA,NA,NA,Y,Y,-,NA,0,1,1,0,0,0,0,0,0,-,-,NA,NA,LOS ANGELES,POMONA,-117.75226,34.07263
6998289,2015,2015-07-22,1942,2015-06-26,1925,40730,0464,5,5,7,1942,0,0,0,D,0,2T15,CHICAGO ST,4TH ST,0,NA,Y,A,-,N,NA,NA,NA,NA,NA,NA,NA,NA,NA,Y,3,0,4,2,A,-,12,21453,A,F,D,C,A,A,H,-,A,A,0,NA,NA,NA,NA,Y,NA,A,07,0,1,3,0,0,0,0,0,0,-,-,NA,NA,LOS ANGELES,LOS ANGELES,-118.21424007,34.04172009
6998290,2015,2015-07-23,1955,2015-06-19,2201,40764,0025,5,5,6,1955,0,0,0,NA,0,002,GAREY AV,ALISO ST,180,S,N,A,-,N,NA,NA,NA,NA,NA,NA,NA,NA,NA,N,3,0,2,3,A,-,03,22350,NA,N,-,C,A,A,H,-,C,A,0,NA,NA,NA,NA,Y,NA,A,07,0,1,1,0,0,0,0,0,0,-,-,NA,NA,LOS ANGELES,POMONA,-117.75263101,34.08022908
6998293,2015,2016-12-03,1942,2015-06-23,0035,39889,0216,2,5,7,1942,0,0,0,B,0,13T53,ALVARADO ST,RT 101,0,NA,Y,A,-,Y,LA,7,101,-,-,2.725,R,4,S,N,2,0,1,2,A,-,09,21801,A,N,D,C,A,A,H,-,C,A,0,NA,NA,Y,NA,Y,NA,A,07,1,0,0,0,0,0,0,0,1,-,SO,NA,NA,LOS ANGELES,LOS ANGELES,-118.26476211,34.07098595
6998294,2015,2015-07-24,1953,2015-06-28,1233,9296,NA,7,5,6,1953,0,0,0,NA,0,NA,SIERRA MADRE VILLA,NEW YORK DR,50,N,N,A,-,N,NA,NA,NA,NA,NA,NA,NA,NA,NA,Y,3,0,1,1,A,-,03,22350,NA,N,E,I,A,A,H,-,A,D,0,NA,NA,NA,NA,Y,NA,A,01,0,1,0,0,0,0,0,0,0,-,-,NA,NA,LOS ANGELES,PASADENA,-118.08135667,34.1624807
6998297,2015,2015-07-22,1942,2015-06-27,1840,34426,0216,6,5,7,1942,0,0,0,B,0,2TL28,CORONADO TER,KENT ST,206,S,N,A,-,N,NA,NA,NA,NA,NA,NA,NA,NA,NA,N,4,0,1,2,A,-,09,21804,A,F,D,C,A,A,H,-,A,D,0,NA,NA,NA,NA,Y,NA,A,01,0,0,1,0,0,0,0,0,0,-,-,NA,NA,LOS ANGELES,LOS ANGELES,-118.27004774,34.07571228
6998298,2015,2015-07-25,1953,2015-06-26,1832,5590,1953,5,5,6,1953,0,0,0,NA,0,004,VILLA ST,ALTADENA DR,0,NA,Y,A,-,N,NA,NA,NA,NA,NA,NA,NA,NA,NA,N,4,0,1,2,A,-,12,21453,A,N,-,C,A,A,H,-,A,A,0,NA,NA,NA,NA,Y,NA,A,01,0,0,1,0,0,0,0,0,0,-,-,NA,NA,LOS ANGELES,PASADENA,-118.09855012,34.15442005
6998300,2015,2015-07-23,1942,2015-02-25,0235,36379,0839,3,5,7,1942,0,0,0,H,0,8EL1,SANTA MONICA,AVE OF THE STARS,0,NA,Y,A,-,N,NA,NA,NA,NA,NA,NA,NA,NA,NA,Y,3,0,1,1,A,-,01,23152,A,N,A,I,A,A,H,-,C,D,0,NA,NA,Y,NA,Y,Y,C,02,0,1,0,0,0,0,0,0,1,-,-,NA,NA,LOS ANGELES,LOS ANGELES,-118.41865005,34.06133006
6998301,2015,2015-07-27,1942,2015-06-25,1828,39076,4204,4,5,7,1942,0,0,0,NA,0,401,BROADWAY,PASADENA AV,0,NA,Y,A,-,N,NA,NA,NA,NA,NA,NA,NA,NA,NA,Y,2,0,1,1,A,-,03,22350,A,N,F,A,A,A,H,-,A,D,0,NA,NA,NA,NA,Y,NA,-,NA,1,0,0,0,0,0,0,0,0,-,-,NA,NA,LOS ANGELES,LOS ANGELES,-118.22416007,34.07202008
6998302,2015,2015-07-25,1953,2015-06-26,2126,5651,1953,5,5,6,1953,0,0,0,NA,0,005,WALNUT ST,CATALINA AV,0,NA,Y,A,-,N,NA,NA,NA,NA,NA,NA,NA,NA,NA,N,3,0,1,1,D,-,00,NA,NA,N,H,A,A,A,H,-,C,A,0,NA,NA,Y,NA,Y,NA,-,-,0,1,0,0,0,0,0,0,1,-,-,NA,NA,LOS ANGELES,PASADENA,-118.12944012,34.14960008
6998305,2015,2015-07-22,1942,2015-06-14,1610,266691,0236,7,5,7,1942,0,0,0,B,0,2A2,BEVERLY BL,WESTLAKE AV,0,NA,Y,A,-,N,NA,NA,NA,NA,NA,NA,NA,NA,NA,N,3,0,1,2,A,-,09,21802,A,F,H,G,A,A,H,-,A,D,0,NA,Y,NA,NA,Y,Y,A,01,0,1,0,0,0,0,1,0,0,-,-,NA,NA,LOS ANGELES,LOS ANGELES,-118.26885002,34.06601001
6998309,2015,2015-07-22,1942,2015-06-24,0955,40726,0251,3,5,7,1942,0,0,0,B,0,11TL21,BENTON WY,3RD ST,12,S,N,A,-,N,NA,NA,NA,NA,NA,NA,NA,NA,NA,N,3,0,1,2,A,-,12,22450,A,F,D,G,A,A,H,-,A,A,0,NA,Y,NA,NA,Y,NA,-,99,0,1,0,0,0,0,1,0,0,-,-,NA,NA,LOS ANGELES,LOS ANGELES,-118.27970834,34.06666084
6998313,2015,2015-07-24,1942,2015-06-23,1255,41783,0231,2,5,7,1942,0,0,0,B,0,2A17,OCCIDENTAL,BEVERLY,120,S,N,A,-,N,NA,NA,NA,NA,NA,NA,NA,NA,NA,N,4,0,1,3,A,-,09,21804,A,N,G,B,D,A,H,-,A,D,0,Y,NA,NA,NA,Y,NA,-,NA,0,0,1,0,1,0,0,0,0,-,-,NA,NA,LOS ANGELES,LOS ANGELES,-118.28033816,34.07065053
6998317,2015,2015-07-22,1942,2015-06-17,1330,37225,0192,3,5,7,1942,0,0,0,A,0,1TL11,OLIVE ST,14TH ST,0,NA,Y,A,-,N,NA,NA,NA,NA,NA,NA,NA,NA,NA,Y,3,0,3,3,A,-,09,21801,A,N,D,C,A,A,H,-,A,D,0,NA,NA,NA,NA,Y,NA,A,01,0,1,2,0,0,0,0,0,0,-,-,NA,NA,LOS ANGELES,LOS ANGELES,-118.26430012,34.03657012
6998518,2015,2015-07-22,1942,2015-03-31,1420,40440,0357,2,5,7,1942,0,0,0,C,0,3TL57,35TH ST,CATALINA ST,300,E,N,A,-,N,NA,NA,NA,NA,NA,NA,NA,NA,NA,N,3,0,1,3,A,-,03,22350,NA,N,A,C,A,A,H,-,A,D,0,NA,NA,NA,NA,Y,NA,A,07,0,1,0,0,0,0,0,0,0,-,-,NA,NA,LOS ANGELES,LOS ANGELES,-118.2928119,34.02415778
6998526,2015,2015-07-22,1942,2015-03-25,2235,38063,2019,3,5,7,1942,0,0,0,NA,0,20A14,SOUTH VIRGIL,VIRGIL AV,5,W,N,A,-,N,NA,NA,NA,NA,NA,NA,NA,NA,NA,Y,3,0,1,3,A,-,03,22350,NA,N,C,C,E,A,H,-,C,D,0,Y,NA,NA,NA,Y,NA,A,01,0,1,0,0,1,0,0,0,0,-,-,NA,NA,LOS ANGELES,LOS ANGELES,-118.2868,34.07316
6998542,2015,2015-07-22,1920,2015-03-19,0507,11241,1920,4,5,6,1920,0,0,0,NA,0,002,FIRESTONE BL,PARAMOUNT BL,0,NA,Y,A,-,N,NA,NA,NA,NA,NA,NA,NA,NA,NA,Y,4,0,1,2,A,-,12,21453,A,N,D,C,A,A,H,-,C,A,0,NA,NA,NA,NA,Y,NA,A,01,0,0,1,0,0,0,0,0,0,-,-,NA,NA,LOS ANGELES,DOWNEY,-118.13797001,33.94273011
6998546,2015,2015-07-22,9565,2015-03-04,1140,018154,NA,3,1,9,1900,0,3,5,NA,2,004,EL SEGUNDO BL,ISIS AV,0,NA,Y,A,-,N,NA,NA,NA,NA,NA,NA,NA,NA,NA,Y,3,0,1,2,A,-,09,21801,A,N,H,G,A,A,H,-,A,A,0,NA,Y,NA,NA,Y,NA,L,04,0,1,0,0,0,0,1,0,0,-,-,33.91443,-118.37435,LOS ANGELES,UNINCORPORATED,-118.37438011,33.91656009
6998549,2015,2015-07-23,1912,2015-02-18,1400,8188,NA,3,5,6,1912,0,0,0,NA,0,NA,BURBANK BL,FRONT ST,220,E,N,A,-,N,NA,NA,NA,NA,NA,NA,NA,NA,NA,N,4,0,1,2,A,-,03,22350,NA,M,C,C,A,A,H,-,A,A,0,NA,NA,NA,NA,Y,NA,A,01,0,0,1,0,0,0,0,0,0,-,-,NA,NA,LOS ANGELES,BURBANK,-118.31907,34.18513
6998557,2015,2016-04-12,1900,2015-02-26,0835,516551,0451,4,5,6,1949,0,0,0,NA,0,43T1,IMPERIAL HWY,HOXIE AV,579,E,N,A,-,N,NA,NA,NA,NA,NA,NA,NA,NA,NA,N,4,0,2,2,A,-,12,21453,A,N,D,C,A,A,H,-,A,A,0,NA,NA,NA,NA,Y,NA,A,07,0,0,2,0,0,0,0,0,0,-,-,NA,NA,LOS ANGELES,NORWALK,-118.10156577,33.91716
6998594,2015,2017-01-25,1942,2015-07-03,0815,41054,0782,5,5,7,1942,0,0,0,G,0,7TL23,LA CIENEGA BL,DAVID AV,0,NA,Y,A,-,Y,LA,7,10,-,R,8.715,R,4,W,N,3,0,1,2,A,-,08,22107,NA,N,D,C,A,A,H,-,A,D,0,NA,NA,Y,Y,Y,NA,F,26,0,1,0,0,0,0,0,0,1,-,-,NA,NA,LOS ANGELES,LOS ANGELES,-118.37981501,34.03696557
6998598,2015,2015-08-13,1942,2015-07-07,1950,40102,0719,2,5,7,1942,0,0,0,G,0,7T23,ROSSMORE AV,ROSEWOOD AV,330,N,N,A,-,N,NA,NA,NA,NA,NA,NA,NA,NA,NA,Y,3,0,1,3,A,-,07,21658,A,N,B,E,A,A,H,-,A,D,0,NA,NA,NA,Y,Y,NA,A,01,0,1,0,0,0,0,0,0,0,-,-,NA,NA,LOS ANGELES,LOS ANGELES,-118.32718938,34.07985028
6998602,2015,2015-07-25,1942,2015-07-07,1250,40707,1497,2,5,7,1942,0,0,0,N,0,14A27,CENTURY BL,CONCOURSE WY,0,NA,Y,A,-,N,NA,NA,NA,NA,NA,NA,NA,NA,NA,N,4,0,1,2,A,-,08,22100,B,N,B,C,A,A,H,-,A,A,0,NA,NA,NA,NA,Y,NA,-,NA,0,0,1,0,0,0,0,0,0,-,-,NA,NA,LOS ANGELES,LOS ANGELES,-118.37497004,33.94530007
6998606,2015,2015-07-25,1942,2015-07-07,2125,40102,2081,2,5,7,1942,0,0,0,NA,0,7T23,SAINT ANDREWS PL,VENICE BL,0,NA,Y,A,-,N,NA,NA,NA,NA,NA,NA,NA,NA,NA,N,4,0,1,5,A,-,09,21802,A,N,B,C,A,A,H,-,C,A,0,NA,NA,NA,NA,Y,NA,A,01,0,0,1,0,0,0,0,0,0,-,-,NA,NA,LOS ANGELES,LOS ANGELES,-118.31160004,34.04357009
6998614,2015,2015-09-19,1942,2015-07-11,0525,R2138,0762,6,5,7,1942,0,0,0,G,0,7T23W2,LA CIENEGA BL,CASHIO ST,75,N,N,A,-,N,NA,NA,NA,NA,NA,NA,NA,NA,NA,N,2,0,1,2,A,-,11,21954,A,N,G,B,D,A,H,-,C,D,0,Y,NA,NA,Y,Y,NA,N,60,1,0,0,0,1,0,0,0,0,-,-,NA,NA,LOS ANGELES,LOS ANGELES,-118.37616,34.05091571
6998626,2015,2015-08-29,1942,2015-07-10,1410,39651,2055,5,5,7,1942,0,0,0,NA,0,20TL56,NORMANDIE AV,OLYMPIC BL,300,S,N,A,-,N,NA,NA,NA,NA,NA,NA,NA,NA,NA,N,3,0,1,2,A,-,06,21750,NA,N,B,C,A,A,H,-,A,D,0,NA,Y,NA,Y,Y,NA,F,26,0,1,0,0,0,0,1,0,0,-,-,NA,NA,LOS ANGELES,LOS ANGELES,-118.3,34.05181781
6998631,2015,2015-07-23,1947,2015-06-10,1937,1403,NA,3,5,5,1947,0,0,0,NA,0,00B,WEST BEVERLY BL,N MAPLE AV,0,NA,Y,A,-,N,NA,NA,NA,NA,NA,NA,NA,NA,NA,Y,4,0,1,2,A,-,09,21801,A,N,D,C,A,A,H,-,A,A,0,NA,NA,NA,NA,Y,NA,A,01,0,0,1,0,0,0,0,0,0,-,-,34.01898,-118.11442,LOS ANGELES,MONTEBELLO,-118.11444009,34.01899005
6998634,2015,2015-08-04,1942,2015-07-02,0745,40024,0749,4,5,7,1942,0,0,0,G,0,7T71,ROSSMORE AV,WILSHIRE BL,45,N,N,A,-,N,NA,NA,NA,NA,NA,NA,NA,NA,NA,Y,4,0,3,3,C,-,18,NA,NA,N,C,C,A,A,H,-,A,D,0,NA,NA,NA,NA,Y,NA,-,-,0,0,3,0,0,0,0,0,0,-,-,NA,NA,LOS ANGELES,LOS ANGELES,-118.32765,34.06203342
6998635,2015,2015-08-01,1947,2015-06-25,0831,R4,NA,4,5,5,1947,0,0,0,NA,0,00B,W MADISON AV,N MAPLE AV N,0,NA,Y,A,-,N,NA,NA,NA,NA,NA,NA,NA,NA,NA,N,3,0,1,2,A,-,00,22450,I,M,G,B,B,A,H,-,A,A,0,Y,NA,NA,Y,Y,NA,F,26,0,1,0,0,1,0,0,0,0,-,-,NA,NA,LOS ANGELES,MONTEBELLO,-118.11552004,34.01545007
6998641,2015,2015-07-24,1965,2015-07-01,1803,3861,0B2C,3,5,5,1965,0,0,0,NA,0,B002,PICO BL,20TH ST,110,W,N,A,-,N,NA,NA,NA,NA,NA,NA,NA,NA,NA,N,3,0,1,2,A,-,09,21804,A,N,B,G,A,A,H,-,A,D,0,NA,Y,NA,NA,Y,NA,L,04,0,1,0,0,0,0,1,0,0,-,-,NA,NA,LOS ANGELES,SANTA MONICA,-118.46976549,34.01931771
6998650,2015,2015-08-01,1900,2015-06-28,0620,270471,1431,7,5,4,1937,0,0,0,NA,0,143T1,TEMPLE AV,UNRUH AV,63,W,N,A,-,N,NA,NA,NA,NA,NA,NA,NA,NA,NA,Y,3,0,1,2,A,-,03,22350,NA,N,C,C,A,A,H,-,A,A,0,NA,NA,NA,Y,Y,NA,A,01,0,1,0,0,0,0,0,0,0,-,-,NA,NA,LOS ANGELES,LA PUENTE,-117.95874414,34.03381561
6998666,2015,2015-07-23,1900,2015-06-24,0600,232758,1414,3,5,1,1932,0,0,0,NA,0,141T2,HACIENDA BL,VALLEY BL,130,N,N,A,-,N,NA,NA,NA,NA,NA,NA,NA,NA,NA,Y,3,0,1,2,A,-,03,22350,NA,N,-,C,A,-,H,-,A,D,0,NA,NA,NA,NA,Y,NA,D,22,0,1,0,0,0,0,0,0,0,-,-,NA,NA,LOS ANGELES,INDUSTRY,-117.95804299,34.02013059
6998688,2015,2015-07-27,1942,2015-04-01,0815,26608,0314,3,5,7,1942,0,0,0,C,0,25MQ15,2ND AV,24TH ST,10,N,N,A,-,N,NA,NA,NA,NA,NA,NA,NA,NA,NA,N,4,0,2,2,A,-,08,22103,NA,N,A,C,A,A,H,-,A,D,0,NA,NA,NA,NA,Y,NA,A,01,0,0,2,0,0,0,0,0,0,-,-,NA,NA,LOS ANGELES,LOS ANGELES,-118.318892,34.034893
6998718,2015,2017-01-23,1900,2015-07-13,1635,196195,1418,1,5,1,1932,0,0,0,NA,0,141T5,AZUSA AV,RT 60,0,NA,Y,A,-,Y,LA,7,60,-,-,18.152,R,4,W,Y,4,0,2,2,A,-,12,21453,A,N,D,C,A,A,H,-,A,A,0,NA,NA,NA,NA,Y,NA,D,22,0,0,2,0,0,0,0,0,0,-,WF,33.99803,-117.93096,LOS ANGELES,INDUSTRY,-117.92804108,33.99666256
6998731,2015,2015-09-10,1900,2015-03-27,1920,480724,0333,5,5,4,1939,0,0,0,NA,0,35T1,MANHATTAN BEACH BL,HAWTHORNE BL,187,E,N,A,-,N,NA,NA,NA,NA,NA,NA,NA,NA,NA,N,4,0,1,4,A,-,01,23152,A,M,C,E,A,A,H,-,A,D,0,NA,NA,NA,NA,Y,Y,A,01,0,0,1,0,0,0,0,0,0,-,-,NA,NA,LOS ANGELES,LAWNDALE,-118.35211501,33.88744
6998750,2015,2016-06-02,9535,2015-04-27,2225,20416,NA,1,3,9,1900,0,2,4,NA,2,021,EASTERN AV,WHITTIER BL,0,NA,Y,A,-,N,NA,NA,NA,NA,NA,NA,NA,NA,NA,N,4,0,1,2,A,-,09,21801,A,N,D,C,A,A,H,-,C,A,0,NA,NA,NA,NA,Y,NA,A,01,0,0,1,0,0,0,0,0,0,-,-,34.02415,-118.17388,LOS ANGELES,UNINCORPORATED,-118.17396006,34.02392007
6998762,2015,2015-07-22,1942,2015-04-29,1810,32297,2034,3,5,7,1942,0,0,0,NA,0,20A33,WILSHIRE BL,NORMANDIE AV,55,W,N,A,-,N,NA,NA,NA,NA,NA,NA,NA,NA,NA,N,4,0,1,2,A,-,04,21703,NA,F,C,C,A,A,H,-,A,A,0,NA,NA,NA,NA,Y,NA,-,99,0,0,1,0,0,0,0,0,0,-,-,NA,NA,LOS ANGELES,LOS ANGELES,-118.30057124,34.06174
6998804,2015,2016-09-23,9525,2015-03-27,1420,19966,NA,5,2,5,1990,0,1,3,NA,2,612,RT 60,GRAND AV,600,W,N,A,-,Y,LA,7,60,-,R,24.34,H,-,E,N,4,0,2,3,A,-,03,22350,NA,M,C,C,A,A,H,-,A,D,1,NA,NA,NA,NA,Y,NA,A,01,0,0,2,0,0,0,0,0,0,-,-,34.00809,-117.82494,LOS ANGELES,DIAMOND BAR,-117.8246037,34.00874007
6998808,2015,2015-07-22,9525,2015-03-27,1015,14637,NA,5,1,9,1900,0,3,5,NA,2,002,ARROW HWY,GLENDORA AV,450,W,N,A,-,N,NA,NA,NA,NA,NA,NA,NA,NA,NA,Y,4,0,1,2,A,-,09,21804,A,N,A,C,A,A,H,-,A,D,0,NA,NA,NA,NA,Y,NA,A,01,0,0,1,0,0,0,0,0,0,-,-,34.10685,-117.86526,LOS ANGELES,UNINCORPORATED,-117.86528301,34.10668
6998812,2015,2016-09-27,9525,2015-03-27,1550,20114,NA,5,2,4,1960,0,1,1,NA,2,208,RT 210,FOOTHILL BL,1056,W,N,A,-,Y,LA,7,210,-,R,46.43,H,-,E,Y,3,0,1,2,A,-,03,22350,NA,N,C,C,A,A,H,-,A,D,1,NA,NA,Y,NA,Y,NA,C,02,0,1,0,0,0,0,0,0,1,-,-,34.11975,-117.79506,LOS ANGELES,SAN DIMAS,-117.79040998,34.11976959
6998816,2015,2016-09-28,9525,2015-03-29,1505,20408,NA,7,2,1,1934,0,1,1,NA,2,213,RT 210,IRWINDALE AV,300,W,N,A,-,Y,LA,7,210,-,R,37.8,H,-,W,N,4,0,1,2,A,-,03,22350,NA,N,C,C,A,A,H,-,A,D,1,NA,NA,NA,NA,Y,NA,A,01,0,0,1,0,0,0,0,0,0,-,-,34.13037,-117.94429,LOS ANGELES,IRWINDALE,-117.93468431,34.12965224
6998820,2015,2016-10-18,9525,2015-03-29,1806,18366,NA,7,2,5,1990,0,1,3,NA,2,574,RT 57,RT 60,430,S,N,A,-,Y,LA,7,57,-,R,4.16,R,2,N,Y,4,0,1,2,A,-,07,21658,A,N,B,C,A,A,H,-,A,D,1,NA,NA,NA,NA,Y,NA,A,01,0,0,1,0,0,0,0,0,0,-,-,34.00012,-117.83691,LOS ANGELES,DIAMOND BAR,-117.83833817,33.99809384
6998824,2015,2016-10-05,9525,2015-03-30,0225,18926,NA,1,3,4,1938,0,1,1,NA,2,209,RT 210,FRUIT ST,5280,E,N,A,-,Y,LA,7,210,-,R,49.08,H,-,W,Y,2,0,1,1,A,-,01,23152,A,N,E,I,A,A,H,-,D,D,1,NA,NA,NA,NA,Y,Y,A,01,1,0,0,0,0,0,0,0,0,-,-,34.11998,-117.77201,LOS ANGELES,LA VERNE,-117.74433445,34.12079569
6998828,2015,2015-07-22,9525,2015-03-28,0320,20823,NA,6,3,9,1900,0,3,5,NA,2,004,AMAR RD,SUNSET AV,0,NA,Y,A,-,N,NA,NA,NA,NA,NA,NA,NA,NA,NA,Y,2,0,2,2,A,-,12,21453,A,N,D,C,A,A,H,-,C,D,0,NA,NA,NA,NA,Y,NA,-,-,1,0,1,0,0,0,0,0,0,-,-,34.0454,-117.96314,LOS ANGELES,UNINCORPORATED,-117.96314012,34.04534003
6998831,2015,2015-07-22,1942,2015-03-01,1545,37468,2045,7,5,7,1942,0,0,0,NA,0,2A16,FEDORA ST,JAMES M WOOD,130,N,N,B,-,N,NA,NA,NA,NA,NA,NA,NA,NA,NA,Y,3,0,1,4,A,-,03,22350,NA,N,C,E,A,A,H,-,A,D,0,NA,NA,Y,NA,Y,NA,A,01,0,1,0,0,0,0,0,0,0,-,-,NA,NA,LOS ANGELES,LOS ANGELES,-118.297611,34.056271
6998832,2015,2016-10-10,9525,2015-03-27,0745,14971,NA,5,1,6,1975,0,1,1,NA,2,104,RT 10,VINCENT AV,2112,W,N,A,-,Y,LA,7,10,-,-,34.99,H,-,E,N,4,0,1,2,A,-,03,22350,NA,N,C,C,A,A,D,-,A,D,1,NA,NA,NA,NA,Y,NA,A,01,0,0,1,0,0,0,0,0,0,-,-,34.07227,-117.93375,LOS ANGELES,WEST COVINA,-117.93391344,34.07229973
6998836,2015,2016-10-06,9525,2015-03-27,0955,14762,NA,5,1,4,1905,0,1,1,NA,2,213,RT 210,CERRITOS AV,100,W,N,A,-,Y,LA,7,210,-,R,40.05,H,-,W,Y,3,0,1,3,A,-,03,22350,NA,N,C,C,A,A,H,-,A,D,1,NA,NA,NA,NA,Y,NA,A,07,0,1,0,0,0,0,0,0,0,-,-,34.12109,-117.89966,LOS ANGELES,AZUSA,-117.89979983,34.12117393
6998840,2015,2015-07-22,9525,2015-03-28,1740,20847,NA,6,2,9,1900,0,3,5,NA,2,003,AMAR RD,LARK ELLEN AV,100,W,N,A,-,N,NA,NA,NA,NA,NA,NA,NA,NA,NA,N,4,0,1,2,A,-,03,22350,NA,N,C,C,A,A,H,-,A,A,0,NA,NA,NA,NA,Y,NA,A,01,0,0,1,0,0,0,0,0,0,-,-,34.03538,-117.9204,LOS ANGELES,UNINCORPORATED,-117.91979115,34.0352306
6998844,2015,2016-10-06,9525,2015-03-29,0439,20636,NA,7,3,1,1934,0,1,1,NA,2,203,RT 210,IRWINDALE AV,225,E,N,A,-,Y,LA,7,210,-,R,38.068,R,3,W,Y,4,0,1,1,A,-,08,22107,NA,N,E,J,A,A,H,-,C,D,1,NA,NA,NA,NA,Y,Y,A,01,0,0,1,0,0,0,0,0,0,-,-,34.1309,-117.93035,LOS ANGELES,IRWINDALE,-117.93013734,34.13076735
6998848,2015,2015-07-22,9525,2015-03-31,1445,18651,NA,2,2,9,1900,0,2,4,NA,2,030,VALLEY BL,PASEO TESORO,0,NA,Y,A,-,N,NA,NA,NA,NA,NA,NA,NA,NA,NA,Y,4,0,2,2,A,-,09,21802,A,N,D,C,A,A,H,-,A,A,0,NA,NA,NA,NA,Y,NA,A,01,0,0,2,0,0,0,0,0,0,-,-,34.01194,-117.8556,LOS ANGELES,UNINCORPORATED,-117.85570001,34.01182001