CASE_ID,ACCIDENT_YEAR,PROC_DATE,JURIS,COLLISION_DATE,COLLISION_TIME,OFFICER_ID,REPORTING_DISTRICT,DAY_OF_WEEK,CHP_SHIFT,POPULATION,CNTY_CITY_LOC,SPECIAL_COND,BEAT_TYPE,CHP_BEAT_TYPE,CITY_DIVISION_LAPD,CHP_BEAT_CLASS,BEAT_NUMBER,PRIMARY_RD,SECONDARY_RD,DISTANCE,DIRECTION,INTERSECTION,WEATHER_1,WEATHER_2,STATE_HWY_IND,CALTRANS_COUNTY,CALTRANS_DISTRICT,STATE_ROUTE,ROUTE_SUFFIX,POSTMILE_PREFIX,POSTMILE,LOCATION_TYPE,RAMP_INTERSECTION,SIDE_OF_HWY,TOW_AWAY,COLLISION_SEVERITY,NUMBER_KILLED,NUMBER_INJURED,PARTY_COUNT,PRIMARY_COLL_FACTOR,PCF_CODE_OF_VIOL,PCF_VIOL_CATEGORY,PCF_VIOLATION,PCF_VIOL_SUBSECTION,HIT_AND_RUN,TYPE_OF_COLLISION,MVIW,PED_ACTION,ROAD_SURFACE,ROAD_COND_1,ROAD_COND_2,LIGHTING,CONTROL_DEVICE,CHP_ROAD_TYPE,PEDESTRIAN_ACCIDENT,BICYCLE_ACCIDENT,MOTORCYCLE_ACCIDENT,TRUCK_ACCIDENT,NOT_PRIVATE_PROPERTY,ALCOHOL_INVOLVED,STWD_VEHTYPE_AT_FAULT,CHP_VEHTYPE_AT_FAULT,COUNT_SEVERE_INJ,COUNT_VISIBLE_INJ,COUNT_COMPLAINT_PAIN,COUNT_PED_KILLED,COUNT_PED_INJURED,COUNT_BICYCLIST_KILLED,COUNT_BICYCLIST_INJURED,COUNT_MC_KILLED,COUNT_MC_INJURED,PRIMARY_RAMP,SECONDARY_RAMP,LATITUDE,LONGITUDE,COUNTY,CITY,POINT_X,POINT_Y
6999975,2015,2016-12-13,9565,2015-06-26,1143,19556,NA,5,1,9,1900,0,1,1,NA,2,060,RT 405,120TH ST,1000,S,N,A,-,Y,LA,7,405,-,R,20.55,H,-,N,Y,3,0,1,2,A,-,07,21658,A,N,C,C,A,A,H,-,A,D,1,NA,NA,Y,NA,Y,NA,A,01,0,1,0,0,0,0,0,0,1,-,-,33.92109,-118.36913,LOS ANGELES,UNINCORPORATED,-118.36907535,33.9210363
6999977,2015,2016-12-15,9565,2015-06-06,2235,020520,NA,6,3,7,1942,0,1,1,NA,2,062,RT 405,PALMS BL,400,S,N,A,-,Y,LA,7,405,-,-,28.43,H,-,N,N,4,0,1,2,A,-,07,21658,A,N,B,C,A,A,H,-,C,D,1,NA,NA,NA,NA,Y,NA,A,01,0,0,1,0,0,0,0,0,0,-,-,34.01648,-118.42157,LOS ANGELES,LOS ANGELES,-118.42280201,34.017860400000004
6999978,2015,2016-11-09,9565,2015-06-08,1715,020487,NA,1,2,7,1942,0,1,1,NA,2,060,RT 405,LA TIJERA BL,150,S,N,A,-,Y,LA,7,405,-,-,24.149,R,1,S,Y,3,0,2,2,A,-,03,22350,NA,N,C,C,A,A,H,-,A,A,1,NA,NA,NA,NA,Y,NA,A,01,0,1,1,0,0,0,0,0,0,FR,-,33.97068,-118.37703,LOS ANGELES,LOS ANGELES,-118.37631816,33.97085869
6999979,2015,2016-11-09,9565,2015-06-25,2015,20333,NA,4,2,7,1942,0,1,1,NA,2,063,RT 405,MONTANA AV,650,N,N,A,-,Y,LA,7,405,-,-,32.64,H,-,S,Y,4,0,2,2,A,-,08,22107,NA,N,D,I,A,A,H,-,C,D,1,NA,NA,NA,NA,Y,NA,A,01,0,0,2,0,0,0,0,0,0,-,-,34.06849,-118.46306,LOS ANGELES,LOS ANGELES,-118.46316058,34.06857439
6999981,2015,2016-11-08,9565,2015-06-06,1625,20879,NA,6,2,5,1965,0,1,1,NA,2,082,RT 10,CENTINELA AV,300,W,N,A,-,Y,LA,7,10,-,R,4.26,H,-,E,Y,4,0,1,3,A,-,03,22350,NA,N,C,C,A,A,H,-,A,D,1,NA,NA,NA,NA,Y,NA,A,01,0,0,1,0,0,0,0,0,0,-,-,34.02827,-118.48327,LOS ANGELES,SANTA MONICA,-118.45396818,34.027658
6999989,2015,2016-11-19,9565,2015-06-05,1125,19398,NA,5,1,6,1933,0,1,1,NA,2,060,RT 405,FLORENCE AV,50,S,N,A,-,Y,LA,7,405,-,-,23.49,H,-,N,Y,4,0,1,2,A,-,03,22350,NA,N,C,C,A,A,H,-,A,D,1,NA,NA,NA,NA,Y,NA,A,01,0,0,1,0,0,0,0,0,0,-,-,33.96329,-118.36983,LOS ANGELES,INGLEWOOD,-118.36978712,33.96358786
6999993,2015,2016-12-15,9565,2015-06-07,1805,020487,NA,7,2,7,1942,0,1,1,NA,2,061,RT 405,JEFFERSON BL,500,N,N,A,-,Y,LA,7,405,-,-,26.06,H,-,S,Y,4,0,3,4,A,-,03,22350,NA,N,C,C,A,A,H,-,A,D,1,NA,NA,NA,NA,Y,NA,A,01,0,0,3,0,0,0,0,0,0,-,-,33.9936,-118.40388,LOS ANGELES,LOS ANGELES,-118.40030486,33.98911407
6999997,2015,2016-11-07,9565,2015-06-04,2210,020796,NA,4,3,7,1942,0,1,1,NA,2,082,RT 10,RT 405,10,W,N,A,-,Y,LA,7,10,-,R,5.43,H,-,E,Y,4,0,2,2,A,-,03,22350,NA,N,C,C,A,A,H,-,C,D,1,NA,NA,NA,NA,Y,NA,A,08,0,0,2,0,0,0,0,0,0,-,-,34.03114,-118.43373,LOS ANGELES,LOS ANGELES,-118.43393666,34.03116434
7000001,2015,2015-07-24,1976,2015-06-20,1056,279,1976,6,5,5,1976,0,0,0,NA,0,002,PHILADELPHIA ST,WHITTIER AV,0,NA,Y,A,-,N,NA,NA,NA,NA,NA,NA,NA,NA,NA,N,4,0,3,2,A,-,03,22350,NA,N,C,C,A,A,H,-,A,D,0,NA,NA,NA,NA,Y,Y,A,01,0,0,3,0,0,0,0,0,0,-,-,NA,NA,LOS ANGELES,WHITTIER,-118.04318011,33.97911002
7000003,2015,2015-08-29,1942,2015-07-10,1350,40697,1253,5,5,7,1942,0,0,0,L,0,12T73,FLORENCE AV,WESTERN AV,0,NA,-,A,-,N,NA,NA,NA,NA,NA,NA,NA,NA,NA,Y,3,0,2,3,A,-,03,22350,NA,N,C,-,A,A,H,-,A,D,0,NA,NA,NA,Y,Y,NA,A,07,0,2,0,0,0,0,0,0,0,-,-,NA,NA,LOS ANGELES,LOS ANGELES,-118.30898006,33.97457001
7000015,2015,2015-08-03,1942,2015-07-02,1020,24543,1844,4,5,7,1942,0,0,0,R,0,25MQ14,AVALON BL,LANZIT AV,50,S,N,B,-,N,NA,NA,NA,NA,NA,NA,NA,NA,NA,Y,4,0,2,2,A,-,03,22350,NA,N,C,C,A,A,H,-,A,A,0,NA,NA,NA,NA,Y,NA,D,22,0,0,2,0,0,0,0,0,0,-,-,NA,NA,LOS ANGELES,LOS ANGELES,-118.26519429,33.93237296
7000023,2015,2015-08-01,1942,2015-06-21,0250,41019,0158,7,5,7,1942,0,0,0,A,0,1T11,CENTRAL AV,INDUSTRIAL ST,40,N,N,A,-,N,NA,NA,NA,NA,NA,NA,NA,NA,NA,Y,4,0,2,2,A,-,05,21460,A,N,A,C,A,A,H,-,C,A,0,NA,NA,NA,NA,Y,NA,A,01,0,0,2,0,0,0,0,0,0,-,-,NA,NA,LOS ANGELES,LOS ANGELES,-118.24050569,34.03746431
7000027,2015,2015-08-03,1942,2015-06-09,1630,40099,0279,2,5,7,1942,0,0,0,B,0,2TL14,UNION AV,OLYMPIC BL,120,N,N,A,-,N,NA,NA,NA,NA,NA,NA,NA,NA,NA,N,4,0,2,2,A,-,07,21658,A,N,B,B,A,A,H,-,A,D,0,NA,NA,NA,NA,Y,NA,D,22,0,0,2,0,0,0,0,0,0,-,-,NA,NA,LOS ANGELES,LOS ANGELES,-118.27403279,34.04949987
7000035,2015,2015-08-07,1942,2015-06-08,2010,35748,0191,1,5,7,1942,0,0,0,A,0,1A61,FIGUEROA ST,18TH ST,0,NA,Y,A,-,N,NA,NA,NA,NA,NA,NA,NA,NA,NA,Y,3,0,4,2,A,-,09,21801,A,N,A,C,A,A,H,-,C,A,0,NA,NA,NA,NA,Y,NA,A,01,0,1,3,0,0,0,0,0,0,-,-,NA,NA,LOS ANGELES,LOS ANGELES,-118.2714001,34.03543002
7000039,2015,2015-08-07,1942,2015-06-08,0830,36814,0159,1,5,7,1942,0,0,0,A,0,1TL11,4TH PL,HEWITT ST,20,W,N,A,-,N,NA,NA,NA,NA,NA,NA,NA,NA,NA,N,4,0,1,2,A,-,11,21955,NA,N,G,B,D,A,H,-,A,D,0,Y,NA,NA,NA,Y,NA,N,60,0,0,1,0,1,0,0,0,0,-,-,NA,NA,LOS ANGELES,LOS ANGELES,-118.23678097,34.04458475
7000042,2015,2015-07-24,1955,2015-06-12,1941,40478,0092,5,5,6,1955,0,0,0,NA,0,004,E MISSION BL,LA MESA ST,102,W,N,A,-,N,NA,NA,NA,NA,NA,NA,NA,NA,NA,N,3,0,1,2,A,-,05,21202,NA,N,H,G,A,A,H,-,A,D,0,NA,Y,NA,NA,Y,NA,L,04,0,1,0,0,0,0,1,0,0,-,-,NA,NA,LOS ANGELES,POMONA,-117.7351357,34.05549041
7000043,2015,2015-08-07,1942,2015-06-09,1510,39010,0111,2,5,7,1942,0,0,0,A,0,13TL22,BROADWAY,ORO ST,188,N,N,B,-,N,NA,NA,NA,NA,NA,NA,NA,NA,NA,Y,4,0,1,3,A,-,21,22106,NA,N,B,C,A,A,H,-,A,A,0,NA,NA,NA,NA,Y,NA,A,01,0,0,1,0,0,0,0,0,0,-,-,NA,NA,LOS ANGELES,LOS ANGELES,NA,NA
7000047,2015,2015-08-10,1942,2015-06-16,1420,40288,0156,2,5,7,1942,0,0,0,A,0,1FB2,5TH ST,SAN PEDRO,0,NA,Y,A,-,N,NA,NA,NA,NA,NA,NA,NA,NA,NA,N,4,0,1,2,A,-,10,21950,NA,N,A,B,B,A,H,-,A,A,0,Y,NA,NA,NA,Y,NA,-,-,0,0,1,0,1,0,0,0,0,-,-,NA,NA,LOS ANGELES,LOS ANGELES,-118.24391003,34.04421007
7000051,2015,2015-11-12,1942,2015-06-18,1710,41781,RAMP,4,5,7,1942,0,0,0,NA,0,0256,WILSHIRE AV,ALVARADO,15,W,N,A,-,N,NA,NA,NA,NA,NA,NA,NA,NA,NA,N,3,0,1,2,A,-,09,21801,A,N,D,C,A,A,-,-,A,A,0,NA,NA,NA,NA,Y,NA,-,NA,0,1,0,0,0,0,0,0,0,-,-,NA,NA,LOS ANGELES,LOS ANGELES,-118.27590284,34.05797074
7000055,2015,2015-08-04,1942,2015-06-09,0900,39062,0182,2,5,7,1942,0,0,0,A,0,2TL15,GRADE AV,11TH ST,30,N,N,B,-,N,NA,NA,NA,NA,NA,NA,NA,NA,NA,N,4,0,2,2,A,-,03,22350,NA,N,C,C,A,A,E,-,A,D,0,NA,NA,NA,NA,Y,NA,I,20,0,0,2,0,0,0,0,0,0,-,-,NA,NA,LOS ANGELES,LOS ANGELES,-118.23636,33.93429
7000059,2015,2015-08-10,1942,2015-06-04,1035,39761,0292,4,5,7,1942,0,0,0,B,0,4TL43,HOOVER ST,20TH ST,0,NA,Y,F,-,N,NA,NA,NA,NA,NA,NA,NA,NA,NA,Y,4,0,1,2,A,-,12,21453,A,N,D,C,A,A,H,-,A,A,0,NA,NA,NA,Y,Y,NA,F,21,0,0,1,0,0,0,0,0,0,-,-,NA,NA,LOS ANGELES,LOS ANGELES,-118.28404012,34.03812004
7000063,2015,2015-08-07,1942,2015-06-12,0950,39062,0497,5,5,7,1942,0,0,0,D,0,2TL15,OLYMPIC BL,SOTO ST,0,NA,Y,B,-,N,NA,NA,NA,NA,NA,NA,NA,NA,NA,Y,4,0,1,2,A,-,12,21453,A,N,D,C,A,A,H,-,A,A,0,NA,NA,NA,NA,Y,NA,A,01,0,0,1,0,0,0,0,0,0,-,-,NA,NA,LOS ANGELES,LOS ANGELES,-118.21985003,34.02427006
7000070,2015,2015-07-24,1972,2015-06-28,1714,18159,NA,7,5,6,1972,0,0,0,NA,0,NA,SEPULVEDA BL,ARLINGTON AV,25,E,N,A,-,N,NA,NA,NA,NA,NA,NA,NA,NA,NA,N,4,0,1,2,A,-,03,22350,NA,N,C,C,A,A,H,-,A,A,0,NA,NA,NA,NA,Y,NA,A,NA,0,0,1,0,0,0,0,0,0,-,-,NA,NA,LOS ANGELES,TORRANCE,-118.3196699,33.82008478
7000071,2015,2016-06-02,1942,2015-05-28,1745,37464,0463,4,5,7,1942,0,0,0,D,0,DESK,1ST ST,CUMMINGS ST,40,W,N,A,-,N,NA,NA,NA,NA,NA,NA,NA,NA,NA,Y,4,0,1,3,A,-,04,21703,NA,N,A,C,A,A,H,-,A,A,0,NA,NA,NA,NA,Y,NA,A,01,0,0,1,0,0,0,0,0,0,-,-,NA,NA,LOS ANGELES,LOS ANGELES,-118.21509759,34.04549951
7000074,2015,2015-07-24,1972,2015-06-28,1149,19767,NA,7,5,6,1972,0,0,0,NA,0,NA,MAPLE AV,CIVIC CENTER DR,50,N,N,A,-,N,NA,NA,NA,NA,NA,NA,NA,NA,NA,Y,3,0,2,2,A,-,09,21804,A,N,D,C,A,A,H,-,A,D,0,NA,NA,NA,NA,Y,NA,A,NA,0,1,1,0,0,0,0,0,0,-,-,NA,NA,LOS ANGELES,TORRANCE,-118.34010228,33.84072712
7000075,2015,2015-08-10,1942,2015-06-16,0850,39876,0415,2,5,7,1942,0,0,0,D,0,13T22,BROADWAY,EASTLAKE AV,158,E,N,A,-,N,NA,NA,NA,NA,NA,NA,NA,NA,NA,Y,4,0,1,3,A,-,08,22107,NA,N,D,C,A,A,H,-,A,D,0,NA,NA,NA,NA,Y,NA,-,-,0,0,1,0,0,0,0,0,0,-,-,NA,NA,LOS ANGELES,LOS ANGELES,-118.2073194,34.07375789
7000078,2015,2016-11-03,9565,2015-06-30,1800,020752,NA,2,2,9,1900,0,3,5,NA,2,006,WILSHIRE BL,RT 405,100,W,N,A,-,Y,LA,7,405,-,-,31.476,R,4,S,N,4,0,1,2,A,-,03,22350,NA,N,C,C,A,A,H,-,A,D,1,NA,NA,NA,NA,Y,NA,A,01,0,0,1,0,0,0,0,0,0,-,-,34.05548,-118.45239,LOS ANGELES,UNINCORPORATED,-118.45139193,34.05471341
7000083,2015,2015-07-27,1942,2015-06-01,0820,32973,0279,1,5,7,1942,0,0,0,B,0,11TL32,OLYMPIC BL,UNION AV,0,NA,Y,B,-,N,NA,NA,NA,NA,NA,NA,NA,NA,NA,N,4,0,1,2,A,-,09,21801,A,N,D,C,A,A,H,-,A,A,0,NA,NA,NA,NA,Y,NA,A,01,0,0,1,0,0,0,0,0,0,-,-,NA,NA,LOS ANGELES,LOS ANGELES,-118.27422011,34.04921006
7000084,2015,2015-07-25,1942,2015-06-06,2154,40730,0265,6,5,7,1942,0,0,0,B,0,2TL15,ALVARADO ST,7TH ST,0,NA,Y,A,-,N,NA,NA,NA,NA,NA,NA,NA,NA,NA,N,4,0,1,2,A,-,05,21650,1,N,D,G,A,A,H,-,C,A,0,NA,Y,NA,NA,Y,NA,L,04,0,0,1,0,0,0,1,0,0,-,-,NA,NA,LOS ANGELES,LOS ANGELES,-118.27681,34.05648
7000087,2015,2015-07-29,1942,2015-06-10,1815,35771,0246,3,5,7,1942,0,0,0,B,0,2A68,ALVARADO ST,MARYLAND ST,0,NA,Y,A,-,N,NA,NA,NA,NA,NA,NA,NA,NA,NA,Y,4,0,1,2,A,-,08,22107,NA,N,D,C,A,A,H,-,A,A,0,NA,NA,NA,NA,Y,NA,A,01,0,0,1,0,0,0,0,0,0,-,-,NA,NA,LOS ANGELES,LOS ANGELES,-118.27374008,34.06130011
7000088,2015,2015-07-25,1942,2015-06-01,0810,32973,0251,1,5,7,1942,0,0,0,B,0,11TL32,RAMPART BL,3RD ST,0,NA,Y,B,-,N,NA,NA,NA,NA,NA,NA,NA,NA,NA,Y,3,0,2,2,A,-,09,21801,A,N,D,C,A,A,H,-,A,A,0,NA,NA,NA,NA,Y,NA,A,07,0,1,1,0,0,0,0,0,0,-,-,NA,NA,LOS ANGELES,LOS ANGELES,-118.27888013,34.06625007
7000091,2015,2015-07-30,1942,2015-06-04,1155,39062,0497,4,5,7,1942,0,0,0,D,0,1T24,SOTO ST,OLYMPIC BL,0,NA,Y,B,-,N,NA,NA,NA,NA,NA,NA,NA,NA,NA,N,4,0,1,2,A,-,11,21954,NA,N,G,B,B,A,H,-,A,A,0,Y,NA,NA,NA,Y,NA,-,-,0,0,1,0,1,0,0,0,0,-,-,NA,NA,LOS ANGELES,LOS ANGELES,-118.21985003,34.02427006
7000092,2015,2015-07-25,1976,2015-06-19,0910,288,WHITT,5,5,5,1976,0,0,0,NA,0,004,SANTA GERTRUDES AV,YERMO ST,24,N,N,A,-,N,NA,NA,NA,NA,NA,NA,NA,NA,NA,Y,4,0,2,2,A,-,03,22350,NA,N,C,C,A,A,H,-,A,A,0,NA,NA,NA,NA,Y,NA,A,01,0,0,2,0,0,0,0,0,0,-,-,NA,NA,LOS ANGELES,WHITTIER,-117.99311113,33.9361758
7000095,2015,2015-07-25,1942,2015-06-10,2300,39533,479,3,5,7,1942,0,0,0,NA,0,4A97W3,INDIANA AV,7TH ST,0,NA,Y,B,-,N,NA,NA,NA,NA,NA,NA,NA,NA,NA,N,4,0,2,2,A,-,09,21801,A,N,D,C,A,A,H,-,C,A,0,NA,NA,NA,NA,Y,NA,A,01,0,0,2,0,0,0,0,0,0,-,-,NA,NA,LOS ANGELES,LOS ANGELES,-118.46697006,33.99747011
7000099,2015,2016-06-01,1942,2015-06-04,1740,40516,275,4,5,7,1942,0,0,0,NA,0,2F7,OLYMPIC BL,WESTLAKE AV,0,NA,-,B,-,N,NA,NA,NA,NA,NA,NA,NA,NA,NA,N,4,0,2,3,A,-,09,21800,C,N,B,C,A,A,H,-,A,A,0,NA,NA,NA,NA,Y,NA,A,01,0,0,2,0,0,0,0,0,0,-,-,NA,NA,LOS ANGELES,LOS ANGELES,-118.27873002,34.05121
7000103,2015,2015-07-25,1942,2015-06-10,1530,35462,D112,3,5,7,1942,0,0,0,NA,0,1A29W2,TEMPLE ST,MAIN ST,0,NA,Y,A,-,N,NA,NA,NA,NA,NA,NA,NA,NA,NA,N,4,0,1,2,A,-,03,22350,NA,N,C,C,A,A,H,-,A,A,0,NA,NA,NA,NA,Y,NA,A,01,0,0,1,0,0,0,0,0,0,-,-,NA,NA,LOS ANGELES,LOS ANGELES,-118.24166011,34.05408011
7000107,2015,2015-07-25,1942,2015-06-05,0900,39761,0124,5,5,7,1942,0,0,0,A,0,11TL21,LOS ANGELES ST,2ND ST,0,NA,Y,A,-,N,NA,NA,NA,NA,NA,NA,NA,NA,NA,N,4,0,3,2,A,-,12,21453,A,N,D,C,A,A,H,-,A,A,0,NA,NA,NA,NA,Y,NA,A,01,0,0,3,0,0,0,0,0,0,-,-,NA,NA,LOS ANGELES,LOS ANGELES,-118.24337,34.05026
7000111,2015,2015-07-25,1942,2015-06-11,2222,41883,0139,4,5,7,1942,0,0,0,A,0,1A35,S ALAMEDA ST,3RD ST,0,NA,Y,A,-,N,NA,NA,NA,NA,NA,NA,NA,NA,NA,N,4,0,1,2,A,-,12,21453,A,N,D,G,A,A,H,-,C,A,0,NA,Y,NA,NA,Y,NA,L,04,0,0,1,0,0,0,1,0,0,-,-,NA,NA,LOS ANGELES,LOS ANGELES,-118.23809006,34.04554004
7000112,2015,2015-07-25,1967,2015-06-08,2500,40281,941,1,5,2,1967,0,0,0,NA,0,SOUTH,WILLOW,CENTER E,55,E,N,A,-,N,NA,NA,NA,NA,NA,NA,NA,NA,NA,N,4,0,2,2,D,-,00,NA,NA,N,-,C,A,A,H,-,A,A,0,NA,NA,NA,NA,Y,NA,-,-,0,0,2,0,0,0,0,0,0,-,-,NA,NA,LOS ANGELES,SIGNAL HILL,NA,NA
7000115,2015,2015-07-25,1942,2015-06-08,1105,36814,0112,1,5,7,1942,0,0,0,A,0,1TL11,SPRING ST,TEMPLE ST,0,NA,Y,A,-,N,NA,NA,NA,NA,NA,NA,NA,NA,NA,Y,3,0,1,2,A,-,12,21453,A,N,D,C,A,A,H,-,A,A,0,NA,NA,NA,NA,Y,NA,A,01,0,1,0,0,0,0,0,0,0,-,-,NA,NA,LOS ANGELES,LOS ANGELES,-118.24263011,34.05488008
7000119,2015,2015-07-24,1942,2015-06-08,0650,36814,0162,1,5,7,1942,0,0,0,A,0,1TL11,HILL ST,8TH ST,0,NA,Y,A,-,N,NA,NA,NA,NA,NA,NA,NA,NA,NA,N,3,0,1,2,A,-,12,21453,A,N,D,G,A,A,H,-,A,A,0,NA,Y,NA,NA,Y,NA,A,07,0,1,0,0,0,0,1,0,0,-,-,NA,NA,LOS ANGELES,LOS ANGELES,-118.25583004,34.04445011
7000123,2015,2015-07-24,1942,2015-06-08,0905,36814,0185,1,5,7,1942,0,0,0,A,0,1TL11,BROADWAY,11TH ST,0,NA,Y,A,-,N,NA,NA,NA,NA,NA,NA,NA,NA,NA,Y,4,0,1,2,A,-,12,21453,A,N,D,C,A,A,H,-,A,A,0,NA,NA,NA,NA,Y,NA,A,01,0,0,1,0,0,0,0,0,0,-,-,NA,NA,LOS ANGELES,LOS ANGELES,-118.259,34.0396
7000127,2015,2015-07-24,1942,2015-06-07,0330,31324,0157,7,5,7,1942,0,0,0,A,0,1T24,SAN PEDRO ST,7TH ST,0,NA,Y,B,-,N,NA,NA,NA,NA,NA,NA,NA,NA,NA,Y,3,0,1,2,A,-,01,23152,A,N,D,C,A,A,H,-,C,A,0,NA,NA,NA,NA,Y,Y,A,01,0,1,0,0,0,0,0,0,0,-,-,NA,NA,LOS ANGELES,LOS ANGELES,-118.24678007,34.04070008
7000131,2015,2015-08-03,1942,2015-06-11,1420,37611,0245,4,5,7,1942,0,0,0,B,0,1T24,3RD ST,LAKE ST,0,NA,Y,A,-,N,NA,NA,NA,NA,NA,NA,NA,NA,NA,N,4,0,1,2,A,-,09,21801,A,N,D,C,A,A,H,-,A,D,0,NA,NA,Y,NA,Y,NA,A,08,0,0,1,0,0,0,0,0,0,-,-,NA,NA,LOS ANGELES,LOS ANGELES,-118.27384008,34.06326001
7000135,2015,2015-07-25,1942,2015-06-20,0015,40008,0182,6,5,7,1942,0,0,0,A,0,13T55,W 9TH ST,S FIGUEROA ST,0,NA,Y,A,-,N,NA,NA,NA,NA,NA,NA,NA,NA,NA,N,3,0,2,2,A,-,08,22100,B,N,D,C,A,A,D,-,C,D,0,NA,NA,NA,NA,Y,NA,A,01,0,1,1,0,0,0,0,0,0,-,-,NA,NA,LOS ANGELES,LOS ANGELES,-118.26283012,34.04624009
7000139,2015,2015-07-30,1942,2015-06-20,1110,41650,RD012,6,5,7,1942,0,0,0,NA,0,1AG1,BROADWAY,TEMPLE ST,0,NA,Y,A,-,N,NA,NA,NA,NA,NA,NA,NA,NA,NA,Y,4,0,1,2,A,-,12,21453,A,N,D,C,A,A,H,-,A,A,0,NA,NA,NA,NA,Y,NA,-,-,0,0,1,0,0,0,0,0,0,-,-,NA,NA,LOS ANGELES,LOS ANGELES,-118.24359003,34.0557601
7000143,2015,2015-07-25,1942,2015-06-20,1130,41629,0101,6,5,7,1942,0,0,0,A,0,1A29,STADIUM WY,LILAC TER,0,NA,Y,A,-,N,NA,NA,NA,NA,NA,NA,NA,NA,NA,Y,4,0,1,2,A,-,09,21801,A,N,B,C,A,A,H,-,A,D,0,NA,NA,NA,NA,Y,NA,A,01,0,0,1,0,0,0,0,0,0,-,-,NA,NA,LOS ANGELES,LOS ANGELES,-118.24565013,34.07098004
7000147,2015,2015-07-30,1942,2015-06-12,1540,34458,0192,5,5,7,1942,0,0,0,A,0,4TL4,OLIVE ST,18TH ST,0,NA,Y,A,-,N,NA,NA,NA,NA,NA,NA,NA,NA,NA,Y,4,0,2,2,A,-,12,21453,A,N,D,C,A,A,H,-,A,A,0,NA,NA,NA,NA,Y,NA,-,-,0,0,2,0,0,0,0,0,0,-,-,NA,NA,LOS ANGELES,LOS ANGELES,-118.26655006,34.03374002
7000151,2015,2015-07-24,1942,2015-06-10,1225,39062,0105,3,5,7,1942,0,0,0,A,0,1TL11,STADIUM WY,BISHOPS RD,0,NA,Y,B,-,N,NA,NA,NA,NA,NA,NA,NA,NA,NA,Y,4,0,1,1,A,-,03,22350,NA,N,E,I,A,A,H,-,A,A,0,NA,NA,NA,NA,Y,NA,A,01,0,0,1,0,0,0,0,0,0,-,-,NA,NA,LOS ANGELES,LOS ANGELES,-118.23436009,34.07015006
7000155,2015,2015-07-25,1942,2015-06-25,2000,40697,0358,4,5,7,1942,0,0,0,C,0,3T57,JEFFERSON,FIGUEROA ST,0,NA,Y,A,-,N,NA,NA,NA,NA,NA,NA,NA,NA,NA,N,4,0,1,2,A,-,01,23152,A,F,G,G,A,A,H,-,A,A,0,NA,Y,NA,NA,Y,NA,A,01,0,0,1,0,0,0,1,0,0,-,-,NA,NA,LOS ANGELES,LOS ANGELES,-118.28000005,34.02195004
7000159,2015,2015-07-24,1942,2015-06-28,2205,40545,0358,7,5,7,1942,0,0,0,C,0,3Z5,FIGUEROA ST,JEFFERSON BL,0,NA,Y,A,-,N,NA,NA,NA,NA,NA,NA,NA,NA,NA,Y,3,0,3,2,A,-,01,23152,A,N,A,C,A,A,H,-,C,D,0,NA,NA,NA,NA,Y,Y,A,01,0,1,2,0,0,0,0,0,0,-,-,NA,NA,LOS ANGELES,LOS ANGELES,-118.28000005,34.02195004
7000169,2015,2016-11-09,9565,2015-05-09,1245,20870,NA,6,1,7,1942,0,1,1,NA,2,063,RT 405,SANTA MONICA BL,200,S,N,A,-,Y,LA,7,405,-,-,30.682,R,2,N,N,4,0,3,2,A,-,03,22350,NA,M,C,C,A,A,H,-,A,D,1,NA,NA,NA,NA,Y,NA,A,01,0,0,3,0,0,0,0,0,0,TO,-,34.04509,-118.44459,LOS ANGELES,LOS ANGELES,-118.44471771,34.04486269
7000185,2015,2016-12-15,9565,2015-05-09,1610,20870,NA,6,2,9,1900,0,1,1,NA,2,063,RT 405,WILSHIRE BL,500,S,N,A,-,Y,LA,7,405,-,-,31.45,H,-,S,N,4,0,1,2,A,-,03,22350,NA,M,C,C,A,A,H,-,A,D,1,NA,NA,NA,NA,Y,NA,A,01,0,0,1,0,0,0,0,0,0,-,-,34.05341,-118.45038,LOS ANGELES,UNINCORPORATED,-118.45113802,34.05441754
7000244,2015,2015-08-07,1942,2015-07-08,1500,34599,1049,3,5,7,1942,0,0,0,J,0,10TL38,BURBANK BL,WOODLEY AV,80,E,N,A,-,N,NA,NA,NA,NA,NA,NA,NA,NA,NA,N,4,0,1,2,A,-,04,21703,NA,N,C,C,A,A,H,-,A,A,0,NA,NA,NA,NA,Y,NA,D,22,0,0,1,0,0,0,0,0,0,-,-,NA,NA,LOS ANGELES,LOS ANGELES,-118.47552558,34.17179202
7000248,2015,2015-08-07,1942,2015-07-02,0939,41626,0939,4,5,7,1942,0,0,0,I,0,9A37,BURBANK BL,FULTON AV,100,E,N,A,-,N,NA,NA,NA,NA,NA,NA,NA,NA,NA,N,4,0,1,4,A,-,04,21703,NA,N,C,C,A,A,-,-,A,A,0,NA,NA,NA,NA,Y,NA,A,01,0,0,1,0,0,0,0,0,0,-,-,NA,NA,LOS ANGELES,LOS ANGELES,-118.42218005,34.17211696
7000252,2015,2015-08-03,1942,2015-07-11,1420,39096,1941,6,5,7,1942,0,0,0,NA,0,1420,SEPULVEDA BL,OXNARD ST,15,S,N,A,-,N,NA,NA,NA,NA,NA,NA,NA,NA,NA,N,4,0,1,2,A,-,03,22350,NA,N,C,C,A,A,H,-,A,A,0,NA,NA,NA,NA,Y,NA,D,22,0,0,1,0,0,0,0,0,0,-,-,NA,NA,LOS ANGELES,LOS ANGELES,-118.46616,34.17932885