CASE_ID,ACCIDENT_YEAR,PROC_DATE,JURIS,COLLISION_DATE,COLLISION_TIME,OFFICER_ID,REPORTING_DISTRICT,DAY_OF_WEEK,CHP_SHIFT,POPULATION,CNTY_CITY_LOC,SPECIAL_COND,BEAT_TYPE,CHP_BEAT_TYPE,CITY_DIVISION_LAPD,CHP_BEAT_CLASS,BEAT_NUMBER,PRIMARY_RD,SECONDARY_RD,DISTANCE,DIRECTION,INTERSECTION,WEATHER_1,WEATHER_2,STATE_HWY_IND,CALTRANS_COUNTY,CALTRANS_DISTRICT,STATE_ROUTE,ROUTE_SUFFIX,POSTMILE_PREFIX,POSTMILE,LOCATION_TYPE,RAMP_INTERSECTION,SIDE_OF_HWY,TOW_AWAY,COLLISION_SEVERITY,NUMBER_KILLED,NUMBER_INJURED,PARTY_COUNT,PRIMARY_COLL_FACTOR,PCF_CODE_OF_VIOL,PCF_VIOL_CATEGORY,PCF_VIOLATION,PCF_VIOL_SUBSECTION,HIT_AND_RUN,TYPE_OF_COLLISION,MVIW,PED_ACTION,ROAD_SURFACE,ROAD_COND_1,ROAD_COND_2,LIGHTING,CONTROL_DEVICE,CHP_ROAD_TYPE,PEDESTRIAN_ACCIDENT,BICYCLE_ACCIDENT,MOTORCYCLE_ACCIDENT,TRUCK_ACCIDENT,NOT_PRIVATE_PROPERTY,ALCOHOL_INVOLVED,STWD_VEHTYPE_AT_FAULT,CHP_VEHTYPE_AT_FAULT,COUNT_SEVERE_INJ,COUNT_VISIBLE_INJ,COUNT_COMPLAINT_PAIN,COUNT_PED_KILLED,COUNT_PED_INJURED,COUNT_BICYCLIST_KILLED,COUNT_BICYCLIST_INJURED,COUNT_MC_KILLED,COUNT_MC_INJURED,PRIMARY_RAMP,SECONDARY_RAMP,LATITUDE,LONGITUDE,COUNTY,CITY,POINT_X,POINT_Y
7000397,2015,2016-11-19,9565,2015-05-31,1338,19556,NA,7,1,6,1933,0,1,1,NA,2,060,RT 405,HILLCREST BL,100,S,N,A,-,Y,LA,7,405,-,-,22.98,H,-,N,N,4,0,1,2,A,-,03,22350,NA,N,C,C,A,A,H,-,A,D,1,NA,NA,NA,NA,Y,NA,A,01,0,0,1,0,0,0,0,0,0,-,-,33.9561,-118.36917,LOS ANGELES,INGLEWOOD,-118.36925993,33.95617777
7000398,2015,2015-07-22,1942,2015-05-11,1615,37990,1252,1,5,7,1942,0,0,0,L,0,12A45,73RD ST,3RD AV,0,NA,Y,A,-,N,NA,NA,NA,NA,NA,NA,NA,NA,NA,Y,3,0,5,2,A,-,09,21801,A,N,D,C,A,A,H,-,A,A,0,NA,NA,NA,NA,Y,Y,A,01,0,1,4,0,0,0,0,0,0,-,-,NA,NA,LOS ANGELES,LOS ANGELES,-118.31993005,33.97366002
7000400,2015,2015-07-23,9535,2015-05-29,1540,20864,NA,5,2,9,1900,0,2,4,NA,2,018,3RD ST,ARIZONA AV,60,W,N,A,-,N,NA,NA,NA,NA,NA,NA,NA,NA,NA,N,4,0,1,3,A,-,03,22350,NA,N,C,C,A,A,H,-,A,D,0,NA,NA,NA,NA,Y,NA,A,01,0,0,1,0,0,0,0,0,0,-,-,34.03321,-118.16412,LOS ANGELES,UNINCORPORATED,-118.49783936,34.01710671
7000406,2015,2015-08-11,1942,2015-07-11,1410,39192,1735,6,5,7,1942,0,0,0,Q,0,NA,SAN FERNANDO MISSION BL,BALBOA BL,75,E,N,A,-,N,NA,NA,NA,NA,NA,NA,NA,NA,NA,Y,3,0,2,2,A,-,09,21801,A,N,D,C,A,A,H,-,A,D,0,NA,NA,NA,NA,Y,NA,A,01,0,2,0,0,0,0,0,0,0,-,-,NA,NA,LOS ANGELES,LOS ANGELES,-118.50195219,34.27205
7000408,2015,2015-09-17,1942,2015-07-15,1500,37527,1003,3,5,7,1942,0,0,0,J,0,10A21,ROSCOE BL,WILBUR AV,0,NA,Y,A,-,N,NA,NA,NA,NA,NA,NA,NA,NA,NA,N,4,0,1,2,A,-,05,21650,NA,N,D,G,A,A,H,-,A,A,0,NA,Y,NA,NA,Y,NA,L,04,0,0,1,0,0,0,1,0,0,-,-,NA,NA,LOS ANGELES,LOS ANGELES,-118.54481001,34.22061007
7000410,2015,2015-08-29,1942,2015-07-13,1230,36599,1795,1,5,7,1942,0,0,0,Q,0,16TL24,ROSCOE BL,BALBOA BL,112,E,N,A,-,N,NA,NA,NA,NA,NA,NA,NA,NA,NA,Y,3,0,2,5,A,-,05,21650,NA,N,D,C,A,A,H,-,A,A,0,NA,NA,NA,Y,Y,NA,D,22,0,2,0,0,0,0,0,0,0,-,-,NA,NA,LOS ANGELES,LOS ANGELES,-118.5022702,34.22120446
7000411,2015,2015-09-18,1942,2015-07-15,0700,39724,1008,3,5,7,1942,0,0,0,J,0,17TL17,BALBOA PL,BALBOA BL,30,E,N,B,-,N,NA,NA,NA,NA,NA,NA,NA,NA,NA,Y,4,0,2,3,A,-,03,22350,NA,F,A,C,A,A,H,-,A,D,0,NA,NA,NA,NA,Y,NA,A,01,0,0,2,0,0,0,0,0,0,-,-,NA,NA,LOS ANGELES,LOS ANGELES,-118.50127646,34.21795423
7000412,2015,2017-01-20,1942,2015-07-13,2210,41929,LA,1,5,7,1942,0,0,0,NA,0,19X12,HUBBARD ST,RT 210,35,W,N,A,-,Y,LA,7,210,-,R,4.281,R,4,E,Y,4,0,1,2,A,-,09,21801,A,N,A,C,A,A,H,-,C,A,0,NA,NA,NA,NA,Y,NA,A,01,0,0,1,0,0,0,0,0,0,-,NO,NA,NA,LOS ANGELES,LOS ANGELES,-118.42743108,34.30638871
7000414,2015,2015-08-06,1942,2015-07-09,1450,34599,1656,4,5,7,1942,0,0,0,P,0,10TL38,FOOTHILL BL,JARDINE AV,0,NA,Y,A,-,N,NA,NA,NA,NA,NA,NA,NA,NA,NA,N,4,0,1,3,A,-,03,22350,NA,N,D,E,A,A,H,-,A,D,0,NA,NA,NA,NA,Y,NA,D,22,0,0,1,0,0,0,0,0,0,-,-,NA,NA,LOS ANGELES,LOS ANGELES,-118.30432001,34.25963001
7000416,2015,2015-09-17,1942,2015-07-14,1700,39789,0915,2,5,7,1942,0,0,0,I,0,9X48,VAN NUYS BL,SHERMAN WY,0,NA,Y,A,-,N,NA,NA,NA,NA,NA,NA,NA,NA,NA,N,4,0,1,2,A,-,21,22106,NA,N,C,C,A,A,H,-,A,A,0,NA,NA,NA,NA,Y,NA,D,22,0,0,1,0,0,0,0,0,0,-,-,NA,NA,LOS ANGELES,LOS ANGELES,-118.4487201,34.20119007
7000418,2015,2015-08-06,1942,2015-07-10,1500,40113,1532,5,5,7,1942,0,0,0,O,0,15A33,VICTORY,ST CLAIR,0,NA,Y,A,-,N,NA,NA,NA,NA,NA,NA,NA,NA,NA,Y,3,0,3,2,C,-,18,NA,NA,N,A,C,A,A,H,-,A,D,0,NA,NA,NA,NA,Y,NA,-,-,0,2,1,0,0,0,0,0,0,-,-,NA,NA,LOS ANGELES,LOS ANGELES,-118.39983001,34.18667001
7000419,2015,2017-01-20,1942,2015-07-09,1530,41654,FTHL,4,5,7,1942,0,0,0,NA,0,16A77,LA TUNA CANYON RD,RT 210,0,NA,Y,B,-,Y,LA,7,210,-,R,13.955,R,4,E,Y,4,0,1,2,A,-,08,22107,NA,F,B,-,A,A,H,-,A,D,0,NA,NA,NA,NA,Y,Y,A,01,0,0,1,0,0,0,0,0,0,-,-,NA,NA,LOS ANGELES,LOS ANGELES,-118.29496447,34.23470786
7000420,2015,2015-09-17,1942,2015-07-16,0800,30452,0911,4,5,7,1942,0,0,0,I,0,9T53,VANOWEN ST,FIRMAMENT AV,245,N,N,B,-,N,NA,NA,NA,NA,NA,NA,NA,NA,NA,N,4,0,1,2,A,-,09,21804,A,N,D,C,A,A,H,-,A,D,0,NA,NA,NA,NA,Y,NA,A,07,0,0,1,0,0,0,0,0,0,-,-,NA,NA,LOS ANGELES,LOS ANGELES,-118.47293,34.19392
7000422,2015,2015-08-03,1942,2015-07-12,1210,30830,1513,7,5,7,1942,0,0,0,O,0,16TL23,VOSE ST,WHITSETT AV,0,NA,Y,A,-,N,NA,NA,NA,NA,NA,NA,NA,NA,NA,N,4,0,2,3,A,-,09,21804,A,N,D,C,A,A,H,-,A,D,0,NA,NA,NA,NA,Y,NA,D,22,0,0,2,0,0,0,0,0,0,-,-,NA,NA,LOS ANGELES,LOS ANGELES,-118.40526009,34.19845011
7000424,2015,2015-09-17,1942,2015-07-16,0920,26736,1004,4,5,7,1942,0,0,0,J,0,35M25,ROSCOE BL,ETIWANDA AV,0,NA,Y,A,-,N,NA,NA,NA,NA,NA,NA,NA,NA,NA,Y,4,0,1,2,A,-,09,21801,A,N,A,C,A,A,H,-,A,A,0,NA,NA,NA,NA,Y,NA,A,01,0,0,1,0,0,0,0,0,0,-,-,NA,NA,LOS ANGELES,LOS ANGELES,-118.53174005,34.220780070000004
7000428,2015,2015-09-17,1942,2015-07-13,1135,39495,1513,1,5,7,1942,0,0,0,O,0,15A33,WHITSETT AV,SHERMAN WY,175,N,N,A,-,N,NA,NA,NA,NA,NA,NA,NA,NA,NA,N,3,0,2,2,A,-,09,21804,A,N,D,C,A,A,H,-,A,D,0,NA,NA,Y,NA,Y,NA,-,NA,0,1,1,0,0,0,0,0,1,-,-,NA,NA,LOS ANGELES,LOS ANGELES,-118.40506616,34.20167883
7000432,2015,2015-09-17,1942,2015-07-16,1340,40811,932,4,5,7,1942,0,0,0,NA,0,9TL54,BURBANK BL,SEPULVEDA BL,200,E,N,A,-,N,NA,NA,NA,NA,NA,NA,NA,NA,NA,N,4,0,1,2,A,-,01,23152,A,M,C,D,A,A,H,-,A,D,0,NA,NA,NA,NA,Y,Y,D,22,0,0,1,0,0,0,0,0,0,-,-,NA,NA,LOS ANGELES,LOS ANGELES,-118.46548997,34.17209
7000442,2015,2015-08-03,1942,2015-07-13,1200,40141,0941,1,5,7,1942,0,0,0,I,0,19TL74,OXNARD ST,LEMONA AV,320,W,N,A,-,N,NA,NA,NA,NA,NA,NA,NA,NA,NA,Y,3,0,1,5,A,-,09,21804,A,N,D,C,A,A,H,-,A,D,0,NA,NA,NA,NA,Y,NA,D,22,0,1,0,0,0,0,0,0,0,-,-,NA,NA,LOS ANGELES,LOS ANGELES,-118.4607061,34.17938686
7000449,2015,2015-08-01,1942,2015-06-30,1800,39886,2125,2,5,7,1942,0,0,0,NA,0,21X98,TOPANGA CANYON BL,7904 TOPANG CANYON BL,0,NA,-,A,-,N,NA,NA,NA,NA,NA,NA,NA,NA,NA,N,4,0,1,4,A,-,03,22350,NA,N,C,C,A,A,H,-,A,D,0,NA,NA,NA,NA,Y,NA,D,22,0,0,1,0,0,0,0,0,0,-,-,NA,NA,LOS ANGELES,LOS ANGELES,-118.605982,34.213836
7000450,2015,2015-08-11,1942,2015-07-10,1955,37304,1515,5,5,7,1942,0,0,0,O,0,10TL37,LANKERSHIM BL,HART ST,237,S,N,A,-,N,NA,NA,NA,NA,NA,NA,NA,NA,NA,Y,3,0,1,2,A,-,01,23152,A,N,C,C,A,A,H,-,A,D,0,NA,NA,NA,NA,Y,Y,D,22,0,1,0,0,0,0,0,0,0,-,-,NA,NA,LOS ANGELES,LOS ANGELES,-118.38778923,34.19689997
7000453,2015,2015-08-01,1942,2015-06-27,0340,41770,NA,6,5,7,1942,0,0,0,NA,0,2101,TOPANGA CANYON BL,PRAIRIE ST,200,S,N,A,-,N,NA,NA,NA,NA,NA,NA,NA,NA,NA,Y,2,0,1,5,A,-,03,22350,NA,N,B,E,A,A,-,-,C,D,0,NA,NA,NA,NA,Y,NA,A,01,1,0,0,0,0,0,0,0,0,-,-,NA,NA,LOS ANGELES,LOS ANGELES,-118.6061,34.23854141
7000457,2015,2015-08-03,1942,2015-07-03,0630,38980,2136,5,5,7,1942,0,0,0,NA,0,21TL61,MILWOOD AV,VALERIO ST,108,S,N,A,-,N,NA,NA,NA,NA,NA,NA,NA,NA,NA,N,2,0,1,3,A,-,08,22107,NA,N,B,B,E,A,H,-,B,D,0,Y,NA,NA,NA,Y,NA,A,01,1,0,0,0,1,0,0,0,0,-,-,NA,NA,LOS ANGELES,LOS ANGELES,-118.59427494,34.20436375
7000462,2015,2015-08-06,1942,2015-07-12,0520,38239,2125,7,5,7,1942,0,0,0,NA,0,21A97,OWENSMOUTH AV,ELKWOOD ST,475,S,N,A,-,N,NA,NA,NA,NA,NA,NA,NA,NA,NA,Y,4,0,1,3,D,-,00,NA,NA,N,B,E,A,A,H,-,A,D,0,NA,NA,NA,NA,Y,NA,-,-,0,0,1,0,0,0,0,0,0,-,-,NA,NA,LOS ANGELES,LOS ANGELES,-118.60161565,34.21155698
7000465,2015,2015-08-05,1942,2015-06-30,0640,38676,1751,2,5,7,1942,0,0,0,Q,0,17A49,TOPANGA CYN,MAYALL,30,S,N,A,-,N,NA,NA,NA,NA,NA,NA,NA,NA,NA,Y,4,0,1,3,A,-,04,21703,NA,N,C,C,A,A,H,-,A,D,0,NA,NA,NA,NA,Y,NA,-,NA,0,0,1,0,0,0,0,0,0,-,-,NA,NA,LOS ANGELES,LOS ANGELES,-118.60607,34.2534777
7000469,2015,2017-01-17,1942,2015-07-08,1230,39192,1934,3,5,7,1942,0,0,0,NA,0,15TL46,SEPULVEDA BL,RT 405,0,NA,Y,A,-,Y,LA,7,405,-,-,47.613,R,3,N,Y,3,0,2,2,A,-,12,21453,A,N,D,C,A,A,H,-,A,A,0,NA,NA,NA,NA,Y,NA,D,22,0,1,1,0,0,0,0,0,0,-,NF,NA,NA,LOS ANGELES,LOS ANGELES,-118.47038624,34.27688993
7000473,2015,2015-08-04,1942,2015-07-10,1910,41239,1982,5,5,7,1942,0,0,0,NA,0,9T55,PARTHENIA ST,SEPULVEDA BL,70,E,N,A,-,N,NA,NA,NA,NA,NA,NA,NA,NA,NA,N,4,0,3,2,A,-,04,21703,NA,N,C,C,A,A,H,-,A,A,0,NA,NA,NA,NA,Y,NA,D,22,0,0,3,0,0,0,0,0,0,-,-,NA,NA,LOS ANGELES,LOS ANGELES,-118.46742884,34.22827
7000477,2015,2015-08-04,1942,2015-07-06,0725,38471,1959,1,5,7,1942,0,0,0,NA,0,16TL25,DEVONSHIRE ST,FILMORE AV,8,W,N,A,-,N,NA,NA,NA,NA,NA,NA,NA,NA,NA,N,4,0,1,1,A,-,08,22107,NA,N,E,I,A,A,H,-,A,A,0,NA,NA,NA,NA,Y,Y,I,20,0,0,1,0,0,0,0,0,0,-,-,NA,NA,LOS ANGELES,LOS ANGELES,-118.441839,34.256984
7000486,2015,2015-11-14,1942,2015-07-02,2315,36484,1829,4,5,7,1942,0,0,0,R,0,18H22,GRAPE ST,99TH ST,100,S,N,A,-,N,NA,NA,NA,NA,NA,NA,NA,NA,NA,Y,4,0,2,2,A,-,01,23152,A,M,C,-,A,A,H,-,C,D,0,NA,NA,NA,NA,Y,Y,A,01,0,0,2,0,0,0,0,0,0,-,-,NA,NA,LOS ANGELES,LOS ANGELES,-118.23678,33.94683576
7000500,2015,2015-11-24,1942,2015-07-09,2020,41623,0901,4,5,7,1942,0,0,0,I,0,9A5,SATICOY ST,ORION AV,50,E,N,A,-,N,NA,NA,NA,NA,NA,NA,NA,NA,NA,N,4,0,1,2,A,-,04,21703,NA,N,C,C,A,A,H,-,C,D,0,NA,NA,NA,NA,Y,NA,A,07,0,0,1,0,0,0,0,0,0,-,-,NA,NA,LOS ANGELES,LOS ANGELES,-118.47039492,34.20845
7000521,2015,2015-11-14,1942,2015-07-01,1500,41458,100A,3,5,7,1942,0,0,0,J,0,1008,SATICOY ST,BALBOA BL,0,NA,Y,A,-,N,NA,NA,NA,NA,NA,NA,NA,NA,NA,N,4,0,1,1,A,-,01,23152,A,N,E,I,A,A,A,-,A,A,0,NA,NA,NA,NA,Y,Y,-,-,0,0,1,0,0,0,0,0,0,-,-,NA,NA,LOS ANGELES,LOS ANGELES,-118.5011601,34.20842001
7000525,2015,2015-11-14,1942,2015-07-13,1055,40617,0969,1,5,7,1942,0,0,0,I,0,4A97,FULTON AV,MAGNOLIA BL,0,NA,Y,A,-,N,NA,NA,NA,NA,NA,NA,NA,NA,NA,N,4,0,1,3,A,-,03,22350,NA,N,C,C,A,A,H,-,A,A,0,NA,NA,NA,NA,Y,NA,A,01,0,0,1,0,0,0,0,0,0,-,-,NA,NA,LOS ANGELES,LOS ANGELES,-118.42252014,34.16487001
7000537,2015,2015-11-14,1942,2015-07-02,0530,36824,0919,4,5,7,1942,0,0,0,I,0,19A61,VANOWEN ST,VARNA AV,0,NA,Y,A,-,N,NA,NA,NA,NA,NA,NA,NA,NA,NA,N,3,0,1,2,A,-,09,21801,A,N,H,C,A,A,H,-,B,D,0,NA,NA,NA,NA,Y,NA,-,NA,0,1,0,0,0,0,0,0,0,-,-,NA,NA,LOS ANGELES,LOS ANGELES,-118.42471007,34.19394007
7000563,2015,2015-07-30,1942,2015-07-06,1800,41749,1543,1,5,7,1942,0,0,0,O,0,15A38,CHANDLER BL,COLDWATER CANYON BL,0,NA,Y,A,-,N,NA,NA,NA,NA,NA,NA,NA,NA,NA,Y,4,0,1,2,A,-,12,21453,A,N,F,D,A,A,H,-,A,A,0,NA,NA,NA,NA,Y,Y,-,-,0,0,1,0,0,0,0,0,0,-,-,NA,NA,LOS ANGELES,LOS ANGELES,-118.4138001,34.16867002
7000564,2015,2015-07-25,1942,2015-07-13,0900,36663,2156,1,5,7,1942,0,0,0,NA,0,38EU4,VAN OWEN ST,OWENSMOUTH AV,0,NA,Y,A,-,N,NA,NA,NA,NA,NA,NA,NA,NA,NA,Y,3,0,3,3,A,-,12,21453,A,N,D,C,A,A,H,-,A,A,0,NA,NA,NA,NA,Y,NA,A,01,0,2,1,0,0,0,0,0,0,-,-,NA,NA,LOS ANGELES,LOS ANGELES,-118.60152006,34.19376006
7000567,2015,2015-07-25,1942,2015-07-12,1550,36599,1522,7,5,7,1942,0,0,0,O,0,16TL24,SHERMAN WAY,ETHEL ST,0,NA,Y,A,-,N,NA,NA,NA,NA,NA,NA,NA,NA,NA,N,4,0,2,2,A,-,09,21801,A,N,D,C,A,A,H,-,A,A,0,NA,NA,NA,NA,Y,NA,A,01,0,0,2,0,0,0,0,0,0,-,-,NA,NA,LOS ANGELES,LOS ANGELES,-118.41815009,34.2012001
7000568,2015,2015-07-25,1942,2015-07-14,1930,38326,2177,2,5,7,1942,0,0,0,NA,0,21T65,DESOTO AV,OXNARD ST,0,NA,Y,A,-,N,NA,NA,NA,NA,NA,NA,NA,NA,NA,Y,4,0,2,2,A,-,09,21801,A,N,D,C,A,A,H,-,A,A,0,NA,NA,NA,NA,Y,NA,A,01,0,0,2,0,0,0,0,0,0,-,-,NA,NA,LOS ANGELES,LOS ANGELES,-118.59039011,34.17924011
7000571,2015,2015-07-30,1942,2015-07-02,1415,39099,1506,4,5,7,1942,0,0,0,O,0,15A39,FAIR AV,SHERMAN WAY,0,NA,Y,A,-,N,NA,NA,NA,NA,NA,NA,NA,NA,NA,Y,4,0,1,2,A,-,08,22103,NA,N,-,C,A,A,H,-,A,A,0,NA,NA,NA,NA,Y,NA,A,01,0,0,1,0,0,0,0,0,0,-,-,NA,NA,LOS ANGELES,LOS ANGELES,-118.37470009,34.20118008
7000572,2015,2015-07-25,1942,2015-07-16,1610,32242,RD215,4,5,7,1942,0,0,0,NA,0,9A5,DESOTO AV,KITTRIDGE ST,0,NA,Y,A,-,N,NA,NA,NA,NA,NA,NA,NA,NA,NA,Y,4,0,3,2,A,-,09,21801,A,N,A,C,A,A,H,-,A,A,0,NA,NA,NA,NA,Y,NA,A,01,0,0,3,0,0,0,0,0,0,-,-,NA,NA,LOS ANGELES,LOS ANGELES,-118.5884301,34.19116008
7000575,2015,2015-07-25,1942,2015-07-11,1240,39192,1623,6,5,7,1942,0,0,0,P,0,15TL46,VAN NUYS BL,RALSTON AV,0,NA,Y,A,-,N,NA,NA,NA,NA,NA,NA,NA,NA,NA,N,3,0,1,2,A,-,09,21801,A,N,D,G,A,A,H,-,A,D,0,NA,Y,NA,NA,Y,NA,A,01,0,1,0,0,0,0,1,0,0,-,-,NA,NA,LOS ANGELES,LOS ANGELES,-118.42031002,34.26740005
7000576,2015,2015-07-25,1942,2015-07-09,2225,34332,2175,4,5,7,1942,0,0,0,NA,0,16T25,OXNARD ST,SHOUP AV,6,NA,N,A,-,N,NA,NA,NA,NA,NA,NA,NA,NA,NA,N,4,0,1,2,A,-,05,21650,NA,N,D,G,A,A,H,-,C,A,0,NA,Y,NA,NA,Y,NA,A,01,0,0,1,0,0,0,1,0,0,-,-,NA,NA,LOS ANGELES,LOS ANGELES,-118.61459007,34.17919009
7000577,2015,2016-07-20,1942,2015-07-02,2100,32142,18A4,4,5,7,1942,0,0,0,R,0,18X96,IMPERIAL HWY,WADSWORTH AV,10,W,N,A,-,N,NA,NA,NA,NA,NA,NA,NA,NA,NA,N,4,0,1,2,A,-,11,21950,B,N,G,B,C,A,H,-,C,-,0,Y,NA,NA,NA,Y,NA,N,60,0,0,1,0,1,0,0,0,0,-,-,NA,NA,LOS ANGELES,LOS ANGELES,-118.25866184,33.93094692
7000579,2015,2015-07-25,1942,2015-07-09,1655,40972,1663,4,5,7,1942,0,0,0,P,0,15T45,SHELDON ST,RINCON AV,0,NA,Y,A,-,N,NA,NA,NA,NA,NA,NA,NA,NA,NA,N,3,0,5,2,A,-,03,22350,NA,N,D,C,A,A,H,-,A,A,0,NA,NA,NA,NA,Y,NA,A,01,0,2,3,0,0,0,0,0,0,-,-,NA,NA,LOS ANGELES,LOS ANGELES,-118.40288009,34.23259008
7000580,2015,2015-07-25,1942,2015-07-10,2020,34332,2133,5,5,7,1942,0,0,0,NA,0,16T25,SHERMAN WAY,FALLBROOK AV,0,NA,Y,A,-,N,NA,NA,NA,NA,NA,NA,NA,NA,NA,Y,4,0,2,2,A,-,09,21801,A,N,D,C,A,A,H,-,C,A,0,NA,NA,NA,NA,Y,NA,A,01,0,0,2,0,0,0,0,0,0,-,-,NA,NA,LOS ANGELES,LOS ANGELES,-118.62342008,34.2009901
7000583,2015,2015-07-30,1942,2015-07-01,1020,31934,1787,3,5,7,1942,0,0,0,Q,0,17SL67,NORDHOFF ST,ZELZAH AV,0,NA,Y,-,-,N,NA,NA,NA,NA,NA,NA,NA,NA,NA,Y,3,0,2,2,A,-,12,21453,A,N,D,C,A,-,H,-,A,A,0,NA,NA,NA,NA,Y,NA,A,01,0,2,0,0,0,0,0,0,0,-,-,NA,NA,LOS ANGELES,LOS ANGELES,-118.52318007,34.23569007
7000584,2015,2015-07-25,1942,2015-07-13,1725,40398,0933,1,5,7,1942,0,0,0,I,0,21TL64,VAN NUYS BL,VICTORY BL,0,NA,Y,A,-,N,NA,NA,NA,NA,NA,NA,NA,NA,NA,Y,4,0,1,2,A,-,09,21801,A,F,D,C,A,A,H,-,A,A,0,NA,NA,NA,NA,Y,NA,A,01,0,0,1,0,0,0,0,0,0,-,-,NA,NA,LOS ANGELES,LOS ANGELES,-118.4487401,34.18667005
7000587,2015,2015-07-25,1942,2015-07-09,0955,38273,1701,4,5,7,1942,0,0,0,Q,0,19TL75,STONE GATE WY,FALCON RIDGE WY,0,NA,Y,B,-,N,NA,NA,NA,NA,NA,NA,NA,NA,NA,Y,3,0,1,3,A,-,03,22350,NA,N,C,E,A,A,G,-,A,A,0,NA,NA,NA,NA,Y,NA,A,01,0,1,0,0,0,0,0,0,0,-,-,NA,NA,LOS ANGELES,LOS ANGELES,-118.56530006,34.29206006
7000588,2015,2015-07-25,1942,2015-07-11,1815,39971,1583,6,5,7,1942,0,0,0,O,0,15T45,VENTURA BL,BERRY DR,0,NA,Y,A,-,N,NA,NA,NA,NA,NA,NA,NA,NA,NA,Y,3,0,4,3,A,-,09,21802,A,N,D,C,A,A,H,-,A,A,0,NA,NA,NA,NA,Y,Y,A,01,0,1,3,0,0,0,0,0,0,-,-,NA,NA,LOS ANGELES,LOS ANGELES,-118.38173009,34.13965005
7000591,2015,2015-07-30,1942,2015-07-10,2200,32774,1788,5,5,7,1942,0,0,0,Q,0,16T23,BALBOA BL,NORDHOFF ST,0,NA,Y,A,-,N,NA,NA,NA,NA,NA,NA,NA,NA,NA,N,4,0,1,2,A,-,12,21453,A,N,D,C,A,A,H,-,C,A,0,NA,NA,NA,NA,Y,NA,-,-,0,0,1,0,0,0,0,0,0,-,-,NA,NA,LOS ANGELES,LOS ANGELES,-118.50251009,34.23572005
7000592,2015,2015-07-25,1942,2015-07-14,2040,38857,1532,2,5,7,1942,0,0,0,O,0,17T17,BURBANK BL,LAUREL CANYON BL,0,NA,Y,A,-,N,NA,NA,NA,NA,NA,NA,NA,NA,NA,Y,4,0,1,2,A,-,09,21801,A,N,D,I,A,A,H,-,C,A,0,NA,NA,NA,NA,Y,NA,A,07,0,0,1,0,0,0,0,0,0,-,-,NA,NA,LOS ANGELES,LOS ANGELES,-118.39651012,34.17213008
7000594,2015,2015-07-28,1942,2015-07-10,1850,34599,1909,5,5,7,1942,0,0,0,NA,0,10TL38,GAVINA AV,RAJAH ST,0,NA,Y,A,-,N,NA,NA,NA,NA,NA,NA,NA,NA,NA,N,3,0,2,2,A,-,01,23152,A,N,A,C,A,A,H,-,A,-,0,NA,NA,NA,NA,Y,Y,A,07,0,1,1,0,0,0,0,0,0,-,-,NA,NA,LOS ANGELES,LOS ANGELES,-118.40843006,34.32293009
7000595,2015,2015-07-25,1942,2015-07-10,0800,39701,1764,5,5,7,1942,0,0,0,Q,0,17T45,LASSEN ST,TAMPA AV,0,NA,Y,A,-,N,NA,NA,NA,NA,NA,NA,NA,NA,NA,Y,3,0,2,2,A,-,09,21801,A,N,D,C,A,A,H,-,A,A,0,NA,NA,NA,NA,Y,NA,A,01,0,1,1,0,0,0,0,0,0,-,-,NA,NA,LOS ANGELES,LOS ANGELES,-118.55360006,34.25000007
7000596,2015,2015-07-25,1942,2015-07-13,0735,39632,1088,1,5,7,1942,0,0,0,J,0,10A3,VENTURA BL,RUBIO AV,0,NA,Y,-,-,N,NA,NA,NA,NA,NA,NA,NA,NA,NA,NA,4,0,1,2,A,-,09,21800,A,N,D,C,A,A,H,-,A,A,0,NA,NA,NA,NA,Y,NA,A,07,0,0,1,0,0,0,0,0,0,-,-,NA,NA,LOS ANGELES,LOS ANGELES,-118.49455006,34.1578501
7000598,2015,2015-07-28,1942,2015-07-13,1910,38273,1723,1,5,7,1942,0,0,0,Q,0,9T53,DEVONSHIRE ST,VARIEL AV,0,NA,Y,A,-,N,NA,NA,NA,NA,NA,NA,NA,NA,NA,Y,3,0,2,2,A,-,01,23152,A,N,B,C,A,A,H,-,A,A,0,NA,NA,NA,NA,Y,Y,A,01,0,1,1,0,0,0,0,0,0,-,-,NA,NA,LOS ANGELES,LOS ANGELES,-118.59294007,34.25724007
7000599,2015,2015-07-25,1942,2015-07-10,1240,40141,1723,5,5,7,1942,0,0,0,Q,0,19TL74,MASON AV,SAN JOSE ST,0,NA,Y,A,-,N,NA,NA,NA,NA,NA,NA,NA,NA,NA,Y,3,0,2,2,A,-,09,21801,A,N,D,C,A,A,H,-,A,A,0,NA,NA,Y,NA,Y,NA,A,01,0,1,1,0,0,0,0,0,1,-,-,NA,NA,LOS ANGELES,LOS ANGELES,-118.57984001,34.26083004
7000600,2015,2015-07-25,1942,2015-07-14,2230,27792,1047,2,5,7,1942,0,0,0,J,0,NA,MCCORMICK ST,BALBOA BL,0,NA,Y,A,-,N,NA,NA,NA,NA,NA,NA,NA,NA,NA,Y,4,0,1,2,A,-,09,21802,A,N,D,C,A,A,H,-,C,A,0,NA,NA,NA,NA,Y,NA,A,01,0,0,1,0,0,0,0,0,0,-,-,NA,NA,LOS ANGELES,LOS ANGELES,-118.50110013,34.16585005