CASE_ID,ACCIDENT_YEAR,PROC_DATE,JURIS,COLLISION_DATE,COLLISION_TIME,OFFICER_ID,REPORTING_DISTRICT,DAY_OF_WEEK,CHP_SHIFT,POPULATION,CNTY_CITY_LOC,SPECIAL_COND,BEAT_TYPE,CHP_BEAT_TYPE,CITY_DIVISION_LAPD,CHP_BEAT_CLASS,BEAT_NUMBER,PRIMARY_RD,SECONDARY_RD,DISTANCE,DIRECTION,INTERSECTION,WEATHER_1,WEATHER_2,STATE_HWY_IND,CALTRANS_COUNTY,CALTRANS_DISTRICT,STATE_ROUTE,ROUTE_SUFFIX,POSTMILE_PREFIX,POSTMILE,LOCATION_TYPE,RAMP_INTERSECTION,SIDE_OF_HWY,TOW_AWAY,COLLISION_SEVERITY,NUMBER_KILLED,NUMBER_INJURED,PARTY_COUNT,PRIMARY_COLL_FACTOR,PCF_CODE_OF_VIOL,PCF_VIOL_CATEGORY,PCF_VIOLATION,PCF_VIOL_SUBSECTION,HIT_AND_RUN,TYPE_OF_COLLISION,MVIW,PED_ACTION,ROAD_SURFACE,ROAD_COND_1,ROAD_COND_2,LIGHTING,CONTROL_DEVICE,CHP_ROAD_TYPE,PEDESTRIAN_ACCIDENT,BICYCLE_ACCIDENT,MOTORCYCLE_ACCIDENT,TRUCK_ACCIDENT,NOT_PRIVATE_PROPERTY,ALCOHOL_INVOLVED,STWD_VEHTYPE_AT_FAULT,CHP_VEHTYPE_AT_FAULT,COUNT_SEVERE_INJ,COUNT_VISIBLE_INJ,COUNT_COMPLAINT_PAIN,COUNT_PED_KILLED,COUNT_PED_INJURED,COUNT_BICYCLIST_KILLED,COUNT_BICYCLIST_INJURED,COUNT_MC_KILLED,COUNT_MC_INJURED,PRIMARY_RAMP,SECONDARY_RAMP,LATITUDE,LONGITUDE,COUNTY,CITY,POINT_X,POINT_Y
7000602,2015,2015-07-29,1942,2015-07-12,1450,39194,1663,7,5,7,1942,0,0,0,P,0,17TL16,SAN FERNANDO RD,SHELDON ST,0,NA,Y,A,-,N,NA,NA,NA,NA,NA,NA,NA,NA,NA,Y,4,0,1,2,A,-,01,23153,A,N,B,C,A,A,H,-,A,A,0,NA,NA,NA,NA,Y,Y,A,01,0,0,1,0,0,0,0,0,0,-,-,NA,NA,LOS ANGELES,LOS ANGELES,-118.39371003,34.23930005
7000603,2015,2015-07-25,1942,2015-07-08,1555,39581,1916,3,5,7,1942,0,0,0,NA,0,19A43,HUBBARD AV,GLENOAKS,0,NA,Y,A,-,N,NA,NA,NA,NA,NA,NA,NA,NA,NA,Y,4,0,1,2,A,-,09,21801,A,N,A,C,A,A,H,-,A,A,0,NA,NA,NA,NA,Y,NA,A,01,0,0,1,0,0,0,0,0,0,-,-,NA,NA,LOS ANGELES,LOS ANGELES,-118.43923012,34.29949001
7000604,2015,2015-07-25,1942,2015-07-10,1425,38354,1566,5,5,7,1942,0,0,0,O,0,16TL28,VINELAND AV,RIVERSIDE DR,0,NA,Y,A,-,N,NA,NA,NA,NA,NA,NA,NA,NA,NA,Y,3,0,2,2,A,-,09,21801,A,N,D,C,A,A,H,-,A,A,0,NA,NA,NA,NA,Y,NA,A,01,0,1,1,0,0,0,0,0,0,-,-,NA,NA,LOS ANGELES,LOS ANGELES,-118.37033007,34.15241004
7000606,2015,2015-07-29,1942,2015-07-06,1550,41538,1942,1,5,7,1942,0,0,0,NA,0,9A41,VAN NUYS BL,KITTRIDGE ST,0,NA,Y,A,-,N,NA,NA,NA,NA,NA,NA,NA,NA,NA,Y,4,0,3,3,A,-,09,21801,A,N,A,C,A,A,H,-,A,A,0,NA,NA,NA,NA,Y,NA,A,01,0,0,3,0,0,0,0,0,0,-,-,NA,NA,LOS ANGELES,LOS ANGELES,-118.44873006,34.19066009
7000607,2015,2015-07-25,1942,2015-07-11,1745,39192,1967,6,5,7,1942,0,0,0,NA,0,15TL46,TERRA BELLA ST,BEACHY AV,0,NA,Y,A,-,N,NA,NA,NA,NA,NA,NA,NA,NA,NA,Y,3,0,4,2,A,-,09,21801,A,N,D,C,A,A,H,-,A,A,0,NA,NA,NA,NA,Y,NA,A,08,0,2,2,0,0,0,0,0,0,-,-,NA,NA,LOS ANGELES,LOS ANGELES,-118.4357101,34.24562009
7000608,2015,2015-07-25,1942,2015-07-14,1650,40141,0938,2,5,7,1942,0,0,0,I,0,19TL74,VICTORY BL,LONGRIDGE AV,0,NA,Y,A,-,N,NA,NA,NA,NA,NA,NA,NA,NA,NA,Y,3,0,2,2,A,-,09,21801,A,N,D,C,A,A,H,-,A,D,0,NA,NA,NA,NA,Y,NA,A,01,0,1,1,0,0,0,0,0,0,-,-,NA,NA,LOS ANGELES,LOS ANGELES,-118.42144011,34.18668009
7000610,2015,2015-07-29,1942,2015-07-06,1155,41538,1942,1,5,7,1942,0,0,0,NA,0,9A41,COLDWATER CANYON AV,ADDISON ST,0,NA,Y,A,-,N,NA,NA,NA,NA,NA,NA,NA,NA,NA,Y,4,0,1,2,A,-,09,21801,A,N,D,C,A,A,H,-,A,A,0,NA,NA,NA,NA,Y,NA,A,07,0,0,1,0,0,0,0,0,0,-,-,NA,NA,LOS ANGELES,LOS ANGELES,-118.41379004,34.16125011
7000611,2015,2015-07-30,1942,2015-07-09,1610,40241,1981,4,5,7,1942,0,0,0,NA,0,19A61,ROSCOE BL,LANGDON AV,0,NA,Y,A,-,N,NA,NA,NA,NA,NA,NA,NA,NA,NA,Y,3,0,1,2,A,-,12,21453,A,N,B,I,A,A,-,-,A,A,0,NA,NA,NA,NA,Y,NA,A,01,0,1,0,0,0,0,0,0,0,-,-,NA,NA,LOS ANGELES,LOS ANGELES,-118.46993009,34.22139007
7000612,2015,2015-07-25,1942,2015-07-14,1025,30452,0926,2,5,7,1942,0,0,0,I,0,9TL53,GILMORE ST,VAN NUYS BL,0,NA,Y,A,-,N,NA,NA,NA,NA,NA,NA,NA,NA,NA,N,3,0,1,2,A,-,10,21950,A,N,G,B,B,A,H,-,A,A,0,Y,NA,NA,NA,Y,NA,A,08,0,1,0,0,1,0,0,0,0,-,-,NA,NA,LOS ANGELES,LOS ANGELES,-118.44874009,34.18764003
7000614,2015,2015-08-05,1942,2015-07-09,0830,41458,1079,4,5,7,1942,0,0,0,J,0,10A3,VENTURA,DENSMORE AV,0,NA,Y,A,-,N,NA,NA,NA,NA,NA,NA,NA,NA,NA,N,4,0,1,2,A,-,10,21950,A,N,G,B,B,A,H,-,A,A,0,Y,NA,NA,NA,Y,NA,A,01,0,0,1,0,1,0,0,0,0,-,-,NA,NA,LOS ANGELES,LOS ANGELES,-118.4775201,34.15550006
7000615,2015,2015-07-25,1942,2015-07-05,1620,39335,1962,7,5,7,1942,0,0,0,NA,0,10TL36,SEPULVEDA BL,LASSEN ST,0,NA,Y,A,-,N,NA,NA,NA,NA,NA,NA,NA,NA,NA,Y,3,0,4,4,A,-,12,21453,A,N,D,C,A,A,H,-,A,A,0,NA,NA,NA,NA,Y,NA,A,01,0,1,3,0,0,0,0,0,0,-,-,NA,NA,LOS ANGELES,LOS ANGELES,-118.46753007,34.25004008
7000616,2015,2015-07-30,1942,2015-07-10,2025,38054,1003,5,5,7,1942,0,0,0,J,0,10X3,SATICOY ST,YOLANDA AV,0,NA,Y,A,-,N,NA,NA,NA,NA,NA,NA,NA,NA,NA,N,4,0,1,2,A,-,05,21202,A,N,H,G,A,A,H,-,B,A,0,NA,Y,NA,NA,Y,NA,-,-,0,0,1,0,0,0,1,0,0,-,-,NA,NA,LOS ANGELES,LOS ANGELES,-118.54046008,34.20837008
7000617,2015,2015-07-31,1942,2015-07-09,1400,37724,1838,4,5,7,1942,0,0,0,R,0,3T57,WILMINGTON AV,108TH ST,0,NA,Y,A,-,N,NA,NA,NA,NA,NA,NA,NA,NA,NA,Y,4,0,1,2,A,-,09,21801,A,N,A,C,A,A,H,-,A,A,0,NA,NA,NA,NA,Y,NA,A,01,0,0,1,0,0,0,0,0,0,-,-,NA,NA,LOS ANGELES,LOS ANGELES,-118.23903002,33.93785005
7000618,2015,2015-07-29,1942,2015-07-13,1125,38850,1035,1,5,7,1942,0,0,0,J,0,19TL75,VICTORY BL,WHITE OAK AV,0,NA,Y,A,-,N,NA,NA,NA,NA,NA,NA,NA,NA,NA,Y,4,0,2,2,A,-,09,21801,A,N,D,C,A,A,H,-,A,A,0,NA,NA,NA,NA,Y,NA,A,01,0,0,2,0,0,0,0,0,0,-,-,NA,NA,LOS ANGELES,LOS ANGELES,-118.51849002,34.18662007
7000619,2015,2015-07-25,1942,2015-07-11,1420,39194,1962,6,5,7,1942,0,0,0,NA,0,17TL16,LASSEN ST,KESTER AV,0,NA,Y,A,-,N,NA,NA,NA,NA,NA,NA,NA,NA,NA,N,4,0,1,2,A,-,09,21804,A,N,D,C,A,A,H,-,A,D,0,NA,NA,Y,NA,Y,NA,A,01,0,0,1,0,0,0,0,0,1,-,-,NA,NA,LOS ANGELES,LOS ANGELES,-118.45654007,34.24996008
7000620,2015,2015-07-30,1942,2015-07-08,1715,41470,1001,3,5,7,1942,0,0,0,J,0,17A48,ROSCOE BL,SHIRLEY AV,0,NA,Y,A,-,N,NA,NA,NA,NA,NA,NA,NA,NA,NA,N,3,0,2,2,A,-,09,21801,A,N,D,C,A,A,H,-,A,D,0,NA,NA,NA,NA,Y,NA,A,01,0,1,1,0,0,0,0,0,0,-,-,NA,NA,LOS ANGELES,LOS ANGELES,-118.55789006,34.22042008
7000621,2015,2015-07-28,1942,2015-07-10,1040,39762,1844,5,5,7,1942,0,0,0,R,0,12T41,AVALON BL,111TH PL,0,NA,Y,A,-,N,NA,NA,NA,NA,NA,NA,NA,NA,NA,Y,4,0,1,3,A,-,09,21801,A,N,D,C,A,A,H,-,A,A,0,NA,NA,NA,NA,Y,NA,A,01,0,0,1,0,0,0,0,0,0,-,-,NA,NA,LOS ANGELES,LOS ANGELES,-118.26519011,33.9339201
7000623,2015,2015-07-25,1942,2015-07-03,0650,41630,1747,5,5,7,1942,0,0,0,Q,0,17A49,CHATSWORTH ST,HAYVENHURST AV,0,NA,Y,A,-,N,NA,NA,NA,NA,NA,NA,NA,NA,NA,Y,4,0,1,2,A,-,12,21453,NA,N,D,C,A,A,H,-,A,A,0,NA,NA,NA,NA,Y,NA,A,01,0,0,1,0,0,0,0,0,0,-,-,NA,NA,LOS ANGELES,LOS ANGELES,-118.49351002,34.26471004
7000625,2015,2015-07-28,1942,2015-07-11,1155,27259,1265,6,5,7,1942,0,0,0,L,0,18T23,DENKER AV,85TH ST,0,NA,Y,A,-,N,NA,NA,NA,NA,NA,NA,NA,NA,NA,N,4,0,1,2,A,-,09,21802,A,N,D,C,A,A,H,-,A,A,0,NA,NA,Y,NA,Y,NA,A,01,0,0,1,0,0,0,0,0,1,-,-,NA,NA,LOS ANGELES,LOS ANGELES,-118.30467001,33.960920110000004
7000627,2015,2015-07-30,1942,2015-07-01,1630,40296,2175,3,5,7,1942,0,0,0,NA,0,17X54,VENTURA BL,SHOUP AV,0,NA,Y,A,-,N,NA,NA,NA,NA,NA,NA,NA,NA,NA,Y,4,0,2,2,A,-,09,21801,A,N,D,C,A,A,H,-,A,A,0,NA,NA,NA,NA,Y,NA,A,01,0,0,2,0,0,0,0,0,0,-,-,NA,NA,LOS ANGELES,LOS ANGELES,-118.61448004,34.16879009
7000629,2015,2015-07-28,1942,2015-07-12,1120,35393,1218,7,5,7,1942,0,0,0,L,0,3T5,VERMONT AV,SLAUSON AV,0,NA,Y,A,-,N,NA,NA,NA,NA,NA,NA,NA,NA,NA,N,4,0,1,2,A,-,09,21801,A,N,A,C,A,A,H,-,A,A,0,NA,NA,NA,NA,Y,NA,A,01,0,0,1,0,0,0,0,0,0,-,-,NA,NA,LOS ANGELES,LOS ANGELES,-118.2914701,33.9891301
7000631,2015,2015-07-25,1942,2015-07-10,1530,34599,2189,5,5,7,1942,0,0,0,NA,0,10TL38,VENTURA BL,PENFIELD AV,0,NA,Y,A,-,N,NA,NA,NA,NA,NA,NA,NA,NA,NA,N,4,0,3,2,A,-,09,21804,A,N,A,C,A,A,H,-,A,A,0,NA,NA,NA,NA,Y,NA,A,01,0,0,3,0,0,0,0,0,0,-,-,NA,NA,LOS ANGELES,LOS ANGELES,-118.56897008,34.17169007
7000633,2015,2015-07-28,1942,2015-07-06,1800,41620,SOE,1,5,7,1942,0,0,0,NA,0,18A49,120TH ST,VERMONT AV,0,NA,Y,A,-,N,NA,NA,NA,NA,NA,NA,NA,NA,NA,N,4,0,1,2,A,-,10,21950,A,N,A,B,B,A,H,-,A,A,0,Y,NA,NA,NA,Y,NA,A,01,0,0,1,0,1,0,0,0,0,-,-,NA,NA,LOS ANGELES,LOS ANGELES,-118.29155011,33.92369007
7000635,2015,2015-07-25,1942,2015-07-08,1705,34599,2161,3,5,7,1942,0,0,0,NA,0,10TL38,FAIRHAVEN AV,HATTERAS ST,0,NA,Y,A,-,N,NA,NA,NA,NA,NA,NA,NA,NA,NA,N,4,0,1,2,A,-,09,21800,A,F,D,C,A,A,H,-,A,D,0,NA,NA,NA,NA,Y,NA,-,99,0,0,1,0,0,0,0,0,0,-,-,NA,NA,LOS ANGELES,LOS ANGELES,-118.65805003,34.17311005
7000643,2015,2015-07-29,1942,2015-07-09,1250,33340,2136,4,5,7,1942,0,0,0,NA,0,21TL64,ALABAMA AV,WYANDOTTE ST,12,N,N,A,-,N,NA,NA,NA,NA,NA,NA,NA,NA,NA,Y,4,0,1,2,A,-,12,22450,NA,N,D,C,A,A,H,-,A,A,0,NA,NA,NA,NA,Y,NA,A,01,0,0,1,0,0,0,0,0,0,-,-,NA,NA,LOS ANGELES,LOS ANGELES,-118.59902,34.20285292
7000644,2015,2015-07-29,1942,2015-07-10,1500,41840,1514,5,5,7,1942,0,0,0,O,0,15A3,SHERMAN WY,LAUREL CANYON BL,300,W,N,A,-,N,NA,NA,NA,NA,NA,NA,NA,NA,NA,Y,3,0,2,2,A,-,08,22107,NA,N,D,C,A,A,H,-,A,A,0,NA,NA,NA,NA,Y,NA,A,01,0,1,1,0,0,0,0,0,0,-,-,NA,NA,LOS ANGELES,LOS ANGELES,-118.3974795,34.2008278
7000647,2015,2015-07-29,1942,2015-07-11,0550,38980,2177,6,5,7,1942,0,0,0,NA,0,21TL61,CANOGA AV,BURBANK BL,35,S,N,A,-,N,NA,NA,NA,NA,NA,NA,NA,NA,NA,Y,2,0,2,1,A,-,08,22107,NA,N,E,I,A,A,H,-,B,D,0,NA,NA,NA,NA,Y,Y,A,07,1,1,0,0,0,0,0,0,0,-,-,NA,NA,LOS ANGELES,LOS ANGELES,-118.597459,34.17318399
7000648,2015,2017-01-13,1942,2015-07-09,2100,38857,1532,4,5,7,1942,0,0,0,O,0,17T17,LAUREL CANYON BL,OXNARD ST,544,N,N,A,-,Y,LA,7,170,-,R,16.924,R,4,S,Y,4,0,3,2,A,-,03,22350,NA,N,C,C,A,A,H,-,C,D,0,NA,NA,NA,NA,Y,NA,A,07,0,0,3,0,0,0,0,0,0,-,-,NA,NA,LOS ANGELES,LOS ANGELES,-118.39846031,34.18283976
7000652,2015,2015-07-29,1942,2015-07-11,1645,39194,1636,6,5,7,1942,0,0,0,P,0,17TL16,SUNLAND BL,FENWICK ST,120,W,N,A,-,N,NA,NA,NA,NA,NA,NA,NA,NA,NA,Y,4,0,1,2,A,-,07,21658,A,N,C,C,A,A,H,-,A,D,0,NA,NA,NA,NA,Y,NA,A,07,0,0,1,0,0,0,0,0,0,-,-,NA,NA,LOS ANGELES,LOS ANGELES,-118.32855632,34.25976574
7000656,2015,2015-07-29,1942,2015-07-02,2015,40065,1691,4,5,7,1942,0,0,0,P,0,17T13,VANSCOY AV,CANTARA ST,12,S,N,A,-,N,NA,NA,NA,NA,NA,NA,NA,NA,NA,N,3,0,1,2,A,-,12,22450,A,N,D,G,A,A,H,-,C,A,0,NA,Y,NA,NA,Y,NA,L,04,0,1,0,0,0,0,1,0,0,-,-,NA,NA,LOS ANGELES,LOS ANGELES,-118.40627,34.21981709
7000660,2015,2015-07-29,1942,2015-07-09,1645,39531,1623,4,5,7,1942,0,0,0,P,0,19X62,VAN NUYS,GLENOAKS BL,5,W,N,A,-,N,NA,NA,NA,NA,NA,NA,NA,NA,NA,N,4,0,1,2,A,-,10,21950,A,N,A,G,A,A,H,-,A,A,0,NA,Y,NA,NA,Y,NA,A,08,0,0,1,0,0,0,1,0,0,-,-,NA,NA,LOS ANGELES,LOS ANGELES,-118.41170258,34.27368112
7000664,2015,2015-07-29,1942,2015-07-08,1135,38230,1656,3,5,7,1942,0,0,0,P,0,16X4,FOOTHILL BL,MOUNT GLEASON AV,30,E,N,B,-,N,NA,NA,NA,NA,NA,NA,NA,NA,NA,Y,4,0,1,3,A,-,17,23109,A,N,D,D,A,A,H,-,A,A,0,NA,NA,NA,NA,Y,NA,A,01,0,0,1,0,0,0,0,0,0,-,-,NA,NA,LOS ANGELES,LOS ANGELES,-118.30262559,34.25902748
7000667,2015,2015-07-29,1942,2015-07-12,1815,38314,2177,7,5,7,1942,0,0,0,NA,0,35QL43,TOPANGA CANYON BL,MARYLEE ST,190,N,N,A,-,N,NA,NA,NA,NA,NA,NA,NA,NA,NA,Y,3,0,3,3,A,-,01,23152,A,N,A,C,A,A,H,-,A,A,0,NA,NA,NA,NA,Y,Y,A,01,0,1,2,0,0,0,0,0,0,-,-,NA,NA,LOS ANGELES,LOS ANGELES,-118.60562037,34.17581103
7000668,2015,2015-07-31,1942,2015-07-06,1110,34563,1745,1,5,7,1942,0,0,0,Q,0,17A35,CHATSWORTH ST,WHITE OAK AV,0,NA,Y,A,-,N,NA,NA,NA,NA,NA,NA,NA,NA,NA,N,3,0,1,2,A,-,12,21453,A,N,D,-,A,A,H,-,A,D,0,NA,NA,NA,NA,Y,NA,A,01,0,1,0,0,0,0,0,0,0,-,-,NA,NA,LOS ANGELES,LOS ANGELES,-118.51977002,34.26487004
7000671,2015,2015-07-29,1942,2015-07-09,2040,40820,1905,4,5,7,1942,0,0,0,NA,0,21T61,SAYRE ST,GLADSTONE AV,300,E,N,A,-,N,NA,NA,NA,NA,NA,NA,NA,NA,NA,Y,3,0,2,2,A,-,01,23153,A,N,B,E,A,A,H,-,C,D,0,NA,NA,NA,NA,Y,Y,A,08,0,2,0,0,0,0,0,0,0,-,-,NA,NA,LOS ANGELES,LOS ANGELES,-118.43013492,34.31337275
7000673,2015,2015-07-28,1942,2015-07-09,1545,25385,1801,4,5,7,1942,0,0,0,R,0,25MQ52,CENTURY BL,MAIN ST,80,E,N,A,-,N,NA,NA,NA,NA,NA,NA,NA,NA,NA,Y,4,0,2,2,A,-,09,21804,A,N,A,C,A,A,H,-,A,D,0,NA,NA,NA,NA,Y,NA,A,01,0,0,2,0,0,0,0,0,0,-,-,NA,NA,LOS ANGELES,LOS ANGELES,-118.27389,33.94556
7000675,2015,2015-07-29,1942,2015-07-12,2050,40643,1515,7,5,7,1942,0,0,0,O,0,21T61,LANKERSHIM BL,VANOWEN ST,100,N,N,A,-,N,NA,NA,NA,NA,NA,NA,NA,NA,NA,Y,4,0,4,2,A,-,01,23152,A,N,A,C,A,A,H,-,C,D,0,NA,NA,NA,NA,Y,Y,A,01,0,0,4,0,0,0,0,0,0,-,-,NA,NA,LOS ANGELES,LOS ANGELES,-118.38779558,34.19421425
7000676,2015,2015-07-29,1942,2015-07-13,1815,40643,1715,1,5,7,1942,0,0,0,Q,0,21T61,RINALDI,ZELZAH,3,E,N,A,-,N,NA,NA,NA,NA,NA,NA,NA,NA,NA,N,3,0,1,1,A,-,03,22350,A,N,F,I,A,A,H,-,A,A,0,NA,NA,Y,NA,Y,NA,C,02,0,1,0,0,0,0,0,0,1,-,-,NA,NA,LOS ANGELES,LOS ANGELES,-118.52393009,34.27938
7000677,2015,2015-07-28,1942,2015-07-09,1440,30801,1871,4,5,7,1942,0,0,0,R,0,NA,VERMONT BL,140TH ST,350,N,N,A,-,N,NA,NA,NA,NA,NA,NA,NA,NA,NA,N,4,0,1,2,A,-,11,21956,A,N,G,B,E,A,H,-,A,D,0,Y,NA,NA,NA,Y,NA,N,60,0,0,1,0,1,0,0,0,0,-,-,NA,NA,LOS ANGELES,LOS ANGELES,-118.29159,33.90568986
7000679,2015,2015-07-29,1942,2015-07-13,2307,36336,0952,1,5,7,1942,0,0,0,I,0,19TL75,BURBANK BL,VESPER AV,36,W,N,A,-,N,NA,NA,NA,NA,NA,NA,NA,NA,NA,Y,3,0,2,2,A,-,01,23152,A,N,C,C,A,A,H,-,C,D,0,NA,NA,NA,NA,Y,Y,A,01,0,1,1,0,0,0,0,0,0,-,-,NA,NA,LOS ANGELES,LOS ANGELES,-118.4510088,34.172110000000004
7000680,2015,2015-07-29,1942,2015-07-09,1405,38603,1708,4,5,7,1942,0,0,0,Q,0,17TL14,SAN FERNANDO RD,BALBOA RD,1050,S,N,A,-,N,NA,NA,NA,NA,NA,NA,NA,NA,NA,Y,4,0,1,1,A,-,08,22107,NA,N,E,I,A,A,H,-,A,D,0,NA,NA,NA,NA,Y,NA,A,01,0,0,1,0,0,0,0,0,0,-,-,NA,NA,LOS ANGELES,LOS ANGELES,-118.4967,34.32001
7000681,2015,2015-07-28,1942,2015-07-11,1805,38503,1822,6,5,7,1942,0,0,0,R,0,12T73,CENTURY BL,GRAND AV,7,W,N,A,-,N,NA,NA,NA,NA,NA,NA,NA,NA,NA,N,4,0,1,2,A,-,05,21650,1,N,A,G,A,A,H,-,A,A,0,NA,Y,NA,NA,Y,NA,L,04,0,0,1,0,0,0,1,0,0,-,-,NA,NA,LOS ANGELES,LOS ANGELES,-118.28033303,33.94555
7000683,2015,2015-07-29,1942,2015-07-11,2020,38828,0914,6,5,7,1942,0,0,0,I,0,35T70,SHERMAN WY,VAN NUYS BL,50,W,N,A,-,N,NA,NA,NA,NA,NA,NA,NA,NA,NA,Y,4,0,2,2,A,-,03,22350,NA,N,C,C,A,A,H,-,C,A,0,NA,NA,NA,NA,Y,NA,A,01,0,0,2,0,0,0,0,0,0,-,-,NA,NA,LOS ANGELES,LOS ANGELES,-118.44888505,34.20118838
7000684,2015,2015-07-29,1942,2015-07-09,2225,32774,1788,4,5,7,1942,0,0,0,Q,0,17T17,BALBOA BL,RAYEN ST,475,S,N,A,-,N,NA,NA,NA,NA,NA,NA,NA,NA,NA,N,3,0,1,2,A,-,08,22107,NA,N,C,G,A,A,H,-,C,D,0,NA,Y,NA,NA,Y,NA,L,04,0,1,0,0,0,0,1,0,0,-,-,NA,NA,LOS ANGELES,LOS ANGELES,-118.50254627,34.23081708
7000685,2015,2015-07-28,1942,2015-07-10,1830,37618,1863,5,5,7,1942,0,0,0,R,0,12T41,119TH ST,AVALON BL,454,W,N,A,-,N,NA,NA,NA,NA,NA,NA,NA,NA,NA,N,2,0,1,2,A,-,03,22350,NA,F,G,B,D,A,H,-,A,D,0,Y,NA,NA,NA,Y,NA,-,99,1,0,0,0,1,0,0,0,0,-,-,NA,NA,LOS ANGELES,LOS ANGELES,-118.2667236,33.92465346
7000687,2015,2015-07-30,1942,2015-07-04,0930,30947,0989,6,5,7,1942,0,0,0,I,0,9A63,VALLEY HEART DR,WOODMAN AV,0,NA,Y,A,-,N,NA,NA,NA,NA,NA,NA,NA,NA,NA,Y,4,0,2,2,A,-,12,21453,A,N,D,C,A,A,H,-,A,A,0,NA,NA,NA,NA,Y,NA,-,-,0,0,2,0,0,0,0,0,0,-,-,NA,NA,LOS ANGELES,LOS ANGELES,-118.43125011,34.15396012
7000688,2015,2015-07-29,1942,2015-07-11,1225,39194,1766,6,5,7,1942,0,0,0,Q,0,17TL16,BALLINGER ST,WYSTONE AV,100,E,N,A,-,N,NA,NA,NA,NA,NA,NA,NA,NA,NA,N,3,0,1,2,A,-,11,21954,A,N,G,B,D,A,H,-,A,D,0,Y,NA,NA,NA,Y,NA,N,60,0,1,0,0,1,0,0,0,0,-,-,NA,NA,LOS ANGELES,LOS ANGELES,-118.54616194,34.24367464
7000689,2015,2015-07-28,1942,2015-07-09,1505,37437,1269,4,5,7,1942,0,0,0,L,0,25MQ55,AVALON BL,81ST ST,45,S,N,A,-,N,NA,NA,NA,NA,NA,NA,NA,NA,NA,Y,4,0,3,3,A,-,03,22350,NA,N,C,C,A,A,H,-,A,D,0,NA,NA,NA,NA,Y,NA,A,07,0,0,3,0,0,0,0,0,0,-,-,NA,NA,LOS ANGELES,LOS ANGELES,-118.26515,33.96543659
7000692,2015,2015-07-28,1942,2015-07-11,1950,38185,1781,6,5,7,1942,0,0,0,Q,0,9T55,DE SOTO AV,NORDHOFF ST,100,N,N,A,-,N,NA,NA,NA,NA,NA,NA,NA,NA,NA,Y,3,0,1,2,A,-,09,21804,A,N,D,C,A,A,H,-,A,A,0,NA,NA,NA,NA,Y,NA,A,01,0,1,0,0,0,0,0,0,0,-,-,NA,NA,LOS ANGELES,LOS ANGELES,-118.58855,34.23575433
7000693,2015,2015-07-28,1942,2015-07-09,2245,41056,1239,4,5,7,1942,0,0,0,L,0,3T5,SLAUSON AV,DENVER AV,30,W,N,A,-,N,NA,NA,NA,NA,NA,NA,NA,NA,NA,Y,4,0,2,2,A,-,03,22350,NA,N,C,C,A,A,H,-,C,A,0,NA,NA,NA,NA,Y,NA,A,07,0,0,2,0,0,0,0,0,0,-,-,NA,NA,LOS ANGELES,LOS ANGELES,-118.28392877,33.98916
7000696,2015,2015-07-28,1942,2015-07-04,2040,35765,0998,6,5,7,1942,0,0,0,I,0,8A29,MULHOLLAND DR,MULHOLLAND DR 13211,0,NA,-,A,-,N,NA,NA,NA,NA,NA,NA,NA,NA,NA,N,3,0,1,2,A,-,10,21950,C,F,G,B,E,A,B,-,B,D,0,Y,NA,NA,NA,Y,Y,-,99,0,1,0,0,1,0,0,0,0,-,-,NA,NA,LOS ANGELES,LOS ANGELES,NA,NA
7000700,2015,2015-07-28,1942,2015-07-10,1430,35844,1974,5,5,7,1942,0,0,0,NA,0,19X74,VAN NUYS BL,OSBORNE ST,50,N,N,A,-,N,NA,NA,NA,NA,NA,NA,NA,NA,NA,N,4,0,1,2,A,-,21,22106,NA,N,B,C,A,A,H,-,A,D,0,NA,NA,NA,NA,Y,NA,A,01,0,0,1,0,0,0,0,0,0,-,-,NA,NA,LOS ANGELES,LOS ANGELES,-118.45025,34.23322715
7000704,2015,2015-07-28,1942,2015-07-06,2100,40972,1989,1,5,7,1942,0,0,0,NA,0,19T75,ROSCOE BL,NAGLE AV,147,W,N,A,-,N,NA,NA,NA,NA,NA,NA,NA,NA,NA,Y,4,0,2,2,A,-,03,22350,NA,N,C,C,A,A,H,-,C,D,0,NA,NA,NA,NA,Y,NA,A,01,0,0,2,0,0,0,0,0,0,-,-,NA,NA,LOS ANGELES,LOS ANGELES,-118.42272538,34.22167941
7000708,2015,2015-08-03,1942,2015-07-09,0810,37774,1921,4,5,7,1942,0,0,0,NA,0,19TL77,ENCINITAS,ROXFORD ST,350,S,N,A,-,N,NA,NA,NA,NA,NA,NA,NA,NA,NA,Y,3,0,1,2,A,-,08,22100,B,N,D,C,A,A,H,-,A,D,0,NA,NA,NA,NA,Y,NA,A,01,0,1,0,0,0,0,0,0,0,-,-,NA,NA,LOS ANGELES,LOS ANGELES,-118.47802954,34.30316164
7000712,2015,2015-07-28,1942,2015-07-03,0850,36257,1962,5,5,7,1942,0,0,0,NA,0,15TL45,PLUMMER ST,LEMONA AV,200,E,N,A,-,N,NA,NA,NA,NA,NA,NA,NA,NA,NA,Y,3,0,2,2,A,-,08,22107,NA,N,B,E,A,A,H,-,A,D,0,NA,NA,NA,NA,Y,NA,A,01,0,1,1,0,0,0,0,0,0,-,-,NA,NA,LOS ANGELES,LOS ANGELES,-118.45810942,34.24271
7000714,2015,2015-07-28,1942,2015-07-13,0750,32366,1502,1,5,7,1942,0,0,0,O,0,35M67,SHERMAN WY,BELLAIRE AV,123,W,N,A,-,N,NA,NA,NA,NA,NA,NA,NA,NA,NA,Y,2,0,1,2,A,-,06,21755,A,N,B,C,A,A,H,-,A,D,0,NA,NA,Y,NA,Y,NA,C,03,1,0,0,0,0,0,0,0,1,-,-,NA,NA,LOS ANGELES,LOS ANGELES,-118.40983604,34.2012