CASE_ID,ACCIDENT_YEAR,PROC_DATE,JURIS,COLLISION_DATE,COLLISION_TIME,OFFICER_ID,REPORTING_DISTRICT,DAY_OF_WEEK,CHP_SHIFT,POPULATION,CNTY_CITY_LOC,SPECIAL_COND,BEAT_TYPE,CHP_BEAT_TYPE,CITY_DIVISION_LAPD,CHP_BEAT_CLASS,BEAT_NUMBER,PRIMARY_RD,SECONDARY_RD,DISTANCE,DIRECTION,INTERSECTION,WEATHER_1,WEATHER_2,STATE_HWY_IND,CALTRANS_COUNTY,CALTRANS_DISTRICT,STATE_ROUTE,ROUTE_SUFFIX,POSTMILE_PREFIX,POSTMILE,LOCATION_TYPE,RAMP_INTERSECTION,SIDE_OF_HWY,TOW_AWAY,COLLISION_SEVERITY,NUMBER_KILLED,NUMBER_INJURED,PARTY_COUNT,PRIMARY_COLL_FACTOR,PCF_CODE_OF_VIOL,PCF_VIOL_CATEGORY,PCF_VIOLATION,PCF_VIOL_SUBSECTION,HIT_AND_RUN,TYPE_OF_COLLISION,MVIW,PED_ACTION,ROAD_SURFACE,ROAD_COND_1,ROAD_COND_2,LIGHTING,CONTROL_DEVICE,CHP_ROAD_TYPE,PEDESTRIAN_ACCIDENT,BICYCLE_ACCIDENT,MOTORCYCLE_ACCIDENT,TRUCK_ACCIDENT,NOT_PRIVATE_PROPERTY,ALCOHOL_INVOLVED,STWD_VEHTYPE_AT_FAULT,CHP_VEHTYPE_AT_FAULT,COUNT_SEVERE_INJ,COUNT_VISIBLE_INJ,COUNT_COMPLAINT_PAIN,COUNT_PED_KILLED,COUNT_PED_INJURED,COUNT_BICYCLIST_KILLED,COUNT_BICYCLIST_INJURED,COUNT_MC_KILLED,COUNT_MC_INJURED,PRIMARY_RAMP,SECONDARY_RAMP,LATITUDE,LONGITUDE,COUNTY,CITY,POINT_X,POINT_Y
7002237,2015,2015-08-13,1924,2015-04-07,0836,111361,09,2,5,5,1924,0,0,0,NA,0,8M2,134TH ST,HALLDALE AV,661,W,N,A,-,N,NA,NA,NA,NA,NA,NA,NA,NA,NA,Y,3,0,1,2,A,-,08,22107,NA,N,B,E,A,A,H,-,A,D,0,NA,NA,NA,NA,Y,NA,A,07,0,1,0,0,0,0,0,0,0,-,-,NA,NA,LOS ANGELES,GARDENA,-118.30452432,33.91079646
7002239,2015,2016-12-22,9525,2015-04-12,1420,018505,NA,7,2,6,1975,0,1,1,NA,2,103,RT 10,VINCENT AV,2640,W,N,A,-,Y,LA,7,10,-,-,34.89,H,-,W,Y,4,0,2,4,A,-,08,22107,NA,N,E,I,A,A,H,-,A,D,1,NA,NA,NA,NA,Y,NA,A,01,0,0,2,0,0,0,0,0,0,-,-,NA,NA,LOS ANGELES,WEST COVINA,-117.93558923,34.07250567
7002240,2015,2016-12-03,9525,2015-04-17,1840,020505,NA,5,2,5,1990,0,1,3,NA,2,574,RT 57,PATHFINDER RD,450,N,N,A,-,Y,LA,7,57,-,R,3.454,R,1,N,Y,3,0,3,4,A,-,03,22350,NA,N,C,C,A,A,H,-,A,A,1,NA,NA,NA,NA,Y,NA,A,01,0,1,2,0,0,0,0,0,0,FR,-,NA,NA,LOS ANGELES,DIAMOND BAR,-117.84276401,33.98864869
7002242,2015,2015-08-08,1976,2015-06-24,1305,750,NA,3,5,3,1964,0,0,0,NA,0,NA,FLORENCE AV,PIONEER BL,16,W,N,A,-,N,NA,NA,NA,NA,NA,NA,NA,NA,NA,N,4,0,1,3,A,-,03,22350,NA,N,C,C,A,A,H,-,A,A,0,NA,NA,NA,NA,Y,NA,D,22,0,0,1,0,0,0,0,0,0,-,-,NA,NA,LOS ANGELES,SANTA FE SPRINGS,-118.08189264,33.93532
7002244,2015,2015-08-04,1924,2015-04-10,1542,111229,G1,5,5,5,1924,0,0,0,NA,0,8M1,EL SEGUNDO BL,PURCHE AV,0,NA,Y,A,-,N,NA,NA,NA,NA,NA,NA,NA,NA,NA,Y,3,0,6,3,A,-,09,21801,A,N,D,C,A,A,H,-,A,D,0,NA,NA,NA,Y,Y,NA,A,01,0,4,2,0,0,0,0,0,0,-,-,NA,NA,LOS ANGELES,GARDENA,-118.32045005,33.91645004
7002250,2015,2015-08-06,1976,2015-06-30,1447,494,NA,2,5,3,1964,0,0,0,NA,0,001,PIONEER BL,LOS NIETOS RD,0,NA,Y,B,-,N,NA,NA,NA,NA,NA,NA,NA,NA,NA,Y,3,0,3,3,A,-,09,21801,A,N,D,C,A,A,H,-,A,A,0,NA,NA,NA,Y,Y,NA,G,25,0,3,0,0,0,0,0,0,0,-,-,NA,NA,LOS ANGELES,SANTA FE SPRINGS,-118.0835901,33.96177008
7002252,2015,2015-08-13,1924,2015-04-07,1618,112817,34,2,5,5,1924,0,0,0,NA,0,0G4,REDONDO BEACH BL,NORMANDIE AV,178,W,N,A,-,N,NA,NA,NA,NA,NA,NA,NA,NA,NA,N,4,0,1,2,A,-,08,22100,A,N,B,C,A,A,-,-,A,D,0,NA,NA,NA,NA,Y,NA,D,22,0,0,1,0,0,0,0,0,0,-,-,NA,NA,LOS ANGELES,GARDENA,-118.30077494,33.89120169
7002256,2015,2015-08-04,1924,2015-04-20,1845,112602,11,1,5,5,1924,0,0,0,NA,0,8T2,VERMONT AV,135TH ST,0,NA,Y,A,-,N,NA,NA,NA,NA,NA,NA,NA,NA,NA,Y,4,0,5,4,A,-,12,21453,A,N,D,C,A,A,H,-,A,A,0,NA,NA,NA,Y,Y,NA,A,01,0,0,5,0,0,0,0,0,0,-,-,NA,NA,LOS ANGELES,GARDENA,-118.29190001,33.90915001
7002262,2015,2015-08-04,1976,2015-07-08,1225,226,1976,3,5,3,1964,0,0,0,NA,0,001,MCCANN DR,JORDAN CIR WEST,0,NA,Y,B,-,N,NA,NA,NA,NA,NA,NA,NA,NA,NA,N,4,0,1,3,A,-,09,21804,A,N,D,C,A,A,H,-,A,D,0,NA,NA,NA,NA,Y,NA,A,01,0,0,1,0,0,0,0,0,0,-,-,NA,NA,LOS ANGELES,SANTA FE SPRINGS,-118.06841007,33.94691002
7002265,2015,2015-08-08,1922,2015-06-18,1604,617,NA,4,5,6,1922,0,0,0,NA,0,002,LOWER AZUSA RD,LA MADERA AV,0,NA,Y,A,-,N,NA,NA,NA,NA,NA,NA,NA,NA,NA,Y,4,0,2,2,A,-,09,21803,A,N,D,C,A,A,H,-,A,D,0,NA,NA,NA,NA,Y,NA,D,22,0,0,2,0,0,0,0,0,0,-,-,NA,NA,LOS ANGELES,EL MONTE,-118.00889001,34.08867004
7002266,2015,2015-08-10,1942,2015-07-08,1535,898,NA,3,5,7,1942,0,0,0,NA,0,002,FLORENCE AV,BLOOMFIELD AV,630,E,N,A,-,N,NA,NA,NA,NA,NA,NA,NA,NA,NA,Y,4,0,1,3,A,-,03,22350,NA,N,C,C,A,A,H,-,A,D,0,NA,NA,NA,Y,Y,NA,A,01,0,0,1,0,0,0,0,0,0,-,-,NA,NA,LOS ANGELES,LOS ANGELES,-118.06198871,33.93541753
7002273,2015,2015-08-08,1922,2015-06-24,1145,502,NA,3,5,6,1922,0,0,0,NA,0,004,VALLEY,DURKEE,0,NA,Y,A,-,N,NA,NA,NA,NA,NA,NA,NA,NA,NA,N,4,0,1,3,A,-,09,21800,A,N,D,C,A,A,H,-,A,B,0,NA,NA,NA,NA,Y,NA,D,22,0,0,1,0,0,0,0,0,0,-,-,NA,NA,LOS ANGELES,EL MONTE,-118.01325,34.05973
7002277,2015,2015-08-08,1922,2015-06-25,0951,502,NA,4,5,6,1922,0,0,0,NA,0,001,VALLEY,JOHNSON,300,W,N,A,-,N,NA,NA,NA,NA,NA,NA,NA,NA,NA,N,4,0,1,3,A,-,21,22106,NA,N,H,C,A,A,H,-,A,D,0,NA,NA,NA,NA,Y,NA,A,01,0,0,1,0,0,0,0,0,0,-,-,NA,NA,LOS ANGELES,EL MONTE,-118.03184363,34.07178761
7002292,2015,2015-07-29,1942,2015-07-05,1730,41140,1821,7,5,7,1942,0,0,0,R,0,18XL4,WEST COLDEN AV,FIGUEROA ST,230,W,N,A,-,N,NA,NA,NA,NA,NA,NA,NA,NA,NA,N,4,0,1,2,A,-,11,21954,A,N,G,B,D,A,H,-,A,-,0,Y,NA,NA,NA,Y,NA,N,60,0,0,1,0,1,0,0,0,0,-,-,NA,NA,LOS ANGELES,LOS ANGELES,-118.28345681,33.9491503
7002301,2015,2015-08-11,1922,2015-06-22,1122,665,1922,1,5,6,1922,0,0,0,NA,0,001,PECK RD,EMBREE DR,15,N,N,A,-,N,NA,NA,NA,NA,NA,NA,NA,NA,NA,N,4,0,2,3,A,-,07,21658,A,N,B,C,A,A,H,-,A,D,0,NA,NA,NA,Y,Y,NA,A,01,0,0,2,0,0,0,0,0,0,-,-,NA,NA,LOS ANGELES,EL MONTE,-118.01137101,34.09749797
7002309,2015,2015-08-10,1922,2015-06-10,0840,502,NA,3,5,6,1922,0,0,0,NA,0,001,LOWER AZUSA,ARDEN,175,W,N,B,-,N,NA,NA,NA,NA,NA,NA,NA,NA,NA,N,4,0,1,2,D,-,00,NA,NA,F,B,C,A,A,H,-,A,D,0,NA,NA,NA,NA,Y,NA,-,-,0,0,1,0,0,0,0,0,0,-,-,NA,NA,LOS ANGELES,EL MONTE,-118.04336793,34.09150648
7002313,2015,2015-08-08,1922,2015-06-16,1830,594,NA,2,5,6,1922,0,0,0,NA,0,NA,SANTA ANITA,GARVEY,0,NA,Y,A,-,N,NA,NA,NA,NA,NA,NA,NA,NA,NA,Y,4,0,1,2,D,-,00,NA,NA,F,B,C,A,A,H,-,A,A,0,NA,NA,NA,NA,Y,NA,-,-,0,0,1,0,0,0,0,0,0,-,-,NA,NA,LOS ANGELES,EL MONTE,-118.04250004,34.06275004
7002317,2015,2015-07-31,1922,2015-06-02,1050,502,NA,2,5,6,1922,0,0,0,NA,0,004,DURFEE,STODDARD WY,25,N,N,A,-,N,NA,NA,NA,NA,NA,NA,NA,NA,NA,Y,3,0,1,2,A,-,08,22107,NA,N,C,C,A,A,H,-,A,A,0,NA,NA,NA,NA,Y,NA,A,01,0,1,0,0,0,0,0,0,0,-,-,NA,NA,LOS ANGELES,EL MONTE,-118.01198131,34.06258676
7002346,2015,2015-08-08,1922,2015-06-11,0645,576,NA,4,5,6,1922,0,0,0,NA,0,NA,GIBSON RD,VALLEY BL,500,S,N,B,-,N,NA,NA,NA,NA,NA,NA,NA,NA,NA,N,3,0,1,2,A,-,08,22107,NA,N,D,G,A,A,H,-,A,D,0,NA,Y,NA,NA,Y,NA,L,04,0,1,0,0,0,0,1,0,0,-,-,NA,NA,LOS ANGELES,EL MONTE,-118.05071,34.07816
7002353,2015,2015-07-27,1975,2015-05-29,2221,385,NA,5,5,6,1975,0,0,0,NA,0,004,GLENDORA AV,WEST COVINA PKWY,0,NA,Y,A,-,N,NA,NA,NA,NA,NA,NA,NA,NA,NA,N,4,0,1,2,A,-,09,21803,B,N,D,C,A,A,H,-,C,A,0,NA,NA,NA,NA,Y,NA,-,NA,0,0,1,0,0,0,0,0,0,-,-,NA,NA,LOS ANGELES,WEST COVINA,-117.9257,34.06710001
7002357,2015,2015-07-27,1975,2015-05-30,1525,350,NA,6,5,6,1975,0,0,0,NA,0,005,AMAR RD,RIDGEWOOD DR,0,NA,Y,A,-,N,NA,NA,NA,NA,NA,NA,NA,NA,NA,N,4,0,1,3,A,-,03,22350,NA,N,C,C,A,A,H,-,A,D,0,NA,NA,NA,NA,Y,NA,-,NA,0,0,1,0,0,0,0,0,0,-,-,NA,NA,LOS ANGELES,WEST COVINA,-117.90829009,34.02835005
7002365,2015,2015-07-27,1975,2015-05-31,0225,385,NA,7,5,6,1975,0,0,0,NA,0,004,VINCENT AV,WEST COVINA PKWY,0,NA,Y,A,-,N,NA,NA,NA,NA,NA,NA,NA,NA,NA,N,4,0,1,2,A,-,12,21453,A,N,D,C,A,A,H,-,C,A,0,NA,NA,NA,NA,Y,NA,-,NA,0,0,1,0,0,0,0,0,0,-,-,NA,NA,LOS ANGELES,WEST COVINA,-117.92710004,34.06778011
7002404,2015,2015-07-28,1976,2015-07-11,1657,744,NA,6,5,3,1964,0,0,0,NA,0,NA,FLORENCE AV,ORR AND DAY RD,64,E,N,A,-,N,NA,NA,NA,NA,NA,NA,NA,NA,NA,Y,4,0,1,3,A,-,03,22350,NA,N,C,C,A,A,H,-,A,A,0,NA,NA,NA,NA,Y,NA,A,01,0,0,1,0,0,0,0,0,0,-,-,NA,NA,LOS ANGELES,SANTA FE SPRINGS,-118.09041947,33.93537896
7002408,2015,2015-07-28,1976,2015-07-08,1733,377,NA,3,5,3,1964,0,0,0,NA,0,003,ALONDRA BL,FREEWAY DR,300,W,N,A,-,N,NA,NA,NA,NA,NA,NA,NA,NA,NA,N,4,0,1,2,A,-,03,22350,NA,F,C,C,A,A,H,-,A,D,0,NA,NA,NA,NA,Y,Y,A,01,0,0,1,0,0,0,0,0,0,-,-,NA,NA,LOS ANGELES,SANTA FE SPRINGS,-118.0347462,33.88794
7002424,2015,2016-07-20,1976,2015-07-07,0915,744,NA,2,5,3,1964,0,0,0,NA,0,NA,IMPERIAL HWY,CAMENITA RD,150,E,N,A,-,N,NA,NA,NA,NA,NA,NA,NA,NA,NA,Y,4,0,1,2,A,-,07,21658,A,N,C,D,A,A,D,-,A,D,0,NA,NA,NA,NA,Y,NA,A,01,0,0,1,0,0,0,0,0,0,-,-,NA,NA,LOS ANGELES,SANTA FE SPRINGS,-118.04631667,33.91695
7002451,2015,2015-07-24,1928,2015-07-04,1301,389,502,6,5,5,1928,0,0,0,NA,0,0H1,120TH ST,GREVILLEA AV,0,NA,Y,A,-,N,NA,NA,NA,NA,NA,NA,NA,NA,NA,Y,4,0,1,2,A,-,12,21453,A,N,D,C,A,A,H,-,A,A,0,NA,NA,NA,NA,Y,NA,A,01,0,0,1,0,0,0,0,0,0,-,-,NA,NA,LOS ANGELES,HAWTHORNE,-118.35479011,33.92366002
7002460,2015,2017-01-28,1929,2015-07-11,1625,160,NA,6,5,3,1929,0,0,0,NA,0,003,PCH,8TH PL,0,NA,Y,A,-,Y,LA,7,1,-,-,21.081,I,5,S,Y,4,0,1,2,A,-,09,21801,A,N,D,C,A,A,H,-,A,D,0,NA,NA,NA,NA,Y,NA,A,01,0,0,1,0,0,0,0,0,0,-,-,NA,NA,LOS ANGELES,HERMOSA BEACH,-118.39207946,33.86119348
7002475,2015,2015-07-24,1922,2015-07-03,1815,654,NA,5,5,6,1922,0,0,0,NA,0,NA,LOWER AZUSA AV,CEDAR AV,100,E,N,A,-,N,NA,NA,NA,NA,NA,NA,NA,NA,NA,Y,3,0,2,2,A,-,03,22350,NA,N,C,C,A,A,H,-,A,D,0,NA,NA,NA,NA,Y,NA,-,NA,0,2,0,0,0,0,0,0,0,-,-,NA,NA,LOS ANGELES,EL MONTE,-118.02079261,34.09154861
7002479,2015,2015-07-24,1922,2015-07-02,0720,654,NA,4,5,6,1922,0,0,0,NA,0,NA,CEDAR AV,HALLWOOD AV,0,NA,Y,A,-,N,NA,NA,NA,NA,NA,NA,NA,NA,NA,N,3,0,1,2,A,-,00,22453,A,N,G,B,D,A,H,-,A,A,0,Y,NA,NA,NA,Y,NA,N,60,0,1,0,0,1,0,0,0,0,-,-,NA,NA,LOS ANGELES,EL MONTE,-118.02027002,34.09436007
7002484,2015,2015-07-27,1922,2015-06-17,1500,576,NA,3,5,6,1922,0,0,0,NA,0,NA,SANTA ANITA AV,BROCKWAY AV,0,NA,Y,A,-,N,NA,NA,NA,NA,NA,NA,NA,NA,NA,N,3,0,1,1,A,-,17,21451,A,N,H,J,A,A,H,-,A,A,0,NA,NA,Y,NA,Y,NA,C,03,0,1,0,0,0,0,0,0,1,-,-,NA,NA,LOS ANGELES,EL MONTE,-118.04216,34.06912006
7002488,2015,2015-07-27,1922,2015-06-12,1002,640,NA,5,5,6,1922,0,0,0,NA,0,005,TELESTAR AV,FLETCHER AV,0,W,N,A,-,N,NA,NA,NA,NA,NA,NA,NA,NA,NA,Y,4,0,2,2,A,-,08,22107,NA,N,A,C,A,A,-,-,A,D,0,NA,NA,NA,NA,Y,NA,A,01,0,0,2,0,0,0,0,0,0,-,-,NA,NA,LOS ANGELES,EL MONTE,-118.06020004,34.06931003
7002500,2015,2015-07-27,1922,2015-06-09,2007,623,1922,2,5,6,1922,0,0,0,NA,0,003,GARVEY AV,MERCED AV,0,NA,Y,A,-,N,NA,NA,NA,NA,NA,NA,NA,NA,NA,N,4,0,1,2,A,-,09,21800,A,N,D,C,A,A,H,-,A,A,0,NA,NA,NA,NA,Y,NA,A,01,0,0,1,0,0,0,0,0,0,-,-,NA,NA,LOS ANGELES,EL MONTE,-118.05137002,34.06274011
7002504,2015,2015-07-27,1922,2015-06-11,1100,576,NA,4,5,6,1922,0,0,0,NA,0,NA,SANTA ANITA AV,MULHALL ST,175,N,N,B,-,N,NA,NA,NA,NA,NA,NA,NA,NA,NA,Y,4,0,1,2,A,-,08,22107,NA,N,D,G,A,A,H,-,A,D,0,NA,Y,NA,NA,Y,NA,A,01,0,0,1,0,0,0,1,0,0,-,-,NA,NA,LOS ANGELES,EL MONTE,-118.02727185,34.08949585
7002507,2015,2015-07-25,1976,2015-06-29,0821,380,NA,1,5,3,1964,0,0,0,NA,0,002,LAKELAND RD,GETTY DR,42,W,N,A,-,N,NA,NA,NA,NA,NA,NA,NA,NA,NA,Y,4,0,1,2,C,-,18,NA,NA,N,E,I,A,A,H,-,A,D,0,NA,NA,NA,NA,Y,NA,-,-,0,0,1,0,0,0,0,0,0,-,-,NA,NA,LOS ANGELES,SANTA FE SPRINGS,-118.06998816,33.93168048
7002508,2015,2015-07-27,1922,2015-06-03,1400,599,NA,3,5,6,1922,0,0,0,NA,0,NA,GARVEY AV,VALLEY BL,0,NA,Y,A,-,N,NA,NA,NA,NA,NA,NA,NA,NA,NA,N,4,0,1,2,A,-,03,22350,NA,N,C,C,A,A,H,-,A,A,0,NA,NA,NA,NA,Y,NA,A,01,0,0,1,0,0,0,0,0,0,-,-,NA,NA,LOS ANGELES,EL MONTE,-118.01939005,34.06289001
7002512,2015,2015-07-28,1922,2015-06-14,0119,664,1922,7,5,6,1922,0,0,0,NA,0,NA,TYLER AV,SANTA ANITA AV,0,NA,Y,A,-,N,NA,NA,NA,NA,NA,NA,NA,NA,NA,Y,4,0,1,2,D,-,00,NA,NA,N,D,C,A,A,H,-,C,A,0,NA,NA,NA,NA,Y,NA,-,-,0,0,1,0,0,0,0,0,0,-,-,NA,NA,LOS ANGELES,EL MONTE,-118.03060009,34.08533008
7002520,2015,2015-07-25,1922,2015-06-15,0950,599,NA,1,5,6,1922,0,0,0,NA,0,003,ASHER ST,CALIFORNIA AV,0,NA,Y,A,-,N,NA,NA,NA,NA,NA,NA,NA,NA,NA,N,3,0,1,2,A,-,08,22107,NA,N,G,B,E,A,H,-,A,D,0,Y,NA,NA,NA,Y,NA,A,01,0,1,0,0,1,0,0,0,0,-,-,NA,NA,LOS ANGELES,EL MONTE,-118.03471013,34.06758012
7002524,2015,2015-07-25,1922,2015-06-23,2340,623,1922,2,5,6,1922,0,0,0,NA,0,003,SANTA ANITA AV,VALLEY BL,10,N,N,A,-,N,NA,NA,NA,NA,NA,NA,NA,NA,NA,Y,4,0,1,2,A,-,03,22350,NA,N,C,C,A,A,H,-,C,A,0,NA,NA,NA,NA,Y,NA,A,01,0,0,1,0,0,0,0,0,0,-,-,NA,NA,LOS ANGELES,EL MONTE,-118.04108782,34.07649548
7002528,2015,2015-07-25,1922,2015-06-15,0121,659,NA,1,5,6,1922,0,0,0,NA,0,003,RIO HONDO PKWY,MILDRED ST,10,S,N,A,-,N,NA,NA,NA,NA,NA,NA,NA,NA,NA,Y,4,0,1,2,A,-,01,23153,A,N,C,C,A,A,H,-,C,D,0,NA,NA,NA,NA,Y,Y,A,01,0,0,1,0,0,0,0,0,0,-,-,NA,NA,LOS ANGELES,EL MONTE,-118.0476663,34.06706617
7002532,2015,2015-07-25,1922,2015-06-24,1930,633,NA,3,5,6,1922,0,0,0,NA,0,NA,VALLEY BL,ESTO,200,W,N,A,-,N,NA,NA,NA,NA,NA,NA,NA,NA,NA,N,3,0,1,2,B,-,22,NA,NA,N,G,A,F,A,H,-,A,A,0,Y,Y,NA,NA,Y,NA,-,-,0,1,0,0,1,0,0,0,0,-,-,NA,NA,LOS ANGELES,EL MONTE,-118.0458838,34.07650768
7002535,2015,2015-07-25,1976,2015-06-16,0923,420,NA,2,5,3,1964,0,0,0,NA,0,003,ALONDRA BL,MARQUARDT AV,500,W,N,A,-,N,NA,NA,NA,NA,NA,NA,NA,NA,NA,Y,4,0,1,2,A,-,03,22350,NA,N,C,C,A,A,H,-,A,A,0,NA,NA,NA,NA,Y,NA,A,07,0,0,1,0,0,0,0,0,0,-,-,NA,NA,LOS ANGELES,SANTA FE SPRINGS,-118.03944997,33.88783
7002536,2015,2015-07-25,1922,2015-06-11,1840,570,1922,4,5,6,1922,0,0,0,NA,0,001,SANTA ANITA,MCGIRK AV,300,N,N,A,-,N,NA,NA,NA,NA,NA,NA,NA,NA,NA,N,4,0,1,2,A,-,03,22350,NA,N,C,C,A,A,H,-,A,D,0,NA,NA,NA,NA,Y,NA,-,NA,0,0,1,0,0,0,0,0,0,-,-,NA,NA,LOS ANGELES,EL MONTE,-118.02843456,34.0868703
7002540,2015,2015-07-25,1922,2015-06-29,0133,640,NA,1,5,6,1922,0,0,0,NA,0,001,SANTA ANITA AV,BROCKWAY AV,5,S,N,A,-,N,NA,NA,NA,NA,NA,NA,NA,NA,NA,Y,3,0,1,1,A,-,08,22107,NA,N,E,I,A,A,H,-,C,A,0,NA,NA,NA,NA,Y,Y,A,01,0,1,0,0,0,0,0,0,0,-,-,NA,NA,LOS ANGELES,EL MONTE,-118.04216194,34.06910639
7002543,2015,2015-07-25,1976,2015-06-23,1046,864,NA,2,5,3,1964,0,0,0,NA,0,001,GREENLEAF AV,LOS NIETOS RD,472,S,N,A,-,N,NA,NA,NA,NA,NA,NA,NA,NA,NA,Y,3,0,1,4,A,-,03,22350,NA,N,D,E,A,A,H,-,A,D,0,NA,NA,NA,NA,Y,NA,A,01,0,1,0,0,0,0,0,0,0,-,-,NA,NA,LOS ANGELES,SANTA FE SPRINGS,-118.05676702,33.94577192
7002544,2015,2016-06-03,1922,2015-06-25,2500,502,NA,4,5,6,1922,0,0,0,NA,0,001,RAMONA,LEXINGTON,0,NA,Y,A,-,N,NA,NA,NA,NA,NA,NA,NA,NA,NA,Y,4,0,2,2,D,-,00,NA,NA,N,D,C,A,A,H,-,A,A,0,NA,NA,NA,NA,Y,NA,-,-,0,0,2,0,0,0,0,0,0,-,-,NA,NA,LOS ANGELES,EL MONTE,-118.03945005,34.07201011
7002556,2015,2015-07-25,1922,2015-06-17,1922,651,13,3,5,6,1922,0,0,0,NA,0,001,LOWER AZUSA RD,ELROVIA AV,10,E,N,A,-,N,NA,NA,NA,NA,NA,NA,NA,NA,NA,N,4,0,2,2,A,-,03,22350,NA,N,C,C,A,A,H,-,A,D,0,NA,NA,NA,NA,Y,NA,A,01,0,0,2,0,0,0,0,0,0,-,-,NA,NA,LOS ANGELES,EL MONTE,-118.01763732,34.09125645
7002668,2015,2015-08-04,1900,2015-06-27,2350,532040,1135,6,5,6,1992,0,0,0,NA,0,114T2,AVENUE J,CHALLENGER WY,0,NA,Y,A,-,N,NA,NA,NA,NA,NA,NA,NA,NA,NA,N,4,0,1,2,A,-,04,21706,NA,N,C,C,A,A,H,-,C,A,0,NA,NA,NA,NA,Y,NA,A,01,0,0,1,0,0,0,0,0,0,-,-,NA,NA,LOS ANGELES,LANCASTER,-118.11266,34.68948
7002729,2015,2015-08-04,1912,2015-07-06,1410,7337,NA,1,5,6,1912,0,0,0,NA,0,001,JEFFRIES AV,W ALLEY HOLLYWOOD WY,0,NA,Y,A,-,N,NA,NA,NA,NA,NA,NA,NA,NA,NA,N,3,0,1,2,A,-,09,21804,A,N,D,G,A,A,H,-,A,D,0,NA,Y,NA,NA,Y,NA,L,04,0,1,0,0,0,0,1,0,0,-,-,34.1811,-118.3498,LOS ANGELES,BURBANK,NA,NA
7002797,2015,2015-08-04,1912,2015-07-09,0822,9589,NA,4,5,6,1912,0,0,0,NA,0,NA,VICTORY BL,ALAMEDA AV,0,NA,Y,B,-,N,NA,NA,NA,NA,NA,NA,NA,NA,NA,Y,3,0,1,2,A,-,12,21453,A,N,D,C,A,A,H,-,A,A,0,NA,NA,NA,NA,Y,NA,D,22,0,1,0,0,0,0,0,0,0,-,-,NA,NA,LOS ANGELES,BURBANK,-118.30795003,34.16678009
7002804,2015,2015-08-29,1923,2015-07-16,1219,472,319,4,5,3,1923,0,0,0,NA,0,3M5,ROSECRANS AV,NASH ST,286.1,W,N,A,-,N,NA,NA,NA,NA,NA,NA,NA,NA,NA,N,3,0,1,2,A,-,09,21801,A,N,E,I,A,A,H,-,A,D,0,NA,NA,NA,Y,Y,NA,F,26,0,1,0,0,0,0,0,0,0,-,-,NA,NA,LOS ANGELES,EL SEGUNDO,-118.38952097,33.90196
7002808,2015,2015-08-11,1955,2015-06-16,1536,30564,NA,2,5,6,1955,0,0,0,NA,0,002,TOWNE AV,BONITA AV,0,NA,Y,A,-,N,NA,NA,NA,NA,NA,NA,NA,NA,NA,Y,3,0,2,3,A,-,09,21801,B,N,A,C,A,A,H,-,A,D,0,NA,NA,NA,NA,Y,NA,A,07,0,1,1,0,0,0,0,0,0,-,-,NA,NA,LOS ANGELES,POMONA,-117.73679002,34.09620012
7002814,2015,2015-08-29,1955,2015-07-09,1708,42081,0099,4,5,6,1955,0,0,0,NA,0,003,E HOLT AV,HERSHEY ST,69,W,N,A,-,N,NA,NA,NA,NA,NA,NA,NA,NA,NA,Y,4,0,2,3,A,-,03,22350,NA,N,C,C,A,A,H,-,A,A,0,NA,NA,NA,NA,Y,NA,D,22,0,0,2,0,0,0,0,0,0,-,-,NA,NA,LOS ANGELES,POMONA,-117.72706707,34.06295263
7002821,2015,2015-09-21,1969,2015-07-10,1300,10097,PATRO,5,5,5,1969,0,0,0,NA,0,0A2,CALIFORNIA AV,DUANE WY,64,N,N,A,-,N,NA,NA,NA,NA,NA,NA,NA,NA,NA,Y,4,0,3,3,A,-,03,22350,NA,N,C,C,A,A,H,-,A,D,0,NA,NA,NA,NA,Y,NA,A,01,0,0,3,0,0,0,0,0,0,-,-,NA,NA,LOS ANGELES,SOUTH GATE,-118.20686436,33.9489942
7002830,2015,2015-08-29,1955,2015-07-05,1744,42081,0058,7,5,6,1955,0,0,0,NA,0,005,W MISSION BL,TEMPLE AV,0,NA,Y,A,-,N,NA,NA,NA,NA,NA,NA,NA,NA,NA,Y,4,0,1,3,A,-,12,21453,A,N,D,C,A,A,H,-,A,A,0,NA,NA,NA,NA,Y,NA,A,01,0,0,1,0,0,0,0,0,0,-,-,NA,NA,LOS ANGELES,POMONA,-117.79807002,34.04054008
7002846,2015,2015-08-29,1955,2015-07-09,2106,40764,0031,4,5,6,1955,0,0,0,NA,0,002,FOOTHILL BL,FALCON ST,108,E,N,A,-,N,NA,NA,NA,NA,NA,NA,NA,NA,NA,Y,4,0,1,2,A,-,01,23152,A,N,B,C,A,A,H,-,C,A,0,NA,NA,NA,NA,Y,Y,D,22,0,0,1,0,0,0,0,0,0,-,-,NA,NA,LOS ANGELES,POMONA,-117.75340839,34.10937254
7002848,2015,2015-08-06,1920,2015-06-11,1740,10432,1920,4,5,6,1920,0,0,0,NA,0,006,STEWART AND GRAY RD,PARAMOUNT BL,150,E,N,A,-,N,NA,NA,NA,NA,NA,NA,NA,NA,NA,N,4,0,1,2,A,-,05,21460,A,N,D,C,A,A,H,-,A,D,0,NA,NA,NA,NA,Y,NA,D,22,0,0,1,0,0,0,0,0,0,-,-,NA,NA,LOS ANGELES,DOWNEY,-118.14337949,33.9345597
7002852,2015,2015-08-06,1920,2015-06-19,1510,10705,NA,5,5,6,1920,0,0,0,NA,0,005,TELEGRAPH RD,PARAMOUNT BL,0,NA,Y,A,-,N,NA,NA,NA,NA,NA,NA,NA,NA,NA,Y,3,0,1,3,D,-,00,NA,NA,N,A,C,A,A,H,-,A,A,0,NA,NA,NA,NA,Y,NA,-,-,0,1,0,0,0,0,0,0,0,-,-,NA,NA,LOS ANGELES,DOWNEY,-118.11578012,33.96707003