CASE_ID,ACCIDENT_YEAR,PROC_DATE,JURIS,COLLISION_DATE,COLLISION_TIME,OFFICER_ID,REPORTING_DISTRICT,DAY_OF_WEEK,CHP_SHIFT,POPULATION,CNTY_CITY_LOC,SPECIAL_COND,BEAT_TYPE,CHP_BEAT_TYPE,CITY_DIVISION_LAPD,CHP_BEAT_CLASS,BEAT_NUMBER,PRIMARY_RD,SECONDARY_RD,DISTANCE,DIRECTION,INTERSECTION,WEATHER_1,WEATHER_2,STATE_HWY_IND,CALTRANS_COUNTY,CALTRANS_DISTRICT,STATE_ROUTE,ROUTE_SUFFIX,POSTMILE_PREFIX,POSTMILE,LOCATION_TYPE,RAMP_INTERSECTION,SIDE_OF_HWY,TOW_AWAY,COLLISION_SEVERITY,NUMBER_KILLED,NUMBER_INJURED,PARTY_COUNT,PRIMARY_COLL_FACTOR,PCF_CODE_OF_VIOL,PCF_VIOL_CATEGORY,PCF_VIOLATION,PCF_VIOL_SUBSECTION,HIT_AND_RUN,TYPE_OF_COLLISION,MVIW,PED_ACTION,ROAD_SURFACE,ROAD_COND_1,ROAD_COND_2,LIGHTING,CONTROL_DEVICE,CHP_ROAD_TYPE,PEDESTRIAN_ACCIDENT,BICYCLE_ACCIDENT,MOTORCYCLE_ACCIDENT,TRUCK_ACCIDENT,NOT_PRIVATE_PROPERTY,ALCOHOL_INVOLVED,STWD_VEHTYPE_AT_FAULT,CHP_VEHTYPE_AT_FAULT,COUNT_SEVERE_INJ,COUNT_VISIBLE_INJ,COUNT_COMPLAINT_PAIN,COUNT_PED_KILLED,COUNT_PED_INJURED,COUNT_BICYCLIST_KILLED,COUNT_BICYCLIST_INJURED,COUNT_MC_KILLED,COUNT_MC_INJURED,PRIMARY_RAMP,SECONDARY_RAMP,LATITUDE,LONGITUDE,COUNTY,CITY,POINT_X,POINT_Y
7009620,2015,2015-08-29,1942,2015-07-09,1350,39651,2076,4,5,7,1942,0,0,0,NA,0,20TL56,BERENDO ST,PICO BL,70,N,N,A,-,N,NA,NA,NA,NA,NA,NA,NA,NA,NA,N,4,0,1,2,A,-,21,22106,NA,N,G,B,E,A,H,-,A,D,0,Y,NA,NA,NA,Y,NA,A,01,0,0,1,0,1,0,0,0,0,-,-,NA,NA,LOS ANGELES,LOS ANGELES,-118.29369,34.04747198
7009621,2015,2015-08-29,1942,2015-07-22,1430,37715,0764,3,5,7,1942,0,0,0,G,0,7TL72W,PICO BL,CLOVERDALE AV,60,E,N,A,-,N,NA,NA,NA,NA,NA,NA,NA,NA,NA,Y,4,0,2,3,A,-,03,22350,NA,N,C,E,A,A,H,-,A,D,0,NA,NA,NA,NA,Y,NA,A,01,0,0,2,0,0,0,0,0,0,-,-,NA,NA,LOS ANGELES,LOS ANGELES,-118.35135286,34.04814768
7009622,2015,2015-08-29,1942,2015-07-22,1540,37966,0729,3,5,7,1942,0,0,0,G,0,6TL4,LARCHMONT BL,2ND ST,0,NA,Y,A,-,N,NA,NA,NA,NA,NA,NA,NA,NA,NA,Y,4,0,2,2,A,-,09,21802,A,N,D,C,A,A,H,-,A,A,0,NA,NA,NA,NA,Y,NA,A,01,0,0,2,0,0,0,0,0,0,-,-,NA,NA,LOS ANGELES,LOS ANGELES,-118.32370003,34.07112005
7009623,2015,2015-08-29,1942,2015-07-23,1910,40610,1454,4,5,7,1942,0,0,0,N,0,14X56,ALLA RD,MINDANOW AV,0,NA,Y,A,-,N,NA,NA,NA,NA,NA,NA,NA,NA,NA,Y,4,0,2,2,D,-,00,NA,NA,N,A,C,A,A,H,-,A,A,0,NA,NA,NA,NA,Y,NA,-,-,0,0,2,0,0,0,0,0,0,-,-,NA,NA,LOS ANGELES,LOS ANGELES,-118.433318,33.987996
7009624,2015,2015-08-29,1942,2015-07-24,2050,38282,1457,5,5,7,1942,0,0,0,N,0,20T59,CULVER BL,INGLEWOOD BL,100,E,N,A,-,N,NA,NA,NA,NA,NA,NA,NA,NA,NA,Y,3,0,2,3,A,-,01,23152,A,N,C,C,A,A,H,-,C,A,0,NA,NA,NA,NA,Y,Y,A,01,0,1,1,0,0,0,0,0,0,-,-,NA,NA,LOS ANGELES,LOS ANGELES,-118.41789671,33.99525788
7009625,2015,2015-08-29,1942,2015-07-22,1320,36677,2038,3,5,7,1942,0,0,0,NA,0,20A16,7TH ST,VERMONT AV,200,E,N,A,-,N,NA,NA,NA,NA,NA,NA,NA,NA,NA,N,3,0,1,2,A,-,08,22107,NA,N,B,G,A,A,H,-,A,D,0,NA,Y,NA,NA,Y,NA,A,01,0,1,0,0,0,0,1,0,0,-,-,NA,NA,LOS ANGELES,LOS ANGELES,-118.29097096,34.05974
7009626,2015,2015-08-29,1942,2015-07-20,1545,37405,2022,1,5,7,1942,0,0,0,NA,0,20A34,4TH ST,WILTON PL,0,E,N,A,-,N,NA,NA,NA,NA,NA,NA,NA,NA,NA,N,4,0,1,2,A,-,09,21801,A,N,B,G,A,A,H,-,A,A,0,NA,Y,NA,NA,Y,NA,A,01,0,0,1,0,0,0,1,0,0,-,-,NA,NA,LOS ANGELES,LOS ANGELES,-118.31409004,34.06713007
7009627,2015,2015-08-29,1942,2015-07-21,1800,41718,2001,2,5,7,1942,0,0,0,NA,0,20A74,NORTON AV,CLINTON ST,150,S,N,A,-,N,NA,NA,NA,NA,NA,NA,NA,NA,NA,Y,4,0,2,5,A,-,09,21802,B,N,D,C,A,A,H,-,A,D,0,NA,NA,NA,NA,Y,NA,A,01,0,0,2,0,0,0,0,0,0,-,-,NA,NA,LOS ANGELES,LOS ANGELES,-118.317048,34.08123861
7009628,2015,2015-08-29,1942,2015-07-16,1808,37468,2069,4,5,7,1942,0,0,0,NA,0,20A36,HOOVER ST,12TH ST,70,N,N,A,-,N,NA,NA,NA,NA,NA,NA,NA,NA,NA,N,4,0,1,2,A,-,04,21703,NA,N,C,C,A,A,H,-,A,D,0,NA,NA,NA,NA,Y,NA,A,01,0,0,1,0,0,0,0,0,0,-,-,NA,NA,LOS ANGELES,LOS ANGELES,-118.28418,34.04998198
7009629,2015,2015-08-29,1942,2015-07-25,1300,41937,0645,6,5,7,1942,0,0,0,F,0,6A67,SUNSET BL,LA BREA,30,W,N,A,-,N,NA,NA,NA,NA,NA,NA,NA,NA,NA,Y,4,0,2,2,A,-,05,21650,NA,N,A,C,A,A,H,-,A,A,0,NA,NA,NA,NA,Y,NA,A,07,0,0,2,0,0,0,0,0,0,-,-,NA,NA,LOS ANGELES,LOS ANGELES,-118.42299,34.07988
7009630,2015,2015-08-29,1942,2015-07-24,2145,35835,629,5,5,7,1942,0,0,0,NA,0,6A1S,WESTERN AV,FRANKLIN AV,0,NA,Y,A,-,N,NA,NA,NA,NA,NA,NA,NA,NA,NA,Y,4,0,1,2,A,-,12,21453,A,N,D,C,A,A,-,-,C,A,0,NA,NA,NA,NA,Y,NA,A,01,0,0,1,0,0,0,0,0,0,-,-,NA,NA,LOS ANGELES,LOS ANGELES,-118.30926009,34.10538012
7009644,2015,2015-08-29,1942,2015-07-09,0640,31288,0392,4,5,7,1942,0,0,0,C,0,12T41,VERNON AV,ARLINGTON AV,0,NA,Y,A,-,N,NA,NA,NA,NA,NA,NA,NA,NA,NA,Y,4,0,1,2,A,-,12,22450,A,N,B,C,A,A,H,-,A,B,0,NA,NA,NA,NA,Y,NA,A,01,0,0,1,0,0,0,0,0,0,-,-,NA,NA,LOS ANGELES,LOS ANGELES,-118.31822006,34.00370005
7009645,2015,2015-08-29,1942,2015-07-21,1845,40869,0397,2,5,7,1942,0,0,0,C,0,3TL57,VERNON AV,NORMANDIE AV,0,NA,Y,A,-,N,NA,NA,NA,NA,NA,NA,NA,NA,NA,N,4,0,2,3,A,-,09,21801,A,N,D,C,A,A,H,-,A,A,0,NA,NA,NA,NA,Y,NA,A,01,0,0,2,0,0,0,0,0,0,-,-,NA,NA,LOS ANGELES,LOS ANGELES,-118.30019009,34.00370003
7009646,2015,2015-08-29,1942,2015-07-26,0810,40700,0355,7,5,7,1942,0,0,0,C,0,3TL5,EXPOSITION BL,ARLINGTON AV,0,NA,Y,A,-,N,NA,NA,NA,NA,NA,NA,NA,NA,NA,Y,3,0,3,2,A,-,12,21453,A,N,D,C,A,A,H,-,A,A,0,NA,NA,NA,NA,Y,NA,-,-,0,1,2,0,0,0,0,0,0,-,-,NA,NA,LOS ANGELES,LOS ANGELES,-118.31775004,34.01887006
7009647,2015,2015-08-29,1942,2015-07-26,1550,39317,0334,7,5,7,1942,0,0,0,C,0,12TL73,30TH ST,12TH AV,2,E,N,A,-,N,NA,NA,NA,NA,NA,NA,NA,NA,NA,N,3,0,1,2,A,-,09,21804,A,N,H,G,A,A,H,-,A,A,0,NA,Y,NA,NA,Y,NA,L,04,0,1,0,0,0,0,1,0,0,-,-,NA,NA,LOS ANGELES,LOS ANGELES,-118.33166341,34.02762
7009648,2015,2015-08-29,1942,2015-07-25,2150,38707,0315,6,5,7,1942,0,0,0,C,0,3T5,ARLINGTON AV,ADAMS BL,0,NA,Y,A,-,N,NA,NA,NA,NA,NA,NA,NA,NA,NA,N,4,0,3,2,A,-,09,21801,A,N,D,C,A,A,H,-,C,A,0,NA,NA,NA,NA,Y,NA,A,01,0,0,3,0,0,0,0,0,0,-,-,NA,NA,LOS ANGELES,LOS ANGELES,-118.31768006,34.03264001
7009649,2015,2015-08-29,1942,2015-07-25,1950,36607,0394,6,5,7,1942,0,0,0,C,0,5TL21,ARLINGTON AV,42ND ST,250,S,N,A,-,N,NA,NA,NA,NA,NA,NA,NA,NA,NA,N,4,0,1,2,A,-,08,22107,NA,F,D,C,A,A,H,-,C,D,0,NA,NA,NA,NA,Y,NA,-,99,0,0,1,0,0,0,0,0,0,-,-,NA,NA,LOS ANGELES,LOS ANGELES,-118.318239,34.00654
7009650,2015,2015-09-02,1942,2015-07-09,2215,38604,0391,4,5,7,1942,0,0,0,C,0,3G23,DON FELIPE DR,STOCKER AV,0,NA,Y,A,-,N,NA,NA,NA,NA,NA,NA,NA,NA,NA,Y,3,0,1,2,A,-,09,21801,A,N,A,C,A,A,H,-,C,A,0,NA,NA,NA,NA,Y,NA,A,01,0,1,0,0,0,0,0,0,0,-,-,NA,NA,LOS ANGELES,LOS ANGELES,-118.33931002,34.00586002
7009651,2015,2015-08-29,1942,2015-07-10,1600,41300,0356,5,5,7,1942,0,0,0,C,0,3A57,FLOWER ST,EXPOSITION BL,20,N,N,A,-,N,NA,NA,NA,NA,NA,NA,NA,NA,NA,N,3,0,1,2,A,-,03,22350,NA,N,H,G,A,A,H,-,A,D,0,NA,Y,NA,NA,Y,NA,A,08,0,1,0,0,0,0,1,0,0,-,-,NA,NA,LOS ANGELES,LOS ANGELES,-118.28056985,34.01845877
7009652,2015,2015-08-29,1942,2015-07-12,1300,41253,3A28,7,5,7,1942,0,0,0,NA,0,3A1,ADAMS,MAGNOLIA,200,W,N,A,-,N,NA,NA,NA,NA,NA,NA,NA,NA,NA,N,4,0,1,2,A,-,03,22350,NA,N,B,G,A,A,H,-,A,D,0,NA,Y,NA,NA,Y,NA,A,01,0,0,1,0,0,0,1,0,0,-,-,NA,NA,LOS ANGELES,LOS ANGELES,-118.2871282,34.03276714
7009653,2015,2015-08-29,1942,2015-07-07,0950,41148,D314,2,5,7,1942,0,0,0,NA,0,3A15,5TH AV,MONTCLAIR,30,S,N,A,-,N,NA,NA,NA,NA,NA,NA,NA,NA,NA,Y,3,0,1,2,A,-,09,21802,A,N,H,A,A,A,H,-,A,A,0,NA,NA,NA,NA,Y,NA,A,01,0,1,0,0,0,0,0,0,0,-,-,NA,NA,LOS ANGELES,LOS ANGELES,-118.32241,34.02955772
7009654,2015,2017-01-17,1942,2015-07-07,1815,41093,0308,2,5,7,1942,0,0,0,C,0,7X52,HOOVER ST,22ND ST,500,N,N,A,-,Y,LA,7,10,-,-,14.129,R,1,E,N,3,0,1,2,A,-,05,21650,1,N,H,G,A,A,H,-,A,A,0,NA,Y,NA,NA,Y,NA,L,04,0,1,0,0,0,0,1,0,0,-,-,NA,NA,LOS ANGELES,LOS ANGELES,-118.2861361,34.03680645
7009655,2015,2015-08-29,1942,2015-07-01,1650,36754,0325,3,5,7,1942,0,0,0,C,0,18T39,ADAMS BL,VERMONT AV,0,NA,Y,A,-,N,NA,NA,NA,NA,NA,NA,NA,NA,NA,N,4,0,1,2,A,-,12,21453,A,N,H,G,A,A,H,-,A,A,0,NA,Y,NA,NA,Y,NA,-,-,0,0,1,0,0,0,1,0,0,-,-,NA,NA,LOS ANGELES,LOS ANGELES,-118.29156008,34.03275001
7009656,2015,2015-08-29,1942,2015-07-20,1755,40697,0398,1,5,7,1942,0,0,0,C,0,3T57,HOOVER ST,42ND ST,0,NA,Y,A,-,N,NA,NA,NA,NA,NA,NA,NA,NA,NA,N,4,0,1,2,A,-,09,21801,A,N,D,C,A,A,H,-,A,B,0,NA,NA,NA,NA,Y,NA,A,01,0,0,1,0,0,0,0,0,0,-,-,NA,NA,LOS ANGELES,LOS ANGELES,-118.2872501,34.00734001
7009657,2015,2015-08-29,1942,2015-07-20,1845,35936,0315,1,5,7,1942,0,0,0,C,0,3TL5,ARLINGTON AV,25TH ST,0,NA,Y,B,-,N,NA,NA,NA,NA,NA,NA,NA,NA,NA,N,4,0,3,2,A,-,09,21801,A,N,D,C,A,B,H,-,B,D,0,NA,NA,NA,NA,Y,NA,A,01,0,0,3,0,0,0,0,0,0,-,-,NA,NA,LOS ANGELES,LOS ANGELES,-118.31769,34.03383
7009658,2015,2015-08-29,1942,2015-07-20,1155,40700,338,1,5,7,1942,0,0,0,NA,0,3T5,JEFFERSON,HOOVER ST,10,W,N,B,-,N,NA,NA,NA,NA,NA,NA,NA,NA,NA,NA,4,0,3,3,A,-,03,22350,NA,N,E,I,A,A,H,-,A,A,0,NA,NA,NA,NA,Y,NA,A,07,0,0,3,0,0,0,0,0,0,-,-,NA,NA,LOS ANGELES,LOS ANGELES,-118.28409895,34.02365308
7009659,2015,2015-08-29,1942,2015-07-20,0750,025904,0358,1,5,7,1942,0,0,0,C,0,25MQ18,FIGUEROA ST,JEFFERSON BL,30,S,N,A,-,N,NA,NA,NA,NA,NA,NA,NA,NA,NA,Y,4,0,1,2,A,-,03,22350,NA,N,C,C,A,A,H,-,A,D,0,NA,NA,NA,NA,Y,NA,A,01,0,0,1,0,0,0,0,0,0,-,-,NA,NA,LOS ANGELES,LOS ANGELES,-118.28006323,34.02188677
7009660,2015,2015-08-29,1942,2015-07-28,0940,33599,0336,2,5,7,1942,0,0,0,C,0,3T5,WESTERN AV,27TH ST,0,NA,Y,A,-,N,NA,NA,NA,NA,NA,NA,NA,NA,NA,Y,3,0,1,2,A,-,09,21801,A,N,D,C,A,A,H,-,A,A,0,NA,NA,NA,NA,Y,NA,A,01,0,1,0,0,0,0,0,0,0,-,-,NA,NA,LOS ANGELES,LOS ANGELES,-118.30896,34.03086
7009661,2015,2015-08-29,1942,2015-07-27,1745,39177,0376,1,5,7,1942,0,0,0,C,0,12T73,MARTIN LUTHER KING JR BL,DALTON AV,0,NA,Y,A,-,N,NA,NA,NA,NA,NA,NA,NA,NA,NA,N,4,0,1,2,A,-,09,21801,A,F,D,C,A,A,H,-,A,D,0,NA,NA,NA,NA,Y,NA,-,99,0,0,1,0,0,0,0,0,0,-,-,NA,NA,LOS ANGELES,LOS ANGELES,-118.30345011,34.01085006
7009662,2015,2015-08-29,1942,2015-07-21,1800,32425,0300,2,5,7,1942,0,0,0,C,0,18U4,NORMANDIE,51ST ST,0,NA,Y,A,-,N,NA,NA,NA,NA,NA,NA,NA,NA,NA,N,4,0,2,2,A,-,09,21801,A,N,B,C,A,A,H,-,A,A,0,NA,NA,NA,NA,Y,NA,A,01,0,0,2,0,0,0,0,0,0,-,-,NA,NA,LOS ANGELES,LOS ANGELES,-118.30017006,33.99686007
7009663,2015,2015-08-29,1942,2015-07-09,2100,41812,0378,4,5,7,1942,0,0,0,C,0,3A99,MARTIN LUTHER KING BL,FIGUEROA ST,200,W,N,A,-,N,NA,NA,NA,NA,NA,NA,NA,NA,NA,N,4,0,1,2,A,-,11,21954,A,N,G,B,E,A,H,-,C,D,0,Y,NA,NA,NA,Y,NA,N,60,0,0,1,0,1,0,0,0,0,-,-,NA,NA,LOS ANGELES,LOS ANGELES,-118.28339861,34.01113621
7009664,2015,2015-08-29,1942,2015-07-01,1215,33599,0356,3,5,7,1942,0,0,0,C,0,3TL5,WESTERN AV,35TH PL,0,NA,Y,B,-,N,NA,NA,NA,NA,NA,NA,NA,NA,NA,N,4,0,1,2,A,-,09,21802,A,N,D,C,A,A,H,-,A,A,0,NA,NA,Y,NA,Y,NA,A,01,0,0,1,0,0,0,0,0,1,-,-,NA,NA,LOS ANGELES,LOS ANGELES,-118.30890005,34.02373007
7009665,2015,2015-08-29,1942,2015-07-17,0700,40476,0308,5,5,7,1942,0,0,0,C,0,18T23,23RD ST,UNION ST,0,NA,Y,A,-,N,NA,NA,NA,NA,NA,NA,NA,NA,NA,Y,4,0,1,2,A,-,12,21453,A,N,D,C,A,A,H,-,A,A,0,NA,NA,NA,NA,Y,NA,-,-,0,0,1,0,0,0,0,0,0,-,-,NA,NA,LOS ANGELES,LOS ANGELES,-118.28342002,34.03494002
7009666,2015,2015-08-29,1942,2015-07-18,1235,26101,0314,6,5,7,1942,0,0,0,C,0,18T23,ADAMS BL,9TH AV,312,E,N,B,-,N,NA,NA,NA,NA,NA,NA,NA,NA,NA,Y,4,0,1,4,A,-,07,21658,A,F,B,C,A,A,H,-,A,A,0,NA,NA,NA,NA,Y,NA,-,99,0,0,1,0,0,0,0,0,0,-,-,NA,NA,LOS ANGELES,LOS ANGELES,-118.32616219,34.03261
7009667,2015,2015-08-29,1942,2015-07-18,0135,38707,0318,6,5,7,1942,0,0,0,C,0,3TL5,VERMONT AV,22ND PL,0,NA,Y,A,-,N,NA,NA,NA,NA,NA,NA,NA,NA,NA,N,3,0,1,2,A,-,10,21950,A,N,G,B,B,A,H,-,C,A,0,Y,NA,Y,NA,Y,NA,C,06,0,1,0,0,1,0,0,0,0,-,-,NA,NA,LOS ANGELES,LOS ANGELES,-118.29156003,34.03564008
7009668,2015,2015-08-29,1942,2015-07-17,1840,38707,0375,5,5,7,1942,0,0,0,C,0,3TL5,MARTIN LUTHER KING BL,WESTERN AV,0,NA,Y,A,-,N,NA,NA,NA,NA,NA,NA,NA,NA,NA,N,3,0,1,2,A,-,10,21950,A,F,G,B,B,A,H,-,B,A,0,Y,NA,NA,NA,Y,NA,-,99,0,1,0,0,1,0,0,0,0,-,-,NA,NA,LOS ANGELES,LOS ANGELES,-118.30893008,34.01085011
7009669,2015,2015-08-29,1942,2015-07-16,1815,41059,0308,4,5,7,1942,0,0,0,C,0,18T39,22ND ST,UNION AV,90,E,N,A,-,N,NA,NA,NA,NA,NA,NA,NA,NA,NA,N,3,0,1,2,A,-,05,21650,1,N,H,G,A,A,H,-,A,D,0,NA,Y,NA,NA,Y,NA,L,04,0,1,0,0,0,0,1,0,0,-,-,NA,NA,LOS ANGELES,LOS ANGELES,-118.2826565,34.03561686
7009670,2015,2015-08-29,1942,2015-07-16,1410,40440,0336,4,5,7,1942,0,0,0,C,0,3T57,ARLINGTON AV,30TH ST,0,NA,Y,A,-,N,NA,NA,NA,NA,NA,NA,NA,NA,NA,Y,3,0,2,2,A,-,05,21650,NA,N,A,C,A,A,H,-,A,A,0,NA,NA,NA,NA,Y,NA,A,07,0,1,1,0,0,0,0,0,0,-,-,NA,NA,LOS ANGELES,LOS ANGELES,-118.31766,34.02738
7009671,2015,2015-08-29,1942,2015-07-16,1520,39177,0327,4,5,7,1942,0,0,0,C,0,5TL25,ADAMS BL,ORCHARD AV,0,NA,Y,A,-,N,NA,NA,NA,NA,NA,NA,NA,NA,NA,Y,4,0,2,2,A,-,09,21802,A,N,D,C,A,A,H,-,A,A,0,NA,NA,NA,NA,Y,NA,A,01,0,0,2,0,0,0,0,0,0,-,-,NA,NA,LOS ANGELES,LOS ANGELES,-118.28745003,34.03277004
7009672,2015,2015-08-29,1942,2015-07-16,0600,40476,0378,4,5,7,1942,0,0,0,C,0,3T5,EXPOSITION BL,FIGUEROA ST,0,NA,Y,A,-,N,NA,NA,NA,NA,NA,NA,NA,NA,NA,Y,3,0,2,2,A,-,12,21453,A,N,D,C,A,A,H,-,B,A,0,NA,NA,NA,NA,Y,NA,A,01,0,1,1,0,0,0,0,0,0,-,-,NA,NA,LOS ANGELES,LOS ANGELES,-118.28242006,34.01815005
7009679,2015,2015-08-29,1942,2015-07-23,0345,37613,0711,4,5,7,1942,0,0,0,G,0,8T35,ALFRED ST,ROSEWOOD AV,30,S,N,A,-,N,NA,NA,NA,NA,NA,NA,NA,NA,NA,Y,3,0,1,3,A,-,01,23152,A,N,B,E,A,A,H,-,C,D,0,NA,NA,NA,NA,Y,Y,A,01,0,1,0,0,0,0,0,0,0,-,-,NA,NA,LOS ANGELES,LOS ANGELES,-118.37527232,34.08009774
7009680,2015,2016-12-22,1942,2015-07-15,1340,38118,854,3,5,7,1942,0,0,0,NA,0,14TL52,SANTA MONICA BL,COTNER AV,213,E,N,A,-,Y,LA,7,2,-,-,3.72,H,-,W,N,3,0,1,2,A,-,03,22350,NA,N,B,C,A,A,H,-,A,A,0,NA,NA,Y,NA,Y,NA,C,02,0,1,0,0,0,0,0,0,1,-,-,NA,NA,LOS ANGELES,LOS ANGELES,-118.44606888,34.0471424
7009688,2015,2015-08-19,1942,2015-07-29,1600,41736,0857,3,5,7,1942,0,0,0,H,0,8A1,BEVERLY BL,PICO BL,5,S,N,A,-,N,NA,NA,NA,NA,NA,NA,NA,NA,NA,N,3,0,1,2,A,-,10,21950,A,N,G,B,B,A,H,-,A,A,0,Y,NA,NA,NA,Y,NA,D,22,0,1,0,0,1,0,0,0,0,-,-,NA,NA,LOS ANGELES,LOS ANGELES,-118.39543801,34.05525639
7009690,2015,2015-09-01,1942,2015-08-03,1150,37715,0832,1,5,7,1942,0,0,0,H,0,7TL72W,BARRINGTON AV,GOSHEN AV,0,NA,Y,A,-,N,NA,NA,NA,NA,NA,NA,NA,NA,NA,Y,4,0,2,2,A,-,09,21802,A,N,D,C,A,A,H,-,A,A,0,NA,NA,NA,NA,Y,NA,A,01,0,0,2,0,0,0,0,0,0,-,-,NA,NA,LOS ANGELES,LOS ANGELES,-118.46172003,34.05031003
7009692,2015,2015-08-19,1942,2015-07-29,0740,38310,2076,3,5,7,1942,0,0,0,NA,0,20TL55,MARIPOSA AV,PICO BL,227,N,N,A,-,N,NA,NA,NA,NA,NA,NA,NA,NA,NA,N,2,0,1,5,A,-,08,22107,NA,N,G,B,E,A,H,-,A,D,0,Y,NA,NA,NA,Y,NA,A,07,1,0,0,0,1,0,0,0,0,-,-,NA,NA,LOS ANGELES,LOS ANGELES,-118.29893,34.04786256
7009697,2015,2015-08-19,1942,2015-07-24,2100,36023,0438,5,5,7,1942,0,0,0,D,0,4T43,ALHAMBRA AV,WARWICK ST,243,W,N,A,-,N,NA,NA,NA,NA,NA,NA,NA,NA,NA,N,4,0,1,2,A,-,01,23152,A,F,B,E,A,A,H,-,C,D,0,NA,NA,NA,NA,Y,Y,D,22,0,0,1,0,0,0,0,0,0,-,-,NA,NA,LOS ANGELES,LOS ANGELES,-118.16680014,34.07810991
7009700,2015,2015-08-26,1942,2015-06-29,0235,37611,1347,1,5,7,1942,0,0,0,M,0,2T15,ALAMEDA ST,VERNON AV,0,NA,Y,A,-,N,NA,NA,NA,NA,NA,NA,NA,NA,NA,Y,3,0,4,2,A,-,01,23152,A,N,D,C,A,A,H,-,C,A,0,NA,NA,NA,NA,Y,Y,D,22,0,1,3,0,0,0,0,0,0,-,-,NA,NA,LOS ANGELES,LOS ANGELES,-118.23918012,34.00393008
7009701,2015,2015-08-19,1942,2015-07-23,1700,38357,0163,4,5,7,1942,0,0,0,A,0,2TL28,7TH ST,HILL ST,45,E,N,A,-,N,NA,NA,NA,NA,NA,NA,NA,NA,NA,N,4,0,3,3,A,-,03,22350,NA,N,C,C,A,A,H,-,A,D,0,NA,NA,NA,NA,Y,NA,D,22,0,0,3,0,0,0,0,0,0,-,-,NA,NA,LOS ANGELES,LOS ANGELES,-118.25437043,34.04585704
7009704,2015,2015-08-19,1942,2015-07-01,1055,30380,1177,3,5,7,1942,0,0,0,K,0,4TL43,N SAN FERNANDO RD,W AVENUE 26,1200,S,N,A,-,N,NA,NA,NA,NA,NA,NA,NA,NA,NA,Y,4,0,1,2,A,-,09,21801,A,N,A,C,A,A,H,-,A,D,0,NA,NA,NA,NA,Y,NA,D,22,0,0,1,0,0,0,0,0,0,-,-,NA,NA,LOS ANGELES,LOS ANGELES,-118.22617371,34.08352334
7009705,2015,2015-08-26,1942,2015-06-25,1910,39889,1135,4,5,7,1942,0,0,0,K,0,13T55,AVENUE 33,CARLYLE ST,0,NA,Y,A,-,N,NA,NA,NA,NA,NA,NA,NA,NA,NA,N,4,0,1,2,A,-,10,21950,A,N,G,B,B,A,H,-,C,A,0,Y,NA,NA,NA,Y,NA,D,23,0,0,1,0,1,0,0,0,0,-,-,NA,NA,LOS ANGELES,LOS ANGELES,-118.23384009,34.10951006
7009706,2015,2016-07-19,1942,2015-07-02,1015,31152,1169,4,5,7,1942,0,0,0,K,0,11TL25,AVE 57,VIA MARISOL,50,N,N,A,-,N,NA,NA,NA,NA,NA,NA,NA,NA,NA,Y,3,0,1,2,A,-,09,21804,A,N,D,C,A,A,H,-,A,D,0,NA,NA,NA,NA,Y,NA,A,07,0,1,0,0,0,0,0,0,0,-,-,NA,NA,LOS ANGELES,LOS ANGELES,-118.19229904,34.10409711
7009707,2015,2015-08-19,1942,2015-07-01,0750,39876,1177,3,5,7,1942,0,0,0,K,0,11TL32,FIGUEROA ST,AVE 22,168,S,N,A,-,N,NA,NA,NA,NA,NA,NA,NA,NA,NA,N,3,0,1,2,A,-,09,21804,A,N,D,G,A,A,H,-,A,D,0,NA,Y,NA,NA,Y,NA,D,22,0,1,0,0,0,0,1,0,0,-,-,NA,NA,LOS ANGELES,LOS ANGELES,-118.22430549,34.08242573
7009708,2015,2015-09-01,1942,2015-03-12,1720,39889,0249,4,5,7,1942,0,0,0,B,0,2TL14,LUCAS AV,3RD ST,85,N,N,A,-,N,NA,NA,NA,NA,NA,NA,NA,NA,NA,N,4,0,2,3,A,-,03,22350,NA,N,C,C,A,A,H,-,A,A,0,NA,NA,NA,NA,Y,NA,D,23,0,0,2,0,0,0,0,0,0,-,-,NA,NA,LOS ANGELES,LOS ANGELES,-118.26149278,34.05850764
7009709,2015,2015-08-19,1942,2015-07-21,1115,40726,0152,2,5,7,1942,0,0,0,A,0,1TL11,GRAND AV,5TH ST,32,N,N,A,-,N,NA,NA,NA,NA,NA,NA,NA,NA,NA,Y,4,0,3,2,A,-,03,22350,NA,N,C,C,A,A,H,-,A,A,0,NA,NA,NA,NA,Y,NA,D,22,0,0,3,0,0,0,0,0,0,-,-,NA,NA,LOS ANGELES,LOS ANGELES,-118.29016,33.73977776
7009710,2015,2015-09-03,1942,2015-07-21,0550,39876,0119,2,5,7,1942,0,0,0,A,0,11TL32,CENTER ST,RAMIREZ ST,50,N,N,B,-,N,NA,NA,NA,NA,NA,NA,NA,NA,NA,N,3,0,1,2,A,-,00,21760,C,N,B,G,A,A,H,-,A,D,0,NA,Y,NA,NA,Y,NA,D,22,0,1,0,0,0,0,1,0,0,-,-,NA,NA,LOS ANGELES,LOS ANGELES,-118.23127,34.05408
7009711,2015,2015-08-18,1942,2015-07-10,1210,31152,0165,5,5,7,1942,0,0,0,A,0,11TL25,7TH ST,MAPLE AV,60,E,N,A,-,N,NA,NA,NA,NA,NA,NA,NA,NA,NA,Y,3,0,1,2,A,-,01,23152,F,N,C,C,A,A,H,-,A,D,0,NA,NA,NA,NA,Y,NA,A,01,0,1,0,0,0,0,0,0,0,-,-,NA,NA,LOS ANGELES,LOS ANGELES,-118.24911999,34.04237285