CASE_ID,ACCIDENT_YEAR,PROC_DATE,JURIS,COLLISION_DATE,COLLISION_TIME,OFFICER_ID,REPORTING_DISTRICT,DAY_OF_WEEK,CHP_SHIFT,POPULATION,CNTY_CITY_LOC,SPECIAL_COND,BEAT_TYPE,CHP_BEAT_TYPE,CITY_DIVISION_LAPD,CHP_BEAT_CLASS,BEAT_NUMBER,PRIMARY_RD,SECONDARY_RD,DISTANCE,DIRECTION,INTERSECTION,WEATHER_1,WEATHER_2,STATE_HWY_IND,CALTRANS_COUNTY,CALTRANS_DISTRICT,STATE_ROUTE,ROUTE_SUFFIX,POSTMILE_PREFIX,POSTMILE,LOCATION_TYPE,RAMP_INTERSECTION,SIDE_OF_HWY,TOW_AWAY,COLLISION_SEVERITY,NUMBER_KILLED,NUMBER_INJURED,PARTY_COUNT,PRIMARY_COLL_FACTOR,PCF_CODE_OF_VIOL,PCF_VIOL_CATEGORY,PCF_VIOLATION,PCF_VIOL_SUBSECTION,HIT_AND_RUN,TYPE_OF_COLLISION,MVIW,PED_ACTION,ROAD_SURFACE,ROAD_COND_1,ROAD_COND_2,LIGHTING,CONTROL_DEVICE,CHP_ROAD_TYPE,PEDESTRIAN_ACCIDENT,BICYCLE_ACCIDENT,MOTORCYCLE_ACCIDENT,TRUCK_ACCIDENT,NOT_PRIVATE_PROPERTY,ALCOHOL_INVOLVED,STWD_VEHTYPE_AT_FAULT,CHP_VEHTYPE_AT_FAULT,COUNT_SEVERE_INJ,COUNT_VISIBLE_INJ,COUNT_COMPLAINT_PAIN,COUNT_PED_KILLED,COUNT_PED_INJURED,COUNT_BICYCLIST_KILLED,COUNT_BICYCLIST_INJURED,COUNT_MC_KILLED,COUNT_MC_INJURED,PRIMARY_RAMP,SECONDARY_RAMP,LATITUDE,LONGITUDE,COUNTY,CITY,POINT_X,POINT_Y
7009917,2015,2015-08-20,1942,2015-07-18,2220,31745,521,6,5,7,1942,0,0,0,NA,0,18T23,ANAHEIM ST,VERMONT AV,395,W,N,A,-,N,NA,NA,NA,NA,NA,NA,NA,NA,NA,Y,4,0,1,2,A,-,01,23152,A,N,C,E,A,A,H,-,C,A,0,NA,NA,NA,NA,Y,Y,A,01,0,0,1,0,0,0,0,0,0,-,-,NA,NA,LOS ANGELES,LOS ANGELES,-118.29860055,33.78271197
7009918,2015,2015-10-26,1942,2015-07-20,2230,41582,0507,1,5,7,1942,0,0,0,E,0,18A97,223RD ST,HALLDALE,250,W,N,A,-,N,NA,NA,NA,NA,NA,NA,NA,NA,NA,N,4,0,2,2,A,-,09,21804,A,N,C,C,A,A,H,-,C,A,0,NA,NA,NA,NA,Y,NA,A,01,0,0,2,0,0,0,0,0,0,-,-,NA,NA,LOS ANGELES,LOS ANGELES,-118.30242149,33.82453247
7009919,2015,2015-08-20,1942,2015-07-21,1720,40003,0508,2,5,7,1942,0,0,0,E,0,5T25,WESTERN,SEPULVEDA BL,50,S,N,A,-,N,NA,NA,NA,NA,NA,NA,NA,NA,NA,N,4,0,2,2,A,-,03,22350,NA,N,C,C,A,A,H,-,A,A,0,NA,NA,NA,NA,Y,NA,A,07,0,0,2,0,0,0,0,0,0,-,-,NA,NA,LOS ANGELES,LOS ANGELES,-118.30893019,33.8169629
7009920,2015,2015-08-20,1942,2015-07-23,1915,41870,0513,4,5,7,1942,0,0,0,E,0,5A11,PACIFIC COAST HWY,NORMANDIE AV,300,E,N,A,-,N,NA,NA,NA,NA,NA,NA,NA,NA,NA,Y,3,0,3,2,A,-,09,21801,A,N,D,C,A,A,H,-,A,D,0,NA,NA,NA,NA,Y,NA,A,01,0,2,1,0,0,0,0,0,0,-,-,NA,NA,LOS ANGELES,LOS ANGELES,-118.29662214,33.79025883
7009935,2015,2015-11-24,1938,2015-07-02,1725,184,228,4,5,4,1938,0,0,0,NA,0,003,BONITA AV,D ST,250,E,N,A,-,N,NA,NA,NA,NA,NA,NA,NA,NA,NA,Y,4,0,1,2,A,-,09,21804,A,N,D,C,A,A,H,-,A,A,0,NA,NA,NA,NA,Y,NA,-,NA,0,0,1,0,0,0,0,0,0,-,-,NA,NA,LOS ANGELES,LA VERNE,-117.7690166,34.10131816
7010161,2015,2015-08-25,1900,2015-07-28,1700,451502,1434,2,5,4,1937,0,0,0,NA,0,143T1P,VALLEY BL,FERRERO LN,0,NA,Y,A,-,N,NA,NA,NA,NA,NA,NA,NA,NA,NA,Y,3,0,1,2,A,-,12,21453,A,N,D,C,A,A,H,-,A,A,0,NA,NA,NA,NA,Y,NA,A,01,0,1,0,0,0,0,0,0,0,-,-,34.01124,-117.93793,LOS ANGELES,LA PUENTE,-117.9378801,34.01108008
7010169,2015,2015-08-25,1900,2015-07-15,1035,290645,1419,3,5,1,1932,0,0,0,NA,0,141T3,GRAND AV,BAKER PKWY,0,NA,Y,A,-,N,NA,NA,NA,NA,NA,NA,NA,NA,NA,Y,4,0,1,2,A,-,17,21451,A,N,A,C,A,A,H,-,A,A,0,NA,NA,NA,Y,Y,NA,A,01,0,0,1,0,0,0,0,0,0,-,-,NA,NA,LOS ANGELES,INDUSTRY,-117.82759006,34.02073003
7010199,2015,2015-08-27,1942,2015-07-30,1120,35448,939,4,5,7,1942,0,0,0,NA,0,9A23,BURBANK BL,ETHEL AV,270,E,N,A,-,N,NA,NA,NA,NA,NA,NA,NA,NA,NA,Y,4,0,1,4,A,-,09,21801,NA,N,D,C,A,A,H,-,A,D,0,NA,NA,NA,NA,Y,NA,A,08,0,0,1,0,0,0,0,0,0,-,-,NA,NA,LOS ANGELES,LOS ANGELES,-118.41726912,34.17212
7010200,2015,2015-08-19,1942,2015-08-05,1500,40165,0937,3,5,7,1942,0,0,0,I,0,15TL42,WOODMAN AV,VICTORY BL,50,S,N,A,-,N,NA,NA,NA,NA,NA,NA,NA,NA,NA,N,4,0,1,3,A,-,09,21804,A,N,-,C,A,A,H,-,A,D,0,NA,NA,NA,NA,Y,NA,M,44,0,0,1,0,0,0,0,0,0,-,-,NA,NA,LOS ANGELES,LOS ANGELES,-118.43126,34.18654286
7010201,2015,2015-08-19,1942,2015-08-05,1220,40811,1039,3,5,7,1942,0,0,0,J,0,21TL62,VANOWEN ST,VALJEAN AV,0,NA,Y,A,-,N,NA,NA,NA,NA,NA,NA,NA,NA,NA,N,4,0,1,2,A,-,11,21953,NA,N,D,B,B,A,H,-,A,D,0,Y,NA,NA,NA,Y,NA,N,60,0,0,1,0,1,0,0,0,0,-,-,NA,NA,LOS ANGELES,LOS ANGELES,-118.48587008,34.19391001
7010202,2015,2015-09-29,1942,2015-08-05,1300,40165,1517,3,5,7,1942,0,0,0,O,0,15TL42,VINELAND AV,VANOWEN ST,275,N,N,A,-,N,NA,NA,NA,NA,NA,NA,NA,NA,NA,N,4,0,1,3,A,-,08,22102,NA,N,D,C,A,A,H,-,A,D,0,NA,NA,NA,NA,Y,NA,A,01,0,0,1,0,0,0,0,0,0,-,-,NA,NA,LOS ANGELES,LOS ANGELES,-118.3703177,34.19470402
7010204,2015,2015-08-24,1942,2015-07-29,1025,39141,16,3,5,7,1942,0,0,0,P,0,1621,FILMORE ST,AMBOY AV,15,E,N,A,-,N,NA,NA,NA,NA,NA,NA,NA,NA,NA,N,3,0,3,2,A,-,09,21802,A,N,D,C,A,A,H,-,A,D,0,NA,NA,NA,NA,Y,NA,D,22,0,1,2,0,0,0,0,0,0,-,-,NA,NA,LOS ANGELES,LOS ANGELES,-118.43360289,34.26296726
7010205,2015,2015-08-24,1942,2015-07-30,1720,37353,1651,4,5,7,1942,0,0,0,P,0,19TL72,LAUREL CANYON BL,MONTAGUE ST,0,NA,Y,A,-,N,NA,NA,NA,NA,NA,NA,NA,NA,NA,Y,4,0,2,3,A,-,09,21801,A,N,D,C,A,A,H,-,A,A,0,NA,NA,NA,NA,Y,NA,D,22,0,0,2,0,0,0,0,0,0,-,-,NA,NA,LOS ANGELES,LOS ANGELES,-118.41633004,34.24388008
7010209,2015,2015-08-24,1942,2015-07-18,0955,40008,1307,6,5,7,1942,0,0,0,M,0,1TL11,E 9TH ST,STANFORD AV,130,E,N,A,-,N,NA,NA,NA,NA,NA,NA,NA,NA,NA,N,4,0,2,3,A,-,08,22102,NA,N,D,C,A,A,H,-,A,D,0,NA,NA,NA,NA,Y,NA,A,01,0,0,2,0,0,0,0,0,0,-,-,NA,NA,LOS ANGELES,LOS ANGELES,-118.24754942,34.03473822
7010210,2015,2015-08-24,1942,2015-07-26,0355,31324,0451,7,5,7,1942,0,0,0,D,0,13TL22,VIA LAS VEGAS,GLESS ST,26,E,N,A,-,N,NA,NA,NA,NA,NA,NA,NA,NA,NA,Y,3,0,1,3,A,-,01,23152,A,N,C,E,A,A,H,-,B,-,0,NA,NA,NA,NA,Y,Y,A,01,0,1,0,0,0,0,0,0,0,-,-,NA,NA,LOS ANGELES,LOS ANGELES,-118.22271455,34.04792507
7010211,2015,2017-01-25,1942,2015-07-24,1025,31152,0443,5,5,7,1942,0,0,0,D,0,11TL25,SOTO ST,CHARLOTTE ST,0,NA,Y,A,-,Y,LA,7,10,-,-,18.988,R,4,W,N,4,0,2,2,A,-,12,21453,A,N,D,C,A,A,H,-,A,A,0,NA,NA,NA,NA,Y,NA,A,07,0,0,2,0,0,0,0,0,0,-,-,NA,NA,LOS ANGELES,LOS ANGELES,-118.20411951,34.05414137
7010214,2015,2015-09-03,1942,2015-07-22,1230,40726,0158,3,5,7,1942,0,0,0,A,0,1TL11,CENTRAL AV,6TH ST,118,S,N,A,-,N,NA,NA,NA,NA,NA,NA,NA,NA,NA,N,4,0,1,2,A,-,03,22350,NA,N,C,C,A,A,H,-,A,D,0,NA,NA,NA,NA,Y,NA,D,22,0,0,1,0,0,0,0,0,0,-,-,NA,NA,LOS ANGELES,LOS ANGELES,-118.24002484,34.03870706
7010215,2015,2015-09-08,1942,2015-07-25,0625,38124,0111,6,5,7,1942,0,0,0,A,0,11T25,ALAMEDA ST,ARCADIA ST,0,NA,Y,A,-,N,NA,NA,NA,NA,NA,NA,NA,NA,NA,Y,4,0,1,2,A,-,12,21453,A,N,D,C,A,A,H,-,A,A,0,NA,NA,NA,NA,Y,NA,-,-,0,0,1,0,0,0,0,0,0,-,-,NA,NA,LOS ANGELES,LOS ANGELES,-118.23785007,34.05452012
7010218,2015,2015-08-27,1942,2015-07-13,1230,38124,0429,1,5,7,1942,0,0,0,D,0,4TL43,OAKLAND ST,PORTOLA AV,0,NA,Y,A,-,N,NA,NA,NA,NA,NA,NA,NA,NA,NA,Y,4,0,1,2,A,-,09,21800,B,N,D,C,A,A,H,-,A,D,0,NA,NA,NA,NA,Y,NA,A,01,0,0,1,0,0,0,0,0,0,-,-,NA,NA,LOS ANGELES,LOS ANGELES,-118.17165002,34.08770003
7010220,2015,2017-01-28,1942,2015-07-22,1730,40099,0216,3,5,7,1942,0,0,0,B,0,2TL14,ALVARADO ST,RT 101,0,NA,Y,A,-,Y,LA,7,101,-,-,2.962,R,4,S,Y,4,0,2,2,A,-,12,21453,A,N,D,C,A,A,H,-,A,A,0,NA,NA,NA,NA,Y,NA,-,-,0,0,2,0,0,0,0,0,0,-,-,NA,NA,LOS ANGELES,LOS ANGELES,-118.2684194,34.07258237
7010225,2015,2015-08-24,1942,2015-07-14,1200,32973,04,2,5,7,1942,0,0,0,D,0,11TL32,HOSTETTER ST,SOTO ST,0,NA,Y,A,-,N,NA,NA,NA,NA,NA,NA,NA,NA,NA,N,3,0,2,2,A,-,09,21802,A,N,D,C,A,A,H,-,A,A,0,NA,NA,NA,NA,Y,NA,A,01,0,1,1,0,0,0,0,0,0,-,-,NA,NA,LOS ANGELES,LOS ANGELES,-118.21974004,34.0255401
7010226,2015,2015-09-02,1942,2015-07-28,1135,32996,0461,2,5,7,1942,0,0,0,D,0,13TL55,4TH ST,PECAN ST,0,NA,Y,A,-,N,NA,NA,NA,NA,NA,NA,NA,NA,NA,N,4,0,1,2,A,-,08,22107,NA,N,D,C,A,A,H,-,A,A,0,NA,NA,NA,Y,Y,NA,-,-,0,0,1,0,0,0,0,0,0,-,-,NA,NA,LOS ANGELES,LOS ANGELES,-118.22174006,34.04296001
7010227,2015,2015-08-24,1942,2015-07-18,1900,39639,0411,6,5,7,1942,0,0,0,D,0,4T43,SAN FERNANDO RD,HUMBOLDT ST,1630,N,N,A,-,N,NA,NA,NA,NA,NA,NA,NA,NA,NA,Y,3,0,1,2,A,-,09,21804,A,F,E,G,A,A,H,-,A,D,0,NA,Y,NA,NA,Y,NA,L,04,0,1,0,0,0,0,0,0,0,-,-,NA,NA,LOS ANGELES,LOS ANGELES,-118.22528822,34.08075741
7010228,2015,2015-08-24,1942,2015-07-27,0505,31324,0438,1,5,7,1942,0,0,0,D,0,13TL22,ALHAMBRA AV,LOMBARDY BL,98,W,N,A,-,N,NA,NA,NA,NA,NA,NA,NA,NA,NA,N,3,0,1,4,A,-,03,22350,NA,N,B,E,A,A,H,-,A,-,0,NA,NA,NA,NA,Y,NA,A,01,0,1,0,0,0,0,0,0,0,-,-,NA,NA,LOS ANGELES,LOS ANGELES,-118.17263885,34.07337039
7010229,2015,2015-08-24,1942,2015-07-31,1400,40325,0415,5,5,7,1942,0,0,0,D,0,2TL28,GRIFFIN AV,AVE 28,275,S,N,A,-,N,NA,NA,NA,NA,NA,NA,NA,NA,NA,Y,3,0,2,3,A,-,05,21650,A,N,A,C,A,A,H,-,A,A,0,NA,NA,NA,Y,Y,NA,F,26,0,1,1,0,0,0,0,0,0,-,-,NA,NA,LOS ANGELES,LOS ANGELES,-118.21186344,34.078496
7010230,2015,2015-08-24,1942,2015-07-31,0030,39889,0429,5,5,7,1942,0,0,0,D,0,13T55,FARNSWORTH AV,HYDE ST,114,N,N,A,-,N,NA,NA,NA,NA,NA,NA,NA,NA,NA,Y,3,0,1,5,A,-,01,23152,A,N,A,E,A,A,H,-,C,D,0,NA,NA,NA,NA,Y,Y,A,01,0,1,0,0,0,0,0,0,0,-,-,NA,NA,LOS ANGELES,LOS ANGELES,-118.16549782,34.08241679
7010231,2015,2015-08-24,1942,2015-07-30,2340,39639,0469,4,5,7,1942,0,0,0,D,0,4T43,VELASCO ST,E 1ST ST,92,S,N,A,-,N,NA,NA,NA,NA,NA,NA,NA,NA,NA,Y,3,0,1,2,A,-,01,23152,A,N,A,E,A,A,H,-,C,D,0,NA,NA,NA,NA,Y,Y,A,01,0,1,0,0,0,0,0,0,0,-,-,NA,NA,LOS ANGELES,LOS ANGELES,-118.19321256,34.03603313
7010232,2015,2015-09-11,1942,2015-08-01,1405,31152,0462,6,5,7,1942,0,0,0,D,0,11T25,BOYLE AV,7TH ST,0,NA,Y,A,-,N,NA,NA,NA,NA,NA,NA,NA,NA,NA,Y,4,0,2,2,A,-,09,21801,A,N,A,C,A,A,H,-,A,D,0,NA,NA,NA,NA,Y,NA,A,01,0,0,2,0,0,0,0,0,0,-,-,NA,NA,LOS ANGELES,LOS ANGELES,-118.21959004,34.03344006
7010238,2015,2015-08-24,1942,2015-07-05,0650,39876,1144,7,5,7,1942,0,0,0,K,0,1T224,SILVERLAKE BL,ARMSTRONG AV,115,S,N,B,-,N,NA,NA,NA,NA,NA,NA,NA,NA,NA,Y,3,0,1,1,A,-,01,23152,A,N,E,I,A,A,H,-,B,D,0,NA,NA,NA,NA,Y,Y,D,22,0,1,0,0,0,0,0,0,0,-,-,NA,NA,LOS ANGELES,LOS ANGELES,-118.26107352,34.10000049
7010239,2015,2015-09-08,1942,2015-07-22,1735,37779,1309,3,5,7,1942,0,0,0,M,0,13A63,MATEO ST,DAMON ST,0,NA,Y,A,-,N,NA,NA,NA,NA,NA,NA,NA,NA,NA,N,4,0,1,2,A,-,04,21703,NA,N,C,C,A,A,H,-,A,D,0,NA,NA,NA,NA,Y,NA,-,NA,0,0,1,0,0,0,0,0,0,-,-,NA,NA,LOS ANGELES,LOS ANGELES,-118.23223005,34.02869008
7010240,2015,2015-08-24,1942,2015-07-21,1000,31152,1303,2,5,7,1942,0,0,0,M,0,11TL25,10TH ST,SAN PEDRO ST,0,NA,Y,A,-,N,NA,NA,NA,NA,NA,NA,NA,NA,NA,N,4,0,1,2,A,-,03,22350,NA,N,D,G,A,A,H,-,A,D,0,NA,Y,NA,NA,Y,NA,L,04,0,0,1,0,0,0,1,0,0,-,-,NA,NA,LOS ANGELES,LOS ANGELES,-118.25171009,34.03592011
7010315,2015,2015-08-19,1942,2015-07-11,1735,34426,1118,6,5,7,1942,0,0,0,K,0,2TL28,ASH ST,ALDAMA ST,320,S,N,A,-,N,NA,NA,NA,NA,NA,NA,NA,NA,NA,NA,4,0,3,2,A,-,09,21804,A,N,D,C,A,A,H,-,A,D,0,NA,NA,NA,NA,Y,NA,A,01,0,0,3,0,0,0,0,0,0,-,-,NA,NA,LOS ANGELES,LOS ANGELES,-118.19544121,34.11433227
7010316,2015,2015-08-19,1942,2015-07-11,1725,39010,1141,6,5,7,1942,0,0,0,K,0,1TL24,LOS FELIZ BL,BERENDO ST,220,W,N,A,-,N,NA,NA,NA,NA,NA,NA,NA,NA,NA,Y,3,0,7,4,A,-,03,22350,NA,N,C,C,A,A,H,-,A,A,0,NA,NA,NA,NA,Y,NA,A,01,0,1,6,0,0,0,0,0,0,-,-,NA,NA,LOS ANGELES,LOS ANGELES,-118.2950695,34.11048443
7010317,2015,2015-08-19,1942,2015-07-10,2050,38050,1101,5,5,7,1942,0,0,0,K,0,1TL11,VERMONT CANYON RD,COMMONWEALTH CANYON DR,1450,N,N,A,-,N,NA,NA,NA,NA,NA,NA,NA,NA,NA,N,4,0,1,2,A,-,03,22350,NA,N,A,C,A,A,H,-,C,D,0,NA,NA,Y,NA,Y,NA,C,02,0,0,1,0,0,0,0,0,1,-,-,NA,NA,LOS ANGELES,LOS ANGELES,-118.29690796,34.12238775
7010318,2015,2015-08-19,1942,2015-07-31,0240,41019,0159,5,5,7,1942,0,0,0,A,0,2T15,WHITTIER BL,MATEO ST,1435,E,N,A,-,N,NA,NA,NA,NA,NA,NA,NA,NA,NA,Y,2,0,2,2,A,-,08,22107,NA,N,D,C,A,A,H,-,C,D,0,NA,NA,NA,NA,Y,NA,A,01,1,1,0,0,0,0,0,0,0,-,-,NA,NA,LOS ANGELES,LOS ANGELES,NA,NA
7010319,2015,2015-08-19,1942,2015-07-23,1850,37214,1309,4,5,7,1942,0,0,0,M,0,4X73,ALAMEDA ST,16TH ST,0,NA,Y,A,-,N,NA,NA,NA,NA,NA,NA,NA,NA,NA,Y,4,0,1,2,A,-,08,22107,NA,N,D,C,A,A,H,-,A,D,0,NA,NA,NA,NA,Y,NA,A,01,0,0,1,0,0,0,0,0,0,-,-,NA,NA,LOS ANGELES,LOS ANGELES,-118.23941,34.02209
7010320,2015,2015-08-19,1942,2015-07-27,0820,31152,1393,1,5,7,1942,0,0,0,M,0,11TL25,GAGE AV,BROADWAY,400,E,N,A,-,N,NA,NA,NA,NA,NA,NA,NA,NA,NA,N,4,0,1,3,A,-,04,21703,NA,N,C,C,A,A,H,-,A,D,0,NA,NA,NA,NA,Y,NA,A,01,0,0,1,0,0,0,0,0,0,-,-,NA,NA,LOS ANGELES,LOS ANGELES,-118.27698336,33.98238947
7010321,2015,2015-08-28,1942,2015-07-31,0520,37952,1307,5,5,7,1942,0,0,0,M,0,1TL24,NAOMI AV,LINDEN ST,237,N,N,A,-,N,NA,NA,NA,NA,NA,NA,NA,NA,NA,N,3,0,1,2,A,-,12,22450,A,N,D,C,A,A,H,-,C,A,0,NA,NA,NA,NA,Y,NA,-,-,0,1,0,0,0,0,0,0,0,-,-,NA,NA,LOS ANGELES,LOS ANGELES,NA,NA
7010322,2015,2015-08-19,1942,2015-07-25,1340,37600,1347,6,5,7,1942,0,0,0,M,0,13A27,COMPTON AV,33RD ST,20,N,N,A,-,N,NA,NA,NA,NA,NA,NA,NA,NA,NA,N,4,0,1,3,A,-,04,21703,NA,N,G,B,F,A,H,-,A,D,0,Y,NA,NA,NA,Y,NA,A,01,0,0,1,0,1,0,0,0,0,-,-,NA,NA,LOS ANGELES,LOS ANGELES,-118.24885013,34.01210888
7010323,2015,2015-08-28,1942,2015-07-27,1815,39130,1309,1,5,7,1942,0,0,0,M,0,NA,E 25TH ST,SANTA FE AV,15,E,N,A,-,N,NA,NA,NA,NA,NA,NA,NA,NA,NA,N,4,0,1,2,-,-,-,NA,NA,N,G,B,-,A,H,-,A,A,0,Y,NA,NA,NA,Y,NA,-,-,0,0,1,0,1,0,0,0,0,-,-,NA,NA,LOS ANGELES,LOS ANGELES,-118.23029062,34.01523115
7010324,2015,2015-08-19,1942,2015-07-23,1400,38168,1345,4,5,7,1942,0,0,0,M,0,13A27,CENTRAL,42ND PL,0,NA,Y,A,-,N,NA,NA,NA,NA,NA,NA,NA,NA,NA,N,4,0,1,2,D,-,00,NA,NA,N,G,-,B,A,H,-,A,-,0,Y,NA,NA,NA,Y,NA,-,-,0,0,1,0,1,0,0,0,0,-,-,NA,NA,LOS ANGELES,LOS ANGELES,-118.25650006,34.00664
7010325,2015,2015-08-19,1942,2015-07-22,1504,39743,1309,3,5,7,1942,0,0,0,M,0,13A41,SANTA FE AV,17TH ST,2,N,N,A,-,N,NA,NA,NA,NA,NA,NA,NA,NA,NA,N,3,0,1,2,A,-,11,21954,A,N,G,B,D,A,H,-,A,D,0,Y,NA,NA,NA,Y,NA,N,60,0,1,0,0,1,0,0,0,0,-,-,NA,NA,LOS ANGELES,LOS ANGELES,-118.21548,33.78815548
7010326,2015,2015-08-19,1942,2015-07-27,1550,39010,1361,1,5,7,1942,0,0,0,M,0,1TL24,49TH ST,BROADWAY,0,NA,Y,A,-,N,NA,NA,NA,NA,NA,NA,NA,NA,NA,Y,3,0,2,2,A,-,09,21802,A,N,D,C,A,A,H,-,A,A,0,NA,NA,NA,NA,Y,NA,A,08,0,1,1,0,0,0,0,0,0,-,-,NA,NA,LOS ANGELES,LOS ANGELES,-118.27835001,33.99830004
7010327,2015,2016-07-19,1942,2015-07-20,1300,39359,1317,1,5,7,1942,0,0,0,M,0,2TL15,S ALAMEDA ST,E 14TH ST,65,S,N,A,-,N,NA,NA,NA,NA,NA,NA,NA,NA,NA,N,3,0,1,2,A,-,11,21954,A,F,G,B,D,A,H,-,A,D,0,Y,NA,NA,NA,Y,NA,N,60,0,1,0,0,1,0,0,0,0,-,-,NA,NA,LOS ANGELES,LOS ANGELES,-118.23920963,34.02533192
7010328,2015,2015-08-19,1942,2015-07-28,1615,38357,1352,2,5,7,1942,0,0,0,M,0,13TL22,43RD ST,CROCKER ST,20,E,N,A,-,N,NA,NA,NA,NA,NA,NA,NA,NA,NA,N,3,0,1,2,A,-,09,21804,NA,N,D,G,A,A,H,-,A,D,0,NA,Y,NA,NA,Y,NA,L,04,0,1,0,0,0,0,1,0,0,-,-,NA,NA,LOS ANGELES,LOS ANGELES,-118.26848415,34.00566074
7010329,2015,2015-08-19,1942,2015-07-28,1410,38357,1317,2,5,7,1942,0,0,0,M,0,13TL22,HEMLOCK ST,12TH ST,219,N,N,A,-,N,NA,NA,NA,NA,NA,NA,NA,NA,NA,N,4,0,1,2,B,-,22,NA,NA,N,G,B,F,A,H,-,A,D,0,Y,NA,NA,NA,Y,NA,-,-,0,0,1,0,1,0,0,0,0,-,-,NA,NA,LOS ANGELES,LOS ANGELES,-118.24439766,34.03034103
7010330,2015,2015-08-19,1942,2015-07-28,1640,38357,1375,2,5,7,1942,0,0,0,M,0,13TL22,56TH ST,ASCOT AV,13,E,N,A,-,N,NA,NA,NA,NA,NA,NA,NA,NA,NA,Y,4,0,1,2,A,-,12,22450,A,N,D,C,A,A,H,-,A,D,0,NA,NA,NA,NA,Y,NA,A,01,0,0,1,0,0,0,0,0,0,-,-,NA,NA,LOS ANGELES,LOS ANGELES,-118.2499072,33.99204059
7010331,2015,2015-08-19,1942,2015-07-29,1130,32996,1325,3,5,7,1942,0,0,0,M,0,13TL55,CENTRAL AV,28TH ST,0,NA,Y,A,-,N,NA,NA,NA,NA,NA,NA,NA,NA,NA,Y,4,0,1,2,A,-,09,21801,A,N,D,C,A,A,H,-,A,D,0,NA,NA,NA,NA,Y,NA,A,01,0,0,1,0,0,0,0,0,0,-,-,NA,NA,LOS ANGELES,LOS ANGELES,-118.25578009,34.0167501
7010332,2015,2015-08-19,1942,2015-07-29,1430,34458,1363,3,5,7,1942,0,0,0,M,0,4TL4,AVALON BL,49TH ST,175,S,N,A,-,N,NA,NA,NA,NA,NA,NA,NA,NA,NA,Y,4,0,3,2,A,-,07,21658,A,N,B,C,A,A,H,-,A,D,0,NA,NA,NA,NA,Y,NA,A,01,0,0,3,0,0,0,0,0,0,-,-,NA,NA,LOS ANGELES,LOS ANGELES,-118.26524,33.99833006
7010333,2015,2015-08-19,1942,2015-07-29,1530,40325,1309,3,5,7,1942,0,0,0,M,0,2TL28,16TH ST,ALAMEDA ST,0,NA,Y,A,-,N,NA,NA,NA,NA,NA,NA,NA,NA,NA,Y,4,0,3,2,A,-,09,21802,A,N,D,C,A,A,H,-,A,A,0,NA,NA,NA,NA,Y,NA,A,01,0,0,3,0,0,0,0,0,0,-,-,NA,NA,LOS ANGELES,LOS ANGELES,-118.23941001,34.02209006
7010334,2015,2015-08-19,1942,2015-07-24,2500,34426,1303,5,5,7,1942,0,0,0,M,0,2TL28,12TH ST,CENTRAL AV,350,W,N,A,-,N,NA,NA,NA,NA,NA,NA,NA,NA,NA,N,4,0,1,2,A,-,03,22350,NA,F,G,B,E,A,H,-,A,D,0,Y,NA,NA,NA,Y,NA,-,99,0,0,1,0,1,0,0,0,0,-,-,NA,NA,LOS ANGELES,LOS ANGELES,-118.2462916,34.0306106
7010335,2015,2015-08-19,1942,2015-07-24,1355,38124,1322,5,5,7,1942,0,0,0,M,0,13TL55,ADAMS BL,MAPLE AV,55,E,N,A,-,N,NA,NA,NA,NA,NA,NA,NA,NA,NA,N,3,0,2,2,A,-,04,21703,NA,N,C,C,A,A,H,-,A,D,0,NA,NA,NA,NA,Y,NA,A,01,0,1,1,0,0,0,0,0,0,-,-,NA,NA,LOS ANGELES,LOS ANGELES,-118.26529042,34.02334861
7010336,2015,2015-08-19,1942,2015-07-25,2155,41019,1353,6,5,7,1942,0,0,0,M,0,13TL53,VERNON AV,CENTRAL AV,387,E,N,-,-,N,NA,NA,NA,NA,NA,NA,NA,NA,NA,N,3,0,1,2,A,-,11,21954,A,F,G,B,D,A,H,-,C,D,0,Y,NA,NA,NA,Y,NA,N,60,0,1,0,0,1,0,0,0,0,-,-,NA,NA,LOS ANGELES,LOS ANGELES,-118.2552158,34.00391543
7010337,2015,2015-08-25,1942,2015-07-05,0910,39321,1124,7,5,7,1942,0,0,0,K,0,11L90,ARLINGTON RD,CENTURY RD,10,E,N,B,-,N,NA,NA,NA,NA,NA,NA,NA,NA,NA,N,4,0,1,2,D,-,00,NA,NA,F,B,C,A,A,H,-,A,D,0,NA,NA,NA,NA,Y,NA,-,-,0,0,1,0,0,0,0,0,0,-,-,NA,NA,LOS ANGELES,LOS ANGELES,NA,NA
7010338,2015,2015-08-19,1942,2015-07-05,2115,41863,1145,7,5,7,1942,0,0,0,K,0,11A1,RIVERSIDE DR,FLETCHER DR,0,NA,Y,A,-,N,NA,NA,NA,NA,NA,NA,NA,NA,NA,N,3,0,1,2,A,-,10,21950,A,N,H,G,A,A,H,-,C,A,0,NA,Y,NA,NA,Y,NA,A,01,0,1,0,0,0,0,1,0,0,-,-,NA,NA,LOS ANGELES,LOS ANGELES,-118.25655003,34.10599007
7010339,2015,2015-08-19,1942,2015-07-09,1440,38357,1134,4,5,7,1942,0,0,0,K,0,13TL22,SAN FERNANDO RD,HALLETT AV,7,E,N,A,-,N,NA,NA,NA,NA,NA,NA,NA,NA,NA,N,4,0,1,2,A,-,09,21804,A,N,B,C,A,A,H,-,A,D,0,NA,NA,NA,NA,Y,NA,A,01,0,0,1,0,0,0,0,0,0,-,-,NA,NA,LOS ANGELES,LOS ANGELES,-118.24154778,34.10840371