CASE_ID,ACCIDENT_YEAR,PROC_DATE,JURIS,COLLISION_DATE,COLLISION_TIME,OFFICER_ID,REPORTING_DISTRICT,DAY_OF_WEEK,CHP_SHIFT,POPULATION,CNTY_CITY_LOC,SPECIAL_COND,BEAT_TYPE,CHP_BEAT_TYPE,CITY_DIVISION_LAPD,CHP_BEAT_CLASS,BEAT_NUMBER,PRIMARY_RD,SECONDARY_RD,DISTANCE,DIRECTION,INTERSECTION,WEATHER_1,WEATHER_2,STATE_HWY_IND,CALTRANS_COUNTY,CALTRANS_DISTRICT,STATE_ROUTE,ROUTE_SUFFIX,POSTMILE_PREFIX,POSTMILE,LOCATION_TYPE,RAMP_INTERSECTION,SIDE_OF_HWY,TOW_AWAY,COLLISION_SEVERITY,NUMBER_KILLED,NUMBER_INJURED,PARTY_COUNT,PRIMARY_COLL_FACTOR,PCF_CODE_OF_VIOL,PCF_VIOL_CATEGORY,PCF_VIOLATION,PCF_VIOL_SUBSECTION,HIT_AND_RUN,TYPE_OF_COLLISION,MVIW,PED_ACTION,ROAD_SURFACE,ROAD_COND_1,ROAD_COND_2,LIGHTING,CONTROL_DEVICE,CHP_ROAD_TYPE,PEDESTRIAN_ACCIDENT,BICYCLE_ACCIDENT,MOTORCYCLE_ACCIDENT,TRUCK_ACCIDENT,NOT_PRIVATE_PROPERTY,ALCOHOL_INVOLVED,STWD_VEHTYPE_AT_FAULT,CHP_VEHTYPE_AT_FAULT,COUNT_SEVERE_INJ,COUNT_VISIBLE_INJ,COUNT_COMPLAINT_PAIN,COUNT_PED_KILLED,COUNT_PED_INJURED,COUNT_BICYCLIST_KILLED,COUNT_BICYCLIST_INJURED,COUNT_MC_KILLED,COUNT_MC_INJURED,PRIMARY_RAMP,SECONDARY_RAMP,LATITUDE,LONGITUDE,COUNTY,CITY,POINT_X,POINT_Y
7010565,2015,2015-08-13,1942,2015-07-14,2145,41875,1395,2,5,7,1942,0,0,0,M,0,1A29,CENTRAL AV,69TH ST,0,NA,Y,A,-,N,NA,NA,NA,NA,NA,NA,NA,NA,NA,Y,4,0,1,2,A,-,08,21460,5,N,A,C,A,A,H,-,C,A,0,NA,NA,NA,NA,Y,NA,A,01,0,0,1,0,0,0,0,0,0,-,-,NA,NA,LOS ANGELES,LOS ANGELES,-118.25646009,33.97755008
7010566,2015,2015-08-13,1942,2015-07-11,1130,39761,1362,6,5,7,1942,0,0,0,M,0,11TL21,MAIN ST,51ST ST,0,NA,Y,A,-,N,NA,NA,NA,NA,NA,NA,NA,NA,NA,N,4,0,1,2,A,-,09,21801,A,N,D,C,A,A,H,-,A,A,0,NA,NA,NA,NA,Y,NA,A,07,0,0,1,0,0,0,0,0,0,-,-,NA,NA,LOS ANGELES,LOS ANGELES,-118.27397009,33.99649007
7010567,2015,2015-08-13,1942,2015-07-17,1200,36238,1317,5,5,7,1942,0,0,0,M,0,4T45,CENTRAL AV,OLYMPIC BL,7,N,N,A,-,N,NA,NA,NA,NA,NA,NA,NA,NA,NA,N,4,0,1,2,A,-,10,21950,A,N,G,B,B,A,H,-,A,A,0,Y,NA,NA,NA,Y,NA,A,08,0,0,1,0,1,0,0,0,0,-,-,NA,NA,LOS ANGELES,LOS ANGELES,-118.24414995,34.03205728
7010568,2015,2015-08-17,1942,2015-07-17,1309,34458,1309,5,5,7,1942,0,0,0,M,0,4TL4,15TH ST,ALAMEDA ST,0,NA,Y,A,-,N,NA,NA,NA,NA,NA,NA,NA,NA,NA,Y,3,0,3,3,A,-,09,21801,A,N,D,C,B,A,H,-,A,A,0,Y,NA,NA,NA,Y,NA,A,01,0,2,1,0,1,0,0,0,0,-,-,NA,NA,LOS ANGELES,LOS ANGELES,-118.23932002,34.02357009
7010569,2015,2015-08-13,1942,2015-07-06,1440,39010,1317,1,5,7,1942,0,0,0,M,0,4TL4,WASHINGTON BL,NAOMI AV,295,W,N,A,-,N,NA,NA,NA,NA,NA,NA,NA,NA,NA,N,4,0,1,3,A,-,03,22350,NA,N,C,C,A,A,H,-,A,A,0,NA,NA,NA,NA,Y,NA,A,08,0,0,1,0,0,0,0,0,0,-,-,NA,NA,LOS ANGELES,LOS ANGELES,-118.24883545,34.02346448
7010570,2015,2015-08-13,1942,2015-07-04,2215,40138,1363,6,5,7,1942,0,0,0,M,0,13X28,AVALON,51ST,0,NA,Y,A,-,N,NA,NA,NA,NA,NA,NA,NA,NA,NA,N,3,0,1,2,B,-,22,NA,NA,F,G,B,B,A,H,-,C,A,0,Y,NA,NA,NA,Y,Y,-,NA,0,1,0,0,1,0,0,0,0,-,-,NA,NA,LOS ANGELES,LOS ANGELES,-118.26523013,33.99656003
7010571,2015,2015-08-13,1942,2015-07-03,1305,39951,0269,5,5,7,1942,0,0,0,B,0,2A91,7TH ST,S BIXEL ST,0,NA,Y,A,-,N,NA,NA,NA,NA,NA,NA,NA,NA,NA,Y,3,0,3,2,A,-,09,21804,A,N,B,C,A,A,H,-,A,D,0,NA,NA,NA,NA,Y,NA,-,NA,0,3,0,0,0,0,0,0,0,-,-,NA,NA,LOS ANGELES,LOS ANGELES,-118.26417003,34.05086008
7010572,2015,2015-08-13,1942,2015-07-03,2340,41019,0246,5,5,7,1942,0,0,0,B,0,2T15,ALVARADO ST,MARYLAND ST,100,S,N,A,-,N,NA,NA,NA,NA,NA,NA,NA,NA,NA,Y,4,0,2,2,A,-,01,23152,A,N,C,C,A,A,H,-,C,D,0,NA,NA,NA,NA,Y,Y,A,01,0,0,2,0,0,0,0,0,0,-,-,NA,NA,LOS ANGELES,LOS ANGELES,-118.27389706,34.06105891
7010573,2015,2015-08-13,1942,2015-07-05,1915,39010,0238,7,5,7,1942,0,0,0,B,0,11TL32,BIXEL ST,TEMPLE ST,371,S,N,A,-,N,NA,NA,NA,NA,NA,NA,NA,NA,NA,N,3,0,1,2,A,-,09,21804,A,N,B,C,A,A,H,-,A,D,0,NA,NA,NA,NA,Y,NA,A,01,0,1,0,0,0,0,0,0,0,-,-,NA,NA,LOS ANGELES,LOS ANGELES,-118.25445117,34.06505047
7010574,2015,2017-01-28,1942,2015-07-05,1720,38357,0216,7,5,7,1942,0,0,0,B,0,13TL22,ALVARADO ST,RT 101,4,S,N,A,-,Y,LA,7,101,-,-,2.725,R,4,S,N,4,0,2,2,A,-,09,21801,A,N,A,C,A,A,H,-,A,D,0,NA,NA,NA,NA,Y,NA,A,01,0,0,2,0,0,0,0,0,0,-,-,NA,NA,LOS ANGELES,LOS ANGELES,-118.26476211,34.07098595
7010575,2015,2015-08-13,1942,2015-07-18,0302,41629,1309,6,5,7,1942,0,0,0,M,0,1A61,WASHINGTON,23RD,0,W,N,B,-,N,NA,NA,NA,NA,NA,NA,NA,NA,NA,Y,2,0,1,1,A,-,03,22350,NA,F,H,I,A,A,H,-,C,D,0,NA,NA,NA,NA,Y,NA,A,01,1,0,0,0,0,0,0,0,0,-,-,NA,NA,LOS ANGELES,LOS ANGELES,-118.22702009,34.01760002
7010576,2015,2015-08-13,1942,2015-07-19,0830,37505,137,7,5,7,1942,0,0,0,M,0,13TL53,MAIN ST,54TH ST,67,N,N,A,-,N,NA,NA,NA,NA,NA,NA,NA,NA,NA,N,4,0,1,2,B,-,22,NA,NA,F,B,B,D,A,H,-,A,D,0,Y,NA,NA,NA,Y,NA,-,99,0,0,1,0,1,0,0,0,0,-,-,NA,NA,LOS ANGELES,LOS ANGELES,-118.27397,33.99351375
7010577,2015,2015-08-13,1942,2015-07-18,1800,40325,1346,6,5,7,1942,0,0,0,M,0,13TL22,CENTRAL AV,43RD ST,36,S,N,B,-,N,NA,NA,NA,NA,NA,NA,NA,NA,NA,N,4,0,2,2,A,-,03,22350,NA,F,C,C,A,B,H,-,A,A,0,NA,NA,NA,NA,Y,NA,-,99,0,0,2,0,0,0,0,0,0,-,-,NA,NA,LOS ANGELES,LOS ANGELES,-118.25649,34.00563127
7010578,2015,2015-08-13,1942,2015-07-15,1400,38353,1117,3,5,7,1942,0,0,0,K,0,11A71,EAGLE ROCK BL,YOSEMITE DR,0,NA,Y,A,-,N,NA,NA,NA,NA,NA,NA,NA,NA,NA,Y,4,0,1,2,A,-,09,21801,A,F,A,C,A,A,H,-,A,A,0,NA,NA,NA,NA,Y,NA,A,01,0,0,1,0,0,0,0,0,0,-,-,NA,NA,LOS ANGELES,LOS ANGELES,-118.21531011,34.13512004
7010579,2015,2016-04-08,1942,2015-07-16,1620,40099,0449,4,5,7,1942,0,0,0,D,0,2TL14,WABASH AV,CITY TERRACE DR,5,E,N,A,-,N,NA,NA,NA,NA,NA,NA,NA,NA,NA,Y,4,0,1,2,A,-,12,22450,A,F,D,-,A,A,H,-,A,D,0,NA,NA,NA,NA,Y,NA,A,07,0,0,1,0,0,0,0,0,0,-,-,NA,NA,LOS ANGELES,LOS ANGELES,-118.19317504,34.04838426
7010580,2015,2016-04-08,1942,2015-07-14,2120,39062,1375,2,5,7,1942,0,0,0,M,0,1T11,55TH ST,CENTRAL AV,560,E,N,A,-,N,NA,NA,NA,NA,NA,NA,NA,NA,NA,N,4,0,2,3,A,-,06,21750,NA,F,D,C,A,A,H,-,C,D,0,NA,NA,NA,NA,Y,NA,A,01,0,0,2,0,0,0,0,0,0,-,-,NA,NA,LOS ANGELES,LOS ANGELES,-118.25461621,33.99299
7010581,2015,2015-08-13,1942,2015-07-17,1455,39177,1267,5,5,7,1942,0,0,0,L,0,5TL25,HOOVER ST,82ND ST,70,S,N,A,-,N,NA,NA,NA,NA,NA,NA,NA,NA,NA,Y,4,0,2,2,A,-,01,23152,A,N,B,E,A,A,H,-,A,D,0,NA,NA,NA,NA,Y,Y,A,01,0,0,2,0,0,0,0,0,0,-,-,NA,NA,LOS ANGELES,LOS ANGELES,-118.28711,33.96407802
7010582,2015,2015-08-13,1942,2015-07-15,2315,38233,1205,3,5,7,1942,0,0,0,L,0,18T23W,S NORMANDIE AV,W 50TH ST,0,NA,Y,A,-,N,NA,NA,NA,NA,NA,NA,NA,NA,NA,Y,3,0,2,2,A,-,09,21802,A,F,D,C,A,A,H,-,C,A,0,NA,NA,NA,NA,Y,NA,A,07,0,2,0,0,0,0,0,0,0,-,-,NA,NA,LOS ANGELES,LOS ANGELES,-118.30017011,33.99823011
7010606,2015,2015-09-21,1942,2015-07-03,1000,26217,0312,5,5,7,1942,0,0,0,C,0,25MQ13,LA BREA AV,ADAMS BL,0,NA,Y,A,-,N,NA,NA,NA,NA,NA,NA,NA,NA,NA,Y,4,0,2,2,A,-,12,21453,A,N,D,C,A,A,H,-,A,A,0,NA,NA,NA,NA,Y,NA,-,-,0,0,2,0,0,0,0,0,0,-,-,NA,NA,LOS ANGELES,LOS ANGELES,-118.3509301,34.03251006
7010607,2015,2015-09-21,1942,2015-07-05,0300,41808,0332,7,5,7,1942,0,0,0,C,0,3A57,30TH ST,FARMDALE AV,30,E,N,A,-,N,NA,NA,NA,NA,NA,NA,NA,NA,NA,Y,3,0,1,3,A,-,08,22107,NA,N,C,E,A,A,H,-,C,D,0,NA,NA,NA,NA,Y,NA,A,01,0,1,0,0,0,0,0,0,0,-,-,NA,NA,LOS ANGELES,LOS ANGELES,-118.34596118,34.02757092
7010608,2015,2015-09-21,1942,2015-07-05,0145,41571,0312,7,5,7,1942,0,0,0,C,0,3A31,ADAMS BL,COCHRAN,20,W,N,A,-,N,NA,NA,NA,NA,NA,NA,NA,NA,NA,N,3,0,1,2,A,-,11,21954,A,F,G,B,D,A,H,-,C,D,0,Y,NA,NA,NA,Y,NA,N,60,0,1,0,0,1,0,0,0,0,-,-,NA,NA,LOS ANGELES,LOS ANGELES,-118.35871587,34.03248866
7010609,2015,2015-09-21,1942,2015-07-17,0955,41521,0363,5,5,7,1942,0,0,0,C,0,3AG3,LOCKLAND DR,MARLTON AV,150,E,N,A,-,N,NA,NA,NA,NA,NA,NA,NA,NA,NA,Y,4,0,1,2,A,-,09,21804,A,N,D,C,A,A,H,-,A,D,0,NA,NA,NA,NA,Y,NA,A,07,0,0,1,0,0,0,0,0,0,-,-,NA,NA,LOS ANGELES,LOS ANGELES,-118.3408105,34.00970664
7010610,2015,2015-09-21,1942,2015-07-05,1330,41704,0313,7,5,7,1942,0,0,0,C,0,3A63,CRENSHAW BL,ADAMS BL,0,NA,Y,A,-,N,NA,NA,NA,NA,NA,NA,NA,NA,NA,Y,3,0,2,2,A,-,09,21801,A,N,A,C,A,A,H,-,A,A,0,NA,NA,NA,NA,Y,NA,A,01,0,2,0,0,0,0,0,0,0,-,-,NA,NA,LOS ANGELES,LOS ANGELES,-118.33501013,34.03258012
7010611,2015,2015-09-21,1942,2015-07-03,1535,34458,0423,5,5,7,1942,0,0,0,D,0,4TL4,MAIN ST,DALY ST,0,NA,Y,A,-,N,NA,NA,NA,NA,NA,NA,NA,NA,NA,Y,4,0,2,2,A,-,09,21801,A,N,C,C,A,A,H,-,A,D,0,NA,NA,NA,NA,Y,NA,A,07,0,0,2,0,0,0,0,0,0,-,-,NA,NA,LOS ANGELES,LOS ANGELES,-118.21547012,34.06598008
7010612,2015,2015-09-21,1942,2015-07-03,1540,34458,0468,5,5,7,1942,0,0,0,D,0,4TL,4TH ST,CONCORD ST,15,W,N,A,-,N,NA,NA,NA,NA,NA,NA,NA,NA,NA,Y,4,0,4,2,A,-,03,22350,NA,N,C,C,A,A,H,-,A,D,0,NA,NA,NA,NA,Y,NA,A,01,0,0,4,0,0,0,0,0,0,-,-,NA,NA,LOS ANGELES,LOS ANGELES,-118.19872365,34.03478928
7010613,2015,2015-09-21,1942,2015-07-03,1225,31324,0412,5,5,7,1942,0,0,0,D,0,13T22,PASADENA AV,AVENUE 31,0,NA,Y,A,-,N,NA,NA,NA,NA,NA,NA,NA,NA,NA,Y,3,0,1,2,A,-,03,22350,NA,N,C,E,A,A,H,-,A,-,0,NA,NA,NA,NA,Y,NA,A,01,0,1,0,0,0,0,0,0,0,-,-,NA,NA,LOS ANGELES,LOS ANGELES,-118.21431013,34.08095009
7010614,2015,2015-09-21,1942,2015-07-12,1000,37952,497,7,5,7,1942,0,0,0,NA,0,11TL32,OLYMPIC BL,LORENA ST,105,E,N,A,-,N,NA,NA,NA,NA,NA,NA,NA,NA,NA,N,3,0,1,2,A,-,09,21804,A,N,D,G,A,A,H,-,A,D,0,NA,Y,NA,NA,Y,NA,A,07,0,1,0,0,0,0,1,0,0,-,-,NA,NA,LOS ANGELES,LOS ANGELES,-118.20630431,34.01875713
7010615,2015,2015-09-19,1942,2015-07-13,1420,37225,0417,1,5,7,1942,0,0,0,D,0,1TL24,ESMERALDA ST,PYRITES ST,0,NA,Y,A,-,N,NA,NA,NA,NA,NA,NA,NA,NA,NA,Y,4,0,1,3,A,-,03,22350,NA,N,A,E,A,A,H,-,A,D,0,NA,NA,NA,NA,Y,NA,A,07,0,0,1,0,0,0,0,0,0,-,-,NA,NA,LOS ANGELES,LOS ANGELES,-118.19356011,34.08201008
7010616,2015,2015-09-19,1942,2015-07-09,0930,37540,423,4,5,7,1942,0,0,0,NA,0,4A15,MISSION,THOMAS,20,E,N,A,-,N,NA,NA,NA,NA,NA,NA,NA,NA,NA,Y,4,0,1,3,A,-,03,22350,NA,N,C,C,A,A,H,-,A,A,0,NA,NA,NA,NA,Y,NA,-,NA,0,0,1,0,0,0,0,0,0,-,-,NA,NA,LOS ANGELES,LOS ANGELES,-118.20505294,34.06654744
7010617,2015,2017-01-14,1942,2015-07-07,2300,39130,0411,2,5,7,1942,0,0,0,D,0,NA,RT 5,N BROADWAY,0,NA,Y,B,-,Y,LA,7,5,-,-,19.51,R,4,N,Y,4,0,3,2,A,-,12,21453,A,N,D,C,A,A,H,-,C,A,0,NA,NA,NA,NA,Y,NA,-,-,0,0,3,0,0,0,0,0,0,NF,-,NA,NA,LOS ANGELES,LOS ANGELES,-118.21767903,34.07022551
7010618,2015,2015-09-19,1942,2015-07-04,2125,41786,0457,6,5,7,1942,0,0,0,D,0,4A53,CESAR CHAVEZ AV,SAVANNAH ST,0,NA,Y,A,-,N,NA,NA,NA,NA,NA,NA,NA,NA,NA,N,4,0,1,2,A,-,09,21801,A,N,D,C,A,A,H,-,C,D,0,NA,NA,NA,NA,Y,NA,A,01,0,0,1,0,0,0,0,0,0,-,-,NA,NA,LOS ANGELES,LOS ANGELES,-118.20161,34.04409
7010619,2015,2015-09-19,1942,2015-07-05,0200,40730,0421,7,5,7,1942,0,0,0,D,0,4T43,SPRING ST,BROADWAY,0,S,N,A,-,N,NA,NA,NA,NA,NA,NA,NA,NA,NA,Y,3,0,1,1,A,-,08,22107,NA,N,E,I,A,A,H,-,C,D,0,NA,NA,NA,NA,Y,NA,A,01,0,1,0,0,0,0,0,0,0,-,-,NA,NA,LOS ANGELES,LOS ANGELES,-118.22245003,34.07165005
7010620,2015,2015-09-19,1942,2015-07-09,1450,34458,0469,4,5,7,1942,0,0,0,D,0,4TL4,LORENA ST,EAGLE ST,70,S,N,A,-,N,NA,NA,NA,NA,NA,NA,NA,NA,NA,Y,4,0,2,2,A,-,09,21802,A,N,A,C,A,A,H,-,A,A,0,NA,NA,NA,NA,Y,NA,A,07,0,0,2,0,0,0,0,0,0,-,-,NA,NA,LOS ANGELES,LOS ANGELES,-118.19756767,34.03306867
7010621,2015,2015-09-19,1942,2015-07-05,1440,38357,1325,7,5,7,1942,0,0,0,M,0,13TL22,E ADAMS BL,NAOMI AV,12,E,N,A,-,N,NA,NA,NA,NA,NA,NA,NA,NA,NA,Y,4,0,2,2,A,-,09,21802,A,N,D,C,A,A,H,-,A,D,0,NA,NA,NA,NA,Y,NA,A,01,0,0,2,0,0,0,0,0,0,-,-,NA,NA,LOS ANGELES,LOS ANGELES,-118.25245562,34.01763377
7010622,2015,2015-09-19,1942,2015-07-11,2330,33452,0292,6,5,7,1942,0,0,0,B,0,2T15,WASHINGTON BL,HOOVER ST,0,NA,Y,A,-,N,NA,NA,NA,NA,NA,NA,NA,NA,NA,Y,4,0,2,2,A,-,12,21453,A,N,D,C,A,A,H,-,C,A,0,NA,NA,NA,NA,Y,NA,A,01,0,0,2,0,0,0,0,0,0,-,-,NA,NA,LOS ANGELES,LOS ANGELES,-118.28412,34.03985011
7010623,2015,2015-09-19,1942,2015-07-14,1830,40099,0211,2,5,7,1942,0,0,0,B,0,2T14,HELIOTROPE AV,CLINTON ST,75,S,N,A,-,N,NA,NA,NA,NA,NA,NA,NA,NA,NA,N,3,0,1,2,A,-,21,22106,NA,N,D,C,A,A,H,-,A,D,0,NA,NA,NA,NA,Y,NA,A,01,0,1,0,0,0,0,0,0,0,-,-,NA,NA,LOS ANGELES,LOS ANGELES,-118.29530019,34.08196449
7010624,2015,2015-09-19,1942,2015-07-14,1530,38050,0291,2,5,7,1942,0,0,0,B,0,13T22,HOOVER ST,WASHINGTON BL,110,N,N,A,-,N,NA,NA,NA,NA,NA,NA,NA,NA,NA,Y,3,0,4,4,A,-,03,22350,NA,N,C,E,A,A,H,-,A,D,0,NA,NA,NA,NA,Y,NA,A,08,0,3,1,0,0,0,0,0,0,-,-,NA,NA,LOS ANGELES,LOS ANGELES,-118.28412402,34.04015166
7010625,2015,2015-09-19,1942,2015-07-14,1820,38357,0266,2,5,7,1942,0,0,0,B,0,2TL28,BURLINGTON AV,JAMES M WOOD BL,35,N,N,A,-,N,NA,NA,NA,NA,NA,NA,NA,NA,NA,N,3,0,1,2,A,-,08,22107,NA,N,B,G,A,A,H,-,A,D,0,NA,Y,NA,NA,Y,NA,L,04,0,1,0,0,0,0,1,0,0,-,-,NA,NA,LOS ANGELES,LOS ANGELES,-118.275434,34.051948
7010626,2015,2015-09-19,1942,2015-07-04,1230,31152,0215,6,5,7,1942,0,0,0,B,0,11TL25,TEMPLE ST,BENTON WY,0,NA,Y,A,-,N,NA,NA,NA,NA,NA,NA,NA,NA,NA,N,4,0,1,2,A,-,12,21453,A,N,D,C,A,A,H,-,A,A,0,NA,NA,NA,NA,Y,NA,A,07,0,0,1,0,0,0,0,0,0,-,-,NA,NA,LOS ANGELES,LOS ANGELES,-118.27573001,34.07290001
7010627,2015,2015-09-19,1942,2015-07-07,1120,39951,0299,2,5,7,1942,0,0,0,B,0,2A91,W VENICE BL,S UNION AV,0,NA,Y,A,-,N,NA,NA,NA,NA,NA,NA,NA,NA,NA,Y,4,0,2,3,A,-,12,21453,A,N,D,C,A,A,H,-,A,A,0,NA,NA,NA,NA,Y,NA,-,-,0,0,2,0,0,0,0,0,0,-,-,NA,NA,LOS ANGELES,LOS ANGELES,-118.27915001,34.0415501
7010628,2015,2015-09-19,1942,2015-07-01,1540,36698,1123,3,5,7,1942,0,0,0,K,0,11TL32,LOS FELIZ BL,BRUNSWICK AV,40,W,N,A,-,N,NA,NA,NA,NA,NA,NA,NA,NA,NA,Y,4,0,2,2,A,-,03,22350,NA,N,C,C,A,A,H,-,A,D,0,NA,NA,NA,NA,Y,NA,A,01,0,0,2,0,0,0,0,0,0,-,-,NA,NA,LOS ANGELES,LOS ANGELES,-118.26577955,34.1249389
7010629,2015,2015-09-19,1942,2015-07-01,2135,30083,1101,3,5,7,1942,0,0,0,K,0,11T21,ZOO DR,GRIFFITH PARK DR,150,E,N,A,-,N,NA,NA,NA,NA,NA,NA,NA,NA,NA,Y,3,0,1,1,A,-,03,22350,NA,N,E,I,A,A,H,-,C,D,0,NA,NA,Y,NA,Y,NA,C,02,0,1,0,0,0,0,0,0,1,-,-,NA,NA,LOS ANGELES,LOS ANGELES,-118.30924,34.15382
7010630,2015,2015-09-19,1942,2015-07-07,1430,36698,1117,2,5,7,1942,0,0,0,K,0,2TL28W,YOSEMITE DR,NORWALK AV,10,W,N,A,-,N,NA,NA,NA,NA,NA,NA,NA,NA,NA,N,4,0,1,2,A,-,09,21804,A,N,D,G,A,A,H,-,A,D,0,NA,Y,NA,NA,Y,NA,L,04,0,0,1,0,0,0,1,0,0,-,-,NA,NA,LOS ANGELES,LOS ANGELES,-118.2094625,34.13402464
7010631,2015,2015-09-19,1942,2015-07-07,1425,40325,1381,2,5,7,1942,0,0,0,M,0,1TL24,SLAUSON AV,OLIVE ST,60,W,N,A,-,N,NA,NA,NA,NA,NA,NA,NA,NA,NA,N,4,0,2,2,A,-,03,22350,NA,F,C,C,A,A,H,-,A,A,0,NA,NA,NA,NA,Y,NA,A,01,0,0,2,0,0,0,0,0,0,-,-,NA,NA,LOS ANGELES,LOS ANGELES,-118.27957754,33.98917
7010632,2015,2015-09-19,1942,2015-07-05,1000,40726,1371,7,5,7,1942,0,0,0,M,0,2TL15,BROADWAY,55TH ST,0,NA,Y,A,-,N,NA,NA,NA,NA,NA,NA,NA,NA,NA,Y,3,0,2,3,A,-,09,21802,A,F,D,C,A,A,H,-,A,A,0,NA,NA,NA,NA,Y,NA,-,99,0,1,1,0,0,0,0,0,0,-,-,NA,NA,LOS ANGELES,LOS ANGELES,-118.27831,33.99239
7010633,2015,2015-09-19,1942,2015-07-11,1210,40726,1324,6,5,7,1942,0,0,0,M,0,1TL11,CENTRAL AV,22ND ST,44,N,N,A,-,N,NA,NA,NA,NA,NA,NA,NA,NA,NA,N,4,0,1,2,A,-,10,21952,NA,F,G,B,F,A,H,-,A,-,0,Y,NA,NA,NA,Y,NA,-,99,0,0,1,0,1,0,0,0,0,-,-,NA,NA,LOS ANGELES,LOS ANGELES,-118.25305266,34.02171629
7010634,2015,2015-09-19,1942,2015-07-10,1435,38357,1317,5,5,7,1942,0,0,0,M,0,13TL22,WASHINGTON BL,HOOPER AV,11,W,N,A,-,N,NA,NA,NA,NA,NA,NA,NA,NA,NA,N,4,0,1,2,A,-,12,21453,A,N,D,C,A,A,H,-,A,A,0,NA,NA,NA,NA,Y,NA,-,-,0,0,1,0,0,0,0,0,0,-,-,NA,NA,LOS ANGELES,LOS ANGELES,-118.24609014,34.02190674
7010635,2015,2015-09-19,1942,2015-07-10,1730,38357,1313,5,5,7,1942,0,0,0,M,0,13TL22,14TH ST,SAN PEDRO ST,5,E,N,A,-,N,NA,NA,NA,NA,NA,NA,NA,NA,NA,N,4,0,1,2,A,-,10,21950,NA,N,G,B,B,A,H,-,A,D,0,Y,NA,NA,NA,Y,NA,-,-,0,0,1,0,1,0,0,0,0,-,-,NA,NA,LOS ANGELES,LOS ANGELES,-118.2544056,34.03216335
7010636,2015,2015-09-19,1942,2015-07-09,1545,34426,1309,4,5,7,1942,0,0,0,M,0,2TL28,23RD ST,WASHINGTON BL,0,NA,Y,A,-,N,NA,NA,NA,NA,NA,NA,NA,NA,NA,N,3,0,2,2,A,-,09,21802,A,N,D,C,A,A,H,-,A,A,0,NA,NA,NA,NA,Y,NA,A,07,0,1,1,0,0,0,0,0,0,-,-,NA,NA,LOS ANGELES,LOS ANGELES,-118.22702009,34.01760002
7010637,2015,2015-09-19,1942,2015-07-07,1050,39876,1383,2,5,7,1942,0,0,0,M,0,13TL22,MAIN ST,62ND ST,0,NA,Y,B,-,N,NA,NA,NA,NA,NA,NA,NA,NA,NA,Y,3,0,2,2,A,-,09,21801,A,N,A,C,A,A,H,-,A,D,0,NA,NA,NA,NA,Y,NA,A,01,0,1,1,0,0,0,0,0,0,-,-,NA,NA,LOS ANGELES,LOS ANGELES,-118.27394004,33.98332005
7010638,2015,2015-09-19,1942,2015-07-10,1150,38330,1343,5,5,7,1942,0,0,0,M,0,13A27,AVALON,41ST ST,0,NA,-,A,-,N,NA,NA,NA,NA,NA,NA,NA,NA,NA,Y,4,0,1,2,A,-,12,21453,A,N,D,C,A,A,H,-,A,A,0,NA,NA,NA,NA,Y,NA,-,NA,0,0,1,0,0,0,0,0,0,-,-,NA,NA,LOS ANGELES,LOS ANGELES,-118.26527008,34.00918001
7010654,2015,2015-09-01,1942,2015-07-24,1150,40476,0374,5,5,7,1942,0,0,0,C,0,18T23,ARLINGTON AV,39TH ST,550,S,N,A,-,N,NA,NA,NA,NA,NA,NA,NA,NA,NA,N,2,0,1,2,A,-,07,21658,A,F,B,C,A,A,H,-,A,A,0,NA,NA,Y,NA,Y,NA,-,99,1,0,0,0,0,0,0,0,1,-,-,NA,NA,LOS ANGELES,LOS ANGELES,-118.318251,34.013095
7010655,2015,2015-09-01,1942,2015-07-23,1815,40440,0361,4,5,7,1942,0,0,0,C,0,3T57,LA BREA AV,RODEO RD,0,S,N,A,-,N,NA,NA,NA,NA,NA,NA,NA,NA,NA,N,2,0,1,2,A,-,11,21955,NA,N,G,B,D,A,H,-,A,D,0,Y,NA,NA,NA,Y,Y,N,60,1,0,0,0,1,0,0,0,0,-,-,NA,NA,LOS ANGELES,LOS ANGELES,-118.35561006,34.02153003
7010656,2015,2015-09-01,1942,2015-07-24,2200,37618,0507,5,5,7,1942,0,0,0,E,0,3T5,WESTERN AV,223RD ST,28,S,N,A,-,N,NA,NA,NA,NA,NA,NA,NA,NA,NA,N,4,0,1,2,A,-,08,22101,D,F,C,C,A,A,H,-,C,A,0,NA,NA,NA,NA,Y,NA,-,99,0,0,1,0,0,0,0,0,0,-,-,NA,NA,LOS ANGELES,LOS ANGELES,-118.308962,33.824366
7010657,2015,2015-09-01,1942,2015-07-19,0840,40385,0336,7,5,7,1942,0,0,0,C,0,3A1,30TH ST,CIMARRON ST,0,NA,Y,A,-,N,NA,NA,NA,NA,NA,NA,NA,NA,NA,Y,4,0,1,2,A,-,12,22450,NA,N,D,C,A,A,H,-,A,A,0,NA,NA,NA,NA,Y,NA,A,01,0,0,1,0,0,0,0,0,0,-,-,NA,NA,LOS ANGELES,LOS ANGELES,-118.31514011,34.02737003
7010658,2015,2015-09-01,1942,2015-07-16,1400,41253,3A34,4,5,7,1942,0,0,0,NA,0,3A55,JEFFERSON BL,NORTON AV,0,NA,Y,A,-,N,NA,NA,NA,NA,NA,NA,NA,NA,NA,Y,4,0,2,2,A,-,09,21801,A,N,D,C,A,A,H,-,A,D,0,NA,NA,NA,NA,Y,NA,A,01,0,0,2,0,0,0,0,0,0,-,-,NA,NA,LOS ANGELES,LOS ANGELES,-118.33275009,34.02558003