CASE_ID,ACCIDENT_YEAR,PROC_DATE,JURIS,COLLISION_DATE,COLLISION_TIME,OFFICER_ID,REPORTING_DISTRICT,DAY_OF_WEEK,CHP_SHIFT,POPULATION,CNTY_CITY_LOC,SPECIAL_COND,BEAT_TYPE,CHP_BEAT_TYPE,CITY_DIVISION_LAPD,CHP_BEAT_CLASS,BEAT_NUMBER,PRIMARY_RD,SECONDARY_RD,DISTANCE,DIRECTION,INTERSECTION,WEATHER_1,WEATHER_2,STATE_HWY_IND,CALTRANS_COUNTY,CALTRANS_DISTRICT,STATE_ROUTE,ROUTE_SUFFIX,POSTMILE_PREFIX,POSTMILE,LOCATION_TYPE,RAMP_INTERSECTION,SIDE_OF_HWY,TOW_AWAY,COLLISION_SEVERITY,NUMBER_KILLED,NUMBER_INJURED,PARTY_COUNT,PRIMARY_COLL_FACTOR,PCF_CODE_OF_VIOL,PCF_VIOL_CATEGORY,PCF_VIOLATION,PCF_VIOL_SUBSECTION,HIT_AND_RUN,TYPE_OF_COLLISION,MVIW,PED_ACTION,ROAD_SURFACE,ROAD_COND_1,ROAD_COND_2,LIGHTING,CONTROL_DEVICE,CHP_ROAD_TYPE,PEDESTRIAN_ACCIDENT,BICYCLE_ACCIDENT,MOTORCYCLE_ACCIDENT,TRUCK_ACCIDENT,NOT_PRIVATE_PROPERTY,ALCOHOL_INVOLVED,STWD_VEHTYPE_AT_FAULT,CHP_VEHTYPE_AT_FAULT,COUNT_SEVERE_INJ,COUNT_VISIBLE_INJ,COUNT_COMPLAINT_PAIN,COUNT_PED_KILLED,COUNT_PED_INJURED,COUNT_BICYCLIST_KILLED,COUNT_BICYCLIST_INJURED,COUNT_MC_KILLED,COUNT_MC_INJURED,PRIMARY_RAMP,SECONDARY_RAMP,LATITUDE,LONGITUDE,COUNTY,CITY,POINT_X,POINT_Y
7010891,2015,2015-08-07,1942,2015-06-24,1700,33311,0451,3,5,7,1942,0,0,0,D,0,4A72,CESAR CHAVEZ AV,MISSION RD,50,W,N,A,-,N,NA,NA,NA,NA,NA,NA,NA,NA,NA,N,4,0,1,2,A,-,03,22350,NA,F,C,C,A,A,H,-,A,A,0,NA,NA,NA,NA,Y,NA,-,NA,0,0,1,0,0,0,0,0,0,-,-,NA,NA,LOS ANGELES,LOS ANGELES,-118.225921,34.054408
7010892,2015,2015-08-07,1942,2015-06-27,1040,36238,0438,6,5,7,1942,0,0,0,D,0,4TL43,VALLEY BL,BULLARD AV,100,E,N,A,-,N,NA,NA,NA,NA,NA,NA,NA,NA,NA,NA,4,0,1,2,A,-,09,21804,A,N,D,C,A,A,H,-,A,D,0,NA,NA,NA,NA,Y,NA,A,01,0,0,1,0,0,0,0,0,0,-,-,NA,NA,LOS ANGELES,LOS ANGELES,-118.16685092,34.07457636
7010893,2015,2015-08-07,1942,2015-06-25,0745,36238,0478,4,5,7,1942,0,0,0,D,0,4TL45,LORENA ST,WHITTIER BL,45,N,N,A,-,N,NA,NA,NA,NA,NA,NA,NA,NA,NA,N,4,0,1,2,A,-,03,22350,NA,N,C,C,A,A,H,-,A,D,0,NA,NA,NA,NA,Y,NA,A,07,0,0,1,0,0,0,0,0,0,-,-,NA,NA,LOS ANGELES,LOS ANGELES,-118.20091738,34.02789758
7010894,2015,2015-08-07,1942,2015-06-17,1940,33902,0471,3,5,7,1942,0,0,0,D,0,4A9,CLARENCE ST,6TH ST,50,N,N,A,-,N,NA,NA,NA,NA,NA,NA,NA,NA,NA,N,3,0,1,2,C,-,18,NA,NA,N,B,G,A,A,H,-,B,D,0,NA,Y,NA,NA,Y,NA,-,-,0,1,0,0,0,0,1,0,0,-,-,NA,NA,LOS ANGELES,LOS ANGELES,-118.22313562,34.03920577
7010895,2015,2015-08-07,1942,2015-06-15,1710,33311,0427,1,5,7,1942,0,0,0,D,0,4A58,HUNTINGTON DR SOUTH,TOURMALINE LN,75,E,N,A,-,N,NA,NA,NA,NA,NA,NA,NA,NA,NA,Y,4,0,2,2,A,-,03,22350,NA,N,B,C,A,A,H,-,A,A,0,NA,NA,NA,NA,Y,NA,-,NA,0,0,2,0,0,0,0,0,0,-,-,NA,NA,LOS ANGELES,LOS ANGELES,-118.1923732,34.07943899
7010896,2015,2015-08-07,1942,2015-06-05,0800,36238,0491,5,5,7,1942,0,0,0,D,0,4TL45,SOTO ST,SHORT ST,0,NA,Y,B,-,N,NA,NA,NA,NA,NA,NA,NA,NA,NA,NA,4,0,1,2,A,-,09,21801,A,N,D,C,A,A,H,-,A,D,0,NA,NA,NA,NA,Y,NA,A,01,0,0,1,0,0,0,0,0,0,-,-,NA,NA,LOS ANGELES,LOS ANGELES,-118.21966012,34.02628003
7010897,2015,2015-08-07,1942,2015-06-09,1145,39062,1132,2,5,7,1942,0,0,0,K,0,2TL15,LOS FELIZ BL,ARBOLADA RD,25,E,N,B,-,N,NA,NA,NA,NA,NA,NA,NA,NA,NA,N,4,0,1,3,A,-,03,22350,NA,N,C,C,A,A,H,-,A,D,0,NA,NA,NA,NA,Y,NA,A,01,0,0,1,0,0,0,0,0,0,-,-,NA,NA,LOS ANGELES,LOS ANGELES,-118.27479766,34.11499288
7010898,2015,2015-08-07,1942,2015-06-05,1845,24781,1162,5,5,7,1942,0,0,0,K,0,11X38,SUNSET BL,LYMAN PL,120,W,N,A,-,N,NA,NA,NA,NA,NA,NA,NA,NA,NA,Y,4,0,3,3,A,-,04,21703,NA,N,C,C,A,A,H,-,A,D,0,NA,NA,NA,NA,Y,NA,-,NA,0,0,3,0,0,0,0,0,0,-,-,NA,NA,LOS ANGELES,LOS ANGELES,-118.2888956,34.09816
7010899,2015,2015-09-16,1942,2015-06-05,1305,24781,1126,5,5,7,1942,0,0,0,K,0,11X38,AVE 54,YORK BL,9,N,N,A,-,N,NA,NA,NA,NA,NA,NA,NA,NA,NA,N,4,0,1,2,A,-,09,21801,A,N,G,B,B,A,H,-,A,A,0,Y,NA,NA,NA,Y,NA,-,-,0,0,1,0,1,0,0,0,0,-,-,NA,NA,LOS ANGELES,LOS ANGELES,-118.19919082,34.12002467
7010900,2015,2015-08-17,1942,2015-06-26,1245,38610,0191,5,5,7,1942,0,0,0,A,0,1245,WASHINGTON BL,LOVELACE AV,2,W,N,A,-,N,NA,NA,NA,NA,NA,NA,NA,NA,NA,N,3,0,1,2,A,-,09,21804,A,F,D,G,A,A,H,-,A,D,0,NA,Y,NA,NA,Y,NA,-,NA,0,1,0,0,0,0,1,0,0,-,-,NA,NA,LOS ANGELES,LOS ANGELES,-118.27343586,34.03501251
7010917,2015,2015-08-07,1941,2015-06-15,1718,5737,NA,1,5,7,1941,0,0,0,NA,0,NA,6TH,LIBERTY CT,0,NA,Y,A,-,N,NA,NA,NA,NA,NA,NA,NA,NA,NA,Y,4,0,1,2,A,-,00,22358,NA,N,B,C,A,A,H,-,A,D,0,NA,NA,Y,NA,Y,NA,C,NA,0,0,1,0,0,0,0,0,1,-,-,NA,NA,LOS ANGELES,LONG BEACH,-118.18570005,33.77415007
7010918,2015,2016-11-05,1941,2015-06-30,1135,5755,561,2,5,7,1941,0,0,0,NA,0,014,LOS ALAMITOS TRAFFIC CIR,PACIFIC COAST HWY,0,NA,Y,A,-,Y,LA,7,1,-,-,3.479,I,5,N,Y,4,0,1,2,A,-,03,22350,NA,N,C,C,A,A,H,-,A,A,0,NA,NA,Y,NA,Y,NA,A,01,0,0,1,0,0,0,0,0,1,-,-,NA,NA,LOS ANGELES,LONG BEACH,-118.14181691,33.78973508
7010921,2015,2015-08-10,1900,2015-06-13,2130,551821,1320,6,5,5,1935,0,0,0,NA,0,132T2,DOWNEY AV,SOUTH ST,0,NA,Y,A,-,N,NA,NA,NA,NA,NA,NA,NA,NA,NA,N,4,0,2,2,A,-,09,21801,A,N,A,C,A,A,H,-,C,A,0,NA,NA,NA,NA,Y,NA,A,NA,0,0,2,0,0,0,0,0,0,-,-,NA,NA,LOS ANGELES,LAKEWOOD,-118.1511801,33.86022001
7010922,2015,2015-08-10,1900,2015-06-04,1252,525096,1369,4,5,5,1952,0,0,0,NA,0,136E,ALONDRA BL,DOWNEY AV,100,E,N,A,-,N,NA,NA,NA,NA,NA,NA,NA,NA,NA,Y,4,0,2,2,A,-,09,21804,A,N,A,C,A,-,H,-,A,D,0,NA,NA,NA,NA,Y,NA,A,NA,0,0,2,0,0,0,0,0,0,-,-,NA,NA,LOS ANGELES,PARAMOUNT,-118.15113119,33.88929
7010923,2015,2015-08-10,1900,2015-06-09,1800,476816,1321,2,5,5,1935,0,0,0,NA,0,132T1,DEL AMO BL,AUTRY AV,69,E,N,B,-,N,NA,NA,NA,NA,NA,NA,NA,NA,NA,Y,4,0,1,2,A,-,03,22350,NA,N,C,C,A,A,H,-,A,A,0,NA,NA,NA,NA,Y,NA,A,NA,0,0,1,0,0,0,0,0,0,-,-,NA,NA,LOS ANGELES,LAKEWOOD,-118.12723,33.84723
7010937,2015,2016-06-02,1942,2015-06-14,1750,37644,1333,7,5,7,1942,0,0,0,M,0,4A66,SAN PEDRO,27TH ST,0,NA,Y,A,-,N,NA,NA,NA,NA,NA,NA,NA,NA,NA,N,4,0,2,2,A,-,08,22107,NA,N,A,C,A,A,-,-,A,D,0,NA,NA,NA,NA,Y,NA,-,NA,0,0,2,0,0,0,0,0,0,-,-,NA,NA,LOS ANGELES,LOS ANGELES,-118.26190006,34.02062012
7010938,2015,2015-08-07,1942,2015-06-14,1825,35895,1345,7,5,7,1942,0,0,0,M,0,13X94,HOOPER AV,41ST PL,0,NA,Y,A,-,N,NA,NA,NA,NA,NA,NA,NA,NA,NA,N,4,0,1,2,A,-,03,22350,NA,M,D,C,A,A,H,-,A,A,0,NA,NA,NA,NA,Y,NA,-,NA,0,0,1,0,0,0,0,0,0,-,-,NA,NA,LOS ANGELES,LOS ANGELES,-118.25215009,34.00838011
7010939,2015,2015-08-07,1942,2015-06-16,1945,39889,1323,2,5,7,1942,0,0,0,M,0,2T15,INGRAHAM ST,WITMER ST,8,E,N,A,-,N,NA,NA,NA,NA,NA,NA,NA,NA,NA,N,3,0,1,2,A,-,10,21950,A,N,G,B,B,A,H,-,A,A,0,Y,NA,NA,NA,Y,NA,A,01,0,1,0,0,1,0,0,0,0,-,-,NA,NA,LOS ANGELES,LOS ANGELES,-118.26714666,34.0530498
7010940,2015,2015-08-10,1942,2015-06-20,0135,40008,NA,6,5,7,1942,0,0,0,NA,0,13T55,SUNSET,EVERETT,0,NA,Y,A,-,N,NA,NA,NA,NA,NA,NA,NA,NA,NA,NA,3,0,1,2,A,-,10,21950,A,N,D,B,B,A,H,-,C,D,0,Y,NA,NA,NA,Y,Y,A,01,0,1,0,0,1,0,0,0,0,-,-,NA,NA,LOS ANGELES,LOS ANGELES,-118.24983008,34.06709006
7010941,2015,2015-08-07,1942,2015-06-09,2130,37021,0281,2,5,7,1942,0,0,0,B,0,2A76,ALVARADO,11TH ST,50,S,N,A,-,N,NA,NA,NA,NA,NA,NA,NA,NA,NA,N,3,0,1,2,A,-,09,21804,A,N,B,G,A,A,H,-,C,D,0,NA,Y,NA,NA,Y,NA,L,04,0,1,0,0,0,0,1,0,0,-,-,NA,NA,LOS ANGELES,LOS ANGELES,-118.28086546,34.05015811
7010942,2015,2015-08-17,1942,2015-06-26,2120,39940,0265,5,5,7,1942,0,0,0,B,0,1A1,ALVARADO ST,7TH ST,0,NA,Y,A,-,N,NA,NA,NA,NA,NA,NA,NA,NA,NA,N,4,0,1,2,A,-,04,21703,NA,N,C,C,A,A,H,-,C,A,0,NA,NA,NA,NA,Y,NA,A,01,0,0,1,0,0,0,0,0,0,-,-,NA,NA,LOS ANGELES,LOS ANGELES,-118.27681,34.05648
7010943,2015,2015-08-10,1942,2015-06-10,1000,40726,0246,3,5,7,1942,0,0,0,B,0,2TL15,WILSHIRE BL,ALVARADO ST,0,NA,Y,A,-,N,NA,NA,NA,NA,NA,NA,NA,NA,NA,N,4,0,5,2,A,-,09,21801,A,N,D,C,A,A,H,-,A,A,0,NA,NA,NA,NA,Y,NA,A,01,0,0,5,0,0,0,0,0,0,-,-,NA,NA,LOS ANGELES,LOS ANGELES,-118.27587005,34.05794002
7010944,2015,2015-08-19,1942,2015-06-23,2230,38847,0212,2,5,7,1942,0,0,0,B,0,2A5,VIRGIL,MIDDLEBURY,0,NA,Y,A,-,N,NA,NA,NA,NA,NA,NA,NA,NA,NA,N,3,0,1,2,A,-,00,21760,NA,N,A,G,A,A,H,-,C,A,0,NA,Y,NA,NA,Y,NA,A,01,0,1,0,0,0,0,1,0,0,-,-,NA,NA,LOS ANGELES,LOS ANGELES,-118.28681003,34.07984001
7010945,2015,2015-08-10,1942,2015-06-22,1800,36698,1115,1,5,7,1942,0,0,0,K,0,11TL32,RIDGEVIEW AV,EAGLE ROCK BL,0,NA,Y,A,-,N,NA,NA,NA,NA,NA,NA,NA,NA,NA,N,3,0,1,2,A,-,09,21802,A,N,D,C,A,A,H,-,A,A,0,NA,NA,NA,NA,Y,NA,A,01,0,1,0,0,0,0,0,0,0,-,-,NA,NA,LOS ANGELES,LOS ANGELES,-118.21657005,34.13099001
7010946,2015,2015-08-07,1942,2015-06-12,2135,30083,1151,5,5,7,1942,0,0,0,K,0,11T21,FOUNTAIN AV,MARIPOSA AV,0,NA,Y,A,-,N,NA,NA,NA,NA,NA,NA,NA,NA,NA,N,4,0,1,2,A,-,12,22450,A,F,D,G,A,A,H,-,C,D,0,NA,Y,Y,NA,Y,NA,L,04,0,0,1,0,0,0,0,0,1,-,-,NA,NA,LOS ANGELES,LOS ANGELES,-118.29944004,34.09525011
7010947,2015,2015-08-14,1942,2015-06-17,1730,40873,1172,3,5,7,1942,0,0,0,K,0,11A86,SILVER LAKE BL,SCOTT PL,528,S,N,A,-,N,NA,NA,NA,NA,NA,NA,NA,NA,NA,N,3,0,1,2,A,-,17,21209,A,N,B,C,A,A,H,-,A,D,0,NA,NA,NA,NA,Y,NA,-,NA,0,1,0,0,0,0,0,0,0,-,-,NA,NA,LOS ANGELES,LOS ANGELES,-118.27143112,34.08443332
7010948,2015,2015-08-10,1942,2015-06-17,1630,33278,1128,3,5,7,1942,0,0,0,K,0,11A71,REPTON ST,AVE 64,0,NA,Y,A,-,N,NA,NA,NA,NA,NA,NA,NA,NA,NA,N,4,0,1,2,A,-,05,21650,1,N,D,G,A,A,H,-,A,A,0,NA,Y,NA,NA,Y,NA,L,04,0,0,1,0,0,0,1,0,0,-,-,NA,NA,LOS ANGELES,LOS ANGELES,-118.17888012,34.1188801
7010949,2015,2015-08-10,1942,2015-06-22,2130,30083,1127,1,5,7,1942,0,0,0,K,0,11T21,NORTH FIGUEROA ST,MERIDIAN ST,0,NA,Y,A,-,N,NA,NA,NA,NA,NA,NA,NA,NA,NA,Y,4,0,1,2,A,-,09,21801,A,N,D,C,A,A,H,-,C,D,0,NA,NA,Y,NA,Y,NA,A,01,0,0,1,0,0,0,0,0,1,-,-,NA,NA,LOS ANGELES,LOS ANGELES,-118.18372004,34.12015008
7010950,2015,2015-08-10,1942,2015-06-22,1400,36698,1115,1,5,7,1942,0,0,0,K,0,11TL32,TOWNSEND AV,COLORADO BL,120,S,N,A,-,N,NA,NA,NA,NA,NA,NA,NA,NA,NA,N,4,0,1,2,A,-,17,22517,NA,N,H,C,A,A,H,-,A,D,0,NA,NA,NA,NA,Y,NA,A,01,0,0,1,0,0,0,0,0,0,-,-,NA,NA,LOS ANGELES,LOS ANGELES,-118.2015,34.13915093
7010951,2015,2015-08-10,1942,2015-06-18,2140,35444,1136,4,5,7,1942,0,0,0,K,0,11A17,AVE 40,TOLAND WY,0,NA,Y,A,-,N,NA,NA,NA,NA,NA,NA,NA,NA,NA,N,4,0,1,2,A,-,03,22350,NA,F,G,B,-,A,H,-,C,-,0,Y,NA,NA,NA,Y,NA,-,99,0,0,1,0,1,0,0,0,0,-,-,NA,NA,LOS ANGELES,LOS ANGELES,-118.22788001,34.11925005
7010952,2015,2015-08-10,1942,2015-06-16,1105,38273,1101,2,5,7,1942,0,0,0,K,0,19TL75,FOREST LAWN DR,ZOO DR,0,NA,Y,A,-,N,NA,NA,NA,NA,NA,NA,NA,NA,NA,Y,4,0,2,2,A,-,09,21801,A,N,A,C,A,A,H,-,A,A,0,NA,NA,NA,NA,Y,NA,A,01,0,0,2,0,0,0,0,0,0,-,-,NA,NA,LOS ANGELES,LOS ANGELES,-118.31187002,34.15317001
7010953,2015,2015-08-10,1942,2015-06-03,1900,38124,1141,3,5,7,1942,0,0,0,K,0,13T55,N VERMONT,ABERDEEN AV,110,S,N,A,-,N,NA,NA,NA,NA,NA,NA,NA,NA,NA,N,3,0,1,2,A,-,08,22107,NA,N,D,G,A,A,H,-,C,D,0,NA,Y,NA,NA,Y,NA,A,01,0,1,0,0,0,0,1,0,0,-,-,NA,NA,LOS ANGELES,LOS ANGELES,-118.29093007,34.11657836
7010954,2015,2015-08-10,1942,2015-06-24,1140,40726,NA,3,5,7,1942,0,0,0,NA,0,11TL21,PROSPECT AV,VERMONT AV,8,E,N,A,-,N,NA,NA,NA,NA,NA,NA,NA,NA,NA,N,4,0,1,2,A,-,10,21950,A,N,G,B,B,A,H,-,A,A,0,Y,NA,NA,NA,Y,NA,A,01,0,0,1,0,1,0,0,0,0,-,-,NA,NA,LOS ANGELES,LOS ANGELES,-118.29174363,34.10177
7010955,2015,2015-08-10,1942,2015-06-24,1750,39028,1177,3,5,7,1942,0,0,0,K,0,11A48,AVE 26,JEFFRIES AV,0,NA,Y,A,-,N,NA,NA,NA,NA,NA,NA,NA,NA,NA,Y,4,0,1,2,A,-,09,21801,A,N,D,C,A,A,H,-,A,A,0,NA,NA,NA,NA,Y,NA,A,01,0,0,1,0,0,0,0,0,0,-,-,NA,NA,LOS ANGELES,LOS ANGELES,-118.22406011,34.08529011
7010956,2015,2015-08-19,1942,2015-06-28,1445,34426,1184,7,5,7,1942,0,0,0,K,0,2TL28,ECHO PARK AV,DUANE ST,0,NA,Y,A,-,N,NA,NA,NA,NA,NA,NA,NA,NA,NA,N,3,0,2,2,A,-,08,22107,NA,N,D,C,A,A,H,-,A,D,0,NA,NA,NA,NA,Y,NA,-,-,0,1,1,0,0,0,0,0,0,-,-,NA,NA,LOS ANGELES,LOS ANGELES,-118.25088004,34.08692006
7010957,2015,2015-08-10,1942,2015-06-21,1310,38399,1141,7,5,7,1942,0,0,0,K,0,2TL15,HOLLYWOOD BL,EDGEMONT AV,28,W,N,A,-,N,NA,NA,NA,NA,NA,NA,NA,NA,NA,Y,3,0,2,2,A,-,12,21453,A,N,D,C,A,A,H,-,A,A,0,NA,NA,NA,NA,Y,NA,A,01,0,1,1,0,0,0,0,0,0,-,-,NA,NA,LOS ANGELES,LOS ANGELES,-118.2962323,34.10177872
7010958,2015,2016-06-02,1942,2015-06-27,2120,37825,1361,6,5,7,1942,0,0,0,M,0,13A85,51ST ST,MAIN ST,0,NA,Y,-,-,N,NA,NA,NA,NA,NA,NA,NA,NA,NA,Y,4,0,1,2,A,-,01,23152,A,N,C,C,A,C,H,-,-,A,0,NA,NA,NA,NA,Y,NA,-,NA,0,0,1,0,0,0,0,0,0,-,-,NA,NA,LOS ANGELES,LOS ANGELES,-118.27397009,33.99649007
7010959,2015,2015-08-13,1942,2015-06-04,0905,39658,1132,4,5,7,1942,0,0,0,K,0,13TL22,LOS FELIZ BL,WAYNE AV,0,NA,Y,A,-,N,NA,NA,NA,NA,NA,NA,NA,NA,NA,Y,4,0,1,9,A,-,06,21755,NA,N,B,C,A,A,H,-,A,A,0,NA,NA,NA,NA,Y,NA,A,01,0,0,1,0,0,0,0,0,0,-,-,NA,NA,LOS ANGELES,LOS ANGELES,-118.28091012,34.11310005
7010960,2015,2015-08-07,1942,2015-06-30,2100,39586,1353,2,5,7,1942,0,0,0,M,0,13T53,VERNON AV,AVALON BL,65,W,N,A,-,N,NA,NA,NA,NA,NA,NA,NA,NA,NA,N,3,0,1,2,A,-,08,22107,NA,N,B,G,A,A,H,-,C,A,0,NA,Y,NA,NA,Y,Y,L,04,0,1,0,0,0,0,1,0,0,-,-,NA,NA,LOS ANGELES,LOS ANGELES,-118.26548404,34.00387
7010970,2015,2015-08-24,1967,2015-07-22,1725,116,904,3,5,2,1967,0,0,0,NA,0,NORTH,SPRING,CALIFORNIA AV,0,NA,Y,A,-,N,NA,NA,NA,NA,NA,NA,NA,NA,NA,Y,4,0,2,2,D,-,00,NA,NA,N,A,C,A,A,H,-,A,A,0,NA,NA,NA,NA,Y,NA,-,-,0,0,2,0,0,0,0,0,0,-,-,NA,NA,LOS ANGELES,SIGNAL HILL,-118.18069009,33.81167003
7010971,2015,2015-08-24,1967,2015-07-11,2220,40264,944,6,5,2,1967,0,0,0,NA,0,SOUTH,SKYLINE DR,PROMONTORY DR,0,NA,Y,A,-,N,NA,NA,NA,NA,NA,NA,NA,NA,NA,Y,4,0,1,2,A,-,12,22450,A,N,D,C,A,A,H,-,C,A,0,NA,NA,NA,NA,Y,NA,A,01,0,0,1,0,0,0,0,0,0,-,-,NA,NA,LOS ANGELES,SIGNAL HILL,-118.16355005,33.79888002
7010982,2015,2015-08-24,1912,2015-07-20,1957,8334,NA,1,5,6,1912,0,0,0,NA,0,NA,1ST ST,MAGNOLIA BL,30,N,N,A,-,N,NA,NA,NA,NA,NA,NA,NA,NA,NA,N,4,0,1,2,A,-,03,22350,NA,N,C,C,A,A,H,-,C,A,0,NA,NA,NA,NA,Y,NA,A,01,0,0,1,0,0,0,0,0,0,-,-,NA,NA,LOS ANGELES,BURBANK,-118.31307654,34.18193219
7010983,2015,2015-08-20,1912,2015-07-29,2035,10646,NA,3,5,6,1912,0,0,0,NA,0,00J,VICTORY BL,HOLLYWOOD WY,220,W,N,A,-,N,NA,NA,NA,NA,NA,NA,NA,NA,NA,Y,4,0,2,4,A,-,01,23152,A,N,C,C,A,A,H,-,C,D,0,NA,NA,NA,NA,Y,Y,-,NA,0,0,2,0,0,0,0,0,0,-,-,34.1847,-118.3499,LOS ANGELES,BURBANK,-118.34988549,34.18474059
7010984,2015,2015-08-26,1969,2015-07-20,1821,10059,PATRO,1,5,5,1969,0,0,0,NA,0,005,GARFIELD AV,SOUTHERN AV,15,S,N,A,-,N,NA,NA,NA,NA,NA,NA,NA,NA,NA,N,4,0,1,2,A,-,03,22350,NA,N,C,C,A,A,H,-,A,A,0,NA,NA,NA,NA,Y,NA,A,07,0,0,1,0,0,0,0,0,0,-,-,NA,NA,LOS ANGELES,SOUTH GATE,-118.1662828,33.94446352
7010985,2015,2015-08-27,1969,2015-07-06,1431,10202,PATRO,1,5,5,1969,0,0,0,NA,0,004,MICHIGAN AV,HILDRETH AV,0,NA,Y,A,-,N,NA,NA,NA,NA,NA,NA,NA,NA,NA,Y,4,0,2,3,A,-,09,21802,A,N,D,C,A,A,H,-,A,-,0,NA,NA,NA,NA,Y,NA,A,07,0,0,2,0,0,0,0,0,0,-,-,NA,NA,LOS ANGELES,SOUTH GATE,-118.18909004,33.93971001
7010986,2015,2015-08-24,1969,2015-07-11,2303,10100,PATRO,6,5,5,1969,0,0,0,NA,0,002,SANTA ANA ST,CHESTNUT AV,40,W,N,A,-,N,NA,NA,NA,NA,NA,NA,NA,NA,NA,Y,3,0,2,2,A,-,05,21650,NA,F,A,C,A,A,H,-,C,D,0,NA,NA,NA,NA,Y,NA,A,07,0,1,1,0,0,0,0,0,0,-,-,NA,NA,LOS ANGELES,SOUTH GATE,-118.21798041,33.96421505
7010987,2015,2015-08-20,1969,2015-07-14,1555,10097,PATRO,2,5,5,1969,0,0,0,NA,0,0A3,TWEEDY BL,SAN GABRIEL AV,0,NA,Y,A,-,N,NA,NA,NA,NA,NA,NA,NA,NA,NA,N,4,0,2,2,A,-,09,21801,A,N,D,C,A,A,H,-,A,D,0,NA,NA,NA,NA,Y,NA,A,01,0,0,2,0,0,0,0,0,0,-,-,NA,NA,LOS ANGELES,SOUTH GATE,-118.20432001,33.94407009
7010988,2015,2015-08-20,1969,2015-07-14,1421,10171,TRAFF,2,5,5,1969,0,0,0,NA,0,005,FIRESTONE BL,GARFIELD AV,105,E,N,A,-,N,NA,NA,NA,NA,NA,NA,NA,NA,NA,N,4,0,1,2,A,-,03,22350,NA,N,C,C,A,A,H,-,A,A,0,NA,NA,NA,NA,Y,NA,A,01,0,0,1,0,0,0,0,0,0,-,-,NA,NA,LOS ANGELES,SOUTH GATE,-118.16490893,33.94904434
7010989,2015,2015-08-20,1969,2015-07-12,2009,10141,PATRO,7,5,5,1969,0,0,0,NA,0,002,SOUTHERN AV,MADISON AV,15,E,N,A,-,N,NA,NA,NA,NA,NA,NA,NA,NA,NA,N,3,0,1,2,A,-,10,21950,A,F,G,B,B,A,H,-,C,D,0,Y,NA,NA,NA,Y,NA,A,01,0,1,0,0,1,0,0,0,0,-,-,NA,NA,LOS ANGELES,SOUTH GATE,-118.21383111,33.95187434
7010990,2015,2017-01-14,1969,2015-07-11,1900,10195,PATRO,6,5,5,1969,0,0,0,NA,0,005,FIRESTONE BL,RT 710,0,NA,Y,A,-,Y,LA,7,710,-,-,18.313,R,4,S,N,4,0,2,2,A,-,03,22350,NA,N,C,C,A,A,H,-,B,A,0,NA,NA,NA,NA,Y,Y,A,01,0,0,2,0,0,0,0,0,0,-,SO,NA,NA,LOS ANGELES,SOUTH GATE,-118.17047209,33.94790608
7010991,2015,2015-08-20,1956,2015-07-28,1629,1215,09,2,5,5,1956,0,0,0,NA,0,001,SOUTH CATALINA AV,TOPAZ ST,39,N,N,A,-,N,NA,NA,NA,NA,NA,NA,NA,NA,NA,Y,4,0,3,2,A,-,01,23152,A,N,C,C,A,A,H,-,A,D,0,NA,NA,NA,NA,Y,Y,A,08,0,0,3,0,0,0,0,0,0,-,-,NA,NA,LOS ANGELES,REDONDO BEACH,-118.38867165,33.83156432
7010992,2015,2015-08-20,1956,2015-07-26,0303,1260,69,7,5,5,1956,0,0,0,NA,0,002,TORRANCE BL,CATALINA AV,300,W,N,A,-,N,NA,NA,NA,NA,NA,NA,NA,NA,NA,Y,4,0,2,1,A,-,01,23152,A,N,E,I,A,A,H,-,C,D,0,NA,NA,NA,NA,Y,Y,A,01,0,0,2,0,0,0,0,0,0,-,-,NA,NA,LOS ANGELES,REDONDO BEACH,-118.38798,33.83829
7010993,2015,2017-01-13,1956,2015-07-26,1652,1308,668,7,5,5,1956,0,0,0,NA,0,005,RT 107,182ND ST,60,N,N,A,-,Y,LA,7,107,-,-,4.193,I,5,N,Y,4,0,1,2,A,-,09,21801,A,N,B,C,A,A,H,-,A,A,0,NA,NA,NA,NA,Y,NA,A,01,0,0,1,0,0,0,0,0,0,-,-,NA,NA,LOS ANGELES,REDONDO BEACH,-118.35247319,33.86556811
7011007,2015,2015-08-11,1900,2015-07-09,1100,520027,2840,4,5,5,1915,0,0,0,NA,0,282T1,ALONDRA BL,TAMARIND AV,40,W,N,A,-,N,NA,NA,NA,NA,NA,NA,NA,NA,NA,Y,4,0,3,3,A,-,03,22350,NA,N,C,C,A,A,H,-,A,D,0,NA,NA,NA,NA,Y,NA,A,08,0,0,3,0,0,0,0,0,0,-,-,NA,NA,LOS ANGELES,COMPTON,-118.22164153,33.8886
7011008,2015,2015-08-11,1900,2015-07-19,1030,516691,2835,7,5,5,1915,0,0,0,NA,0,282T1,COMPTON BL,ARANBE AV,394,W,N,A,-,N,NA,NA,NA,NA,NA,NA,NA,NA,NA,N,4,0,3,2,A,-,09,21804,A,N,D,C,A,A,H,-,A,D,0,NA,NA,NA,NA,Y,NA,A,01,0,0,3,0,0,0,0,0,0,-,-,NA,NA,LOS ANGELES,COMPTON,-118.23314573,33.89591
7011009,2015,2015-08-11,1900,2015-07-16,1230,520027,2826,4,5,5,1915,0,0,0,NA,0,282T1,LONG BEACH BL,PATTIE CT,58,N,N,A,-,N,NA,NA,NA,NA,NA,NA,NA,NA,NA,Y,4,0,2,2,A,-,08,22107,NA,N,C,C,A,A,H,-,A,D,0,NA,NA,NA,NA,Y,NA,A,01,0,0,2,0,0,0,0,0,0,-,-,NA,NA,LOS ANGELES,COMPTON,-118.20836873,33.90204889