CASE_ID,ACCIDENT_YEAR,PROC_DATE,JURIS,COLLISION_DATE,COLLISION_TIME,OFFICER_ID,REPORTING_DISTRICT,DAY_OF_WEEK,CHP_SHIFT,POPULATION,CNTY_CITY_LOC,SPECIAL_COND,BEAT_TYPE,CHP_BEAT_TYPE,CITY_DIVISION_LAPD,CHP_BEAT_CLASS,BEAT_NUMBER,PRIMARY_RD,SECONDARY_RD,DISTANCE,DIRECTION,INTERSECTION,WEATHER_1,WEATHER_2,STATE_HWY_IND,CALTRANS_COUNTY,CALTRANS_DISTRICT,STATE_ROUTE,ROUTE_SUFFIX,POSTMILE_PREFIX,POSTMILE,LOCATION_TYPE,RAMP_INTERSECTION,SIDE_OF_HWY,TOW_AWAY,COLLISION_SEVERITY,NUMBER_KILLED,NUMBER_INJURED,PARTY_COUNT,PRIMARY_COLL_FACTOR,PCF_CODE_OF_VIOL,PCF_VIOL_CATEGORY,PCF_VIOLATION,PCF_VIOL_SUBSECTION,HIT_AND_RUN,TYPE_OF_COLLISION,MVIW,PED_ACTION,ROAD_SURFACE,ROAD_COND_1,ROAD_COND_2,LIGHTING,CONTROL_DEVICE,CHP_ROAD_TYPE,PEDESTRIAN_ACCIDENT,BICYCLE_ACCIDENT,MOTORCYCLE_ACCIDENT,TRUCK_ACCIDENT,NOT_PRIVATE_PROPERTY,ALCOHOL_INVOLVED,STWD_VEHTYPE_AT_FAULT,CHP_VEHTYPE_AT_FAULT,COUNT_SEVERE_INJ,COUNT_VISIBLE_INJ,COUNT_COMPLAINT_PAIN,COUNT_PED_KILLED,COUNT_PED_INJURED,COUNT_BICYCLIST_KILLED,COUNT_BICYCLIST_INJURED,COUNT_MC_KILLED,COUNT_MC_INJURED,PRIMARY_RAMP,SECONDARY_RAMP,LATITUDE,LONGITUDE,COUNTY,CITY,POINT_X,POINT_Y
7011062,2015,2015-08-04,9545,2015-06-29,1342,19872,NA,1,1,9,1900,0,3,5,NA,2,003,SIERRA HWY,SOLEDAD CANYON RD,10,S,N,B,-,N,NA,NA,NA,NA,NA,NA,NA,NA,NA,Y,4,0,2,2,A,-,09,21801,A,N,D,C,A,A,H,-,A,D,0,NA,NA,NA,NA,Y,NA,J,43,0,0,2,0,0,0,0,0,0,-,-,34.4881,-118.13693,LOS ANGELES,UNINCORPORATED,-118.45603157,34.4163543
7011070,2015,2015-08-04,1925,2015-06-23,0859,18890,191,2,5,6,1925,0,0,0,NA,0,001,GLENOAKS BL,RAYMOND ST,100,E,N,A,-,N,NA,NA,NA,NA,NA,NA,NA,NA,NA,N,4,0,1,2,A,-,08,22103,NA,N,C,E,A,A,H,-,A,D,0,NA,NA,NA,NA,Y,NA,J,NA,0,0,1,0,0,0,0,0,0,-,-,NA,NA,LOS ANGELES,GLENDALE,-118.29045093,34.17157012
7011071,2015,2017-01-26,9535,2015-07-31,1155,18527,NA,5,1,5,1915,0,1,1,NA,2,074,RT 710,ALONDA BL,975,S,N,A,-,Y,LA,7,710,-,-,13.78,H,-,N,Y,4,0,1,2,A,-,07,21658,A,N,B,C,A,A,H,-,A,D,1,NA,NA,NA,Y,Y,NA,A,01,0,0,1,0,0,0,0,0,0,-,-,33.88646,-118.18967,LOS ANGELES,COMPTON,-118.18962431,33.88677663
7011075,2015,2017-01-14,9535,2015-07-14,1400,14473,NA,2,2,9,1900,0,1,1,NA,2,651,RT 605,VALLEY BL,1500,S,N,A,-,Y,LA,7,605,-,R,19.11,H,-,S,Y,4,0,1,6,A,-,04,21703,NA,N,C,C,A,A,H,-,A,D,1,NA,NA,NA,NA,Y,NA,A,01,0,0,1,0,0,0,0,0,0,-,-,34.05007,-118.00668,LOS ANGELES,UNINCORPORATED,-118.00669051,34.05026758
7011076,2015,2017-01-25,9535,2015-07-12,1900,20851,NA,7,2,6,1922,0,1,1,NA,2,401,RT 10,SANTA ANITA AV,1000,W,N,A,-,Y,LA,7,10,-,-,28.54,H,-,W,Y,4,0,2,3,A,-,04,21703,NA,N,C,C,A,A,H,-,A,D,0,NA,NA,NA,NA,Y,NA,I,10,0,0,2,0,0,0,0,0,0,-,-,34.06924,-118.04457,LOS ANGELES,EL MONTE,-118.04459147,34.06934273
7011080,2015,2015-09-18,9530,2015-08-05,1230,18200,NA,3,1,9,1900,0,3,5,NA,2,004,DEL AMO BL,REEVES AV,100,W,N,A,-,N,NA,NA,NA,NA,NA,NA,NA,NA,NA,N,4,0,1,3,A,-,03,22350,NA,N,C,C,A,A,H,-,A,D,0,NA,NA,NA,Y,Y,NA,A,01,0,0,1,0,0,0,0,0,0,-,-,33.04678,-118.22794,LOS ANGELES,UNINCORPORATED,-118.22765867,33.84675
7011082,2015,2015-08-04,1942,2015-07-10,1320,39761,1341,5,5,7,1942,0,0,0,M,0,11TL21,JEFFERSON BL,MAIN ST,20,W,N,A,-,N,NA,NA,NA,NA,NA,NA,NA,NA,NA,N,4,0,1,2,A,-,04,21703,NA,N,C,C,A,A,H,-,A,A,0,NA,NA,NA,NA,Y,NA,J,48,0,0,1,0,0,0,0,0,0,-,-,NA,NA,LOS ANGELES,LOS ANGELES,-118.27262,34.01864
7011086,2015,2015-08-04,1942,2015-07-12,0120,38380,0777,7,5,7,1942,0,0,0,G,0,6T7,VENICE BL,CRENSHAW BL,0,NA,Y,A,-,N,NA,NA,NA,NA,NA,NA,NA,NA,NA,N,4,0,1,2,A,-,04,21703,NA,N,C,C,A,A,H,-,C,A,0,NA,NA,NA,NA,Y,NA,J,48,0,0,1,0,0,0,0,0,0,-,-,NA,NA,LOS ANGELES,LOS ANGELES,-118.32841012,34.04470006
7011090,2015,2015-08-04,1942,2015-07-14,1425,31255,2021,2,5,7,1942,0,0,0,NA,0,7TL38,WILSHIRE BL,WESTERN AV,98,W,N,A,-,N,NA,NA,NA,NA,NA,NA,NA,NA,NA,Y,4,0,1,3,C,-,18,NA,NA,N,B,E,A,A,H,-,A,D,0,NA,NA,NA,NA,Y,NA,-,-,0,0,1,0,0,0,0,0,0,-,-,NA,NA,LOS ANGELES,LOS ANGELES,-118.30940288,34.06168538
7011100,2015,2017-01-14,9530,2015-08-13,0700,19338,NA,4,1,7,1941,0,1,3,NA,2,320,RT 710,RT 91,150,N,N,A,-,Y,LA,7,710,-,-,13.185,R,2,N,Y,4,0,1,1,A,-,03,22350,NA,N,F,I,A,A,H,-,A,D,1,NA,NA,NA,Y,Y,NA,G,25,0,0,1,0,0,0,0,0,0,-,-,33.87703,-118.19122,LOS ANGELES,LONG BEACH,-118.19229247,33.8785575
7011102,2015,2015-08-06,1900,2015-07-19,2035,532040,1137,7,5,6,1992,0,0,0,NA,0,111T1,AVENUE K,25TH ST E,489,W,N,C,-,N,NA,NA,NA,NA,NA,NA,NA,NA,NA,N,4,0,1,2,A,-,08,22107,NA,N,B,C,A,B,H,-,C,D,0,NA,NA,NA,NA,Y,NA,A,08,0,0,1,0,0,0,0,0,0,-,-,NA,NA,LOS ANGELES,LANCASTER,-118.0873928,34.67515
7011106,2015,2015-08-04,1942,2015-07-13,1630,39258,1723,1,5,7,1942,0,0,0,Q,0,35Q41,DE SOTO AV,SAN JOSE ST,458,N,N,A,-,N,NA,NA,NA,NA,NA,NA,NA,NA,NA,N,4,0,1,2,A,-,08,21460,5,N,A,C,A,A,H,-,A,D,0,NA,NA,NA,NA,Y,NA,J,48,0,0,1,0,0,0,0,0,0,-,-,NA,NA,LOS ANGELES,LOS ANGELES,-118.58859679,34.2621164
7011110,2015,2015-08-04,1942,2015-07-04,0145,38707,0355,6,5,7,1942,0,0,0,C,0,12T41,JEFFERSON BL,SAINT ANDREWS PL,0,NA,Y,A,-,N,NA,NA,NA,NA,NA,NA,NA,NA,NA,Y,2,0,2,3,A,-,12,21453,A,F,D,C,A,A,H,-,C,A,0,NA,NA,NA,NA,Y,NA,J,48,1,1,0,0,0,0,0,0,0,-,-,NA,NA,LOS ANGELES,LOS ANGELES,-118.31203005,34.02554001
7011114,2015,2017-01-26,9535,2015-07-14,1225,17598,NA,2,1,5,1915,0,1,1,NA,2,075,RT 710,ATLANTIC AV,150,N,N,A,-,Y,LA,7,710,-,-,13.67,H,-,S,Y,4,0,2,3,A,-,03,22350,NA,N,C,C,A,A,H,-,A,D,1,NA,NA,NA,Y,Y,NA,G,25,0,0,2,0,0,0,0,0,0,-,-,34.15372,-118.27431,LOS ANGELES,COMPTON,-118.1906156,33.88534849
7011120,2015,2017-01-25,9535,2015-07-20,1020,17148,NA,1,1,5,1901,0,1,1,NA,2,421,RT 10,ALMANOR ST,69,W,N,A,-,Y,LA,7,10,-,-,24.31,H,-,W,Y,4,0,2,4,A,-,03,22350,NA,N,C,C,A,A,H,-,A,D,1,NA,NA,NA,Y,Y,NA,F,27,0,0,2,0,0,0,0,0,0,-,-,34.07183,-118.11765,LOS ANGELES,ALHAMBRA,-118.11742907,34.07187474
7011147,2015,2016-01-14,1942,2015-08-26,0830,33512,1767,3,5,7,1942,0,0,0,Q,0,17A67,LASSEN ST,GARDEN GROVE AV,40,E,N,A,-,N,NA,NA,NA,NA,NA,NA,NA,NA,NA,N,4,0,1,2,A,I,-,NA,NA,N,H,G,A,A,H,-,A,D,0,NA,Y,NA,NA,Y,NA,L,04,0,0,1,0,0,0,1,0,0,-,-,NA,NA,LOS ANGELES,LOS ANGELES,-118.52886786,34.25
7011207,2015,2015-09-18,1942,2015-07-31,2327,40942,202,5,5,7,1942,0,0,0,NA,0,2A92,WILLOWBROOK,VIRGIL,0,NA,Y,A,-,N,NA,NA,NA,NA,NA,NA,NA,NA,NA,N,4,0,1,2,A,-,09,21802,A,N,D,C,A,A,H,-,C,A,0,NA,NA,NA,NA,Y,NA,A,01,0,0,1,0,0,0,0,0,0,-,-,NA,NA,LOS ANGELES,LOS ANGELES,-118.28691005,34.08972012
7011211,2015,2015-09-18,1973,2015-07-21,1706,645,1973,2,5,1,1973,0,0,0,NA,0,0A1,ALAMEDA ST,VERNON AV,0,NA,Y,A,-,N,NA,NA,NA,NA,NA,NA,NA,NA,NA,N,3,0,2,2,A,-,09,21801,A,N,A,C,A,A,H,-,A,A,0,NA,NA,NA,NA,Y,NA,A,01,0,1,1,0,0,0,0,0,0,-,-,NA,NA,LOS ANGELES,VERNON,-118.23918012,34.00393008
7011215,2015,2015-09-18,1973,2015-07-12,0925,623,1973,7,5,1,1973,0,0,0,NA,0,2L11,ATLANTIC BL,BANDINI BL,0,NA,Y,A,-,N,NA,NA,NA,NA,NA,NA,NA,NA,NA,N,3,0,2,2,D,-,00,NA,NA,N,D,C,A,A,H,-,A,A,0,NA,NA,NA,NA,Y,NA,-,-,0,2,0,0,0,0,0,0,0,-,-,NA,NA,LOS ANGELES,VERNON,-118.17546007,33.99835001
7011223,2015,2015-09-18,1942,2015-07-25,2140,41132,1152,6,5,7,1942,0,0,0,K,0,11A1,SUNSET BL,SAN BORN,0,NA,Y,A,-,N,NA,NA,NA,NA,NA,NA,NA,NA,NA,N,3,0,1,2,A,-,07,21658,A,N,B,C,A,A,H,-,C,A,0,NA,NA,NA,NA,Y,NA,-,NA,0,1,0,0,0,0,0,0,0,-,-,NA,NA,LOS ANGELES,LOS ANGELES,-118.2803601,34.09246001
7011228,2015,2015-09-18,1900,2015-07-18,1850,268131,0332,6,5,4,1939,0,0,0,NA,0,35T1,ROSECRANS AV,JEFFERSON AV,108,E,N,B,-,N,NA,NA,NA,NA,NA,NA,NA,NA,NA,Y,4,0,1,2,A,-,03,22350,NA,N,C,C,A,B,H,-,A,A,0,NA,NA,NA,NA,Y,NA,A,01,0,0,1,0,0,0,0,0,0,-,-,NA,NA,LOS ANGELES,LAWNDALE,-118.34671,33.90191
7011243,2015,2015-09-18,1948,2015-07-22,1850,449,1948,3,5,5,1948,0,0,0,NA,0,001,AVENIDA CESAR CHAVEZ,SCHOOLSIDE AV,8,E,N,A,-,N,NA,NA,NA,NA,NA,NA,NA,NA,NA,N,3,0,1,1,A,-,03,22350,NA,N,H,A,A,A,H,-,A,A,0,NA,NA,NA,NA,Y,NA,-,NA,0,1,0,0,0,0,0,0,0,-,-,NA,NA,LOS ANGELES,MONTEREY PARK,-118.15046609,34.04000078
7011247,2015,2015-09-18,1948,2015-07-26,1506,418,1948,7,5,5,1948,0,0,0,NA,0,003,FLORAL DR,ISABELLA AV,22,W,N,A,-,N,NA,NA,NA,NA,NA,NA,NA,NA,NA,Y,4,0,1,3,A,-,09,21802,A,N,D,C,A,A,H,-,A,D,0,NA,NA,NA,NA,Y,NA,-,NA,0,0,1,0,0,0,0,0,0,-,-,NA,NA,LOS ANGELES,MONTEREY PARK,-118.1312568,34.03818338
7011255,2015,2015-09-18,1973,2015-07-18,0656,636,1973,6,5,1,1973,0,0,0,NA,0,001,SANTA FE AV,38TH ST,34,N,N,B,-,N,NA,NA,NA,NA,NA,NA,NA,NA,NA,N,3,0,2,2,A,-,05,21650,NA,N,A,C,A,A,H,-,A,A,0,NA,NA,NA,NA,Y,NA,-,NA,0,2,0,0,0,0,0,0,0,-,-,NA,NA,LOS ANGELES,VERNON,-118.23028187,34.00816323
7011256,2015,2015-09-19,1942,2015-08-19,1530,31573,0714,3,5,7,1942,0,0,0,G,0,34MQ09,BEVERLY BL,VISTA PL,0,NA,Y,A,-,N,NA,NA,NA,NA,NA,NA,NA,NA,NA,N,4,0,1,2,A,-,09,21802,NA,N,B,C,A,A,H,-,A,A,0,NA,NA,NA,NA,Y,NA,D,22,0,0,1,0,0,0,0,0,0,-,-,NA,NA,LOS ANGELES,LOS ANGELES,-118.35225006,34.07615
7011260,2015,2015-09-19,1942,2015-08-20,0910,33191,739,4,5,7,1942,0,0,0,NA,0,14T247,LUCERNE BL,5TH ST,0,NA,Y,B,-,N,NA,NA,NA,NA,NA,NA,NA,NA,NA,Y,4,0,2,2,A,-,09,21802,A,N,D,C,A,A,H,-,A,A,0,NA,NA,NA,NA,Y,NA,A,01,0,0,2,0,0,0,0,0,0,-,-,NA,NA,LOS ANGELES,LOS ANGELES,-118.32437007,34.06532011
7011263,2015,2015-09-18,1973,2015-07-08,1743,575,1973,3,5,1,1973,0,0,0,NA,0,0A1,S ALAMEDA ST,E 27TH ST,16,S,N,A,-,N,NA,NA,NA,NA,NA,NA,NA,NA,NA,N,3,0,2,2,A,-,09,21801,A,N,B,C,A,A,H,-,A,A,0,NA,NA,NA,NA,Y,NA,A,01,0,1,1,0,0,0,0,0,0,-,-,NA,NA,LOS ANGELES,VERNON,-118.23950887,34.01281613
7011264,2015,2015-09-19,1942,2015-08-22,0500,35945,0646,6,5,7,1942,0,0,0,F,0,8TL35,FOUNTAIN AV,LAS PALMAS,0,NA,Y,A,-,N,NA,NA,NA,NA,NA,NA,NA,NA,NA,N,3,0,1,2,D,-,00,NA,NA,F,H,G,A,A,H,-,C,A,0,NA,Y,NA,NA,Y,NA,-,-,0,1,0,0,0,0,1,0,0,-,-,NA,NA,LOS ANGELES,LOS ANGELES,-118.33632008,34.09438008
7011267,2015,2015-09-18,1973,2015-07-02,2049,567,1973,4,5,1,1973,0,0,0,NA,0,003,ATLANTIC BL,DISTRICT BL,528,N,N,A,-,N,NA,NA,NA,NA,NA,NA,NA,NA,NA,N,3,0,1,1,A,-,03,22350,NA,N,H,J,A,A,H,-,C,A,0,NA,Y,NA,NA,Y,NA,L,04,0,1,0,0,0,0,1,0,0,-,-,NA,NA,LOS ANGELES,VERNON,-118.1819758,33.99490077
7011268,2015,2015-09-19,1942,2015-08-20,1810,40671,0643,4,5,7,1942,0,0,0,F,0,6A67,LA BREA AV,FRANKLIN AV,0,NA,Y,A,-,N,NA,NA,NA,NA,NA,NA,NA,NA,NA,Y,4,0,2,2,A,-,09,21801,A,N,D,C,A,A,H,-,A,A,0,NA,NA,NA,NA,Y,NA,A,01,0,0,2,0,0,0,0,0,0,-,-,NA,NA,LOS ANGELES,LOS ANGELES,-118.3458601,34.10374002
7011271,2015,2015-09-18,1973,2015-07-02,1856,612,1973,4,5,1,1973,0,0,0,NA,0,002,DOWNEY RD,CHARTER AV,140,S,N,A,-,N,NA,NA,NA,NA,NA,NA,NA,NA,NA,Y,3,0,2,2,A,-,07,21658,A,F,A,C,A,A,H,-,A,D,0,NA,NA,NA,NA,Y,NA,-,NA,0,1,1,0,0,0,0,0,0,-,-,NA,NA,LOS ANGELES,VERNON,-118.20487844,34.00421608
7011272,2015,2015-09-19,1942,2015-08-19,1740,40628,0721,3,5,7,1942,0,0,0,G,0,7T38,LA CIENEGA BL,COLGATE AV,0,NA,Y,A,-,N,NA,NA,NA,NA,NA,NA,NA,NA,NA,Y,3,0,1,2,A,-,08,22100,B,N,D,C,A,A,H,-,A,A,0,NA,NA,Y,NA,Y,NA,A,07,0,1,0,0,0,0,0,0,1,-,-,NA,NA,LOS ANGELES,LOS ANGELES,-118.37639007,34.07083006
7011276,2015,2015-09-19,1942,2015-08-08,1326,40671,0622,6,5,7,1942,0,0,0,F,0,6A31,HOLLYWOOD BL,ORANGE GROVE AV,0,NA,Y,A,-,N,NA,NA,NA,NA,NA,NA,NA,NA,NA,N,3,0,1,1,C,-,18,NA,NA,N,E,J,A,A,H,-,A,D,0,NA,NA,NA,NA,Y,NA,-,-,0,1,0,0,0,0,0,0,0,-,-,NA,NA,LOS ANGELES,LOS ANGELES,-118.36052,34.1015201
7011279,2015,2015-09-18,1942,2015-07-23,1735,36255,1433,4,5,7,1942,0,0,0,N,0,14X56,VENICE BL,LINCOLN BL,200,E,N,A,-,N,NA,NA,NA,NA,NA,NA,NA,NA,NA,N,3,0,1,2,A,-,09,21801,A,N,H,G,A,A,H,-,A,D,0,NA,Y,NA,NA,Y,NA,A,01,0,1,0,0,0,0,1,0,0,-,-,NA,NA,LOS ANGELES,LOS ANGELES,-118.45228226,33.994378
7011280,2015,2015-09-19,1942,2015-08-24,1345,41351,0645,1,5,7,1942,0,0,0,F,0,6A67,SUNSET BL,SYCAMORE AV,0,NA,Y,A,-,N,NA,NA,NA,NA,NA,NA,NA,NA,NA,N,4,0,1,2,A,-,09,21801,A,N,B,C,A,A,H,-,A,D,0,NA,NA,Y,NA,Y,NA,A,01,0,0,1,0,0,0,0,0,1,-,-,NA,NA,LOS ANGELES,LOS ANGELES,-118.34253008,34.09796012
7011281,2015,2015-09-19,1942,2015-08-24,0855,31668,711,1,5,7,1942,0,0,0,NA,0,14TL47,BEVERLY BL,SWEETZER AV,0,NA,Y,A,-,N,NA,NA,NA,NA,NA,NA,NA,NA,NA,N,4,0,2,3,A,-,03,22350,NA,N,C,C,A,A,H,-,A,A,0,NA,NA,NA,NA,Y,NA,A,01,0,0,2,0,0,0,0,0,0,-,-,NA,NA,LOS ANGELES,LOS ANGELES,-118.37005011,34.07608007
7011284,2015,2015-09-18,1942,2015-08-17,1600,37966,0666,1,5,7,1942,0,0,0,F,0,6TL2,VINE ST,LELAND WY,107,S,N,A,-,N,NA,NA,NA,NA,NA,NA,NA,NA,NA,N,3,0,1,2,A,-,08,22107,NA,N,D,G,A,A,H,-,A,D,0,NA,Y,NA,NA,Y,NA,A,01,0,1,0,0,0,0,1,0,0,-,-,NA,NA,LOS ANGELES,LOS ANGELES,-118.32664,34.09674654
7011285,2015,2015-09-19,1942,2015-08-24,1610,33065,0625,1,5,7,1942,0,0,0,F,0,7MQ136,HIGHLAND AV,PAT MOORE WY,0,NA,Y,A,-,N,NA,NA,NA,NA,NA,NA,NA,NA,NA,Y,3,0,1,2,A,-,12,21453,A,N,D,C,A,A,H,-,A,A,0,NA,NA,NA,NA,Y,NA,A,01,0,1,0,0,0,0,0,0,0,-,-,NA,NA,LOS ANGELES,LOS ANGELES,-118.33623014,34.11139004
7011288,2015,2015-09-18,1942,2015-08-19,1900,41045,0632,3,5,7,1942,0,0,0,F,0,6A31,LAUREL AV,SELMA AV,6,S,N,A,-,N,NA,NA,NA,NA,NA,NA,NA,NA,NA,N,4,0,1,2,A,-,03,22350,NA,N,B,E,A,A,H,-,A,D,0,NA,NA,NA,NA,Y,Y,A,01,0,0,1,0,0,0,0,0,0,-,-,NA,NA,LOS ANGELES,LOS ANGELES,-118.36431,34.09984354
7011292,2015,2015-09-18,1942,2015-08-19,2330,41948,0669,3,5,7,1942,0,0,0,F,0,6A76,N HARVARD,FOUNTAIN,50,S,N,A,-,N,NA,NA,NA,NA,NA,NA,NA,NA,NA,N,4,0,2,2,A,-,05,21650,NA,F,B,C,A,A,H,-,D,D,0,NA,NA,NA,NA,Y,NA,A,07,0,0,2,0,0,0,0,0,0,-,-,NA,NA,LOS ANGELES,LOS ANGELES,-118.30435,34.09509
7011296,2015,2015-09-18,1942,2015-08-24,1705,40654,0648,1,5,7,1942,0,0,0,F,0,6A48,VINE ST,SELMA,100,N,N,A,-,N,NA,NA,NA,NA,NA,NA,NA,NA,NA,Y,2,0,1,3,A,-,21,22106,NA,N,B,C,A,A,H,-,A,D,0,NA,NA,Y,NA,Y,NA,A,01,1,0,0,0,0,0,0,0,1,-,-,NA,NA,LOS ANGELES,LOS ANGELES,-118.32666578,34.10007424
7011299,2015,2015-09-19,1900,2015-08-12,1819,523030,0331,3,5,4,1939,0,0,0,NA,0,35B,ROSECRANS AV,JEFFERSON AV,23,W,N,A,-,N,NA,NA,NA,NA,NA,NA,NA,NA,NA,Y,4,0,1,2,A,-,04,21703,NA,N,C,C,A,A,H,-,A,A,0,NA,NA,NA,NA,Y,NA,A,07,0,0,1,0,0,0,0,0,0,-,-,NA,NA,LOS ANGELES,LAWNDALE,-118.34678565,33.90191
7011300,2015,2015-09-18,1942,2015-08-25,1010,40541,0669,2,5,7,1942,0,0,0,F,0,6A79,VIRGINIA AV,WESTERN,15,E,N,B,-,N,NA,NA,NA,NA,NA,NA,NA,NA,NA,Y,3,0,2,2,A,-,03,22350,NA,N,E,I,F,A,H,-,A,D,0,Y,NA,NA,NA,Y,NA,A,01,0,1,1,0,1,0,0,0,0,-,-,NA,NA,LOS ANGELES,LOS ANGELES,-118.30914055,34.0919
7011304,2015,2015-09-18,1942,2015-08-25,0950,41054,0643,2,5,7,1942,0,0,0,F,0,7TL23,LA BREA AV,SUNSET BL,20,S,N,A,-,N,NA,NA,NA,NA,NA,NA,NA,NA,NA,N,3,0,1,2,A,-,00,21760,C,F,B,G,A,A,H,-,A,D,0,NA,Y,NA,NA,Y,NA,-,99,0,1,0,0,0,0,1,0,0,-,-,NA,NA,LOS ANGELES,LOS ANGELES,-118.34413928,34.09792515
7011312,2015,2015-09-18,1942,2015-08-20,1820,37511,0639,4,5,7,1942,0,0,0,F,0,7T23,WESTERN AV,RUSSELL AV,150,S,N,A,-,N,NA,NA,NA,NA,NA,NA,NA,NA,NA,Y,4,0,1,3,A,-,03,22350,NA,M,B,E,A,A,H,-,A,D,0,NA,NA,NA,NA,Y,NA,A,01,0,0,1,0,0,0,0,0,0,-,-,NA,NA,LOS ANGELES,LOS ANGELES,-118.30929,34.10375861
7011313,2015,2015-09-19,1942,2015-08-27,1300,41744,0832,4,5,7,1942,0,0,0,H,0,8U1,GORHAM AV,SAN VICENTE BL,20,N,N,A,-,N,NA,NA,NA,NA,NA,NA,NA,NA,NA,N,4,0,1,2,A,-,08,22107,NA,F,G,B,D,-,-,-,A,D,0,Y,NA,NA,NA,Y,NA,-,99,0,0,1,0,1,0,0,0,0,-,-,NA,NA,LOS ANGELES,LOS ANGELES,-118.46695213,34.05329771
7011315,2015,2015-09-18,1942,2015-08-20,1010,41190,0711,4,5,7,1942,0,0,0,G,0,7A21,FAIRFAX,OAKWOOD,30,N,N,A,-,N,NA,NA,NA,NA,NA,NA,NA,NA,NA,N,4,0,1,3,A,-,11,21954,A,N,G,B,D,A,H,-,A,A,0,Y,NA,NA,NA,Y,NA,N,60,0,0,1,0,1,0,0,0,0,-,-,NA,NA,LOS ANGELES,LOS ANGELES,-118.36148,34.07828228
7011319,2015,2015-09-18,1942,2015-08-22,1700,41489,1837,6,5,7,1942,0,0,0,R,0,18XL5,WILMINGTON AV,109TH PL,20,N,N,A,-,N,NA,NA,NA,NA,NA,NA,NA,NA,NA,N,2,0,1,2,A,-,11,21954,A,F,G,B,D,A,H,-,A,D,0,Y,NA,NA,NA,Y,Y,N,60,1,0,0,0,1,0,0,0,0,-,-,NA,NA,LOS ANGELES,LOS ANGELES,-118.23903939,33.93625485
7011321,2015,2015-09-19,1942,2015-08-28,0720,39544,0817,5,5,7,1942,0,0,0,H,0,8X65,LE CONTE AV,BROXTON,4,W,N,A,-,N,NA,NA,NA,NA,NA,NA,NA,NA,NA,N,2,0,1,2,A,-,10,21950,A,N,G,B,B,A,H,-,A,A,0,Y,NA,NA,NA,Y,NA,A,07,1,0,0,0,1,0,0,0,0,-,-,NA,NA,LOS ANGELES,LOS ANGELES,-118.44705318,34.06365027
7011323,2015,2015-09-18,1942,2015-08-17,1200,40164,842,1,5,7,1942,0,0,0,NA,0,8T626,OHIO AV,FEDERAL AV,50,E,N,A,-,N,NA,NA,NA,NA,NA,NA,NA,NA,NA,N,3,0,1,2,A,-,04,21703,NA,F,H,G,A,A,H,-,A,D,0,NA,Y,NA,NA,Y,NA,-,99,0,1,0,0,0,0,1,0,0,-,-,NA,NA,LOS ANGELES,LOS ANGELES,-118.45459634,34.04563019
7011325,2015,2015-09-19,1942,2015-08-27,1720,30045,782,4,5,7,1942,0,0,0,NA,0,8X48,LA CIENEGA BL,SAWYER ST,80,S,N,A,-,N,NA,NA,NA,NA,NA,NA,NA,NA,NA,Y,4,0,1,2,A,-,07,21658,A,F,B,C,A,A,H,-,A,D,0,NA,NA,NA,NA,Y,Y,-,99,0,0,1,0,0,0,0,0,0,-,-,NA,NA,LOS ANGELES,LOS ANGELES,-118.37645349,34.04233254
7011327,2015,2015-09-18,1942,2015-08-15,1025,41679,0814,6,5,7,1942,0,0,0,H,0,8A1,SUNSET BL,WOODBURN,10,W,N,A,-,N,NA,NA,NA,NA,NA,NA,NA,NA,NA,N,3,0,1,2,A,-,10,21950,C,F,G,B,E,A,D,-,A,A,0,Y,NA,NA,NA,Y,NA,-,99,0,1,0,0,1,0,0,0,0,-,-,NA,NA,LOS ANGELES,LOS ANGELES,-118.46964852,34.0697835
7011328,2015,2015-09-19,1942,2015-09-07,2115,41360,749,1,5,7,1942,0,0,0,NA,0,7X58,WILSHIRE BL,ROSSMORE AV,0,NA,Y,A,-,N,NA,NA,NA,NA,NA,NA,NA,NA,NA,Y,4,0,2,4,A,-,01,23152,A,N,C,C,A,A,H,-,C,A,0,NA,NA,NA,NA,Y,Y,A,01,0,0,2,0,0,0,0,0,0,-,-,NA,NA,LOS ANGELES,LOS ANGELES,-118.32765005,34.06191002
7011330,2015,2015-09-19,1942,2015-08-17,1505,37966,0636,1,5,7,1942,0,0,0,F,0,6TL2,CAHUENGA BL,FRANKLIN AV,0,NA,Y,A,-,N,NA,NA,NA,NA,NA,NA,NA,NA,NA,Y,4,0,2,2,A,-,12,21453,A,N,D,C,A,A,H,-,A,A,0,NA,NA,NA,NA,Y,NA,A,08,0,0,2,0,0,0,0,0,0,-,-,NA,NA,LOS ANGELES,LOS ANGELES,-118.33039,34.10524009
7011331,2015,2015-09-18,1942,2015-08-14,2315,41593,0833,5,5,7,1942,0,0,0,H,0,8A29W3,VETERAN AV,N WILSHIRE BL,200,N,N,A,-,N,NA,NA,NA,NA,NA,NA,NA,NA,NA,N,3,0,1,2,A,-,11,21956,A,F,G,B,E,A,H,-,C,D,0,Y,NA,NA,NA,Y,Y,-,99,0,1,0,0,1,0,0,0,0,-,-,NA,NA,LOS ANGELES,LOS ANGELES,-118.4481032,34.05822315