CASE_ID,ACCIDENT_YEAR,PROC_DATE,JURIS,COLLISION_DATE,COLLISION_TIME,OFFICER_ID,REPORTING_DISTRICT,DAY_OF_WEEK,CHP_SHIFT,POPULATION,CNTY_CITY_LOC,SPECIAL_COND,BEAT_TYPE,CHP_BEAT_TYPE,CITY_DIVISION_LAPD,CHP_BEAT_CLASS,BEAT_NUMBER,PRIMARY_RD,SECONDARY_RD,DISTANCE,DIRECTION,INTERSECTION,WEATHER_1,WEATHER_2,STATE_HWY_IND,CALTRANS_COUNTY,CALTRANS_DISTRICT,STATE_ROUTE,ROUTE_SUFFIX,POSTMILE_PREFIX,POSTMILE,LOCATION_TYPE,RAMP_INTERSECTION,SIDE_OF_HWY,TOW_AWAY,COLLISION_SEVERITY,NUMBER_KILLED,NUMBER_INJURED,PARTY_COUNT,PRIMARY_COLL_FACTOR,PCF_CODE_OF_VIOL,PCF_VIOL_CATEGORY,PCF_VIOLATION,PCF_VIOL_SUBSECTION,HIT_AND_RUN,TYPE_OF_COLLISION,MVIW,PED_ACTION,ROAD_SURFACE,ROAD_COND_1,ROAD_COND_2,LIGHTING,CONTROL_DEVICE,CHP_ROAD_TYPE,PEDESTRIAN_ACCIDENT,BICYCLE_ACCIDENT,MOTORCYCLE_ACCIDENT,TRUCK_ACCIDENT,NOT_PRIVATE_PROPERTY,ALCOHOL_INVOLVED,STWD_VEHTYPE_AT_FAULT,CHP_VEHTYPE_AT_FAULT,COUNT_SEVERE_INJ,COUNT_VISIBLE_INJ,COUNT_COMPLAINT_PAIN,COUNT_PED_KILLED,COUNT_PED_INJURED,COUNT_BICYCLIST_KILLED,COUNT_BICYCLIST_INJURED,COUNT_MC_KILLED,COUNT_MC_INJURED,PRIMARY_RAMP,SECONDARY_RAMP,LATITUDE,LONGITUDE,COUNTY,CITY,POINT_X,POINT_Y
7013940,2015,2015-08-12,1942,2015-06-08,1400,38331,1248,1,5,7,1942,0,0,0,L,0,12A51,67TH ST,VERMONT AV,0,NA,Y,A,-,N,NA,NA,NA,NA,NA,NA,NA,NA,NA,N,4,0,1,2,A,-,12,22450,A,F,D,G,A,A,H,-,A,A,0,NA,Y,NA,NA,Y,Y,-,99,0,0,1,0,0,0,1,0,0,-,-,NA,NA,LOS ANGELES,LOS ANGELES,-118.29187008,33.97854006
7013943,2015,2015-08-12,1942,2015-06-18,2130,37880,1252,4,5,7,1942,0,0,0,L,0,12A51,FLORENCE AV,8TH AV,128,E,N,A,-,N,NA,NA,NA,NA,NA,NA,NA,NA,NA,Y,3,0,2,2,A,-,08,22107,NA,N,D,C,A,A,H,-,C,D,0,NA,NA,NA,NA,Y,NA,A,01,0,1,1,0,0,0,0,0,0,-,-,NA,NA,LOS ANGELES,LOS ANGELES,-118.32609874,33.97455826
7013944,2015,2015-08-12,1942,2015-06-10,1655,37437,1249,3,5,7,1942,0,0,0,L,0,25MQ57,FIGUEROA ST,70TH ST,20,N,N,A,-,N,NA,NA,NA,NA,NA,NA,NA,NA,NA,N,4,0,1,1,A,-,01,23152,A,N,F,-,A,A,H,-,A,D,0,NA,Y,NA,NA,Y,Y,L,04,0,0,1,0,0,0,1,0,0,-,-,NA,NA,LOS ANGELES,LOS ANGELES,-118.2827,33.97651485
7013947,2015,2015-08-12,1942,2015-06-20,1710,27758,1269,6,5,7,1942,0,0,0,L,0,12A69,80TH ST,W CENTURY AV,27,W,N,A,-,N,NA,NA,NA,NA,NA,NA,NA,NA,NA,N,4,0,1,2,A,-,03,22350,A,F,A,B,F,A,H,-,A,D,0,Y,NA,NA,NA,Y,NA,-,99,0,0,1,0,1,0,0,0,0,-,-,NA,NA,LOS ANGELES,LOS ANGELES,NA,NA
7013948,2015,2016-06-02,1942,2015-06-14,1630,34251,0415,7,5,7,1942,0,0,0,D,0,4A15,WORKMAN ST,BROADWAY,120,N,N,A,-,N,NA,NA,NA,NA,NA,NA,NA,NA,NA,N,4,0,1,2,A,-,09,21804,A,N,D,G,A,A,H,-,A,D,0,NA,Y,NA,NA,Y,NA,L,04,0,0,1,0,0,0,1,0,0,-,-,NA,NA,LOS ANGELES,LOS ANGELES,-118.21436039,34.07398897
7013951,2015,2015-08-12,1942,2015-06-27,0155,37880,1283,6,5,7,1942,0,0,0,L,0,12A53,CENTURY,HOBART,0,NA,Y,A,-,N,NA,NA,NA,NA,NA,NA,NA,NA,NA,Y,4,0,1,1,A,-,08,22102,NA,N,F,I,A,A,H,-,C,D,0,NA,NA,Y,NA,Y,Y,C,02,0,0,1,0,0,0,0,0,1,-,-,NA,NA,LOS ANGELES,LOS ANGELES,-118.30789007,33.94546006
7013952,2015,2015-09-08,1942,2015-06-17,1830,40514,0219,3,5,7,1942,0,0,0,B,0,13X76,W SUNSET BL,BEAUDRY,50,W,N,A,-,N,NA,NA,NA,NA,NA,NA,NA,NA,NA,N,3,0,1,2,A,-,17,21200,NA,N,B,G,A,A,-,-,A,D,0,NA,Y,NA,NA,Y,NA,L,04,0,1,0,0,0,0,1,0,0,-,-,NA,NA,LOS ANGELES,LOS ANGELES,-118.2492983,34.06537825
7013955,2015,2015-08-12,1942,2015-06-28,1230,37306,1256,7,5,7,1942,0,0,0,L,0,ELI,FLORENCE AV,GRAND AV,0,NA,Y,A,-,N,NA,NA,NA,NA,NA,NA,NA,NA,NA,Y,4,0,1,2,A,-,04,21703,NA,N,C,C,A,A,H,-,A,A,0,NA,NA,NA,NA,Y,NA,A,01,0,0,1,0,0,0,0,0,0,-,-,NA,NA,LOS ANGELES,LOS ANGELES,-118.28030011,33.97466009
7013956,2015,2015-09-09,1942,2015-06-17,1350,40931,02,3,5,7,1942,0,0,0,B,0,002,PICO,ALVARADO,0,NA,Y,A,-,N,NA,NA,NA,NA,NA,NA,NA,NA,NA,Y,4,0,1,2,A,-,03,22350,A,N,A,C,A,A,H,-,A,A,0,NA,NA,NA,NA,Y,NA,-,-,0,0,1,0,0,0,0,0,0,-,-,NA,NA,LOS ANGELES,LOS ANGELES,-118.2801501,34.04609011
7013959,2015,2015-08-12,1942,2015-06-27,1700,39010,1371,6,5,7,1942,0,0,0,M,0,4TL4,MAIN ST,54TH ST,0,NA,Y,A,-,N,NA,NA,NA,NA,NA,NA,NA,NA,NA,Y,4,0,5,2,A,-,12,21453,A,N,D,C,A,A,H,-,A,A,0,NA,NA,NA,NA,Y,NA,A,08,0,0,5,0,0,0,0,0,0,-,-,NA,NA,LOS ANGELES,LOS ANGELES,-118.27397013,33.99333004
7013962,2015,2016-06-01,1942,2015-06-20,1114,41532,LOSAN,6,5,7,1942,0,0,0,NA,0,NA,6TH ST,SOTO,120,W,N,A,-,N,NA,NA,NA,NA,NA,NA,NA,NA,NA,N,4,0,1,3,A,-,21,22106,NA,N,G,B,E,A,H,-,A,D,0,Y,NA,NA,NA,Y,NA,A,01,0,0,1,0,1,0,0,0,0,-,-,NA,NA,LOS ANGELES,LOS ANGELES,-118.21411902,34.03762449
7013963,2015,2015-08-12,1942,2015-06-26,1410,37631,1151,5,5,7,1942,0,0,0,K,0,11A12,FOUNTAIN AV,L RON HUBBARD WY,0,NA,Y,A,-,N,NA,NA,NA,NA,NA,NA,NA,NA,NA,Y,3,0,4,3,A,-,09,21801,A,N,A,B,F,A,H,-,B,A,0,Y,NA,NA,NA,Y,NA,-,NA,0,1,3,0,1,0,0,0,0,-,-,NA,NA,LOS ANGELES,LOS ANGELES,-118.29396011,34.09546008
7013965,2015,2017-01-03,9550,2015-05-31,1645,17511,NA,7,2,1,1932,0,1,3,NA,2,602,RT 60,FULLERTON RD,500,E,N,A,-,Y,LA,7,60,-,-,19.58,H,-,W,Y,4,0,1,2,A,-,07,21658,A,N,C,C,A,A,H,-,A,D,1,NA,NA,NA,NA,Y,NA,A,07,0,0,1,0,0,0,0,0,0,-,-,33.99418,-117.90377,LOS ANGELES,INDUSTRY,-117.90339824,33.99428919
7013966,2015,2015-09-02,1942,2015-06-18,0635,31324,0479,4,5,7,1942,0,0,0,D,0,11T32,WHITTIER BL,INDIANA ST,0,NA,Y,A,-,N,NA,NA,NA,NA,NA,NA,NA,NA,NA,Y,3,0,2,2,A,-,12,21453,A,N,D,C,A,A,H,-,A,A,0,NA,NA,NA,NA,Y,NA,-,-,0,2,0,0,0,0,0,0,0,-,-,NA,NA,LOS ANGELES,LOS ANGELES,-118.19265007,34.0241201
7013967,2015,2015-08-12,1942,2015-06-30,0825,39876,0467,2,5,7,1942,0,0,0,D,0,11T32,1ST ST,SAVANNAH ST,115,E,N,A,-,N,NA,NA,NA,NA,NA,NA,NA,NA,NA,Y,4,0,2,2,A,-,21,22106,NA,N,B,C,A,A,H,-,A,D,0,NA,NA,NA,NA,Y,NA,A,01,0,0,2,0,0,0,0,0,0,-,-,NA,NA,LOS ANGELES,LOS ANGELES,-118.20329149,34.04083358
7013969,2015,2015-08-10,9550,2015-05-23,0255,020777,NA,6,3,9,1900,0,3,5,NA,2,005,PATHFINDER RD,PEPPERDALE DR,1000,W,N,A,-,N,NA,NA,NA,NA,NA,NA,NA,NA,NA,Y,4,0,1,2,A,-,01,23153,A,F,B,C,A,A,H,-,A,D,0,NA,NA,NA,NA,Y,Y,A,01,0,0,1,0,0,0,0,0,0,-,-,33.97387,-117.87349,LOS ANGELES,UNINCORPORATED,-117.87618559,33.9745689
7013970,2015,2015-09-02,1942,2015-06-06,2050,34390,1267,6,5,7,1942,0,0,0,L,0,12X58,85TH ST,FIGUEROA ST,11,W,N,A,-,N,NA,NA,NA,NA,NA,NA,NA,NA,NA,N,3,0,1,2,A,-,09,21801,A,F,B,C,A,A,H,-,C,D,0,NA,NA,Y,NA,Y,Y,-,99,0,1,0,0,0,0,0,0,1,-,-,NA,NA,LOS ANGELES,LOS ANGELES,-118.2827762,33.96110057
7013971,2015,2015-09-09,1942,2015-06-01,2045,37790,RD120,1,5,7,1942,0,0,0,NA,0,12X55,48TH ST,SAINT ANDREWS PL,180,W,N,A,-,N,NA,NA,NA,NA,NA,NA,NA,NA,NA,N,3,0,1,2,A,-,09,21801,A,N,B,C,A,A,H,-,C,D,0,NA,NA,Y,NA,Y,NA,A,01,0,1,0,0,0,0,0,0,1,-,-,NA,NA,LOS ANGELES,LOS ANGELES,-118.31194272,34.00004695
7013972,2015,2015-08-13,1942,2015-06-13,0030,37786,1273,6,5,7,1942,0,0,0,L,0,NA,MANCHESTER,GRAMERCY,0,NA,Y,A,-,N,NA,NA,NA,NA,NA,NA,NA,NA,NA,N,4,0,1,2,A,-,12,21453,A,F,G,B,B,A,H,-,C,A,0,Y,NA,NA,NA,Y,Y,-,99,0,0,1,0,1,0,0,0,0,-,-,NA,NA,LOS ANGELES,LOS ANGELES,-118.31338001,33.95996004
7013973,2015,2016-12-15,9550,2015-05-24,0200,020969,NA,7,3,5,1919,0,1,3,NA,2,091,RT 91,PIONEER BL,1320,W,N,A,-,Y,LA,7,91,-,R,17.84,H,-,W,Y,4,0,1,2,A,-,01,23152,A,F,E,I,A,A,H,-,C,D,1,NA,NA,NA,NA,Y,Y,A,01,0,0,1,0,0,0,0,0,0,-,-,33.52353,-118.51073,LOS ANGELES,CERRITOS,-118.08687998,33.87643794
7013974,2015,2015-08-14,1942,2015-06-05,1730,40610,1243,5,5,7,1942,0,0,0,L,0,12X56,FLORENCE AV,HOBART BL,0,NA,Y,A,-,N,NA,NA,NA,NA,NA,NA,NA,NA,NA,Y,4,0,1,2,A,-,03,22350,NA,N,C,E,A,A,H,-,A,D,0,NA,NA,NA,NA,Y,NA,A,01,0,0,1,0,0,0,0,0,0,-,-,NA,NA,LOS ANGELES,LOS ANGELES,-118.30789012,33.97457011
7013975,2015,2015-08-12,1942,2015-06-02,0715,41097,1233,2,5,7,1942,0,0,0,L,0,12A51,WESTERN,59TH PL,15,N,N,A,-,N,NA,NA,NA,NA,NA,NA,NA,NA,NA,N,4,0,1,2,A,-,03,22350,A,F,C,C,A,A,H,-,A,A,0,NA,NA,NA,NA,Y,NA,-,99,0,0,1,0,0,0,0,0,0,-,-,NA,NA,LOS ANGELES,LOS ANGELES,-118.3089405,33.98675114
7013976,2015,2015-08-13,1942,2015-06-13,1330,37403,1213,6,5,7,1942,0,0,0,L,0,12A53,SLAUSON AV,WESTERN AV,30,E,N,A,-,N,NA,NA,NA,NA,NA,NA,NA,NA,NA,N,3,0,1,2,A,-,09,21804,A,N,D,C,A,A,H,-,A,D,0,NA,NA,NA,NA,Y,NA,A,01,0,1,0,0,0,0,0,0,0,-,-,NA,NA,LOS ANGELES,LOS ANGELES,-118.30885125,33.98914824
7013977,2015,2016-12-17,9550,2015-05-30,2055,20548,NA,6,2,6,1920,0,1,1,NA,2,151,RT 105,PARAMOUNT BL,2500,E,N,A,-,Y,LA,7,105,-,R,15.21,H,-,W,Y,4,0,1,3,A,-,03,22350,NA,N,C,C,A,A,H,-,C,D,1,NA,NA,NA,NA,Y,NA,A,01,0,0,1,0,0,0,0,0,0,-,-,33.91292,-118.1035,LOS ANGELES,DOWNEY,-118.15024985,33.91294417
7013979,2015,2015-08-12,1942,2015-06-01,1630,39236,RD124,1,5,7,1942,0,0,0,NA,0,12A73,65TH ST,HALLDALE AV,15,W,N,A,-,N,NA,NA,NA,NA,NA,NA,NA,NA,NA,N,4,0,1,2,A,-,00,21951,A,N,G,B,E,A,H,-,A,D,0,Y,NA,NA,NA,Y,Y,N,60,0,0,1,0,1,0,0,0,0,-,-,NA,NA,LOS ANGELES,LOS ANGELES,-118.30246938,33.98059023
7013980,2015,2015-09-01,1942,2015-06-13,0500,37495,1258,6,5,7,1942,0,0,0,L,0,12A15,FLORENCE,BROADWAY,0,NA,Y,B,-,N,NA,NA,NA,NA,NA,NA,NA,NA,NA,Y,4,0,1,5,A,-,12,21453,NA,N,D,C,A,A,H,-,C,A,0,NA,NA,NA,NA,Y,NA,-,-,0,0,1,0,0,0,0,0,0,-,-,NA,NA,LOS ANGELES,LOS ANGELES,-118.27833007,33.97466012
7013983,2015,2015-08-28,1942,2015-06-01,1640,38279,1293,1,5,7,1942,0,0,0,L,0,12Z22,CENTURY AV,SAINT ANDREWS,0,NA,Y,A,-,N,NA,NA,NA,NA,NA,NA,NA,NA,NA,Y,3,0,4,3,A,-,09,21801,A,N,A,C,A,A,H,-,A,D,0,NA,NA,NA,NA,Y,NA,A,01,0,2,2,0,0,0,0,0,0,-,-,NA,NA,LOS ANGELES,LOS ANGELES,-118.31125011,33.94546009
7013984,2015,2015-08-12,1942,2015-06-17,1525,35046,1239,3,5,7,1942,0,0,0,L,0,12A15,60TH ST,VERMONT AV,18,E,N,A,-,N,NA,NA,NA,NA,NA,NA,NA,NA,NA,N,3,0,1,3,A,-,08,22107,NA,N,H,G,A,A,H,-,A,A,0,NA,Y,NA,NA,Y,NA,L,04,0,1,0,0,0,0,1,0,0,-,-,NA,NA,LOS ANGELES,LOS ANGELES,-118.29143074,33.98549
7013987,2015,2015-08-12,1942,2015-06-02,1500,41708,1204,2,5,7,1942,0,0,0,L,0,3A41,48TH ST,NORMANDIE AV,150,W,N,A,-,N,NA,NA,NA,NA,NA,NA,NA,NA,NA,N,4,0,2,2,A,-,08,22100,B,N,B,C,A,A,H,-,A,D,0,NA,NA,NA,NA,Y,NA,A,01,0,0,2,0,0,0,0,0,0,-,-,NA,NA,LOS ANGELES,LOS ANGELES,-118.30068382,34.00007102
7013988,2015,2015-08-12,1942,2015-06-14,1750,40665,1258,7,5,7,1942,0,0,0,L,0,13X76,SAN PEDRO AV,79TH ST,4,N,N,A,-,N,NA,NA,NA,NA,NA,NA,NA,NA,NA,Y,4,0,1,1,A,-,03,22350,NA,N,E,J,A,A,H,-,A,D,0,NA,NA,NA,NA,Y,NA,A,01,0,0,1,0,0,0,0,0,0,-,-,NA,NA,LOS ANGELES,LOS ANGELES,-118.26954988,33.96788097
7013990,2015,2015-08-19,1942,2015-06-25,2340,33452,0497,4,5,7,1942,0,0,0,D,0,1TL24,OLYMPIC BL,SOTO ST,135,E,N,A,-,N,NA,NA,NA,NA,NA,NA,NA,NA,NA,N,3,0,1,2,A,-,11,21954,A,N,G,B,D,A,H,-,E,D,0,Y,NA,NA,NA,Y,NA,N,60,0,1,0,0,1,0,0,0,0,-,-,NA,NA,LOS ANGELES,LOS ANGELES,-118.21945289,34.02410347
7013992,2015,2015-08-12,1942,2015-06-16,0800,26608,1255,2,5,7,1942,0,0,0,L,0,25MQ15,NORMANDIE AV,74TH ST,0,NA,Y,A,-,N,NA,NA,NA,NA,NA,NA,NA,NA,NA,Y,3,0,5,3,A,-,09,21802,A,N,D,C,A,A,H,-,A,A,0,NA,NA,NA,NA,Y,NA,A,07,0,3,2,0,0,0,0,0,0,-,-,NA,NA,LOS ANGELES,LOS ANGELES,-118.30031012,33.9727701
7013994,2015,2015-08-14,1942,2015-06-28,1645,34426,0467,7,5,7,1942,0,0,0,D,0,2TL28,4TH ST,SOTO ST,0,NA,Y,A,-,N,NA,NA,NA,NA,NA,NA,NA,NA,NA,N,3,0,4,2,A,-,09,21801,A,N,D,C,A,A,H,-,A,A,0,NA,NA,NA,NA,Y,NA,A,01,0,1,3,0,0,0,0,0,0,-,-,NA,NA,LOS ANGELES,LOS ANGELES,-118.2117701,34.04062004
7013995,2015,2015-08-12,1942,2015-06-14,1510,39010,0218,7,5,7,1942,0,0,0,B,0,1TL24,ECHO PARK AV,LAGUNA AV,304,N,N,A,-,N,NA,NA,NA,NA,NA,NA,NA,NA,NA,Y,3,0,1,3,A,-,03,22350,NA,N,B,E,A,A,H,-,A,A,0,NA,NA,NA,NA,Y,NA,A,01,0,1,0,0,0,0,0,0,0,-,-,NA,NA,LOS ANGELES,LOS ANGELES,-118.25939341,34.07349867
7013996,2015,2015-08-12,1942,2015-06-14,1725,39226,1268,7,5,7,1942,0,0,0,L,0,12A3,AVALON BL,84TH ST,20,N,N,A,-,N,NA,NA,NA,NA,NA,NA,NA,NA,NA,N,4,0,1,3,A,-,08,22103,NA,N,B,C,A,A,H,-,A,D,0,NA,NA,NA,NA,Y,NA,A,01,0,0,1,0,0,0,0,0,0,-,-,NA,NA,LOS ANGELES,LOS ANGELES,-118.26514,33.96290485
7013998,2015,2015-08-14,1942,2015-06-29,0840,31152,0417,1,5,7,1942,0,0,0,D,0,11TL25,MISSION RD,COMMODORE ST,16,N,N,A,-,N,NA,NA,NA,NA,NA,NA,NA,NA,NA,Y,2,0,1,2,A,-,08,22107,NA,N,E,I,A,A,H,-,A,D,0,NA,NA,NA,NA,Y,NA,A,01,1,0,0,0,0,0,0,0,0,-,-,NA,NA,LOS ANGELES,LOS ANGELES,-118.19515645,34.07585926
7013999,2015,2017-01-03,1942,2015-06-03,2000,41603,LAPD,3,5,7,1942,0,0,0,NA,0,2A91,VERMONT AV,RT 101,0,NA,Y,A,-,Y,LA,7,101,-,-,4.291,R,4,N,Y,3,0,1,2,A,-,17,21658,B,N,B,C,A,A,H,-,B,A,0,NA,NA,NA,NA,Y,NA,-,NA,0,1,0,0,0,0,0,0,0,-,-,NA,NA,LOS ANGELES,LOS ANGELES,-118.29019474,34.07944252
7014000,2015,2015-08-12,1942,2015-06-14,1210,35197,1258,7,5,7,1942,0,0,0,L,0,12A53,FLORENCE AV,MAIN ST,0,NA,Y,A,-,N,NA,NA,NA,NA,NA,NA,NA,NA,NA,N,4,0,1,2,A,-,10,21950,A,F,G,B,B,A,H,-,A,A,0,Y,NA,NA,NA,Y,NA,-,99,0,0,1,0,1,0,0,0,0,-,-,NA,NA,LOS ANGELES,LOS ANGELES,-118.27394008,33.97468005
7014003,2015,2015-08-12,1920,2015-06-30,1503,11992,NA,2,5,6,1920,0,0,0,NA,0,002,IMPERIAL HWY,RIVES AV,88,E,N,A,-,N,NA,NA,NA,NA,NA,NA,NA,NA,NA,N,3,0,2,2,A,-,03,22350,NA,N,C,C,A,A,H,-,A,D,0,NA,NA,NA,NA,Y,NA,A,01,0,1,1,0,0,0,0,0,0,-,-,NA,NA,LOS ANGELES,DOWNEY,-118.15613066,33.92613741
7014004,2015,2015-08-12,1942,2015-06-26,1615,36785,711,5,5,7,1942,0,0,0,NA,0,7A22,CRESCENT HEIGHTS BL,ROSEWOOD AV,0,NA,Y,A,-,N,NA,NA,NA,NA,NA,NA,NA,NA,NA,N,3,0,2,2,A,-,08,22101,D,N,D,C,A,A,-,-,A,A,0,NA,NA,NA,NA,Y,NA,A,01,0,1,1,0,0,0,0,0,0,-,-,NA,NA,LOS ANGELES,LOS ANGELES,-118.36589011,34.0801301
7014007,2015,2015-08-12,1920,2015-06-24,1155,19354,NA,3,5,6,1920,0,0,0,NA,0,001,COLUMBIA WY,IMPERIAL HWY,0,NA,Y,A,-,N,NA,NA,NA,NA,NA,NA,NA,NA,NA,N,4,0,2,2,A,-,09,21801,A,N,D,C,A,A,H,-,A,A,0,NA,NA,NA,NA,Y,NA,-,NA,0,0,2,0,0,0,0,0,0,-,-,NA,NA,LOS ANGELES,DOWNEY,-118.13415006,33.91701001
7014008,2015,2015-08-12,1942,2015-06-26,1745,37538,758,5,5,7,1942,0,0,0,NA,0,7X52,OLYMPIC BL,RIMPAU BL,0,NA,Y,A,-,N,NA,NA,NA,NA,NA,NA,NA,NA,NA,Y,4,0,1,2,A,-,12,21453,A,F,D,C,A,A,H,-,A,A,0,NA,NA,NA,NA,Y,NA,-,99,0,0,1,0,0,0,0,0,0,-,-,NA,NA,LOS ANGELES,LOS ANGELES,-118.33373006,34.05690005
7014012,2015,2015-08-12,1942,2015-06-28,1330,37374,644,7,5,7,1942,0,0,0,NA,0,6A79W2,POINSETTIA PL,SUNSET BL,0,NA,Y,A,-,N,NA,NA,NA,NA,NA,NA,NA,NA,NA,N,3,0,2,3,A,-,09,21801,A,N,G,B,B,A,H,-,A,A,0,Y,NA,NA,NA,Y,NA,A,07,0,1,1,0,2,0,0,0,0,-,-,NA,NA,LOS ANGELES,LOS ANGELES,-118.34834002,34.09800007
7014020,2015,2015-08-12,1925,2015-06-26,2137,24818,126,5,5,6,1925,0,0,0,NA,0,005,LA CRESCENTA AV,SHIRLY JEAN ST,91,N,N,A,-,N,NA,NA,NA,NA,NA,NA,NA,NA,NA,N,4,0,2,2,A,-,03,22350,NA,N,C,C,A,A,H,-,C,A,0,NA,NA,NA,NA,Y,NA,A,01,0,0,2,0,0,0,0,0,0,-,-,NA,NA,LOS ANGELES,GLENDALE,-118.24004167,34.20656559
7014024,2015,2015-08-12,1925,2015-06-29,1920,24476,157,1,5,6,1925,0,0,0,NA,0,004,WILSON TER,RICHLAND AV,200,E,N,A,-,N,NA,NA,NA,NA,NA,NA,NA,NA,NA,Y,4,0,1,2,A,-,09,21804,A,N,D,C,A,A,H,-,A,D,0,NA,NA,NA,NA,Y,NA,A,01,0,0,1,0,0,0,0,0,0,-,-,NA,NA,LOS ANGELES,GLENDALE,-118.231049,34.14946021
7014028,2015,2015-08-12,1925,2015-06-26,1144,21089,269,5,5,6,1925,0,0,0,NA,0,002,W COLORADO,120 W COLORADO,0,NA,Y,A,-,N,NA,NA,NA,NA,NA,NA,NA,NA,NA,N,4,0,1,2,A,-,08,22107,NA,N,B,C,A,A,H,-,A,D,0,NA,NA,NA,NA,Y,NA,A,08,0,0,1,0,0,0,0,0,0,-,-,NA,NA,LOS ANGELES,GLENDALE,-118.255951,34.142549
7014031,2015,2015-08-12,1920,2015-06-16,1710,12035,NA,2,5,6,1920,0,0,0,NA,0,001,IMPERIAL HWY,ARDIS AV,50,E,N,A,-,N,NA,NA,NA,NA,NA,NA,NA,NA,NA,Y,3,0,2,2,A,-,01,23152,A,N,C,C,A,A,H,-,A,A,0,NA,NA,NA,NA,Y,Y,A,07,0,1,1,0,0,0,0,0,0,-,-,NA,NA,LOS ANGELES,DOWNEY,-118.12961555,33.91702886
7014032,2015,2015-08-12,1925,2015-06-23,1754,21601,159,2,5,6,1925,0,0,0,NA,0,004,VERDUGO RD,GLENDALE AV,65,S,N,A,-,N,NA,NA,NA,NA,NA,NA,NA,NA,NA,N,4,0,1,2,A,-,09,21804,A,N,D,C,A,A,H,-,A,D,0,NA,NA,Y,NA,Y,NA,A,01,0,0,1,0,0,0,0,0,1,-,-,NA,NA,LOS ANGELES,GLENDALE,-118.23638,34.16143
7014035,2015,2015-08-12,1920,2015-06-24,2028,11241,1920,3,5,6,1920,0,0,0,NA,0,001,IMPERIAL HWY,LAKEWOOD BL,10,E,N,A,-,N,NA,NA,NA,NA,NA,NA,NA,NA,NA,N,3,0,1,2,D,-,00,NA,NA,N,G,B,B,A,H,-,B,A,0,Y,NA,NA,NA,Y,NA,-,-,0,1,0,0,1,0,0,0,0,-,-,NA,NA,LOS ANGELES,DOWNEY,-118.13783711,33.91696
7014036,2015,2015-08-12,1925,2015-06-26,1224,24967,196,5,5,6,1925,0,0,0,NA,0,001,SAN FERNANDO RD,SONORA AV,322,E,N,A,-,N,NA,NA,NA,NA,NA,NA,NA,NA,NA,N,4,0,1,3,A,-,03,22350,NA,N,C,C,A,A,H,-,A,A,0,NA,NA,NA,NA,Y,NA,A,01,0,0,1,0,0,0,0,0,0,-,-,34.16548,-118.28758,LOS ANGELES,GLENDALE,-118.28749799,34.16538087
7014040,2015,2015-08-12,1925,2015-06-23,1636,21995,272,2,5,6,1925,0,0,0,NA,0,002,COLUMBIA AV,CHEVY CHASE DR,143,N,N,A,-,N,NA,NA,NA,NA,NA,NA,NA,NA,NA,N,3,0,1,2,A,-,06,21750,NA,N,D,G,A,A,H,-,A,D,0,NA,Y,NA,NA,Y,NA,L,04,0,1,0,0,0,0,1,0,0,-,-,NA,NA,LOS ANGELES,GLENDALE,-118.26074777,34.13389212
7014044,2015,2015-08-12,1925,2015-06-21,2205,24922,217,7,5,6,1925,0,0,0,NA,0,002,SAN FERNANDO RD,CALIFORNIA AV,200,S,N,A,-,N,NA,NA,NA,NA,NA,NA,NA,NA,NA,N,2,0,1,2,A,-,11,21955,NA,N,G,B,D,A,H,-,C,D,0,Y,NA,NA,NA,Y,Y,N,60,1,0,0,0,1,0,0,0,0,-,-,NA,NA,LOS ANGELES,GLENDALE,-118.27317251,34.14939502
7014048,2015,2015-08-12,1925,2015-06-20,1902,24345,183,6,5,6,1925,0,0,0,NA,0,001,KENNETH RD,ALAMEDA AV,43,W,N,A,-,N,NA,NA,NA,NA,NA,NA,NA,NA,NA,N,4,0,1,2,A,-,03,22350,NA,N,C,C,A,A,H,-,A,A,0,NA,NA,NA,NA,Y,NA,A,01,0,0,1,0,0,0,0,0,0,-,-,NA,NA,LOS ANGELES,GLENDALE,-118.29255,34.18138
7014052,2015,2015-08-12,1925,2015-06-19,1445,213232,237,5,5,6,1925,0,0,0,NA,0,004,GLENDALE AV,WILSON AV,123,S,N,A,-,N,NA,NA,NA,NA,NA,NA,NA,NA,NA,Y,4,0,2,2,A,-,03,22350,NA,N,C,C,A,A,H,-,A,A,0,NA,NA,NA,NA,Y,NA,A,NA,0,0,2,0,0,0,0,0,0,-,-,NA,NA,LOS ANGELES,GLENDALE,-118.24658064,34.14783065
7014055,2015,2015-08-12,1942,2015-06-29,0235,41402,667,1,5,7,1942,0,0,0,NA,0,6A67,SUNSET BL,GOWER ST,0,NA,Y,A,-,N,NA,NA,NA,NA,NA,NA,NA,NA,NA,N,3,0,2,2,A,-,12,21453,A,N,D,C,A,A,H,-,C,A,0,NA,NA,NA,NA,Y,NA,A,01,0,1,1,0,0,0,0,0,0,-,-,NA,NA,LOS ANGELES,LOS ANGELES,-118.32231004,34.09801008
7014056,2015,2015-08-12,1925,2015-06-26,1132,14881,261,5,5,6,1925,0,0,0,NA,0,002,BRAND BL,BROADWAY,289,S,N,A,-,N,NA,NA,NA,NA,NA,NA,NA,NA,NA,N,4,0,1,2,A,-,09,21804,A,N,D,G,A,A,H,-,A,A,0,NA,Y,NA,NA,Y,NA,L,04,0,0,1,0,0,0,1,0,0,-,-,NA,NA,LOS ANGELES,GLENDALE,-118.25509,34.14625