CASE_ID,ACCIDENT_YEAR,PROC_DATE,JURIS,COLLISION_DATE,COLLISION_TIME,OFFICER_ID,REPORTING_DISTRICT,DAY_OF_WEEK,CHP_SHIFT,POPULATION,CNTY_CITY_LOC,SPECIAL_COND,BEAT_TYPE,CHP_BEAT_TYPE,CITY_DIVISION_LAPD,CHP_BEAT_CLASS,BEAT_NUMBER,PRIMARY_RD,SECONDARY_RD,DISTANCE,DIRECTION,INTERSECTION,WEATHER_1,WEATHER_2,STATE_HWY_IND,CALTRANS_COUNTY,CALTRANS_DISTRICT,STATE_ROUTE,ROUTE_SUFFIX,POSTMILE_PREFIX,POSTMILE,LOCATION_TYPE,RAMP_INTERSECTION,SIDE_OF_HWY,TOW_AWAY,COLLISION_SEVERITY,NUMBER_KILLED,NUMBER_INJURED,PARTY_COUNT,PRIMARY_COLL_FACTOR,PCF_CODE_OF_VIOL,PCF_VIOL_CATEGORY,PCF_VIOLATION,PCF_VIOL_SUBSECTION,HIT_AND_RUN,TYPE_OF_COLLISION,MVIW,PED_ACTION,ROAD_SURFACE,ROAD_COND_1,ROAD_COND_2,LIGHTING,CONTROL_DEVICE,CHP_ROAD_TYPE,PEDESTRIAN_ACCIDENT,BICYCLE_ACCIDENT,MOTORCYCLE_ACCIDENT,TRUCK_ACCIDENT,NOT_PRIVATE_PROPERTY,ALCOHOL_INVOLVED,STWD_VEHTYPE_AT_FAULT,CHP_VEHTYPE_AT_FAULT,COUNT_SEVERE_INJ,COUNT_VISIBLE_INJ,COUNT_COMPLAINT_PAIN,COUNT_PED_KILLED,COUNT_PED_INJURED,COUNT_BICYCLIST_KILLED,COUNT_BICYCLIST_INJURED,COUNT_MC_KILLED,COUNT_MC_INJURED,PRIMARY_RAMP,SECONDARY_RAMP,LATITUDE,LONGITUDE,COUNTY,CITY,POINT_X,POINT_Y
7017683,2015,2015-08-18,1942,2015-06-14,0305,39639,1123,7,5,7,1942,0,0,0,K,0,4T43,GLENFELIZ BL,GARDENSIDE LN,95,S,N,A,-,N,NA,NA,NA,NA,NA,NA,NA,NA,NA,Y,4,0,1,3,A,-,03,22350,NA,F,A,C,A,A,H,-,C,D,0,NA,NA,NA,NA,Y,NA,-,99,0,0,1,0,0,0,0,0,0,-,-,NA,NA,LOS ANGELES,LOS ANGELES,-118.26605174,34.12047111
7017684,2015,2016-12-03,1942,2015-06-18,1905,40099,0142,4,5,7,1942,0,0,0,A,0,4TL43,4TH ST,RT 110,107,E,N,A,-,Y,LA,7,110,-,-,22.961,R,4,N,Y,2,0,1,2,C,-,18,NA,NA,N,H,C,A,A,H,-,A,D,0,NA,NA,NA,NA,Y,NA,-,-,1,0,0,0,0,0,0,0,0,-,NF,NA,NA,LOS ANGELES,LOS ANGELES,-118.2575219,34.05430632
7017685,2015,2015-09-16,1942,2015-08-02,1630,40398,1794,7,5,7,1942,0,0,0,Q,0,21TL62,LINDLEY AV,PARTHENIA ST,0,NA,Y,A,-,N,NA,NA,NA,NA,NA,NA,NA,NA,NA,Y,3,0,3,2,A,-,12,21453,A,N,D,C,A,A,H,-,A,A,0,NA,NA,NA,NA,Y,NA,A,01,0,1,2,0,0,0,0,0,0,-,-,NA,NA,LOS ANGELES,LOS ANGELES,-118.52735007,34.22867008
7017687,2015,2015-08-18,1942,2015-06-19,2120,40099,1132,5,5,7,1942,0,0,0,K,0,2T15,LOS FELIZ BL,COMMONWEALTH,75,W,N,A,-,N,NA,NA,NA,NA,NA,NA,NA,NA,NA,N,4,0,1,2,A,-,04,21703,NA,N,C,C,A,A,H,-,C,D,0,NA,NA,NA,NA,Y,NA,A,01,0,0,1,0,0,0,0,0,0,-,-,NA,NA,LOS ANGELES,LOS ANGELES,-118.28552173,34.11222661
7017688,2015,2015-08-20,1942,2015-06-20,1045,39483,1142,6,5,7,1942,0,0,0,K,0,11A1,AMBROSE AV,RODNEY DR,0,NA,Y,A,-,N,NA,NA,NA,NA,NA,NA,NA,NA,NA,Y,4,0,1,2,A,-,08,22107,NA,N,D,C,A,A,H,-,A,D,0,NA,NA,NA,NA,Y,NA,-,-,0,0,1,0,0,0,0,0,0,-,-,NA,NA,LOS ANGELES,LOS ANGELES,-118.28935006,34.10995008
7017689,2015,2016-02-16,1942,2015-08-01,0250,30452,0998,6,5,7,1942,0,0,0,I,0,9TL53,GALEWOOD ST,ETHEL AV,1700,E,N,A,-,N,NA,NA,NA,NA,NA,NA,NA,NA,NA,Y,4,0,1,2,A,-,08,22107,NA,F,G,B,E,A,H,-,D,D,0,Y,NA,NA,NA,Y,NA,A,07,0,0,1,0,1,0,0,0,0,-,-,NA,NA,LOS ANGELES,LOS ANGELES,-118.41532408,34.14064409
7017691,2015,2016-06-01,1942,2015-06-27,1140,38757,NA,6,5,7,1942,0,0,0,NA,0,1385,AVALON BL,GAGE AV,10,S,N,A,-,N,NA,NA,NA,NA,NA,NA,NA,NA,NA,N,4,0,2,2,A,-,03,22350,NA,N,C,-,A,A,-,-,A,-,0,NA,NA,NA,NA,Y,NA,-,NA,0,0,2,0,0,0,0,0,0,-,-,NA,NA,LOS ANGELES,LOS ANGELES,-118.26519,33.98245258
7017692,2015,2015-08-20,1942,2015-06-20,1900,40665,1343,6,5,7,1942,0,0,0,M,0,13X76,41ST ST,MCKINLEY AV,0,NA,Y,A,-,N,NA,NA,NA,NA,NA,NA,NA,NA,NA,N,4,0,1,2,-,-,-,NA,NA,N,G,B,B,A,H,-,A,D,0,Y,NA,NA,NA,Y,NA,-,-,0,0,1,0,1,0,0,0,0,-,-,NA,NA,LOS ANGELES,LOS ANGELES,-118.26114003000001,34.00922007
7017693,2015,2015-09-04,1942,2015-08-01,1040,30452,1553,6,5,7,1942,0,0,0,O,0,9TL53,LAUREL CANYON BL,RIVERSIDE DR,0,NA,Y,A,-,N,NA,NA,NA,NA,NA,NA,NA,NA,NA,N,4,0,1,2,A,-,09,21801,A,N,D,C,A,A,H,-,A,A,0,NA,NA,NA,NA,Y,NA,A,01,0,0,1,0,0,0,0,0,0,-,-,NA,NA,LOS ANGELES,LOS ANGELES,-118.39649003,34.15762004
7017694,2015,2015-09-04,1942,2015-08-04,1730,37724,1822,2,5,7,1942,0,0,0,R,0,3TL57,FIGUEROA ST,CENTURY BL,220,S,N,A,-,N,NA,NA,NA,NA,NA,NA,NA,NA,NA,Y,4,0,1,2,A,-,01,23152,A,N,D,C,A,A,H,-,A,A,0,NA,NA,NA,NA,Y,Y,A,01,0,0,1,0,0,0,0,0,0,-,-,NA,NA,LOS ANGELES,LOS ANGELES,-118.28264,33.9449367
7017695,2015,2015-08-18,1942,2015-06-22,1430,39010,1317,1,5,7,1942,0,0,0,M,0,2TL28,NAOMI AV,12TH ST,180,S,N,A,-,N,NA,NA,NA,NA,NA,NA,NA,NA,NA,N,4,0,1,2,A,-,21,22106,NA,N,G,B,E,A,H,-,A,D,0,Y,NA,NA,NA,Y,NA,A,01,0,0,1,0,1,0,0,0,0,-,-,NA,NA,LOS ANGELES,LOS ANGELES,-118.24389731,34.02832935
7017696,2015,2015-08-18,1942,2015-06-29,0001,31379,1333,1,5,7,1942,0,0,0,M,0,13A43,28TH ST,SAN PEDRO ST,0,NA,Y,A,-,N,NA,NA,NA,NA,NA,NA,NA,NA,NA,N,4,0,1,2,A,-,14,21201,D,N,D,G,A,A,H,-,C,A,0,NA,Y,NA,NA,Y,NA,L,04,0,0,1,0,0,0,1,0,0,-,-,NA,NA,LOS ANGELES,LOS ANGELES,-118.26244,34.01978005
7017697,2015,2015-09-04,1942,2015-08-02,1640,38995,2173,7,5,7,1942,0,0,0,NA,0,9TL56,VENTURA BL,GOMERES RD,60,W,N,A,-,N,NA,NA,NA,NA,NA,NA,NA,NA,NA,N,3,0,2,2,A,-,09,21804,A,N,D,C,A,A,H,-,A,A,0,NA,NA,NA,NA,Y,NA,A,07,0,1,1,0,0,0,0,0,0,-,-,NA,NA,LOS ANGELES,LOS ANGELES,-118.62636639,34.16506454
7017698,2015,2015-09-08,1942,2015-08-04,0720,40476,1211,2,5,7,1942,0,0,0,L,0,3T5,54TH ST,2ND AV,0,NA,Y,A,-,N,NA,NA,NA,NA,NA,NA,NA,NA,NA,Y,4,0,1,2,A,-,12,21453,A,N,D,C,A,A,H,-,A,A,0,NA,NA,NA,NA,Y,NA,A,07,0,0,1,0,0,0,0,0,0,-,-,NA,NA,LOS ANGELES,LOS ANGELES,-118.3192801,33.99320008
7017699,2015,2015-08-18,1942,2015-06-27,0231,37825,1373,6,5,7,1942,0,0,0,M,0,13A85,SLAUSON,CENTRAL,30,W,N,A,-,N,NA,NA,NA,NA,NA,NA,NA,NA,NA,Y,4,0,2,1,A,-,03,22350,NA,N,A,I,A,A,H,-,C,A,0,NA,NA,NA,NA,Y,NA,-,NA,0,0,2,0,0,0,0,0,0,-,-,NA,NA,LOS ANGELES,LOS ANGELES,-118.25655876,33.98933857
7017700,2015,2015-08-18,1942,2015-06-23,1720,34458,1309,2,5,7,1942,0,0,0,M,0,4TL4,ALAMEDA ST,21ST ST,2,S,N,A,-,N,NA,NA,NA,NA,NA,NA,NA,NA,NA,N,4,0,1,1,A,-,03,22350,NA,N,G,I,A,A,H,-,A,D,0,NA,NA,NA,NA,Y,NA,A,01,0,0,1,0,0,0,0,0,0,-,-,NA,NA,LOS ANGELES,LOS ANGELES,-118.23965,34.017217
7017701,2015,2015-09-04,1942,2015-08-01,1830,40317,1983,6,5,7,1942,0,0,0,NA,0,19EL2,ROSCOE,COLUMBUS,0,NA,Y,A,-,N,NA,NA,NA,NA,NA,NA,NA,NA,NA,Y,4,0,1,2,A,-,09,21801,A,N,D,C,A,A,H,-,A,D,0,NA,NA,NA,NA,Y,NA,A,07,0,0,1,0,0,0,0,0,0,-,-,NA,NA,LOS ANGELES,LOS ANGELES,-118.46548002,34.22144008
7017702,2015,2015-09-09,1942,2015-08-01,0905,36926,1149,6,5,7,1942,0,0,0,K,0,11T25,AVE 52,ECHO ST,160,S,N,A,-,N,NA,NA,NA,NA,NA,NA,NA,NA,NA,N,3,0,1,2,A,-,09,21804,A,N,-,C,A,A,H,-,A,D,0,NA,NA,NA,NA,Y,NA,A,01,0,1,0,0,0,0,0,0,0,-,-,NA,NA,LOS ANGELES,LOS ANGELES,-118.19837162,34.10482345
7017703,2015,2015-08-18,1942,2015-06-16,1805,31857,1126,2,5,7,1942,0,0,0,K,0,1121,YORK BL,MILWAUKEE AV,0,NA,Y,A,-,N,NA,NA,NA,NA,NA,NA,NA,NA,NA,Y,4,0,1,2,A,-,03,22350,NA,N,C,C,A,A,H,-,A,D,0,NA,NA,NA,NA,Y,NA,-,NA,0,0,1,0,0,0,0,0,0,-,-,NA,NA,LOS ANGELES,LOS ANGELES,-118.19224002,34.11861012
7017704,2015,2016-06-03,1942,2015-06-30,2135,36284,1141,2,5,7,1942,0,0,0,K,0,11A51,LOS FELIZ BL,CATALINA ST,50,W,N,A,-,N,NA,NA,NA,NA,NA,NA,NA,NA,NA,Y,3,0,4,2,A,-,08,22107,NA,N,A,D,A,A,H,-,C,D,0,NA,NA,NA,NA,Y,NA,-,NA,0,4,0,0,0,0,0,0,0,-,-,NA,NA,LOS ANGELES,LOS ANGELES,-118.29565148,34.11038236
7017705,2015,2015-09-04,1942,2015-08-02,1850,40643,1985,7,5,7,1942,0,0,0,NA,0,9T55,CHASE ST,TOBIAS AV,6,W,N,A,-,N,NA,NA,NA,NA,NA,NA,NA,NA,NA,N,3,0,1,2,A,-,10,21950,A,N,D,B,B,A,H,-,A,A,0,Y,NA,NA,NA,Y,NA,A,01,0,1,0,0,1,0,0,0,0,-,-,NA,NA,LOS ANGELES,LOS ANGELES,-118.45169981,34.22474984
7017707,2015,2015-08-18,1942,2015-06-10,2330,40406,0182,3,5,7,1942,0,0,0,A,0,1A35,9TH ST,FIGUEROA ST,115,E,N,A,-,N,NA,NA,NA,NA,NA,NA,NA,NA,NA,N,4,0,1,2,A,-,11,21953,NA,N,A,B,E,A,H,-,C,D,0,Y,NA,NA,NA,Y,NA,N,60,0,0,1,0,1,0,0,0,0,-,-,NA,NA,LOS ANGELES,LOS ANGELES,-118.2624515,34.04623
7017708,2015,2015-08-18,1942,2015-06-17,1458,38357,1115,3,5,7,1942,0,0,0,K,0,13TL22,COLORADO BL,LA RODA AV,5,E,N,A,-,N,NA,NA,NA,NA,NA,NA,NA,NA,NA,N,4,0,1,2,A,-,09,21804,A,F,D,C,A,A,H,-,A,D,0,NA,NA,NA,NA,Y,NA,-,99,0,0,1,0,0,0,0,0,0,-,-,NA,NA,LOS ANGELES,LOS ANGELES,-118.20474351,34.1393
7017709,2015,2015-09-04,1942,2015-08-02,0705,39701,1792,7,5,7,1942,0,0,0,Q,0,17TL15,PARTHENIA ST,TAMPA AV,6,N,N,A,-,N,NA,NA,NA,NA,NA,NA,NA,NA,NA,N,2,0,1,2,A,-,10,21950,A,N,G,B,-,A,H,-,A,A,0,Y,NA,NA,NA,Y,NA,A,07,1,0,0,0,1,0,0,0,0,-,-,NA,NA,LOS ANGELES,LOS ANGELES,-118.55355,34.22823
7017710,2015,2015-09-04,1942,2015-08-03,1715,34599,0963,1,5,7,1942,0,0,0,I,0,10TL38,SEPULVEDA BL,HARTSOOK AV,0,NA,Y,A,-,N,NA,NA,NA,NA,NA,NA,NA,NA,NA,N,4,0,1,2,A,-,09,21801,A,N,D,C,A,A,H,-,A,D,0,NA,NA,NA,NA,Y,NA,A,01,0,0,1,0,0,0,0,0,0,-,-,NA,NA,LOS ANGELES,LOS ANGELES,-118.46615007,34.16394003
7017711,2015,2015-08-18,1907,2015-06-26,1203,222,2,5,5,4,1907,0,0,0,NA,0,NA,WALKER AV,FLORENCE AV,12,N,N,A,-,N,NA,NA,NA,NA,NA,NA,NA,NA,NA,Y,3,0,6,2,A,-,09,21801,A,N,D,C,A,A,H,-,A,A,0,NA,NA,NA,NA,Y,NA,-,NA,0,1,5,0,0,0,0,0,0,-,-,33.96896,-118.17407,LOS ANGELES,BELL,-118.17398511,33.96885265
7017712,2015,2015-08-20,1942,2015-06-23,0810,32973,1341,2,5,7,1942,0,0,0,M,0,11T32,MAIN ST,BROADWAY PL,0,NA,Y,A,-,N,NA,NA,NA,NA,NA,NA,NA,NA,NA,Y,3,0,2,2,A,-,12,21453,A,N,A,C,A,A,H,-,A,A,0,NA,NA,NA,NA,Y,NA,-,-,0,1,1,0,0,0,0,0,0,-,-,NA,NA,LOS ANGELES,LOS ANGELES,-118.27406002,34.01638001
7017713,2015,2015-09-04,1942,2015-08-02,1235,40398,2145,7,5,7,1942,0,0,0,NA,0,21TL62,VANOWEN ST,TOPANGA CANYON BL,50,W,N,A,-,N,NA,NA,NA,NA,NA,NA,NA,NA,NA,N,4,0,1,2,A,-,04,21703,NA,N,C,C,A,A,H,-,A,A,0,NA,NA,NA,NA,Y,NA,A,01,0,0,1,0,0,0,0,0,0,-,-,NA,NA,LOS ANGELES,LOS ANGELES,-118.60607507,34.19375
7017716,2015,2015-08-18,1942,2015-06-11,1700,38357,1395,4,5,7,1942,0,0,0,M,0,13TL53,FLORENCE AV,AVALON BL,5,W,N,A,-,N,NA,NA,NA,NA,NA,NA,NA,NA,NA,N,3,0,1,2,A,-,10,21950,C,F,G,B,B,A,H,-,A,-,0,Y,NA,NA,NA,Y,NA,-,99,0,1,0,0,1,0,0,0,0,-,-,NA,NA,LOS ANGELES,LOS ANGELES,-118.26519646,33.97471
7017717,2015,2015-09-04,1942,2015-08-03,2005,40643,1747,1,5,7,1942,0,0,0,Q,0,9T55,CHATSWORTH ST,PETIT AV,0,NA,Y,A,-,N,NA,NA,NA,NA,NA,NA,NA,NA,NA,N,4,0,1,2,A,-,10,21950,A,N,G,B,B,A,H,-,C,A,0,Y,NA,NA,NA,Y,NA,A,01,0,0,1,0,1,0,0,0,0,-,-,NA,NA,LOS ANGELES,LOS ANGELES,-118.49792,34.26474006
7017719,2015,2016-06-02,9540,2015-06-04,1632,18502,NA,4,2,9,1900,0,3,5,NA,2,008,VALENCIA BL,THE OLD RD,323,W,N,A,-,N,NA,NA,NA,NA,NA,NA,NA,NA,NA,N,3,0,1,2,A,-,08,22107,NA,N,E,I,E,A,H,-,A,D,0,Y,NA,NA,NA,Y,NA,A,01,0,1,0,0,1,0,0,0,0,-,-,34.40748,-118.58115,LOS ANGELES,UNINCORPORATED,-118.58091056,34.4074433
7017720,2015,2015-08-18,1942,2015-06-28,1230,37952,1347,7,5,7,1942,0,0,0,M,0,1TL24,LONG BEACH AV,41ST ST,0,NA,Y,A,-,N,NA,NA,NA,NA,NA,NA,NA,NA,NA,Y,3,0,3,3,A,-,12,21453,A,N,D,C,A,A,H,-,A,-,0,NA,NA,NA,NA,Y,NA,A,01,0,2,1,0,0,0,0,0,0,-,-,NA,NA,LOS ANGELES,LOS ANGELES,-118.24323002,34.00809011
7017721,2015,2015-09-04,1942,2015-08-04,1730,37353,1902,2,5,7,1942,0,0,0,NA,0,19TL72,COBALT ST,GLENOAKS BL,0,NA,Y,A,-,N,NA,NA,NA,NA,NA,NA,NA,NA,NA,N,3,0,2,2,A,-,09,21802,A,N,D,C,A,A,H,-,A,D,0,NA,NA,NA,NA,Y,NA,A,01,0,2,0,0,0,0,0,0,0,-,-,NA,NA,LOS ANGELES,LOS ANGELES,-118.46021004,34.3157001
7017723,2015,2015-08-18,1942,2015-06-20,1420,39517,LAPDN,6,5,7,1942,0,0,0,NA,0,13A85,FORTUNA,57TH,7,W,N,A,-,N,NA,NA,NA,NA,NA,NA,NA,NA,NA,N,3,0,1,2,A,-,21,22106,NA,N,C,B,E,A,H,-,A,D,0,Y,NA,NA,NA,Y,NA,-,NA,0,1,0,0,1,0,0,0,0,-,-,NA,NA,LOS ANGELES,LOS ANGELES,-118.24558,33.99117
7017724,2015,2015-08-18,1942,2015-06-06,1630,39517,NEWTO,6,5,7,1942,0,0,0,NA,0,13A13,MCKINLEY,41ST,5,S,N,A,-,N,NA,NA,NA,NA,NA,NA,NA,NA,NA,N,4,0,1,2,A,-,12,21453,NA,N,D,C,A,A,H,-,A,A,0,NA,NA,NA,NA,Y,NA,-,NA,0,0,1,0,0,0,0,0,0,-,-,NA,NA,LOS ANGELES,LOS ANGELES,-118.26135049,34.00821629
7017725,2015,2015-09-04,1942,2015-08-03,1215,40398,2161,1,5,7,1942,0,0,0,NA,0,21TL62,CALVERT ST,ELBA PL,108,E,N,A,-,N,NA,NA,NA,NA,NA,NA,NA,NA,NA,Y,3,0,2,3,A,-,05,21650,NA,N,A,C,A,A,H,-,A,D,0,NA,NA,NA,NA,Y,NA,A,01,0,1,1,0,0,0,0,0,0,-,-,NA,NA,LOS ANGELES,LOS ANGELES,-118.64962551,34.18217841
7017726,2015,2015-09-16,1931,2015-08-01,1603,5304,1931,6,5,5,1931,0,0,0,NA,0,001,SLAUSON AV,SANTA FE AV,25,E,N,A,-,N,NA,NA,NA,NA,NA,NA,NA,NA,NA,N,4,0,1,2,A,-,15,21201,A,N,H,G,A,A,H,-,A,D,0,NA,Y,NA,NA,Y,NA,L,04,0,0,1,0,0,0,1,0,0,-,-,NA,NA,LOS ANGELES,HUNTINGTON PARK,-118.23023769,33.98921
7017727,2015,2015-08-17,9540,2015-06-07,0118,19990,NA,7,3,9,1900,0,2,4,NA,2,010,THE OLD RD,MCBEAN PKWY,2112,N,N,A,-,N,NA,NA,NA,NA,NA,NA,NA,NA,NA,Y,3,0,1,1,A,-,01,23152,A,N,E,I,A,A,H,-,C,D,0,NA,NA,Y,NA,Y,Y,C,02,0,1,0,0,0,0,0,0,1,-,-,34.40162,-118.5765,LOS ANGELES,UNINCORPORATED,NA,NA
7017728,2015,2015-08-18,1942,2015-06-16,1310,27150,1179,2,5,7,1942,0,0,0,K,0,11A51,FIGUEROA ST,S AVENUE 43,50,N,N,A,-,N,NA,NA,NA,NA,NA,NA,NA,NA,NA,N,3,0,1,2,A,-,05,21650,1,N,B,G,A,A,H,-,A,A,0,NA,Y,NA,NA,Y,NA,L,04,0,1,0,0,0,0,1,0,0,-,-,NA,NA,LOS ANGELES,LOS ANGELES,-118.2085561,34.09445268
7017729,2015,2015-09-04,1942,2015-08-03,0700,33504,1772,1,5,7,1942,0,0,0,Q,0,15TL45,CORBIN AV,PRAIRIE ST,0,NA,Y,A,-,N,NA,NA,NA,NA,NA,NA,NA,NA,NA,N,4,0,1,2,A,-,10,21950,A,N,G,B,B,A,H,-,A,A,0,Y,NA,NA,NA,Y,NA,A,01,0,0,1,0,1,0,0,0,0,-,-,NA,NA,LOS ANGELES,LOS ANGELES,-118.56231009,34.23914009
7017730,2015,2015-09-04,1942,2015-08-02,1720,34599,0974,7,5,7,1942,0,0,0,I,0,10TL38,KESTER AV,MOORPARK ST,525,N,N,A,-,N,NA,NA,NA,NA,NA,NA,NA,NA,NA,N,4,0,2,2,A,-,08,22107,NA,N,D,C,A,A,H,-,A,A,0,NA,NA,NA,NA,Y,NA,A,01,0,0,2,0,0,0,0,0,0,-,-,NA,NA,LOS ANGELES,LOS ANGELES,-118.45745,34.15525005
7017731,2015,2016-11-09,9540,2015-06-14,0405,20055,NA,7,3,9,1900,0,1,3,NA,1,144,RT 14,GOLDEN VALLEY RD,900,S,N,A,-,Y,LA,7,14,-,R,29.51,H,-,N,Y,3,0,1,2,A,-,03,22350,NA,N,C,C,A,A,H,-,C,D,1,NA,NA,NA,NA,Y,NA,A,01,0,1,0,0,0,0,0,0,0,-,-,34.39097,-118.47472,LOS ANGELES,UNINCORPORATED,-118.47498425,34.39103988
7017732,2015,2015-08-18,1942,2015-06-27,0845,40693,1317,6,5,7,1942,0,0,0,M,0,13A9,MATEO,OLYMPIC,18,N,N,A,-,N,NA,NA,NA,NA,NA,NA,NA,NA,NA,N,4,0,1,2,A,-,09,21801,A,F,G,B,A,A,H,-,A,A,0,NA,Y,NA,NA,Y,NA,-,99,0,0,1,0,0,0,1,0,0,-,-,NA,NA,LOS ANGELES,LOS ANGELES,-118.2322,34.02603936
7017733,2015,2016-07-20,1942,2015-08-02,1310,38995,1061,7,5,7,1942,0,0,0,J,0,9TL56,VANALDEN AV,SANTA RITA ST,0,NA,Y,A,-,N,NA,NA,NA,NA,NA,NA,NA,NA,NA,Y,4,0,2,2,A,-,09,21802,A,N,E,-,A,A,H,-,A,A,0,NA,NA,NA,NA,Y,NA,A,07,0,0,2,0,0,0,0,0,0,-,-,NA,NA,LOS ANGELES,LOS ANGELES,-118.55007006,34.16766011
7017734,2015,2015-09-04,1942,2015-08-03,1925,40639,D914,1,5,7,1942,0,0,0,NA,0,21TL61,VAN NUYS BL,HARTLAND ST,40,S,N,A,-,N,NA,NA,NA,NA,NA,NA,NA,NA,NA,N,4,0,3,2,A,-,04,21703,NA,N,C,C,A,A,H,-,A,D,0,NA,NA,NA,NA,Y,NA,A,01,0,0,3,0,0,0,0,0,0,-,-,NA,NA,LOS ANGELES,LOS ANGELES,-118.44875,34.19503028
7017735,2015,2015-08-17,9540,2015-06-08,1055,12317,NA,1,1,9,1900,0,2,4,NA,2,010,THE OLD RD,SAGECREST CIR,85,S,N,A,-,N,NA,NA,NA,NA,NA,NA,NA,NA,NA,N,3,0,4,3,A,-,03,22350,NA,N,C,C,A,A,H,-,A,A,0,NA,NA,NA,NA,Y,NA,A,01,0,1,3,0,0,0,0,0,0,-,-,34.37794,-118.56822,LOS ANGELES,UNINCORPORATED,-118.56755872,34.3777953
7017736,2015,2015-08-18,1942,2015-06-08,2255,40008,1136,1,5,7,1942,0,0,0,K,0,13T55,W AVENUE 42,EAGLE ROCK BL,180,W,N,A,-,N,NA,NA,NA,NA,NA,NA,NA,NA,NA,Y,3,0,1,1,A,-,01,23152,A,N,E,I,A,A,H,-,C,D,0,NA,NA,NA,NA,Y,Y,A,07,0,1,0,0,0,0,0,0,0,-,-,NA,NA,LOS ANGELES,LOS ANGELES,-118.22553482,34.12236842
7017738,2015,2015-09-04,1942,2015-08-03,0530,38850,1019,1,5,7,1942,0,0,0,J,0,19TL75,HASKELL AV,VALERIO ST,100,N,N,A,-,N,NA,NA,NA,NA,NA,NA,NA,NA,NA,Y,3,0,1,2,A,-,08,22107,NA,N,C,E,A,A,H,-,A,D,0,NA,NA,NA,NA,Y,NA,A,01,0,1,0,0,0,0,0,0,0,-,-,NA,NA,LOS ANGELES,LOS ANGELES,-118.47493,34.20509415
7017739,2015,2015-08-17,1938,2015-06-10,1523,184,223,3,5,4,1938,0,0,0,NA,0,001,WHEELER AV,CHESTNUT RD,68,S,N,A,-,N,NA,NA,NA,NA,NA,NA,NA,NA,NA,Y,4,0,1,2,A,-,08,22107,NA,N,B,C,A,A,H,-,A,A,0,NA,NA,NA,NA,Y,NA,-,NA,0,0,1,0,0,0,0,0,0,-,-,NA,NA,LOS ANGELES,LA VERNE,-117.77665715,34.13213977
7017740,2015,2015-08-18,1942,2015-06-20,1540,38357,1383,6,5,7,1942,0,0,0,M,0,13TL22,W GAGE AV,BROADWAY,75,W,N,A,-,N,NA,NA,NA,NA,NA,NA,NA,NA,NA,Y,3,0,2,2,A,-,09,21804,A,N,D,C,A,A,H,-,A,D,0,NA,NA,NA,NA,Y,NA,A,01,0,1,1,0,0,0,0,0,0,-,-,NA,NA,LOS ANGELES,LOS ANGELES,-118.27854691,33.98237
7017741,2015,2015-09-04,1942,2015-08-01,1950,38354,1935,6,5,7,1942,0,0,0,NA,0,16TL28,SAN FERNANDO MISSION BL,SHARP AV,105,E,N,A,-,N,NA,NA,NA,NA,NA,NA,NA,NA,NA,Y,3,0,4,2,A,-,08,22102,NA,N,D,C,A,A,H,-,A,A,0,NA,NA,NA,NA,Y,NA,A,01,0,3,1,0,0,0,0,0,0,-,-,NA,NA,LOS ANGELES,LOS ANGELES,-118.45508092,34.27531154
7017742,2015,2015-09-04,1942,2015-08-03,1710,38995,0966,1,5,7,1942,0,0,0,I,0,9TL56,WOODMAN AV,MAGNOLIA BL,29,W,N,A,-,N,NA,NA,NA,NA,NA,NA,NA,NA,NA,N,4,0,1,2,A,-,08,22107,NA,N,A,C,A,A,H,-,A,A,0,NA,NA,NA,NA,Y,NA,A,01,0,0,1,0,0,0,0,0,0,-,-,NA,NA,LOS ANGELES,LOS ANGELES,-118.43125,34.16487
7017744,2015,2015-08-18,1942,2015-06-09,1825,41673,1333,2,5,7,1942,0,0,0,M,0,1X38,E 28TH ST,PALOMA ST,140,W,N,B,-,N,NA,NA,NA,NA,NA,NA,NA,NA,NA,N,3,0,1,2,A,-,11,21953,NA,N,G,B,D,A,H,-,A,D,0,Y,NA,NA,NA,Y,Y,N,60,0,1,0,0,1,0,0,0,0,-,-,NA,NA,LOS ANGELES,LOS ANGELES,-118.25784394,34.01769514
7017745,2015,2015-09-04,1942,2015-08-03,0730,33504,1777,1,5,7,1942,0,0,0,Q,0,15TL45,PLUMMER ST,HAVENHURST AV,0,NA,Y,A,-,N,NA,NA,NA,NA,NA,NA,NA,NA,NA,N,3,0,1,2,A,-,09,21801,A,N,D,G,A,A,H,-,A,A,0,NA,Y,NA,NA,Y,NA,A,08,0,1,0,0,0,0,1,0,0,-,-,NA,NA,LOS ANGELES,LOS ANGELES,-118.49373006,34.24297002
7017746,2015,2015-09-04,1942,2015-08-03,1750,40065,1097,1,5,7,1942,0,0,0,J,0,16T23,MULHOLLAND DR,PARK LN CIR,569,E,N,A,-,N,NA,NA,NA,NA,NA,NA,NA,NA,NA,N,4,0,1,2,A,-,04,21703,NA,N,C,C,A,A,H,-,A,D,0,NA,NA,NA,NA,Y,NA,A,01,0,0,1,0,0,0,0,0,0,-,-,NA,NA,LOS ANGELES,LOS ANGELES,NA,NA