CASE_ID,ACCIDENT_YEAR,PROC_DATE,JURIS,COLLISION_DATE,COLLISION_TIME,OFFICER_ID,REPORTING_DISTRICT,DAY_OF_WEEK,CHP_SHIFT,POPULATION,CNTY_CITY_LOC,SPECIAL_COND,BEAT_TYPE,CHP_BEAT_TYPE,CITY_DIVISION_LAPD,CHP_BEAT_CLASS,BEAT_NUMBER,PRIMARY_RD,SECONDARY_RD,DISTANCE,DIRECTION,INTERSECTION,WEATHER_1,WEATHER_2,STATE_HWY_IND,CALTRANS_COUNTY,CALTRANS_DISTRICT,STATE_ROUTE,ROUTE_SUFFIX,POSTMILE_PREFIX,POSTMILE,LOCATION_TYPE,RAMP_INTERSECTION,SIDE_OF_HWY,TOW_AWAY,COLLISION_SEVERITY,NUMBER_KILLED,NUMBER_INJURED,PARTY_COUNT,PRIMARY_COLL_FACTOR,PCF_CODE_OF_VIOL,PCF_VIOL_CATEGORY,PCF_VIOLATION,PCF_VIOL_SUBSECTION,HIT_AND_RUN,TYPE_OF_COLLISION,MVIW,PED_ACTION,ROAD_SURFACE,ROAD_COND_1,ROAD_COND_2,LIGHTING,CONTROL_DEVICE,CHP_ROAD_TYPE,PEDESTRIAN_ACCIDENT,BICYCLE_ACCIDENT,MOTORCYCLE_ACCIDENT,TRUCK_ACCIDENT,NOT_PRIVATE_PROPERTY,ALCOHOL_INVOLVED,STWD_VEHTYPE_AT_FAULT,CHP_VEHTYPE_AT_FAULT,COUNT_SEVERE_INJ,COUNT_VISIBLE_INJ,COUNT_COMPLAINT_PAIN,COUNT_PED_KILLED,COUNT_PED_INJURED,COUNT_BICYCLIST_KILLED,COUNT_BICYCLIST_INJURED,COUNT_MC_KILLED,COUNT_MC_INJURED,PRIMARY_RAMP,SECONDARY_RAMP,LATITUDE,LONGITUDE,COUNTY,CITY,POINT_X,POINT_Y
7024556,2015,2015-08-28,1900,2015-07-01,1427,523746,1365,3,5,5,1952,0,0,0,NA,0,136T1P,ADAMS ST,INDIANA AV,15,E,N,A,-,N,NA,NA,NA,NA,NA,NA,NA,NA,NA,Y,4,0,1,1,A,-,03,22350,NA,N,E,I,A,A,H,-,A,D,0,NA,NA,NA,NA,Y,NA,A,01,0,0,1,0,0,0,0,0,0,-,-,NA,NA,LOS ANGELES,PARAMOUNT,-118.15327068,33.89484032
7024559,2015,2015-08-27,1900,2015-07-18,0040,516545,1328,6,5,5,1935,0,0,0,NA,0,132T1E,PIONEER BL,CENTRALIA ST,0,NA,Y,A,-,N,NA,NA,NA,NA,NA,NA,NA,NA,NA,Y,4,0,2,2,A,-,09,21801,A,N,A,C,A,A,H,-,C,A,0,NA,NA,NA,NA,Y,NA,A,NA,0,0,2,0,0,0,0,0,0,-,-,NA,NA,LOS ANGELES,LAKEWOOD,-118.08197008,33.83871009
7024560,2015,2015-08-20,1942,2015-06-02,2100,39639,0182,2,5,7,1942,0,0,0,A,0,2T15,OLYMPIC BL,FLOWER ST,94,W,N,A,-,N,NA,NA,NA,NA,NA,NA,NA,NA,NA,Y,4,0,1,4,A,-,03,22350,NA,N,C,C,A,A,H,-,C,A,0,NA,NA,NA,NA,Y,NA,A,01,0,0,1,0,0,0,0,0,0,-,-,NA,NA,LOS ANGELES,LOS ANGELES,-118.2630494,34.04452082
7024563,2015,2015-08-20,1900,2015-06-25,1545,525866,1365,4,5,5,1952,0,0,0,NA,0,136,PARAMOUNT BL,ROSECRANS AV,0,NA,Y,A,-,N,NA,NA,NA,NA,NA,NA,NA,NA,NA,N,3,0,1,2,A,-,10,21950,A,N,G,B,B,A,H,-,A,A,0,Y,NA,NA,NA,Y,NA,A,08,0,1,0,0,1,0,0,0,0,-,-,NA,NA,LOS ANGELES,PARAMOUNT,-118.16024011,33.90375008
7024567,2015,2015-08-20,1900,2015-06-30,2129,548796,1332,2,5,5,1935,0,0,0,NA,0,132T2,SOUTH ST,BELLFLOWER BL,0,W,N,A,-,N,NA,NA,NA,NA,NA,NA,NA,NA,NA,N,4,0,1,2,A,-,03,22350,NA,N,C,C,A,A,H,-,C,-,0,NA,NA,NA,NA,Y,NA,A,07,0,0,1,0,0,0,0,0,0,-,-,NA,NA,LOS ANGELES,LAKEWOOD,-118.12516,33.86033011
7024571,2015,2016-12-03,1900,2015-06-21,0145,532457,1335,7,5,5,1908,0,0,0,NA,0,133T2A,ROSE ST,RT 19,100,W,N,A,-,Y,LA,7,19,-,-,5.529,I,6,S,N,3,0,1,2,A,-,11,21954,A,N,G,B,D,A,H,-,C,D,0,Y,NA,NA,NA,Y,NA,N,60,0,1,0,0,1,0,0,0,0,-,-,NA,NA,LOS ANGELES,BELLFLOWER,-118.14265008,33.86956174
7024575,2015,2015-08-20,1900,2015-06-21,1127,526288,1322,7,5,5,1935,0,0,0,NA,0,133T1,BELLFLOWER BL,ASHWORTH ST,0,NA,Y,A,-,N,NA,NA,NA,NA,NA,NA,NA,NA,NA,Y,4,0,1,2,A,-,09,21801,A,N,A,C,A,A,H,-,A,-,0,NA,NA,NA,NA,Y,NA,A,01,0,0,1,0,0,0,0,0,0,-,-,NA,NA,LOS ANGELES,LAKEWOOD,-118.12538001,33.86792007
7024578,2015,2017-01-23,9575,2015-07-26,1653,19538,NA,7,2,6,1953,0,1,1,NA,2,064,RT 210,LAKE AV,100,E,N,A,-,Y,LA,7,210,-,R,26.35,H,-,W,Y,4,0,1,2,A,-,03,22350,NA,N,C,C,A,A,H,-,A,D,1,NA,NA,NA,NA,Y,NA,A,01,0,0,1,0,0,0,0,0,0,-,-,34.15203,-118.13234,LOS ANGELES,PASADENA,-118.13200431,34.15199581
7024579,2015,2015-08-20,1900,2015-06-03,2202,522763,2611,3,5,6,1950,0,0,0,NA,0,263T1,AVENUE S,5TH ST EAST,686,E,N,A,-,N,NA,NA,NA,NA,NA,NA,NA,NA,NA,Y,3,0,3,1,A,-,04,21703,NA,N,F,I,A,A,H,-,C,D,0,NA,NA,NA,NA,Y,NA,A,01,0,2,1,0,0,0,0,0,0,-,-,NA,NA,LOS ANGELES,PALMDALE,-118.11813671,34.55801155
7024582,2015,2017-01-14,9575,2015-07-27,1722,19538,NA,1,2,6,1925,0,1,3,NA,2,042,RT 134,CENTRAL AV,100,W,N,A,-,Y,LA,7,134,-,R,6.94,H,-,E,Y,4,0,2,3,A,-,03,22350,NA,N,C,C,A,A,H,-,A,D,1,NA,NA,NA,NA,Y,NA,A,01,0,0,2,0,0,0,0,0,0,-,-,34.15625,-118.25806,LOS ANGELES,GLENDALE,-118.25820262,34.15627148
7024586,2015,2017-01-20,9575,2015-07-19,1755,19538,NA,7,2,3,1991,0,1,1,NA,2,063,RT 210,BERKSHIRE PL,700,W,N,B,C,Y,LA,7,210,-,R,21.44,H,-,W,Y,4,0,2,2,A,-,03,22350,NA,F,B,C,A,B,H,-,A,D,1,NA,NA,NA,NA,Y,NA,A,01,0,0,2,0,0,0,0,0,0,-,-,34.19157,-118.18106,LOS ANGELES,LA CANADA-FLINTRIDGE,-118.1811407,34.19151391
7024590,2015,2017-01-13,9575,2015-07-27,1528,19538,NA,1,2,7,1942,0,1,3,NA,2,043,RT 134,RIVERSIDE DR,500,W,N,A,-,Y,LA,7,134,-,-,4.72,H,-,E,Y,4,0,1,4,A,-,03,22350,NA,N,C,C,A,A,H,-,A,D,1,NA,NA,NA,NA,Y,NA,A,01,0,0,1,0,0,0,0,0,0,-,-,34.1556,-118.29793,LOS ANGELES,LOS ANGELES,-118.29551663,34.15537419
7024594,2015,2017-01-20,9575,2015-07-24,2210,20620,NA,5,3,5,1902,0,1,1,NA,2,065,RT 210,SANTA ANITA AV,800,W,N,A,-,Y,LA,7,210,-,R,31.31,H,-,E,N,4,0,1,1,A,-,08,22107,NA,N,E,I,A,A,H,-,D,D,1,NA,NA,NA,NA,Y,NA,A,01,0,0,1,0,0,0,0,0,0,-,-,34.14859,-118.04218,LOS ANGELES,ARCADIA,-118.04185084,34.14870717
7024595,2015,2015-08-20,1900,2015-06-24,2115,529803,1348,3,5,3,1903,0,0,0,NA,0,134A,PIONEER BL,178TH ST,0,NA,Y,A,-,N,NA,NA,NA,NA,NA,NA,NA,NA,NA,Y,3,0,2,2,A,-,04,21703,NA,N,-,C,A,A,H,-,C,A,0,NA,NA,NA,NA,Y,NA,A,01,0,1,1,0,0,0,0,0,0,-,-,NA,NA,LOS ANGELES,ARTESIA,-118.0823,33.86938012
7024599,2015,2016-11-15,9575,2015-06-28,0122,20536,NA,7,3,6,1953,0,1,3,NA,2,040,RT 134,SAN RAFAEL AV,461,E,N,A,-,Y,LA,7,134,-,R,12.48,H,-,E,Y,3,0,1,2,A,-,08,22107,NA,N,E,I,A,A,H,-,D,D,1,NA,NA,NA,NA,Y,Y,A,07,0,1,0,0,0,0,0,0,0,-,-,34.14448,-118.16831,LOS ANGELES,PASADENA,-118.16831208,34.14437694
7024602,2015,2015-09-03,9575,2015-07-23,1855,19211,NA,4,2,9,1900,0,2,4,NA,2,084,DUARTE RD,ROSEMEAD BL,516,E,N,A,-,N,NA,NA,NA,NA,NA,NA,NA,NA,NA,Y,3,0,1,2,A,-,09,21804,A,N,D,C,A,A,H,-,A,D,0,NA,NA,NA,NA,Y,NA,A,01,0,1,0,0,0,0,0,0,0,-,-,34.12357,-118.07091,LOS ANGELES,UNINCORPORATED,-118.07139158,34.12336963
7024603,2015,2015-08-20,9575,2015-06-29,1925,20729,NA,1,2,9,1900,0,2,4,NA,2,011,OCEANVIEW BL,FLORENCITA DR,0,NA,Y,A,-,N,NA,NA,NA,NA,NA,NA,NA,NA,NA,Y,3,0,1,2,A,-,09,21801,A,N,D,C,A,A,H,-,A,A,0,NA,NA,NA,NA,Y,NA,A,07,0,1,0,0,0,0,0,0,0,-,-,34.20664,-118.22806,LOS ANGELES,UNINCORPORATED,-118.22800012,34.20666004
7024606,2015,2017-01-14,9575,2015-07-23,0903,17354,NA,4,1,6,1912,0,1,3,NA,2,044,RT 134,FORMAN AV,600,E,N,B,-,Y,LA,7,134,-,-,1.5,H,-,E,Y,4,0,1,2,A,-,03,22350,NA,N,C,C,A,A,H,-,A,D,1,NA,NA,NA,NA,Y,NA,A,01,0,0,1,0,0,0,0,0,0,-,-,34.15321,-118.3506,LOS ANGELES,BURBANK,-118.35034133,34.15333016
7024607,2015,2016-12-17,9575,2015-06-25,1835,20526,NA,4,2,6,1912,0,1,1,NA,2,051,RT 5,ALAMEDA AV,300,S,N,A,-,Y,LA,7,5,-,-,28.39,H,-,N,Y,2,0,1,2,A,-,07,21658,A,N,B,C,A,A,H,-,A,D,1,NA,NA,Y,NA,Y,NA,-,-,1,0,0,0,0,0,0,0,1,-,-,34.16856,-118.30162,LOS ANGELES,BURBANK,-118.30360085,34.16988857
7024610,2015,2017-01-13,9575,2015-07-23,1930,20526,NA,4,2,7,1942,0,1,3,NA,2,043,RT 134,RIVERSIDE DR,500,W,N,A,-,Y,LA,7,134,-,-,4.72,H,-,E,N,4,0,1,4,A,-,03,22350,NA,N,C,C,A,A,H,-,A,D,1,NA,NA,NA,NA,Y,NA,A,07,0,0,1,0,0,0,0,0,0,-,-,34.15607,-118.30013,LOS ANGELES,LOS ANGELES,-118.29551663,34.15537419
7024611,2015,2016-11-05,9575,2015-06-20,1240,19853,NA,6,1,7,1942,0,1,1,NA,2,060,RT 210,TERRA BELLA ST,1360,W,N,A,-,Y,LA,7,210,-,-,6.97,H,-,W,Y,4,0,1,4,A,-,07,21658,A,N,B,C,A,A,H,-,A,D,1,NA,NA,NA,NA,Y,NA,A,01,0,0,1,0,0,0,0,0,0,-,-,34.16346,-118.238,LOS ANGELES,LOS ANGELES,-118.39540683,34.27800177
7024614,2015,2017-01-14,9575,2015-07-23,1721,20702,NA,4,2,7,1942,0,1,1,NA,2,053,RT 5,OSBORNE ST,1200,N,N,A,-,Y,LA,7,5,-,-,37.68,H,-,S,Y,4,0,2,2,A,-,03,22350,NA,N,C,C,A,A,H,-,A,D,1,NA,NA,NA,NA,Y,NA,A,01,0,0,2,0,0,0,0,0,0,-,-,34.24884,-118.42732,LOS ANGELES,LOS ANGELES,-118.42547724,34.2474703
7024618,2015,2017-01-20,9575,2015-07-22,1410,18537,NA,3,2,6,1953,0,1,1,NA,2,065,RT 210,FOOTHILL BL,450,E,N,A,B,Y,LA,7,210,-,R,28.96,H,-,E,Y,4,0,1,3,A,-,03,22350,NA,N,C,C,A,A,H,-,A,D,1,NA,NA,NA,NA,Y,NA,A,07,0,0,1,0,0,0,0,0,0,-,-,34.14864,-118.08677,LOS ANGELES,PASADENA,-118.08755935,34.14909212
7024622,2015,2017-01-23,9575,2015-07-21,1733,20702,NA,2,2,6,1953,0,1,1,NA,2,064,RT 210,MARENGO AV,250,E,N,B,-,Y,LA,7,210,-,R,25.6,H,-,E,Y,4,0,1,2,A,-,03,22350,NA,N,C,C,A,A,H,-,A,D,1,NA,NA,Y,NA,Y,NA,C,02,0,0,1,0,0,0,0,0,1,-,-,34.15155,-118.14342,LOS ANGELES,PASADENA,-118.14507708,34.15167212
7024623,2015,2015-08-20,1942,2015-06-22,1445,40325,1149,1,5,7,1942,0,0,0,K,0,4TL4,FIGEROA ST,AVENUE 55,15,N,N,A,-,N,NA,NA,NA,NA,NA,NA,NA,NA,NA,Y,4,0,1,1,A,-,03,22350,NA,N,E,I,A,A,H,-,A,A,0,NA,NA,NA,NA,Y,NA,A,01,0,0,1,0,0,0,0,0,0,-,-,NA,NA,LOS ANGELES,LOS ANGELES,-118.19609725,34.10797068
7024626,2015,2017-01-13,9575,2015-07-22,1816,20172,NA,3,2,6,1925,0,1,3,NA,2,042,RT 134,SAN FERNANDO RD,800,E,N,A,-,Y,LA,7,134,-,R,6.1,H,-,W,Y,3,0,1,3,A,-,03,22350,NA,N,C,C,A,A,H,-,A,D,1,NA,NA,NA,NA,Y,NA,A,01,0,1,0,0,0,0,0,0,0,-,-,34.15551,-118.27313,LOS ANGELES,GLENDALE,-118.2725126,34.15460274
7024635,2015,2016-11-02,9575,2015-06-26,0000,20526,NA,5,3,7,1942,0,1,1,NA,2,052,RT 5,ROSCOE BL,950,N,N,A,-,Y,LA,7,5,-,-,33.46,H,-,S,N,4,0,1,2,A,-,03,22350,NA,N,C,C,A,A,H,-,C,D,1,NA,NA,NA,NA,Y,NA,A,07,0,0,1,0,0,0,0,0,0,-,-,34.22166,-118.36266,LOS ANGELES,LOS ANGELES,-118.36290444,34.22171644
7024639,2015,2016-12-17,9575,2015-06-25,2040,20634,NA,4,2,6,1912,0,1,1,NA,2,051,RT 5,BUENA VISTA ST,1200,N,N,A,-,Y,LA,7,5,-,-,31.46,H,-,S,Y,4,0,2,2,A,-,03,22350,NA,N,C,C,A,A,H,-,D,D,1,NA,NA,NA,NA,Y,NA,A,01,0,0,2,0,0,0,0,0,0,-,-,34.20103,-118.33954,LOS ANGELES,BURBANK,-118.33971686,34.2013233
7024837,2015,2015-08-26,1976,2015-06-26,1426,864,NA,5,5,3,1964,0,0,0,NA,0,002,FLORENCE AV,KOONTZ AV,80,E,N,A,-,N,NA,NA,NA,NA,NA,NA,NA,NA,NA,N,4,0,2,2,A,-,03,22350,NA,F,C,C,A,A,H,-,A,D,0,NA,NA,NA,NA,Y,NA,A,01,0,0,2,0,0,0,0,0,0,-,-,NA,NA,LOS ANGELES,SANTA FE SPRINGS,-118.07367683,33.93535
7024847,2015,2015-09-09,1962,2015-08-07,0914,106,1962,5,5,4,1962,0,0,0,NA,0,024,BROADWAY,SAN GABRIEL BL,90,W,N,A,-,N,NA,NA,NA,NA,NA,NA,NA,NA,NA,N,4,0,1,2,A,-,03,22350,NA,N,C,C,A,A,H,-,A,A,0,NA,NA,NA,NA,Y,NA,A,01,0,0,1,0,0,0,0,0,0,-,-,NA,NA,LOS ANGELES,SAN GABRIEL,-118.09124665,34.09904
7024897,2015,2015-12-21,1962,2015-08-05,1314,088,1962,3,5,4,1962,0,0,0,NA,0,024,SAN GABRIEL BL,LONGDEN AV,19,N,N,A,-,N,NA,NA,NA,NA,NA,NA,NA,NA,NA,N,3,0,1,2,A,-,03,22350,NA,M,B,C,A,A,H,-,A,A,0,NA,NA,NA,NA,Y,NA,A,01,0,1,0,0,0,0,0,0,0,-,-,NA,NA,LOS ANGELES,SAN GABRIEL,-118.09118,34.1135221
7024899,2015,2015-08-28,1976,2015-07-30,1417,854,NA,4,5,3,1964,0,0,0,NA,0,NA,SORENSEN AV,WASHINGTON BL,163,S,N,A,-,N,NA,NA,NA,NA,NA,NA,NA,NA,NA,N,3,0,1,2,A,-,09,21804,A,N,H,G,A,A,H,-,A,D,0,NA,Y,NA,NA,Y,NA,L,04,0,1,0,0,0,0,1,0,0,-,-,NA,NA,LOS ANGELES,SANTA FE SPRINGS,-118.06005269,33.9689239
7024940,2015,2017-01-28,9575,2015-07-17,2345,020492,NA,5,3,7,1942,0,1,1,NA,2,050,RT 5,COLORADO ST FWY EXT,700,N,N,A,-,Y,LA,7,5,-,-,25.969,R,2,S,Y,3,0,1,1,A,-,08,22107,NA,N,E,I,A,A,H,-,C,D,1,NA,NA,NA,NA,Y,NA,A,01,0,1,0,0,0,0,0,0,0,TO,-,NA,NA,LOS ANGELES,LOS ANGELES,-118.27839953,34.1434925
7024944,2015,2015-08-28,9575,2015-07-19,0610,19920,NA,7,1,9,1900,0,2,4,NA,2,024,WOODBURY RD,GLENROSE AV,0,NA,Y,A,-,N,NA,NA,NA,NA,NA,NA,NA,NA,NA,Y,3,0,3,1,A,-,08,22107,NA,N,E,I,A,A,H,-,A,A,0,NA,NA,NA,NA,Y,NA,A,01,0,2,1,0,0,0,0,0,0,-,-,NA,NA,LOS ANGELES,UNINCORPORATED,-118.15523008,34.18295003
7024948,2015,2017-01-12,9575,2015-07-19,1300,20530,NA,7,1,9,1900,0,1,3,NA,2,302,RT 2,SAND SHED,3960,W,N,A,-,Y,LA,7,2,-,-,45.42,H,-,E,Y,3,0,1,1,A,-,08,22107,NA,N,F,A,A,A,H,-,A,D,0,NA,NA,Y,NA,Y,NA,C,02,0,1,0,0,0,0,0,0,1,-,-,NA,NA,LOS ANGELES,UNINCORPORATED,-118.00212583,34.28216787
7024952,2015,2015-08-31,9575,2015-07-19,2100,20771,NA,7,2,9,1900,0,2,4,NA,2,025,LAKE AV,NEW YORK DR,0,NA,Y,B,-,N,NA,NA,NA,NA,NA,NA,NA,NA,NA,Y,4,0,1,2,D,-,00,NA,NA,N,D,C,A,A,H,-,C,A,0,NA,NA,NA,NA,Y,NA,-,-,0,0,1,0,0,0,0,0,0,-,-,NA,NA,LOS ANGELES,UNINCORPORATED,-118.13182002,34.17844005
7024956,2015,2017-01-23,9575,2015-07-21,2305,020729,NA,2,3,6,1953,0,1,1,NA,2,063,RT 210,WASHINGTON BL,100,E,N,A,-,Y,LA,7,210,-,R,23.59,H,-,E,Y,3,0,4,2,A,-,03,22350,NA,N,C,C,A,A,H,-,A,D,1,NA,NA,NA,NA,Y,NA,A,01,0,1,3,0,0,0,0,0,0,-,-,NA,NA,LOS ANGELES,PASADENA,-118.15796296,34.16915065
7025203,2015,2015-08-27,1906,2015-07-20,2147,4411,1906,1,5,5,1906,0,0,0,NA,0,002,MARINE AV,JOANBRIDGE ST,0,NA,N,A,-,N,NA,NA,NA,NA,NA,NA,NA,NA,NA,Y,4,0,1,3,A,-,08,22107,NA,N,A,E,A,A,H,-,C,D,0,NA,NA,NA,Y,Y,NA,-,-,0,0,1,0,0,0,0,0,0,-,-,NA,NA,LOS ANGELES,BALDWIN PARK,-117.96054,34.10556
7025231,2015,2015-09-04,1906,2015-08-07,1223,4407,1906,5,5,5,1906,0,0,0,NA,0,002,OLIVE ST,LA RICA AV,50,E,N,A,-,N,NA,NA,NA,NA,NA,NA,NA,NA,NA,Y,3,0,1,2,A,-,08,22103,NA,N,B,C,A,A,H,-,A,D,0,NA,NA,NA,NA,Y,NA,D,22,0,1,0,0,0,0,0,0,0,-,-,NA,NA,LOS ANGELES,BALDWIN PARK,-117.96688525,34.0994825
7025247,2015,2015-08-28,1906,2015-07-19,0949,4401,1906,7,5,5,1906,0,0,0,NA,0,003,PACIFIC AV,PUENTE AV,50,E,N,A,-,N,NA,NA,NA,NA,NA,NA,NA,NA,NA,Y,4,0,1,2,A,-,09,21801,A,N,D,C,A,A,H,-,-,A,0,NA,NA,NA,NA,Y,NA,D,22,0,0,1,0,0,0,0,0,0,-,-,NA,NA,LOS ANGELES,BALDWIN PARK,-117.95224629,34.07918948
7025259,2015,2016-07-19,1947,2015-07-04,2237,NA,NA,6,5,5,1947,0,0,0,NA,0,00B,W WHITTIER BL,W WHITTIER BL 1700,0,NA,-,A,-,N,NA,NA,NA,NA,NA,NA,NA,NA,NA,Y,4,0,4,2,A,-,09,21804,A,N,C,C,A,A,H,-,C,D,0,NA,NA,NA,Y,Y,NA,F,26,0,0,4,0,0,0,0,0,0,-,-,34.01239,-118.11924,LOS ANGELES,MONTEBELLO,-118.119719,34.012532
7025267,2015,2016-07-20,1947,2015-07-18,0835,1392,NA,6,5,5,1947,0,0,0,NA,0,00E,TELEGRAPH RD,S MAPLE AV S,0,NA,Y,C,-,N,NA,NA,NA,NA,NA,NA,NA,NA,NA,Y,3,0,1,2,A,-,09,21801,A,N,D,C,A,B,H,-,A,D,0,NA,NA,NA,NA,Y,NA,I,11,0,1,0,0,0,0,0,0,0,-,-,33.98336,-118.13192,LOS ANGELES,MONTEBELLO,-118.13189011,33.98328011
7025271,2015,2015-08-28,1947,2015-07-30,0804,R4,NA,4,5,5,1947,0,0,0,NA,0,00E,S GREENWOOD AV,OAKWOOD AV,200,S,N,B,C,N,NA,NA,NA,NA,NA,NA,NA,NA,NA,N,4,0,1,2,A,-,10,21952,NA,N,G,B,D,B,H,-,A,D,0,Y,NA,NA,Y,Y,NA,F,76,0,0,1,0,1,0,0,0,0,-,-,NA,NA,LOS ANGELES,MONTEBELLO,-118.1232513,33.98847269
7025275,2015,2015-09-10,1947,2015-07-20,1227,1393,NA,1,5,5,1947,0,0,0,NA,0,00D,WEST WASHINGTON BL,BLUFF RD,150,W,N,A,-,N,NA,NA,NA,NA,NA,NA,NA,NA,NA,N,4,0,1,2,A,-,03,22350,NA,N,C,C,A,A,A,H,A,D,0,NA,NA,NA,NA,Y,NA,I,11,0,0,1,0,0,0,0,0,0,-,-,33.99189,-118.11158,LOS ANGELES,MONTEBELLO,-118.11202338,33.99210169
7025279,2015,2016-06-02,1947,2015-04-06,2002,1389,NA,1,5,5,1947,0,0,0,NA,0,00C,W WHITTIER BL,N 1ST ST N,0,NA,Y,A,-,N,NA,NA,NA,NA,NA,NA,NA,NA,NA,N,4,0,1,2,A,-,05,21202,A,N,D,G,A,A,H,-,B,A,0,NA,Y,NA,NA,Y,NA,L,04,0,0,1,0,0,0,1,0,0,-,-,NA,NA,LOS ANGELES,MONTEBELLO,-118.10078002,34.00849007
7025284,2015,2015-08-29,1947,2015-07-04,1336,1297,NA,6,5,5,1947,0,0,0,NA,0,00D,S SPRUCE ST,WHITTIER BL,5,S,N,A,-,N,NA,NA,NA,NA,NA,NA,NA,NA,NA,N,3,0,1,2,A,-,05,21650,I,N,D,G,A,A,H,-,-,D,0,NA,Y,NA,NA,Y,NA,L,04,0,1,0,0,0,0,1,0,0,-,-,NA,NA,LOS ANGELES,MONTEBELLO,-118.10977399,34.0104067
7025288,2015,2016-07-19,1947,2015-07-10,1903,1360,NA,5,5,5,1947,0,0,0,NA,0,00B,WHITTIER BL,MAPLE AV,0,NA,Y,A,C,N,NA,NA,NA,NA,NA,NA,NA,NA,NA,N,3,0,1,2,A,-,00,21659,I,N,G,G,A,A,H,-,A,A,0,NA,Y,NA,NA,Y,NA,L,04,0,1,0,0,0,0,1,0,0,-,-,NA,NA,LOS ANGELES,MONTEBELLO,-118.11664004,34.011790070000004
7025292,2015,2015-09-08,1947,2015-07-24,1905,1319,NA,5,5,5,1947,0,0,0,NA,0,00B,BEVERLY BL,TAYLOR AV,0,NA,Y,A,-,N,NA,NA,NA,NA,NA,NA,NA,NA,NA,Y,4,0,1,2,A,-,12,21453,A,N,B,C,A,A,H,-,A,A,0,NA,NA,NA,NA,Y,NA,-,-,0,0,1,0,0,0,0,0,0,-,-,NA,NA,LOS ANGELES,MONTEBELLO,-118.1118701,34.01844002
7025296,2015,2015-09-11,1947,2015-07-11,2100,1320,NA,6,5,5,1947,0,0,0,NA,0,00B,W WILCOX AV,W WHITTIER BL W,0,NA,Y,A,-,N,NA,NA,NA,NA,NA,NA,NA,NA,NA,NA,3,0,1,2,A,-,01,23152,A,N,D,C,A,A,H,-,C,D,0,NA,NA,NA,NA,Y,NA,A,01,0,1,0,0,0,0,0,0,0,-,-,NA,NA,LOS ANGELES,MONTEBELLO,-118.1250901,34.01357011
7025300,2015,2015-09-09,1947,2015-07-24,1918,NA,NA,5,5,5,1947,0,0,0,NA,0,00B,WEST BEVERLY BL,W 18TH ST W,0,NA,Y,A,-,N,NA,NA,NA,NA,NA,NA,NA,NA,NA,NA,3,0,2,3,A,-,12,21453,A,N,D,C,A,A,H,-,-,A,0,NA,NA,NA,NA,Y,Y,A,01,0,1,1,0,0,0,0,0,0,-,-,NA,NA,LOS ANGELES,MONTEBELLO,-118.11817012,34.01969002
7025304,2015,2015-09-21,1947,2015-07-23,2056,1366,NA,4,5,5,1947,0,0,0,NA,0,00E,WEST WASHINGTON BL,MAPLE AV,0,NA,Y,A,-,N,NA,NA,NA,NA,NA,NA,NA,NA,NA,Y,3,0,1,2,A,-,12,21453,A,N,D,C,A,A,H,-,C,A,0,NA,NA,NA,NA,Y,NA,-,-,0,1,0,0,0,0,0,0,0,-,-,NA,NA,LOS ANGELES,MONTEBELLO,-118.12372008,33.99693009
7025308,2015,2015-08-29,1947,2015-07-17,1722,1363,NA,5,5,5,1947,0,0,0,NA,0,00A,BEVERLY BL,FINDLAY AV,100,E,N,A,-,N,NA,NA,NA,NA,NA,NA,NA,NA,NA,Y,4,0,1,3,A,-,03,22350,I,N,C,C,A,A,H,-,A,D,0,NA,NA,NA,NA,Y,NA,A,01,0,0,1,0,0,0,0,0,0,-,-,NA,NA,LOS ANGELES,MONTEBELLO,-118.13755978,34.02384596
7025312,2015,2015-08-29,1947,2015-07-14,0817,R4,NA,2,5,5,1947,0,0,0,NA,0,00A,N GARFIELD AV,W VIA CAMPO AV W,0,NA,Y,A,-,N,NA,NA,NA,NA,NA,NA,NA,NA,NA,Y,3,0,2,2,A,-,12,21453,A,N,D,C,A,A,H,-,A,A,0,NA,NA,NA,NA,Y,NA,A,01,0,1,1,0,0,0,0,0,0,-,-,NA,NA,LOS ANGELES,MONTEBELLO,-118.12997009,34.03274011
7025316,2015,2015-08-29,1947,2015-07-17,1244,1327,NA,5,5,5,1947,0,0,0,NA,0,00F,N MONTEBELLO BL,LIBERTY AV,850,N,N,A,-,N,NA,NA,NA,NA,NA,NA,NA,NA,NA,Y,3,0,3,3,A,-,03,22350,NA,N,C,C,A,A,H,-,A,D,0,NA,NA,Y,NA,Y,NA,A,01,0,2,1,0,0,0,0,0,0,-,-,NA,NA,LOS ANGELES,MONTEBELLO,-118.09894526,34.03101548
7025320,2015,2015-08-29,1947,2015-07-15,1859,1368,NA,3,5,5,1947,0,0,0,NA,0,00C,WEST BEVERLY BL,N 4TH ST N,0,NA,Y,A,-,N,NA,NA,NA,NA,NA,NA,NA,NA,NA,N,4,0,1,2,B,-,22,NA,NA,N,D,G,A,A,H,-,A,A,0,NA,Y,NA,NA,Y,NA,L,04,0,0,1,0,0,0,1,0,0,-,-,NA,NA,LOS ANGELES,MONTEBELLO,-118.10174008,34.01630006