CASE_ID,ACCIDENT_YEAR,PROC_DATE,JURIS,COLLISION_DATE,COLLISION_TIME,OFFICER_ID,REPORTING_DISTRICT,DAY_OF_WEEK,CHP_SHIFT,POPULATION,CNTY_CITY_LOC,SPECIAL_COND,BEAT_TYPE,CHP_BEAT_TYPE,CITY_DIVISION_LAPD,CHP_BEAT_CLASS,BEAT_NUMBER,PRIMARY_RD,SECONDARY_RD,DISTANCE,DIRECTION,INTERSECTION,WEATHER_1,WEATHER_2,STATE_HWY_IND,CALTRANS_COUNTY,CALTRANS_DISTRICT,STATE_ROUTE,ROUTE_SUFFIX,POSTMILE_PREFIX,POSTMILE,LOCATION_TYPE,RAMP_INTERSECTION,SIDE_OF_HWY,TOW_AWAY,COLLISION_SEVERITY,NUMBER_KILLED,NUMBER_INJURED,PARTY_COUNT,PRIMARY_COLL_FACTOR,PCF_CODE_OF_VIOL,PCF_VIOL_CATEGORY,PCF_VIOLATION,PCF_VIOL_SUBSECTION,HIT_AND_RUN,TYPE_OF_COLLISION,MVIW,PED_ACTION,ROAD_SURFACE,ROAD_COND_1,ROAD_COND_2,LIGHTING,CONTROL_DEVICE,CHP_ROAD_TYPE,PEDESTRIAN_ACCIDENT,BICYCLE_ACCIDENT,MOTORCYCLE_ACCIDENT,TRUCK_ACCIDENT,NOT_PRIVATE_PROPERTY,ALCOHOL_INVOLVED,STWD_VEHTYPE_AT_FAULT,CHP_VEHTYPE_AT_FAULT,COUNT_SEVERE_INJ,COUNT_VISIBLE_INJ,COUNT_COMPLAINT_PAIN,COUNT_PED_KILLED,COUNT_PED_INJURED,COUNT_BICYCLIST_KILLED,COUNT_BICYCLIST_INJURED,COUNT_MC_KILLED,COUNT_MC_INJURED,PRIMARY_RAMP,SECONDARY_RAMP,LATITUDE,LONGITUDE,COUNTY,CITY,POINT_X,POINT_Y
7025324,2015,2015-08-29,1947,2015-07-06,1017,1349,NA,1,5,5,1947,0,0,0,NA,0,00A,NORTH GARFIELD AV,HAY ST,0,NA,Y,A,-,N,NA,NA,NA,NA,NA,NA,NA,NA,NA,Y,4,0,1,2,A,-,12,21453,A,N,C,C,A,A,H,-,A,A,0,NA,NA,NA,NA,Y,NA,-,NA,0,0,1,0,0,0,0,0,0,-,-,NA,NA,LOS ANGELES,MONTEBELLO,-118.13278007,34.0194301
7025328,2015,2015-08-29,1947,2015-07-12,0831,1249,NA,7,5,5,1947,0,0,0,NA,0,00F,LIBERTY AV,MONTEBELLO BL,0,NA,Y,A,-,N,NA,NA,NA,NA,NA,NA,NA,NA,NA,Y,4,0,3,2,A,-,12,21453,A,N,D,C,A,A,H,-,A,A,0,NA,NA,NA,NA,Y,NA,A,01,0,0,3,0,0,0,0,0,0,-,-,NA,NA,LOS ANGELES,MONTEBELLO,-118.10122,34.02967008
7025332,2015,2015-08-29,1947,2015-07-02,1017,1369,NA,4,5,5,1947,0,0,0,NA,0,00A,NORTH GARFIELD AV,VIA PASEO,0,NA,Y,A,-,N,NA,NA,NA,NA,NA,NA,NA,NA,NA,Y,4,0,1,2,A,-,09,21801,A,N,D,C,A,A,H,-,A,A,0,NA,NA,NA,NA,Y,NA,A,01,0,0,1,0,0,0,0,0,0,-,-,NA,NA,LOS ANGELES,MONTEBELLO,-118.12828004,34.02921006
7025336,2015,2015-09-09,1906,2015-07-13,0733,2892,1906,1,5,5,1906,0,0,0,NA,0,002,MERCED AV,EDISON POLE #4080178E,60,S,N,A,-,N,NA,NA,NA,NA,NA,NA,NA,NA,NA,N,4,0,1,2,A,-,08,22107,NA,N,B,C,A,A,H,-,A,D,0,NA,NA,NA,NA,Y,NA,A,01,0,0,1,0,0,0,0,0,0,-,-,NA,NA,LOS ANGELES,BALDWIN PARK,NA,NA
7025340,2015,2015-09-08,1906,2015-07-30,1022,1791,1906,4,5,5,1906,0,0,0,NA,0,002,FRANCISQUITO AV,VINELAND AV,15,E,N,A,-,N,NA,NA,NA,NA,NA,NA,NA,NA,NA,Y,4,0,1,2,A,-,03,22350,NA,N,C,D,A,A,H,-,A,A,0,NA,NA,Y,NA,Y,NA,A,01,0,0,1,0,0,0,0,0,1,-,-,NA,NA,LOS ANGELES,BALDWIN PARK,-117.9729825,34.06776322
7025344,2015,2015-08-29,1947,2015-07-23,2000,1399,NA,4,5,5,1947,0,0,0,NA,0,00C,W MANCHESTER AV,N 4TH ST N,0,NA,Y,A,-,N,NA,NA,NA,NA,NA,NA,NA,NA,NA,N,4,0,3,3,A,-,00,22450,I,N,D,C,A,A,H,-,B,D,0,NA,NA,NA,NA,Y,NA,A,01,0,0,3,0,0,0,0,0,0,-,-,NA,NA,LOS ANGELES,MONTEBELLO,-118.32105,33.95997011
7025347,2015,2016-07-20,1947,2015-07-23,1751,NA,NA,4,5,5,1947,0,0,0,NA,0,00D,WASHINGTON BL,GREENWOOD AV,0,NA,Y,A,-,N,NA,NA,NA,NA,NA,NA,NA,NA,NA,Y,4,0,1,2,A,-,03,22350,NA,N,C,C,A,A,H,-,A,A,0,NA,NA,NA,NA,Y,Y,A,01,0,0,1,0,0,0,0,0,0,-,-,NA,NA,LOS ANGELES,MONTEBELLO,-118.11931007,33.99513001
7025348,2015,2015-09-02,1947,2015-07-16,1755,1374,NA,4,5,5,1947,0,0,0,NA,0,00B,S GREENWOOD AV,BEACH ST,0,NA,Y,A,-,N,NA,NA,NA,NA,NA,NA,NA,NA,NA,NA,3,0,2,2,A,-,00,21453,I,N,H,C,A,A,H,-,A,A,0,NA,NA,NA,NA,Y,NA,A,01,0,2,0,0,0,0,0,0,0,-,-,NA,NA,LOS ANGELES,MONTEBELLO,-118.11690003,33.99926006
7025350,2015,2015-09-16,1965,2015-08-10,1130,3144,0B1F,1,5,5,1965,0,0,0,NA,0,B001,BAY ST,NEILSON WY,24,W,N,A,-,N,NA,NA,NA,NA,NA,NA,NA,NA,NA,N,4,0,1,2,A,-,03,22350,NA,N,C,C,A,A,H,-,A,A,0,NA,NA,NA,NA,Y,NA,J,41,0,0,1,0,0,0,0,0,0,-,-,NA,NA,LOS ANGELES,SANTA MONICA,-118.48961079,34.00668792
7025351,2015,2015-08-29,1947,2015-07-24,1605,1363,NA,5,5,5,1947,0,0,0,NA,0,00A,BEVERLY BL,FINDLAY AV,300,E,N,A,-,N,NA,NA,NA,NA,NA,NA,NA,NA,NA,Y,3,0,1,2,A,-,08,22107,NA,N,C,E,A,A,H,-,A,D,0,NA,NA,NA,NA,Y,NA,A,01,0,1,0,0,0,0,0,0,0,-,-,NA,NA,LOS ANGELES,MONTEBELLO,-118.13691895,34.02371923
7025352,2015,2015-09-04,1947,2015-07-30,1612,1363,NA,4,5,5,1947,0,0,0,NA,0,00A,VIA CAMPO,WILCOX AV,250,W,N,A,-,N,NA,NA,NA,NA,NA,NA,NA,NA,NA,N,4,0,1,2,A,-,08,22107,NA,N,D,G,A,A,H,-,A,D,0,NA,Y,NA,NA,Y,NA,A,01,0,0,1,0,0,0,1,0,0,-,-,NA,NA,LOS ANGELES,MONTEBELLO,-118.12589334,34.03278189
7025356,2015,2015-08-29,1947,2015-07-20,0434,1402,NA,1,5,5,1947,0,0,0,NA,0,00F,PARAMOUNT BL,TOWN CENTER DR,0,NA,Y,A,-,N,NA,NA,NA,NA,NA,NA,NA,NA,NA,Y,4,0,2,2,A,-,00,21453,I,N,D,C,A,A,H,-,C,A,0,NA,NA,NA,NA,Y,NA,B,NA,0,0,2,0,0,0,0,0,0,-,-,NA,NA,LOS ANGELES,MONTEBELLO,-118.09211003,34.03520002
7025358,2015,2015-09-30,1965,2015-08-04,1336,3861,0B2C,2,5,5,1965,0,0,0,NA,0,B001,PICO BL,23RD ST,97,W,N,A,-,N,NA,NA,NA,NA,NA,NA,NA,NA,NA,N,4,0,1,2,A,-,03,22350,NA,N,C,C,A,A,H,-,A,A,0,NA,NA,NA,NA,Y,NA,I,20,0,0,1,0,0,0,0,0,0,-,-,NA,NA,LOS ANGELES,SANTA MONICA,-118.46682459,34.02089082
7025360,2015,2015-08-29,1947,2015-07-26,1003,1400,NA,7,5,5,1947,0,0,0,NA,0,00B,N WILCOX AV,WEST VIRGINIA AV,0,NA,Y,A,-,N,NA,NA,NA,NA,NA,NA,NA,NA,NA,Y,4,0,3,3,A,-,08,22107,NA,F,F,D,A,A,H,-,A,D,0,NA,NA,NA,NA,Y,NA,A,07,0,0,3,0,0,0,0,0,0,-,-,NA,NA,LOS ANGELES,MONTEBELLO,NA,NA
7025619,2015,2015-08-14,1942,2015-07-21,0530,36065,0504,2,5,7,1942,0,0,0,E,0,5A85,NORMANDIE AV,KNOX ST,0,NA,Y,A,-,N,NA,NA,NA,NA,NA,NA,NA,NA,NA,Y,4,0,2,2,A,-,09,21801,A,N,A,C,A,A,H,-,A,A,0,NA,NA,NA,NA,Y,NA,A,08,0,0,2,0,0,0,0,0,0,-,-,NA,NA,LOS ANGELES,LOS ANGELES,-118.29923005,33.85422003
7025620,2015,2015-08-14,1942,2015-07-20,1715,36216,555,1,5,7,1942,0,0,0,NA,0,5A11,GAFFEY ST,MIRAFLORES AV,400,S,N,A,-,N,NA,NA,NA,NA,NA,NA,NA,NA,NA,N,4,0,1,2,A,-,03,22350,NA,N,C,C,A,A,H,-,A,A,0,NA,NA,NA,NA,Y,Y,A,01,0,0,1,0,0,0,0,0,0,-,-,NA,NA,LOS ANGELES,LOS ANGELES,-118.29372479,33.75188084
7025621,2015,2015-08-14,1942,2015-07-21,2230,40801,0524,2,5,7,1942,0,0,0,E,0,5A25,ANAHEIM ST,KING,70,E,N,A,-,N,NA,NA,NA,NA,NA,NA,NA,NA,NA,Y,3,0,1,2,A,-,04,21703,NA,N,C,D,A,A,H,-,C,D,0,NA,NA,Y,NA,Y,NA,C,02,0,1,0,0,0,0,0,0,1,-,-,NA,NA,LOS ANGELES,LOS ANGELES,-118.27528047,33.77927093
7025622,2015,2015-08-14,1942,2015-07-12,1230,31288,0506,7,5,7,1942,0,0,0,E,0,5T21,CARSON ST,HALLDALE AV,250,E,N,A,-,N,NA,NA,NA,NA,NA,NA,NA,NA,NA,Y,3,0,3,4,A,-,03,22350,NA,N,C,C,A,A,H,-,A,D,0,NA,NA,NA,NA,Y,NA,A,07,0,1,2,0,0,0,0,0,0,-,-,NA,NA,LOS ANGELES,LOS ANGELES,-118.30082841,33.83153143
7025638,2015,2015-08-14,1942,2015-07-17,1405,39893,0423,5,5,7,1942,0,0,0,D,0,4A71WZ,N MISSION RD,SICHEL ST,10,W,N,A,-,N,NA,NA,NA,NA,NA,NA,NA,NA,NA,N,4,0,1,2,A,-,21,22106,NA,N,G,B,F,A,H,-,A,D,0,Y,NA,NA,NA,Y,NA,-,NA,0,0,1,0,1,0,0,0,0,-,-,NA,NA,LOS ANGELES,LOS ANGELES,-118.21271653,34.06174374
7025639,2015,2017-01-27,1942,2015-07-25,1725,34426,0451,6,5,7,1942,0,0,0,D,0,2TL28,MISSION RD,ALISO ST,0,NA,Y,A,-,Y,LA,7,101,-,-,0.196,R,1,S,N,4,0,2,2,A,-,12,21453,A,N,D,C,A,A,H,-,A,A,0,NA,NA,NA,NA,Y,NA,-,-,0,0,2,0,0,0,0,0,0,-,-,NA,NA,LOS ANGELES,LOS ANGELES,-118.23033844,34.05324775
7025640,2015,2015-08-14,1942,2015-07-27,1750,39010,0139,1,5,7,1942,0,0,0,A,0,1TL24,ALAMEDA ST,3RD ST,0,NA,Y,A,-,N,NA,NA,NA,NA,NA,NA,NA,NA,NA,Y,3,0,2,2,A,-,09,21801,A,N,A,C,A,A,H,-,A,A,0,NA,NA,NA,NA,Y,NA,A,01,0,2,0,0,0,0,0,0,0,-,-,NA,NA,LOS ANGELES,LOS ANGELES,-118.23809,34.04554
7025647,2015,2015-12-04,1942,2015-07-16,0950,37214,0403,4,5,7,1942,0,0,0,D,0,4A3,GRIFFIN AV,MONTECITO DR,2000,N,N,A,-,N,NA,NA,NA,NA,NA,NA,NA,NA,NA,N,4,0,1,2,A,-,05,21650,NA,N,A,E,A,A,H,-,A,D,0,NA,NA,NA,NA,Y,NA,A,01,0,0,1,0,0,0,0,0,0,-,-,NA,NA,LOS ANGELES,LOS ANGELES,-118.20077275,34.10041469
7025803,2015,2015-08-24,1942,2015-08-04,1720,26319,1675,2,5,7,1942,0,0,0,P,0,19TL74,GLENOAKS BL,LA TUNA CANYON,40,S,N,A,-,N,NA,NA,NA,NA,NA,NA,NA,NA,NA,N,4,0,1,2,A,-,03,22350,NA,N,C,C,A,A,H,-,A,A,0,NA,NA,NA,NA,Y,NA,A,01,0,0,1,0,0,0,0,0,0,-,-,NA,NA,LOS ANGELES,LOS ANGELES,-118.37126234,34.23440793
7025804,2015,2015-08-21,1942,2015-08-05,1450,40811,0984,3,5,7,1942,0,0,0,I,0,21TL62,VENTURA BL,KESTER AV,0,NA,Y,A,-,N,NA,NA,NA,NA,NA,NA,NA,NA,NA,N,4,0,1,2,A,-,09,21801,NA,N,D,C,A,A,H,-,A,D,0,NA,NA,NA,NA,Y,NA,A,01,0,0,1,0,0,0,0,0,0,-,-,NA,NA,LOS ANGELES,LOS ANGELES,-118.45743,34.15235005
7025807,2015,2015-08-24,1942,2015-08-01,1055,39096,1622,6,5,7,1942,0,0,0,P,0,10TL34,PAXTON ST,BRADLEY AV,600,W,N,A,-,N,NA,NA,NA,NA,NA,NA,NA,NA,NA,N,4,0,6,3,A,-,03,22350,NA,N,C,C,A,A,H,-,A,A,0,NA,NA,NA,NA,Y,NA,A,07,0,0,6,0,0,0,0,0,0,-,-,NA,NA,LOS ANGELES,LOS ANGELES,-118.42606612,34.27377118
7025808,2015,2015-09-02,1942,2015-08-05,1530,40356,0911,3,5,7,1942,0,0,0,I,0,9A89,VANOWEN ST,ORION AV,0,NA,Y,A,-,N,NA,NA,NA,NA,NA,NA,NA,NA,NA,N,4,0,1,2,A,-,12,21453,A,N,D,C,A,A,H,-,A,A,0,NA,NA,NA,NA,Y,NA,-,-,0,0,1,0,0,0,0,0,0,-,-,NA,NA,LOS ANGELES,LOS ANGELES,-118.47058008,34.19392006
7025810,2015,2015-08-24,1942,2015-08-02,0512,31324,1345,7,5,7,1942,0,0,0,M,0,1TL24,CENTRAL AV,43RD ST,151,N,N,A,-,N,NA,NA,NA,NA,NA,NA,NA,NA,NA,Y,3,0,1,3,A,-,01,23152,A,M,B,E,A,A,H,-,B,-,0,NA,NA,NA,NA,Y,Y,A,01,0,1,0,0,0,0,0,0,0,-,-,NA,NA,LOS ANGELES,LOS ANGELES,-118.25649455,34.0061441
7025811,2015,2016-07-19,1942,2015-08-01,1445,32372,1656,6,5,7,1942,0,0,0,P,0,35M49,BETTY LOU LN,APPERSON ST,0,NA,Y,A,-,N,NA,NA,NA,NA,NA,NA,NA,NA,NA,N,3,0,1,2,A,-,09,21804,A,N,E,I,A,A,H,-,A,A,0,NA,NA,Y,NA,Y,NA,A,07,0,1,0,0,0,0,0,0,1,-,-,NA,NA,LOS ANGELES,LOS ANGELES,-118.30026003,34.25599003
7025812,2015,2015-08-21,1942,2015-08-04,1810,34599,0919,2,5,7,1942,0,0,0,I,0,10TL38,VANOWEN ST,GREENBUSH AV,25,E,N,A,-,N,NA,NA,NA,NA,NA,NA,NA,NA,NA,N,3,0,1,2,A,-,09,21804,A,N,D,C,A,A,H,-,A,A,0,NA,NA,Y,NA,Y,NA,A,01,0,1,0,0,0,0,0,0,1,-,-,NA,NA,LOS ANGELES,LOS ANGELES,-118.42569748,34.19394
7025814,2015,2015-08-24,1942,2015-08-03,1505,38050,1161,1,5,7,1942,0,0,0,K,0,1TL24,SANTA MONICA BL,EDGEMONT AV,0,NA,Y,A,-,N,NA,NA,NA,NA,NA,NA,NA,NA,NA,N,4,0,2,2,A,-,09,21801,A,N,A,C,A,A,H,-,A,A,0,NA,NA,NA,NA,Y,NA,A,08,0,0,2,0,0,0,0,0,0,-,-,NA,NA,LOS ANGELES,LOS ANGELES,-118.29608007,34.09085001
7025815,2015,2015-08-24,1942,2015-08-03,0815,38850,1547,1,5,7,1942,0,0,0,O,0,19TL75,BURBANK BL,TUJUNGA AV,15,E,N,A,-,N,NA,NA,NA,NA,NA,NA,NA,NA,NA,N,4,0,1,2,A,-,09,21801,A,N,D,C,A,A,H,-,A,A,0,NA,NA,Y,NA,Y,NA,A,01,0,0,1,0,0,0,0,0,1,-,-,NA,NA,LOS ANGELES,LOS ANGELES,-118.3789905,34.17215
7025816,2015,2015-08-21,1942,2015-08-04,1400,34599,0969,2,5,7,1942,0,0,0,I,0,10TL38,WHITSETT AV,RIVERSIDE DR,0,NA,Y,A,-,N,NA,NA,NA,NA,NA,NA,NA,NA,NA,N,3,0,2,2,A,-,09,21801,A,N,A,C,A,A,H,-,A,A,0,NA,NA,NA,NA,Y,NA,A,01,0,1,1,0,0,0,0,0,0,-,-,NA,NA,LOS ANGELES,LOS ANGELES,-118.40526013,34.15761012
7025818,2015,2015-08-24,1942,2015-08-03,1840,39889,1353,1,5,7,1942,0,0,0,M,0,13TL55,E VERNON AV,S CENTRAL AV,0,NA,Y,A,-,N,NA,NA,NA,NA,NA,NA,NA,NA,NA,N,3,0,1,2,A,-,10,21950,A,N,G,B,B,A,H,-,A,A,0,Y,NA,NA,NA,Y,NA,A,01,0,1,0,0,1,0,0,0,0,-,-,NA,NA,LOS ANGELES,LOS ANGELES,-118.25649004,34.00393001
7025819,2015,2015-08-24,1942,2015-08-04,0800,36257,1527,2,5,7,1942,0,0,0,O,0,15TL45,TUJUNGA AV,KITTRIDGE ST,50,S,N,A,-,N,NA,NA,NA,NA,NA,NA,NA,NA,NA,N,4,0,1,2,A,-,09,21804,A,N,C,C,A,A,H,-,A,D,0,NA,NA,NA,NA,Y,NA,A,01,0,0,1,0,0,0,0,0,0,-,-,NA,NA,LOS ANGELES,LOS ANGELES,-118.37904077,34.19017286
7025822,2015,2015-08-24,1942,2015-08-01,1000,38124,1313,6,5,7,1942,0,0,0,M,0,2TL15,16TH ST,MAPLE AV,0,NA,Y,A,-,N,NA,NA,NA,NA,NA,NA,NA,NA,NA,N,3,0,1,2,A,-,12,21453,A,N,D,G,A,A,H,-,A,A,0,NA,Y,NA,NA,Y,NA,L,04,0,1,0,0,0,0,1,0,0,-,-,NA,NA,LOS ANGELES,LOS ANGELES,-118.25942009,34.03183011
7025823,2015,2017-01-12,1942,2015-08-05,1850,41239,1716,3,5,7,1942,0,0,0,Q,0,9T55,BALBOA BL,RT 118,35,N,N,A,-,Y,LA,7,118,-,R,7.772,R,4,E,N,4,0,3,3,A,-,03,22350,NA,N,C,C,A,A,H,-,A,A,0,NA,NA,NA,NA,Y,NA,A,07,0,0,3,0,0,0,0,0,0,-,-,NA,NA,LOS ANGELES,LOS ANGELES,-118.50266342,34.27798214
7025826,2015,2015-08-24,1942,2015-08-02,1830,34426,1352,7,5,7,1942,0,0,0,M,0,2TL28,VERNON AV,SAN PEDRO ST,0,NA,Y,A,-,N,NA,NA,NA,NA,NA,NA,NA,NA,NA,N,4,0,1,3,A,-,08,22107,NA,N,D,G,A,A,H,-,A,A,0,NA,Y,NA,NA,Y,NA,A,01,0,0,1,0,0,0,1,0,0,-,-,NA,NA,LOS ANGELES,LOS ANGELES,-118.26964005,34.00385011
7025827,2015,2015-08-24,1942,2015-08-05,1745,40811,1089,3,5,7,1942,0,0,0,J,0,21TL62,VENTURA BL,DENSMORE,0,NA,Y,A,-,N,NA,NA,NA,NA,NA,NA,NA,NA,NA,N,4,0,2,2,A,-,09,21801,A,N,D,C,A,A,H,-,A,D,0,NA,NA,NA,NA,Y,NA,A,01,0,0,2,0,0,0,0,0,0,-,-,NA,NA,LOS ANGELES,LOS ANGELES,-118.4775201,34.15550006
7025830,2015,2015-08-24,1942,2015-08-01,1735,34426,0415,6,5,7,1942,0,0,0,D,0,2TL28,AVE 26,WORKMAN ST,98,W,N,A,-,N,NA,NA,NA,NA,NA,NA,NA,NA,NA,N,3,0,1,2,A,-,03,22350,NA,F,D,G,A,A,H,-,A,D,0,NA,Y,NA,NA,Y,NA,-,99,0,1,0,0,0,0,1,0,0,-,-,NA,NA,LOS ANGELES,LOS ANGELES,-118.21476293,34.07650564
7025831,2015,2015-08-21,1942,2015-08-01,1615,37686,1545,6,5,7,1942,0,0,0,O,0,35M111,LAUREL CANYON BL,MAGNOLIA BL,20,S,N,A,-,N,NA,NA,NA,NA,NA,NA,NA,NA,NA,N,4,0,1,2,A,-,04,21703,NA,N,C,C,A,A,H,-,A,A,0,NA,NA,NA,NA,Y,NA,A,01,0,0,1,0,0,0,0,0,0,-,-,NA,NA,LOS ANGELES,LOS ANGELES,-118.3965,34.16482514
7025834,2015,2015-08-24,1942,2015-08-01,1420,39192,1591,6,5,7,1942,0,0,0,O,0,15TL46,VENTURA BL,LAUREL GROVE AV,100,E,N,A,-,N,NA,NA,NA,NA,NA,NA,NA,NA,NA,N,4,0,1,2,A,-,04,21703,NA,N,C,C,A,A,H,-,A,D,0,NA,NA,NA,NA,Y,NA,A,01,0,0,1,0,0,0,0,0,0,-,-,NA,NA,LOS ANGELES,LOS ANGELES,-118.40053226,34.14310121
7025835,2015,2015-08-21,1942,2015-08-02,1450,34599,1521,7,5,7,1942,0,0,0,O,0,10TL38,SHERMAN WY,FULTON AV,0,NA,Y,A,-,N,NA,NA,NA,NA,NA,NA,NA,NA,NA,N,4,0,2,2,A,-,12,21453,A,N,A,C,A,-,H,-,A,A,0,NA,NA,NA,NA,Y,NA,A,01,0,0,2,0,0,0,0,0,0,-,-,NA,NA,LOS ANGELES,LOS ANGELES,-118.42254001,34.20120004
7025838,2015,2015-08-24,1942,2015-08-02,2220,40207,1655,7,5,7,1942,0,0,0,P,0,16T25,SUNLAND BL,SHADOW ISLAND DR,96,E,N,A,-,N,NA,NA,NA,NA,NA,NA,NA,NA,NA,Y,4,0,2,2,A,-,03,22350,NA,N,C,C,A,A,H,-,C,A,0,NA,NA,NA,NA,Y,NA,A,07,0,0,2,0,0,0,0,0,0,-,-,NA,NA,LOS ANGELES,LOS ANGELES,-118.34673047,34.25002643
7025839,2015,2015-08-21,1942,2015-08-04,0825,30452,0933,2,5,7,1942,0,0,0,I,0,9TL53,CALVERT ST,VAN NUYS BL,123,W,N,A,-,N,NA,NA,NA,NA,NA,NA,NA,NA,NA,Y,2,0,2,2,A,-,09,21801,A,N,D,C,A,A,H,-,A,D,0,NA,NA,Y,NA,Y,NA,A,01,1,0,1,0,0,0,0,0,1,-,-,NA,NA,LOS ANGELES,LOS ANGELES,-118.44913596,34.18164
7025912,2015,2015-10-05,1942,2015-08-05,1425,40193,1685,3,5,7,1942,0,0,0,P,0,17TL14,LANKERSHIM BL,STAGG ST,471,S,N,A,-,N,NA,NA,NA,NA,NA,NA,NA,NA,NA,Y,4,0,1,5,A,-,08,22107,NA,N,C,C,A,A,H,-,A,D,0,NA,NA,NA,Y,Y,NA,F,26,0,0,1,0,0,0,0,0,0,-,-,NA,NA,LOS ANGELES,LOS ANGELES,-118.38778663,34.21080818
7025949,2015,2015-09-02,1951,2015-07-30,0802,710,NA,4,5,3,1951,0,0,0,NA,0,004,PALOS VERDES DR W,PALOS VERDES DR N,0,NA,Y,A,-,N,NA,NA,NA,NA,NA,NA,NA,NA,NA,N,3,0,1,2,A,-,04,21703,NA,N,B,G,A,A,H,-,A,D,0,NA,Y,NA,NA,Y,NA,L,04,0,1,0,0,0,0,1,0,0,-,-,NA,NA,LOS ANGELES,PALOS VERDES EST,-118.41745006,33.77610003
7025956,2015,2015-09-03,1900,2015-08-03,1515,532040,1135,1,5,6,1992,0,0,0,NA,0,111T2,MORVEN ST,CALSTON AV,32,E,N,A,-,N,NA,NA,NA,NA,NA,NA,NA,NA,NA,N,4,0,2,2,A,-,08,22107,NA,N,B,C,A,A,H,-,A,D,0,NA,NA,NA,NA,Y,NA,A,01,0,0,2,0,0,0,0,0,0,-,-,NA,NA,LOS ANGELES,LANCASTER,-118.10720381,34.69216212
7025958,2015,2015-08-27,1920,2015-07-12,2030,10432,1920,7,5,6,1920,0,0,0,NA,0,003,FLORENCE AV,PARAMOUNT BL,120,W,N,A,-,N,NA,NA,NA,NA,NA,NA,NA,NA,NA,Y,4,0,1,2,A,-,09,21801,A,N,D,C,A,A,H,-,C,D,0,NA,NA,NA,NA,Y,NA,A,07,0,0,1,0,0,0,0,0,0,-,-,NA,NA,LOS ANGELES,DOWNEY,-118.13039089,33.95371607
7025978,2015,2015-09-03,1942,2015-08-08,2345,35433,NA,6,5,7,1942,0,0,0,NA,0,NA,RIVERSIDE,LA MAIDA,100,E,N,A,-,N,NA,NA,NA,NA,NA,NA,NA,NA,NA,NA,4,0,3,2,A,-,01,23152,A,N,B,C,A,A,H,-,C,A,0,NA,NA,NA,NA,Y,Y,A,01,0,0,3,0,0,0,0,0,0,-,-,NA,NA,LOS ANGELES,LOS ANGELES,-118.40912006,34.15761
7025979,2015,2015-09-03,1942,2015-08-09,1305,39192,1522,7,5,7,1942,0,0,0,O,0,9TL55W,SHERMAN WY,ETHEL AV,80,E,N,A,-,N,NA,NA,NA,NA,NA,NA,NA,NA,NA,Y,4,0,1,3,A,-,05,21460,A,F,B,C,A,A,H,-,A,D,0,NA,NA,NA,NA,Y,NA,A,01,0,0,1,0,0,0,0,0,0,-,-,NA,NA,LOS ANGELES,LOS ANGELES,-118.41788591,34.2012
7025980,2015,2015-09-03,1942,2015-08-01,2345,35433,1685,6,5,7,1942,0,0,0,P,0,21T61,LANKERSHIM BL,STRATHERN ST,195,N,N,A,-,N,NA,NA,NA,NA,NA,NA,NA,NA,NA,N,2,0,1,2,A,-,11,21954,A,N,G,B,E,A,H,-,C,A,0,Y,NA,NA,NA,Y,NA,N,60,1,0,0,0,1,0,0,0,0,-,-,NA,NA,LOS ANGELES,LOS ANGELES,-118.3878,34.21626484
7025981,2015,2015-09-03,1942,2015-08-03,1720,38995,0991,1,5,7,1942,0,0,0,I,0,9TL56,BEVERLY GLEN BL,BEVERLY RIDGE DR,500,N,N,A,-,N,NA,NA,NA,NA,NA,NA,NA,NA,NA,N,3,0,1,3,A,-,04,21703,NA,M,C,C,A,A,H,-,A,A,0,NA,NA,NA,NA,Y,Y,-,99,0,1,0,0,0,0,0,0,0,-,-,NA,NA,LOS ANGELES,LOS ANGELES,-118.44999117,34.13397023
7025995,2015,2015-09-04,1942,2015-08-03,1800,40610,1446,1,5,7,1942,0,0,0,N,0,14EL2,VENICE BL,GRAND VIEW BL,0,NA,Y,A,-,N,NA,NA,NA,NA,NA,NA,NA,NA,NA,N,3,0,1,2,A,-,08,22100,B,N,A,C,A,A,H,-,B,A,0,NA,NA,Y,NA,Y,NA,A,01,0,1,0,0,0,0,0,0,1,-,-,NA,NA,LOS ANGELES,LOS ANGELES,-118.43132012,34.00494002
7025996,2015,2015-09-04,1942,2015-08-03,1125,41741,1444,1,5,7,1942,0,0,0,N,0,14A45,LINCOLN BL,WASHINGTON BL,0,NA,Y,A,-,N,NA,NA,NA,NA,NA,NA,NA,NA,NA,N,4,0,1,3,A,-,03,22350,A,N,C,C,A,A,H,-,A,A,0,NA,NA,NA,NA,Y,NA,A,01,0,0,1,0,0,0,0,0,0,-,-,NA,NA,LOS ANGELES,LOS ANGELES,-118.44785008,33.99047004
7025997,2015,2015-09-03,1942,2015-08-02,1935,40695,1431,7,5,7,1942,0,0,0,N,0,14FB13,SPEEDWAY,WESTMINSTER AV,0,NA,Y,A,-,N,NA,NA,NA,NA,NA,NA,NA,NA,NA,N,4,0,1,2,A,-,10,21950,A,N,G,B,B,A,H,-,A,D,0,Y,NA,NA,NA,Y,NA,A,07,0,0,1,0,1,0,0,0,0,-,-,NA,NA,LOS ANGELES,LOS ANGELES,-118.47469011,33.98871011