CASE_ID,ACCIDENT_YEAR,PROC_DATE,JURIS,COLLISION_DATE,COLLISION_TIME,OFFICER_ID,REPORTING_DISTRICT,DAY_OF_WEEK,CHP_SHIFT,POPULATION,CNTY_CITY_LOC,SPECIAL_COND,BEAT_TYPE,CHP_BEAT_TYPE,CITY_DIVISION_LAPD,CHP_BEAT_CLASS,BEAT_NUMBER,PRIMARY_RD,SECONDARY_RD,DISTANCE,DIRECTION,INTERSECTION,WEATHER_1,WEATHER_2,STATE_HWY_IND,CALTRANS_COUNTY,CALTRANS_DISTRICT,STATE_ROUTE,ROUTE_SUFFIX,POSTMILE_PREFIX,POSTMILE,LOCATION_TYPE,RAMP_INTERSECTION,SIDE_OF_HWY,TOW_AWAY,COLLISION_SEVERITY,NUMBER_KILLED,NUMBER_INJURED,PARTY_COUNT,PRIMARY_COLL_FACTOR,PCF_CODE_OF_VIOL,PCF_VIOL_CATEGORY,PCF_VIOLATION,PCF_VIOL_SUBSECTION,HIT_AND_RUN,TYPE_OF_COLLISION,MVIW,PED_ACTION,ROAD_SURFACE,ROAD_COND_1,ROAD_COND_2,LIGHTING,CONTROL_DEVICE,CHP_ROAD_TYPE,PEDESTRIAN_ACCIDENT,BICYCLE_ACCIDENT,MOTORCYCLE_ACCIDENT,TRUCK_ACCIDENT,NOT_PRIVATE_PROPERTY,ALCOHOL_INVOLVED,STWD_VEHTYPE_AT_FAULT,CHP_VEHTYPE_AT_FAULT,COUNT_SEVERE_INJ,COUNT_VISIBLE_INJ,COUNT_COMPLAINT_PAIN,COUNT_PED_KILLED,COUNT_PED_INJURED,COUNT_BICYCLIST_KILLED,COUNT_BICYCLIST_INJURED,COUNT_MC_KILLED,COUNT_MC_INJURED,PRIMARY_RAMP,SECONDARY_RAMP,LATITUDE,LONGITUDE,COUNTY,CITY,POINT_X,POINT_Y
7026936,2015,2015-08-29,1942,2015-07-29,1900,41019,0238,3,5,7,1942,0,0,0,B,0,1TL11,TOLUCA ST,COURT ST,0,NA,Y,A,-,N,NA,NA,NA,NA,NA,NA,NA,NA,NA,N,4,0,1,2,A,-,12,22450,A,F,D,C,A,A,H,-,A,A,0,NA,NA,NA,NA,Y,NA,-,99,0,0,1,0,0,0,0,0,0,-,-,NA,NA,LOS ANGELES,LOS ANGELES,-118.25696001,34.06419004
7026974,2015,2015-08-26,1951,2015-07-27,1956,720,702,1,5,3,1951,0,0,0,NA,0,7L21,VIA CARDELINA,VIA ALCANCE,147,W,N,A,-,N,NA,NA,NA,NA,NA,NA,NA,NA,NA,Y,4,0,1,2,A,-,01,23152,A,N,A,E,A,A,H,-,A,A,0,NA,NA,NA,NA,Y,Y,A,01,0,0,1,0,0,0,0,0,0,-,-,NA,NA,LOS ANGELES,PALOS VERDES EST,-118.36332748,33.80278063
7026979,2015,2015-09-08,1975,2015-07-19,1259,403,NA,7,5,6,1975,0,0,0,NA,0,004,VALINDA AV,CAMERON AV,0,NA,Y,A,-,N,NA,NA,NA,NA,NA,NA,NA,NA,NA,Y,3,0,4,2,A,-,12,21453,A,N,D,C,A,A,H,-,A,A,0,NA,NA,NA,NA,Y,NA,A,01,0,1,3,0,0,0,0,0,0,-,-,NA,NA,LOS ANGELES,WEST COVINA,-117.92545011,34.06125004
7026980,2015,2015-08-26,1975,2015-07-18,0835,403,NA,6,5,6,1975,0,0,0,NA,0,004,VALINDA AV,MOBECK ST,0,NA,Y,B,-,N,NA,NA,NA,NA,NA,NA,NA,NA,NA,Y,3,0,1,2,A,-,03,22350,NA,N,C,C,A,B,H,-,A,D,0,NA,NA,NA,NA,Y,NA,A,01,0,1,0,0,0,0,0,0,0,-,-,NA,NA,LOS ANGELES,WEST COVINA,-117.92540009,34.06318001
7026981,2015,2015-08-26,1975,2015-07-11,1447,421,NA,6,5,6,1975,0,0,0,NA,0,002,CAMERON AV,CITRUS AV,108,W,N,A,-,N,NA,NA,NA,NA,NA,NA,NA,NA,NA,Y,4,0,1,2,A,-,03,22350,NA,N,C,C,A,A,H,-,A,A,0,NA,NA,NA,NA,Y,NA,-,NA,0,0,1,0,0,0,0,0,0,-,-,NA,NA,LOS ANGELES,WEST COVINA,-117.89057574,34.06093
7026982,2015,2015-09-08,1975,2015-07-17,2058,380,NA,5,5,6,1975,0,0,0,NA,0,004,GLENDORA AV,CHRISTOPHER ST,175,S,N,A,-,N,NA,NA,NA,NA,NA,NA,NA,NA,NA,N,2,0,1,2,A,-,10,21950,C,N,G,B,C,A,H,-,C,D,0,Y,NA,NA,NA,Y,NA,A,01,1,0,0,0,1,0,0,0,0,-,-,NA,NA,LOS ANGELES,WEST COVINA,-117.92861661,34.06450412
7026983,2015,2015-08-26,1975,2015-07-17,1620,402,NA,5,5,6,1975,0,0,0,NA,0,002,HOLLENBECK ST,SOUTH GARVEY AV,0,NA,Y,A,-,N,NA,NA,NA,NA,NA,NA,NA,NA,NA,Y,4,0,2,2,A,-,09,21801,A,N,B,C,A,A,H,-,A,A,0,NA,NA,NA,NA,Y,NA,-,NA,0,0,2,0,0,0,0,0,0,-,-,NA,NA,LOS ANGELES,WEST COVINA,-117.89889012,34.07287003
7026984,2015,2017-01-14,1975,2015-07-15,1322,353,NA,3,5,6,1975,0,0,0,NA,0,002,GRAND AV,RT 10,180,N,N,A,-,Y,LA,7,10,-,-,38.481,R,4,E,Y,4,0,1,4,A,-,03,22350,NA,N,C,C,A,A,H,-,A,A,0,NA,NA,NA,NA,Y,NA,-,NA,0,0,1,0,0,0,0,0,0,-,EO,NA,NA,LOS ANGELES,WEST COVINA,-117.8730212,34.07171493
7026985,2015,2015-09-03,1975,2015-07-09,1606,330,NA,4,5,6,1975,0,0,0,NA,0,002,E GARVEY AV NORTH,EDISON POLE 4672436E,47,E,N,A,-,N,NA,NA,NA,NA,NA,NA,NA,NA,NA,N,4,0,1,2,A,-,05,21650,1,N,D,G,A,A,H,-,A,D,0,NA,Y,NA,NA,Y,NA,L,04,0,0,1,0,0,0,1,0,0,-,-,NA,NA,LOS ANGELES,WEST COVINA,NA,NA
7027012,2015,2015-08-26,1942,2015-02-28,1705,40099,123,6,5,7,1942,0,0,0,L,0,2TL14,BROADWAY,1ST ST,45,S,N,A,-,N,NA,NA,NA,NA,NA,NA,NA,NA,NA,N,4,0,1,2,A,-,03,22350,NA,N,C,C,A,A,H,-,A,D,0,NA,NA,NA,NA,Y,NA,A,01,0,0,1,0,0,0,0,0,0,-,-,NA,NA,LOS ANGELES,LOS ANGELES,-118.245651,34.053535
7027013,2015,2015-08-26,1942,2015-07-24,1855,39586,185,5,5,7,1942,0,0,0,R,0,2T15,9TH ST,SANTEE ST,0,NA,Y,A,-,N,NA,NA,NA,NA,NA,NA,NA,NA,NA,Y,4,0,3,2,A,-,12,21453,A,N,D,C,A,A,H,-,A,A,0,NA,NA,NA,NA,Y,NA,A,01,0,0,3,0,0,0,0,0,0,-,-,NA,NA,LOS ANGELES,LOS ANGELES,-118.25333004,34.04007011
7027014,2015,2016-07-19,1942,2015-07-28,1435,39010,192,2,5,7,1942,0,0,0,NA,0,1TL24,17TH ST,OLIVE ST,0,NA,Y,A,-,N,NA,NA,NA,NA,NA,NA,NA,NA,NA,Y,3,0,2,2,A,-,12,21453,A,N,D,C,A,A,H,-,A,A,0,NA,NA,NA,NA,Y,NA,A,07,0,1,1,0,0,0,0,0,0,-,-,NA,NA,LOS ANGELES,LOS ANGELES,-118.26602011,34.03445
7027015,2015,2015-08-26,1942,2015-07-28,2250,33452,135,2,5,7,1942,0,0,0,M,0,1T11,LOS ANGELES ST,3RD ST,19,S,N,A,-,N,NA,NA,NA,NA,NA,NA,NA,NA,NA,N,3,0,1,2,A,-,10,21950,A,N,G,B,B,A,H,-,C,A,0,Y,NA,NA,NA,Y,NA,A,01,0,1,0,0,1,0,0,0,0,-,-,NA,NA,LOS ANGELES,LOS ANGELES,-118.244793,34.048481
7027016,2015,2015-08-26,1942,2015-07-27,1243,31152,153,1,5,7,1942,0,0,0,O,0,11TL25,SPRING ST,6TH ST,314,S,N,A,-,N,NA,NA,NA,NA,NA,NA,NA,NA,NA,N,2,0,1,3,A,-,21,22106,NA,N,C,G,A,A,H,-,A,D,0,NA,Y,NA,NA,Y,NA,A,01,1,0,0,0,0,0,1,0,0,-,-,NA,NA,LOS ANGELES,LOS ANGELES,-118.25162903,34.04528282
7027017,2015,2015-08-26,1942,2015-07-29,2145,36305,139,3,5,7,1942,0,0,0,M,0,1U1,SANTA FE AV,3RD ST,10,N,N,A,-,N,NA,NA,NA,NA,NA,NA,NA,NA,NA,N,3,0,1,2,A,-,10,21950,A,N,G,B,B,A,H,-,C,A,0,Y,NA,NA,NA,Y,NA,A,01,0,1,0,0,1,0,0,0,0,-,-,NA,NA,LOS ANGELES,LOS ANGELES,-118.2326207,34.04601742
7027018,2015,2015-08-26,1942,2015-07-24,1940,39639,191,5,5,7,1942,0,0,0,NA,0,4T43,FIGUEROA ST,18TH ST,0,NA,Y,A,-,N,NA,NA,NA,NA,NA,NA,NA,NA,NA,N,3,0,1,2,A,-,04,21703,NA,F,C,G,A,A,H,-,A,A,0,NA,Y,NA,NA,Y,Y,-,99,0,1,0,0,0,0,1,0,0,-,-,NA,NA,LOS ANGELES,LOS ANGELES,-118.2714001,34.03543002
7027019,2015,2015-08-26,1942,2015-07-27,1520,39395,1333,1,5,7,1942,0,0,0,M,0,1A35,SAN PEDRO ST,30TH ST,0,NA,Y,A,-,N,NA,NA,NA,NA,NA,NA,NA,NA,NA,Y,4,0,1,2,A,-,09,21801,A,N,-,C,A,A,H,-,A,A,0,NA,NA,NA,NA,Y,NA,A,01,0,0,1,0,0,0,0,0,0,-,-,NA,NA,LOS ANGELES,LOS ANGELES,-118.26335008,34.0184101
7027020,2015,2015-08-26,1942,2015-07-15,0820,40726,236,3,5,7,1942,0,0,0,NA,0,1TL11,ALVARADO ST,3RD ST,0,NA,Y,A,-,N,NA,NA,NA,NA,NA,NA,NA,NA,NA,Y,4,0,1,2,A,-,09,21801,A,N,-,C,A,A,H,-,A,A,0,NA,NA,NA,NA,Y,NA,A,01,0,0,1,0,0,0,0,0,0,-,-,NA,NA,LOS ANGELES,LOS ANGELES,-118.27271,34.06296
7027021,2015,2015-08-26,1942,2015-07-12,1820,38233,265,7,5,7,1942,0,0,0,NA,0,2T15-W,W 8TH ST,S ALVARADO ST,0,NA,Y,A,-,N,NA,NA,NA,NA,NA,NA,NA,NA,NA,Y,3,0,3,3,A,-,09,21801,A,N,A,C,A,A,H,-,A,A,0,NA,NA,NA,NA,Y,NA,A,01,0,1,2,0,0,0,0,0,0,-,-,NA,NA,LOS ANGELES,LOS ANGELES,-118.27784001,34.05489011
7027022,2015,2015-08-26,1942,2015-07-21,0745,39359,251,2,5,7,1942,0,0,0,NA,0,2TL15,RAMPART BL,WILSHIRE BL,200,S,N,A,B,N,NA,NA,NA,NA,NA,NA,NA,NA,NA,N,4,0,6,2,A,-,08,22107,NA,N,D,C,A,A,H,-,A,D,0,NA,NA,NA,NA,Y,NA,A,01,0,0,6,0,0,0,0,0,0,-,-,NA,NA,LOS ANGELES,LOS ANGELES,-118.28263043,34.0604218
7027023,2015,2015-08-26,1942,2015-07-24,2035,33452,237,5,5,7,1942,0,0,0,NA,0,1T11,BEVERLY BL,UNION AV,0,NA,Y,A,-,N,NA,NA,NA,NA,NA,NA,NA,NA,NA,N,4,0,3,2,A,-,09,21801,A,N,A,C,A,A,H,-,C,A,0,NA,NA,NA,NA,Y,NA,A,01,0,0,3,0,0,0,0,0,0,-,-,NA,NA,LOS ANGELES,LOS ANGELES,-118.26587003,34.06466004
7027024,2015,2015-09-08,1942,2015-07-19,1155,37952,215,7,5,7,1942,0,0,0,NA,0,1TL24,TEMPLE,BENTON WY,0,NA,Y,A,-,N,NA,NA,NA,NA,NA,NA,NA,NA,NA,Y,4,0,4,2,A,-,12,21453,A,N,D,C,A,A,H,-,A,A,0,NA,NA,NA,NA,Y,NA,-,-,0,0,4,0,0,0,0,0,0,-,-,NA,NA,LOS ANGELES,LOS ANGELES,-118.27573001,34.07290001
7027025,2015,2015-08-26,1942,2015-07-22,0935,36238,235,3,5,7,1942,0,0,0,NA,0,4TL45,TEMPLE ST,ALVARADO ST,30,W,N,B,-,N,NA,NA,NA,NA,NA,NA,NA,NA,NA,N,4,0,1,2,A,-,03,22350,NA,N,C,C,A,A,H,-,A,D,0,NA,NA,NA,NA,Y,NA,A,01,0,0,1,0,0,0,0,0,0,-,-,NA,NA,LOS ANGELES,LOS ANGELES,-118.26814085,34.07030245
7027026,2015,2015-08-26,1942,2015-07-23,0040,39889,271,4,5,7,1942,0,0,0,NA,0,11TL21,S HOOVER ST,W OLYMPIC BL,18,S,N,A,-,N,NA,NA,NA,NA,NA,NA,NA,NA,NA,N,3,0,1,2,A,-,03,22350,NA,N,C,G,A,A,H,-,C,A,0,NA,Y,NA,NA,Y,NA,A,01,0,1,0,0,0,0,1,0,0,-,-,NA,NA,LOS ANGELES,LOS ANGELES,-118.28421765,34.05235067
7027027,2015,2016-07-20,1942,2015-07-18,1105,40556,0455,6,5,7,1942,0,0,0,D,0,4C6,SOTO ST,CESAR E CHAVEZ AV,0,NA,Y,B,-,N,NA,NA,NA,NA,NA,NA,NA,NA,NA,N,4,0,3,3,A,-,04,21703,NA,N,C,C,A,A,H,-,A,A,0,NA,NA,NA,NA,Y,NA,-,NA,0,0,3,0,0,0,0,0,0,-,-,NA,NA,LOS ANGELES,LOS ANGELES,-118.20781,34.04681012
7027028,2015,2015-08-26,1942,2015-07-17,1730,37908,452,5,5,7,1942,0,0,0,NA,0,4A3,ROYER AV,1ST ST,0,NA,Y,A,-,N,NA,NA,NA,NA,NA,NA,NA,NA,NA,Y,4,0,1,2,A,-,09,21801,A,N,A,C,A,A,H,-,A,A,0,NA,NA,NA,NA,Y,NA,A,01,0,0,1,0,0,0,0,0,0,-,-,NA,NA,LOS ANGELES,LOS ANGELES,NA,NA
7027029,2015,2015-09-09,1942,2015-07-13,0640,32973,497,1,5,7,1942,0,0,0,NA,0,1TL24,LORENA ST,8TH ST,80,S,N,A,-,N,NA,NA,NA,NA,NA,NA,NA,NA,NA,N,4,0,1,2,A,-,06,21750,NA,N,B,G,A,A,H,-,A,D,0,NA,Y,NA,NA,Y,NA,-,-,0,0,1,0,0,0,1,0,0,-,-,NA,NA,LOS ANGELES,LOS ANGELES,-118.20496158,34.02138993
7027030,2015,2015-08-26,1942,2015-07-15,1735,37611,497,3,5,7,1942,0,0,0,NA,0,13TL22,WASHINGTON BL,SOTO ST,0,NA,Y,A,-,N,NA,NA,NA,NA,NA,NA,NA,NA,NA,Y,4,0,3,3,A,-,09,21801,A,N,A,C,A,A,-,-,A,A,0,NA,NA,NA,NA,Y,NA,A,01,0,0,3,0,0,0,0,0,0,-,-,NA,NA,LOS ANGELES,LOS ANGELES,-118.22004999,34.01729011
7027031,2015,2015-08-26,1942,2015-07-21,1500,39010,423,2,5,7,1942,0,0,0,NA,0,1TL24,MISSION RD,ZONAL AV,0,NA,Y,A,-,N,NA,NA,NA,NA,NA,NA,NA,NA,NA,Y,3,0,3,2,A,-,09,21801,A,N,A,C,A,A,H,-,A,A,0,NA,NA,NA,NA,Y,NA,A,01,0,1,2,0,0,0,0,0,0,-,-,NA,NA,LOS ANGELES,LOS ANGELES,-118.21118008,34.06280001
7027032,2015,2015-08-26,1942,2015-07-14,0100,36814,195,2,5,7,1942,0,0,0,NA,0,1T11,16TH ST,LOS ANGELES ST,0,NA,Y,A,-,N,NA,NA,NA,NA,NA,NA,NA,NA,NA,Y,4,0,1,2,A,-,12,21453,A,N,D,C,A,A,H,-,C,A,0,NA,NA,NA,NA,Y,NA,A,01,0,0,1,0,0,0,0,0,0,-,-,NA,NA,LOS ANGELES,LOS ANGELES,-118.26155012,34.03304002
7027033,2015,2015-09-08,1942,2015-07-21,2235,39586,185,2,5,7,1942,0,0,0,R,0,11T21,PICO BL,HILL ST,0,NA,Y,A,-,N,NA,NA,NA,NA,NA,NA,NA,NA,NA,Y,3,0,5,2,A,-,12,21453,A,N,F,C,A,A,H,-,C,A,0,NA,NA,NA,NA,Y,NA,-,-,0,1,4,0,0,0,0,0,0,-,-,NA,NA,LOS ANGELES,LOS ANGELES,-118.26216006,34.03765006
7027034,2015,2016-07-19,1942,2015-07-24,1900,40730,195,5,5,7,1942,0,0,0,NA,0,2TL15,16TH ST,MAPLE AV,0,NA,Y,A,-,N,NA,NA,NA,NA,NA,NA,NA,NA,NA,Y,4,0,1,2,A,-,09,21801,A,N,A,C,A,A,H,-,A,A,0,NA,NA,NA,NA,Y,NA,A,01,0,0,1,0,0,0,0,0,0,-,-,NA,NA,LOS ANGELES,LOS ANGELES,-118.25942009,34.03183011
7027035,2015,2015-08-26,1942,2015-07-22,1520,40099,185,3,5,7,1942,0,0,0,R,0,2TL14,LOS ANGELES ST,12TH ST,40,S,N,A,-,N,NA,NA,NA,NA,NA,NA,NA,NA,NA,Y,4,0,2,2,A,-,21,22106,NA,N,D,C,A,A,H,-,A,D,0,NA,NA,NA,NA,Y,NA,A,01,0,0,2,0,0,0,0,0,0,-,-,NA,NA,LOS ANGELES,LOS ANGELES,-118.258429,34.036826
7027037,2015,2015-08-26,1942,2015-07-28,0840,40726,489,2,5,7,1942,0,0,0,NA,0,1TL11,SOTO ST,8TH ST,0,NA,Y,A,-,N,NA,NA,NA,NA,NA,NA,NA,NA,NA,N,3,0,1,2,A,-,09,21801,A,N,A,C,A,A,H,-,A,A,0,NA,NA,NA,NA,Y,NA,A,07,0,1,0,0,0,0,0,0,0,-,-,NA,NA,LOS ANGELES,LOS ANGELES,-118.21943003,34.02808008
7027038,2015,2016-07-19,1942,2015-07-26,1550,38050,462,7,5,7,1942,0,0,0,NA,0,4TL4,7TH ST,BOYLE ST,0,NA,Y,A,-,N,NA,NA,NA,NA,NA,NA,NA,NA,NA,Y,3,0,2,2,A,-,12,21453,A,N,D,C,A,A,H,-,A,A,0,NA,NA,NA,NA,Y,NA,-,-,0,2,0,0,0,0,0,0,0,-,-,NA,NA,LOS ANGELES,LOS ANGELES,-118.21959004,34.03344006
7027039,2015,2017-01-27,1942,2015-07-26,1430,38050,471,7,5,7,1942,0,0,0,NA,0,4TL4,7TH ST,ANDERSON ST,430,E,N,A,-,Y,LA,7,101,-,S,0.075,R,4,S,Y,4,0,2,2,A,-,09,21802,A,N,D,C,A,A,H,-,A,A,0,NA,NA,NA,NA,Y,NA,A,01,0,0,2,0,0,0,0,0,0,-,-,NA,NA,LOS ANGELES,LOS ANGELES,-118.22173884,34.03536821
7027040,2015,2015-08-26,1942,2015-07-21,1150,32996,1372,2,5,7,1942,0,0,0,M,0,13TL55,MAIN ST,58TH ST,0,NA,Y,A,-,N,NA,NA,NA,NA,NA,NA,NA,NA,NA,Y,3,0,4,2,A,-,09,21802,A,N,D,C,A,A,H,-,A,A,0,NA,NA,NA,NA,Y,NA,A,07,0,1,3,0,0,0,0,0,0,-,-,NA,NA,LOS ANGELES,LOS ANGELES,-118.27394002,33.98982006
7027172,2015,2015-08-27,9565,2015-07-22,2109,020468,NA,3,2,9,1900,0,3,5,NA,2,002,120TH ST,VERMONT AV,125,W,N,A,-,N,NA,NA,NA,NA,NA,NA,NA,NA,NA,Y,2,0,2,2,A,-,08,22107,NA,N,C,J,A,A,H,-,C,A,0,NA,NA,NA,NA,Y,NA,I,20,1,1,0,0,0,0,0,0,0,-,-,33.92372,-118.29231,LOS ANGELES,UNINCORPORATED,-118.29221111,33.92368144
7027173,2015,2016-05-26,9565,2015-07-27,1050,20495,NA,1,1,9,1900,0,3,5,NA,2,002,EL SEGUNDO BL,HALLDALE AV,75,E,N,A,-,N,NA,NA,NA,NA,NA,NA,NA,NA,NA,Y,4,0,3,2,A,-,03,22350,NA,N,C,C,A,A,H,-,A,D,0,NA,NA,NA,Y,Y,NA,F,26,0,0,3,0,0,0,0,0,0,-,-,33.91642,-118.30124,LOS ANGELES,UNINCORPORATED,-118.30213329,33.91643787
7027187,2015,2017-01-09,9565,2015-07-24,0800,15275,NA,5,1,4,1918,0,1,1,NA,2,061,RT 405,SEPULVEDA BL,1056,S,N,A,-,Y,LA,7,405,-,-,25.26,H,-,S,Y,4,0,1,3,A,-,07,21658,A,N,B,C,A,A,H,-,A,D,1,NA,NA,NA,Y,Y,NA,A,01,0,0,1,0,0,0,0,0,0,-,-,33.97984,-118.39313,LOS ANGELES,CULVER CITY,-118.39239885,33.97921652
7027190,2015,2017-01-17,9565,2015-07-20,1140,020310,NA,1,1,7,1942,0,1,1,NA,2,060,RT 405,LA TIJERA BL,400,S,N,B,-,Y,LA,7,405,-,-,24.19,H,-,N,Y,4,0,5,4,A,-,03,22350,NA,N,C,C,A,A,H,-,A,D,1,NA,NA,NA,Y,Y,NA,F,26,0,0,5,0,0,0,0,0,0,-,-,33.97183,-118.3778,LOS ANGELES,LOS ANGELES,-118.37671667,33.97129317
7027191,2015,2016-12-21,9565,2015-07-26,0100,20785,NA,7,3,5,1928,0,1,1,NA,2,060,RT 405,EL SEGUNDO BL,100,S,N,A,-,Y,LA,7,405,-,-,20.19,H,-,S,Y,4,0,1,2,A,-,01,23152,E,N,C,C,A,A,H,-,C,D,1,NA,NA,NA,NA,Y,NA,A,01,0,0,1,0,0,0,0,0,0,-,-,33.91593,-118.37028,LOS ANGELES,HAWTHORNE,-118.37039322,33.9158679
7027257,2015,2015-09-02,1923,2015-08-07,0149,463,202,5,5,3,1923,0,0,0,NA,0,3L4M,IMPERIAL AV,CENTER ST,395,E,N,A,-,N,NA,NA,NA,NA,NA,NA,NA,NA,NA,Y,3,0,1,3,A,-,01,23152,A,N,F,E,A,A,H,-,C,D,0,NA,NA,NA,NA,Y,Y,A,07,0,1,0,0,0,0,0,0,0,-,-,NA,NA,LOS ANGELES,EL SEGUNDO,-118.40358023,33.93089001
7027262,2015,2015-08-27,1922,2015-07-19,1837,640,NA,7,5,6,1922,0,0,0,NA,0,004,ELLIOTT AV,PECK RD,1320,E,N,A,-,N,NA,NA,NA,NA,NA,NA,NA,NA,NA,Y,3,0,2,4,A,-,01,23152,A,N,C,E,A,A,H,-,A,D,0,NA,NA,NA,NA,Y,Y,D,22,0,1,1,0,0,0,0,0,0,-,-,NA,NA,LOS ANGELES,EL MONTE,-118.02633696,34.05827287
7027263,2015,2015-08-27,1922,2015-07-08,0550,576,NA,3,5,6,1922,0,0,0,NA,0,NA,VALLEY BL,RAMONA BL,0,NA,Y,B,-,N,NA,NA,NA,NA,NA,NA,NA,NA,NA,Y,3,0,2,2,A,-,12,21453,A,N,D,C,A,A,H,-,A,A,0,NA,NA,NA,NA,Y,NA,A,01,0,1,1,0,0,0,0,0,0,-,-,NA,NA,LOS ANGELES,EL MONTE,-118.03286004,34.07248003
7027264,2015,2015-09-02,1922,2015-07-14,1335,576,NA,2,5,6,1922,0,0,0,NA,0,NA,BALDWIN AV,LOWER AZUSA RD,765,S,N,A,-,N,NA,NA,NA,NA,NA,NA,NA,NA,NA,Y,4,0,1,2,A,-,09,21804,A,N,D,C,A,A,H,-,A,D,0,NA,NA,NA,NA,Y,NA,D,22,0,0,1,0,0,0,0,0,0,-,-,NA,NA,LOS ANGELES,EL MONTE,-118.04961181,34.08867792
7027267,2015,2015-08-27,1922,2015-07-05,1222,610,NA,7,5,6,1922,0,0,0,NA,0,NA,GARVEY AV,CENTRAL,300,W,N,A,-,N,NA,NA,NA,NA,NA,NA,NA,NA,NA,Y,4,0,1,2,A,-,09,21804,A,N,D,C,A,A,H,-,A,D,0,NA,NA,NA,NA,Y,NA,D,22,0,0,1,0,0,0,0,0,0,-,-,NA,NA,LOS ANGELES,EL MONTE,-118.04790834,34.06273236
7027268,2015,2015-08-27,1922,2015-07-07,0920,576,NA,2,5,6,1922,0,0,0,NA,0,NA,PECK RD,FOREST GROVE ST,100,S,N,A,-,N,NA,NA,NA,NA,NA,NA,NA,NA,NA,N,4,0,1,2,A,-,08,22107,NA,F,B,C,A,A,H,-,A,A,0,NA,NA,NA,NA,Y,NA,D,22,0,0,1,0,0,0,0,0,0,-,-,NA,NA,LOS ANGELES,EL MONTE,-118.02208491,34.07572629
7027269,2015,2015-08-27,1922,2015-07-06,1130,665,NA,1,5,6,1922,0,0,0,NA,0,002,BASYE ST,COGSWELL RD,3,W,N,A,-,N,NA,NA,NA,NA,NA,NA,NA,NA,NA,N,3,0,1,2,A,-,17,21200,A,N,D,G,A,A,H,-,A,A,0,NA,Y,NA,NA,Y,NA,L,04,0,1,0,0,0,0,1,0,0,-,-,NA,NA,LOS ANGELES,EL MONTE,-118.01139913,34.07793316
7027315,2015,2015-08-26,9535,2015-06-24,0804,20794,NA,3,1,9,1900,0,3,5,NA,2,007,DOWNEY RD,BANDINI BL,0,NA,Y,A,-,N,NA,NA,NA,NA,NA,NA,NA,NA,NA,Y,4,0,1,2,A,-,09,21453,B,N,D,C,A,A,H,-,A,A,0,NA,NA,NA,NA,Y,NA,D,22,0,0,1,0,0,0,0,0,0,-,-,34.00887,-118.20509,LOS ANGELES,UNINCORPORATED,-118.2049901,34.00863005
7027329,2015,2017-01-26,9535,2015-07-03,2132,20794,NA,5,2,5,1969,0,1,1,NA,2,074,RT 710,LOS ANGELES RIVER,250,N,N,A,-,Y,LA,7,710,-,-,17.5,H,-,N,Y,4,0,1,2,C,-,18,NA,NA,N,B,C,A,A,H,-,D,D,1,NA,NA,NA,NA,Y,NA,-,-,0,0,1,0,0,0,0,0,0,-,-,33.93576,-118.17522,LOS ANGELES,SOUTH GATE,-118.17375417,33.93665785
7027331,2015,2017-01-26,9535,2015-07-08,1725,19135,NA,3,2,5,1943,0,1,1,NA,2,075,RT 710,MARTIN LUTHER KING JR BL,50,S,N,A,-,Y,LA,7,710,-,R,16.07,H,-,S,Y,3,0,1,2,A,-,08,22107,NA,N,B,C,A,A,H,-,A,D,1,NA,NA,NA,NA,Y,NA,D,22,0,1,0,0,0,0,0,0,0,-,-,33.91809,-118.1786,LOS ANGELES,LYNWOOD,-118.1790595,33.91826248
7027347,2015,2017-01-14,9535,2015-07-24,0755,15797,NA,5,1,3,1914,0,1,1,NA,2,500,RT 5,WASHINGTON BL,470,S,N,A,-,Y,LA,7,5,-,-,11.47,H,-,N,Y,4,0,2,3,A,-,03,22350,NA,N,C,C,A,A,H,-,A,D,1,NA,NA,NA,NA,Y,NA,D,22,0,0,2,0,0,0,0,0,0,-,-,33.99503,-118.14403,LOS ANGELES,COMMERCE,-118.14373098,33.99411858
7027352,2015,2017-01-14,9535,2015-07-02,2256,20828,NA,4,3,3,1914,0,1,1,NA,2,501,RT 5,TRIGGS ST,300,N,N,A,-,Y,LA,7,5,-,-,13.08,H,-,S,N,4,0,1,2,A,-,07,21658,A,N,B,C,A,A,H,-,D,D,1,NA,NA,NA,Y,Y,NA,F,21,0,0,1,0,0,0,0,0,0,-,-,34.04237,-118.17031,LOS ANGELES,COMMERCE,-118.16223169,34.01169662
7027353,2015,2017-01-26,9535,2015-07-01,1240,19626,NA,3,1,5,1915,0,1,1,NA,2,075,RT 710,ALONDRA BL,175,S,N,A,-,Y,LA,7,710,-,-,13.92,H,-,S,N,4,0,1,3,A,-,07,21658,A,M,B,C,A,A,H,-,A,D,1,NA,NA,NA,Y,Y,NA,D,22,0,0,1,0,0,0,0,0,0,-,-,33.88766,-118.18923,LOS ANGELES,COMPTON,-118.18911173,33.88869639
7027354,2015,2017-01-28,9535,2015-07-02,1135,19626,NA,4,1,5,1969,0,1,1,NA,2,075,RT 710,FIRESTONE BL,200,N,N,A,-,Y,LA,7,710,-,-,18.48,H,-,S,N,4,0,2,2,A,-,03,22350,NA,N,C,C,A,A,H,-,A,D,1,NA,NA,NA,Y,Y,NA,A,01,0,0,2,0,0,0,0,0,0,-,-,33.94998,-118.17062,LOS ANGELES,SOUTH GATE,-118.17053946,33.95033859