CASE_ID,ACCIDENT_YEAR,PROC_DATE,JURIS,COLLISION_DATE,COLLISION_TIME,OFFICER_ID,REPORTING_DISTRICT,DAY_OF_WEEK,CHP_SHIFT,POPULATION,CNTY_CITY_LOC,SPECIAL_COND,BEAT_TYPE,CHP_BEAT_TYPE,CITY_DIVISION_LAPD,CHP_BEAT_CLASS,BEAT_NUMBER,PRIMARY_RD,SECONDARY_RD,DISTANCE,DIRECTION,INTERSECTION,WEATHER_1,WEATHER_2,STATE_HWY_IND,CALTRANS_COUNTY,CALTRANS_DISTRICT,STATE_ROUTE,ROUTE_SUFFIX,POSTMILE_PREFIX,POSTMILE,LOCATION_TYPE,RAMP_INTERSECTION,SIDE_OF_HWY,TOW_AWAY,COLLISION_SEVERITY,NUMBER_KILLED,NUMBER_INJURED,PARTY_COUNT,PRIMARY_COLL_FACTOR,PCF_CODE_OF_VIOL,PCF_VIOL_CATEGORY,PCF_VIOLATION,PCF_VIOL_SUBSECTION,HIT_AND_RUN,TYPE_OF_COLLISION,MVIW,PED_ACTION,ROAD_SURFACE,ROAD_COND_1,ROAD_COND_2,LIGHTING,CONTROL_DEVICE,CHP_ROAD_TYPE,PEDESTRIAN_ACCIDENT,BICYCLE_ACCIDENT,MOTORCYCLE_ACCIDENT,TRUCK_ACCIDENT,NOT_PRIVATE_PROPERTY,ALCOHOL_INVOLVED,STWD_VEHTYPE_AT_FAULT,CHP_VEHTYPE_AT_FAULT,COUNT_SEVERE_INJ,COUNT_VISIBLE_INJ,COUNT_COMPLAINT_PAIN,COUNT_PED_KILLED,COUNT_PED_INJURED,COUNT_BICYCLIST_KILLED,COUNT_BICYCLIST_INJURED,COUNT_MC_KILLED,COUNT_MC_INJURED,PRIMARY_RAMP,SECONDARY_RAMP,LATITUDE,LONGITUDE,COUNTY,CITY,POINT_X,POINT_Y
7031731,2015,2015-09-01,1942,2015-08-17,2110,39022,0648,1,5,7,1942,0,0,0,F,0,6T7,WESTERN AV,HOLLYWOOD BL,350,N,N,A,-,N,NA,NA,NA,NA,NA,NA,NA,NA,NA,N,2,0,1,2,A,-,11,21955,NA,N,G,B,D,A,H,-,C,D,0,Y,NA,NA,NA,Y,NA,N,60,1,0,0,0,1,0,0,0,0,-,-,NA,NA,LOS ANGELES,LOS ANGELES,-118.30928,34.10270983
7031735,2015,2015-09-01,1942,2015-08-13,2230,31131,0645,4,5,7,1942,0,0,0,F,0,6A45,SUNSET BL,LA BREA AV,90,E,N,A,-,N,NA,NA,NA,NA,NA,NA,NA,NA,NA,N,2,0,1,2,A,-,11,21954,A,N,G,B,D,A,H,-,C,D,0,Y,NA,NA,NA,Y,NA,N,60,1,0,0,0,1,0,0,0,0,-,-,NA,NA,LOS ANGELES,LOS ANGELES,-118.42285478,34.07966027
7031739,2015,2015-09-01,1972,2015-08-12,0826,17624,NA,3,5,6,1972,0,0,0,NA,0,NA,LOMITA,HAWTHORNE,3,W,N,A,-,N,NA,NA,NA,NA,NA,NA,NA,NA,NA,N,3,0,1,2,B,-,22,NA,NA,N,D,B,B,A,H,-,A,A,0,Y,NA,NA,NA,Y,NA,D,NA,0,1,0,0,1,0,0,0,0,-,-,NA,NA,LOS ANGELES,TORRANCE,-118.35123836,33.81597436
7031742,2015,2015-09-14,1972,2015-08-10,1324,17771,NA,1,5,6,1972,0,0,0,NA,0,NA,SEPULVEDA,LINDA,0,NA,Y,A,-,N,NA,NA,NA,NA,NA,NA,NA,NA,NA,Y,4,0,1,2,A,-,09,21801,A,N,A,C,A,A,H,-,A,D,0,NA,NA,NA,NA,Y,NA,A,NA,0,0,1,0,0,0,0,0,0,-,-,NA,NA,LOS ANGELES,TORRANCE,-118.37067009,33.82710009
7031743,2015,2015-09-01,1972,2015-08-11,1839,17649,NA,2,5,6,1972,0,0,0,NA,0,NA,CRENSHAW BL,164TH ST,122,S,N,A,-,N,NA,NA,NA,NA,NA,NA,NA,NA,NA,Y,3,0,1,2,D,-,00,NA,NA,N,B,C,A,A,H,-,A,D,0,NA,NA,Y,NA,Y,NA,-,-,0,1,0,0,0,0,0,0,1,-,-,NA,NA,LOS ANGELES,TORRANCE,-118.32649236,33.8815954
7031746,2015,2015-09-14,1972,2015-08-11,1608,17649,NA,2,5,6,1972,0,0,0,NA,0,NA,CRENSHAW BL,DEL AMO BL,56,N,N,A,-,N,NA,NA,NA,NA,NA,NA,NA,NA,NA,N,4,0,1,2,A,-,03,22350,NA,N,C,C,A,A,H,-,A,A,0,NA,NA,NA,NA,Y,NA,A,NA,0,0,1,0,0,0,0,0,0,-,-,NA,NA,LOS ANGELES,TORRANCE,-118.32887,33.84714359
7031747,2015,2015-09-01,1972,2015-08-14,0800,14629,NA,5,5,6,1972,0,0,0,NA,0,NA,213TH ST,BOW,0,NA,Y,A,-,N,NA,NA,NA,NA,NA,NA,NA,NA,NA,Y,3,0,2,2,A,-,09,21801,A,N,A,C,A,A,H,-,A,A,0,NA,NA,NA,NA,Y,NA,A,NA,0,1,1,0,0,0,0,0,0,-,-,NA,NA,LOS ANGELES,TORRANCE,-118.31232009,33.83545007
7031750,2015,2015-09-14,1972,2015-08-03,1811,18874,NA,1,5,6,1972,0,0,0,NA,0,NA,190TH ST,RINDGE LN,120,W,N,A,-,N,NA,NA,NA,NA,NA,NA,NA,NA,NA,N,4,0,1,2,A,-,03,22350,NA,N,C,C,A,A,H,-,A,A,0,NA,NA,NA,NA,Y,NA,D,NA,0,0,1,0,0,0,0,0,0,-,-,NA,NA,LOS ANGELES,TORRANCE,-118.37323452,33.85826
7031751,2015,2017-01-13,1972,2015-08-14,0848,14629,NA,5,5,6,1972,0,0,0,NA,0,NA,HAWTHORNE,TORRANCE,0,NA,Y,A,-,Y,LA,7,107,-,-,2.23,H,-,N,Y,4,0,1,2,A,-,03,22350,NA,N,C,C,A,A,H,-,A,D,0,NA,NA,NA,NA,Y,NA,A,NA,0,0,1,0,0,0,0,0,0,-,-,NA,NA,LOS ANGELES,TORRANCE,-118.35344891,33.83727064
7031754,2015,2015-09-14,1900,2015-08-03,1720,532040,1125,1,5,6,1992,0,0,0,NA,0,111T2,16TH ST W,AVE J,5,N,N,A,-,N,NA,NA,NA,NA,NA,NA,NA,NA,NA,N,3,0,1,2,A,-,09,21804,A,N,H,G,A,A,H,-,A,A,0,NA,Y,NA,NA,Y,NA,L,04,0,1,0,0,0,0,1,0,0,-,-,NA,NA,LOS ANGELES,LANCASTER,-118.15849029,34.68943371
7031755,2015,2015-09-01,1902,2015-08-12,1911,711,12,3,5,5,1902,0,0,0,NA,0,003,SANTA CLARA ST,HUNTINGTON DR,136,N,N,A,-,N,NA,NA,NA,NA,NA,NA,NA,NA,NA,N,3,0,1,2,A,-,03,22350,NA,N,D,G,A,A,H,-,A,A,0,NA,Y,NA,NA,Y,NA,A,01,0,1,0,0,0,0,1,0,0,-,-,NA,NA,LOS ANGELES,ARCADIA,-118.03497646,34.14027889
7031758,2015,2015-09-14,1900,2015-08-06,1421,263565,1133,4,5,6,1992,0,0,0,NA,0,111T2,AVE J,SIERRA HWY,528,E,N,B,-,N,NA,NA,NA,NA,NA,NA,NA,NA,NA,N,4,0,1,2,A,-,05,21650,NA,N,H,G,A,A,H,-,A,D,0,NA,Y,NA,NA,Y,NA,L,04,0,0,1,0,0,0,1,0,0,-,-,NA,NA,LOS ANGELES,LANCASTER,-118.13361757,34.6894475
7031764,2015,2015-09-01,1900,2015-08-18,1820,546182,1135,2,5,6,1992,0,0,0,NA,0,111T1,15TH ST EAST,NUGENT ST,0,NA,Y,A,-,N,NA,NA,NA,NA,NA,NA,NA,NA,NA,Y,4,0,1,2,A,-,08,22107,NA,N,C,C,A,A,H,-,A,D,0,NA,NA,NA,NA,Y,NA,A,01,0,0,1,0,0,0,0,0,0,-,-,NA,NA,LOS ANGELES,LANCASTER,-118.10372007,34.69316001
7031768,2015,2016-07-26,1900,2015-08-18,1829,283565,1132,2,5,6,1992,0,0,0,NA,0,111T2,AVENUE J,SIERRA HWY,125,E,N,A,-,N,NA,NA,NA,NA,NA,NA,NA,NA,NA,N,4,0,1,1,A,-,08,22107,NA,N,F,A,A,A,H,-,A,D,0,NA,NA,Y,NA,Y,NA,C,02,0,0,1,0,0,0,0,0,1,-,-,NA,NA,LOS ANGELES,LANCASTER,-118.13495506,34.68943
7031772,2015,2015-09-02,1900,2015-08-03,1728,527065,1127,1,5,6,1992,0,0,0,NA,0,111T1,AVENUE J-4,MARIPOSA DR,143,W,N,A,-,N,NA,NA,NA,NA,NA,NA,NA,NA,NA,Y,4,0,1,2,A,-,06,21750,NA,N,B,C,A,A,H,-,A,D,0,NA,NA,NA,NA,Y,NA,A,01,0,0,1,0,0,0,0,0,0,-,-,NA,NA,LOS ANGELES,LANCASTER,-118.18950466,34.68573484
7031776,2015,2017-01-10,1900,2015-08-10,1540,532040,1126,1,5,6,1992,0,0,0,NA,0,111T2,AVENUE L,RT 14,0,NA,Y,A,-,Y,LA,7,14,-,R,65.886,R,4,S,Y,3,0,4,2,A,-,12,21453,A,N,D,C,A,A,H,-,A,A,0,NA,NA,NA,NA,Y,NA,A,07,0,1,3,0,0,0,0,0,0,-,SF,NA,NA,LOS ANGELES,LANCASTER,-118.15355657,34.6634857
7031780,2015,2015-09-01,1900,2015-08-09,2120,510509,1136,7,5,6,1992,0,0,0,NA,0,112T1,50TH ST EAST,AVENUE J,275,N,N,A,-,N,NA,NA,NA,NA,NA,NA,NA,NA,NA,Y,3,0,3,2,A,-,08,22107,NA,N,A,C,A,A,H,-,D,D,0,NA,NA,NA,NA,Y,NA,A,01,0,1,2,0,0,0,0,0,0,-,-,NA,NA,LOS ANGELES,LANCASTER,-118.04121419,34.69071395
7031784,2015,2015-09-01,1900,2015-08-09,1825,550490,1127,7,5,6,1992,0,0,0,NA,0,111T2,VALLEY CENTRAL WY,CENTRAL CT,0,NA,Y,A,-,N,NA,NA,NA,NA,NA,NA,NA,NA,NA,Y,4,0,1,2,A,-,09,21801,A,N,D,C,A,A,H,-,A,A,0,NA,NA,NA,NA,Y,NA,A,08,0,0,1,0,0,0,0,0,0,-,-,NA,NA,LOS ANGELES,LANCASTER,-118.17239009,34.69191012
7031788,2015,2015-09-01,1900,2015-08-15,1455,550490,1135,6,5,6,1992,0,0,0,NA,0,111T2,AVENUE I,18TH ST EAST,0,NA,Y,A,-,N,NA,NA,NA,NA,NA,NA,NA,NA,NA,Y,3,0,1,2,A,-,09,21801,A,N,D,C,A,A,H,-,A,A,0,NA,NA,NA,NA,Y,NA,A,01,0,1,0,0,0,0,0,0,0,-,-,NA,NA,LOS ANGELES,LANCASTER,-118.09708003,34.70423006
7031789,2015,2015-09-15,1900,2015-08-24,0146,600122,1126,1,5,6,1992,0,0,0,NA,0,111T1,AV J,15TH ST WEST,0,NA,Y,A,-,N,NA,NA,NA,NA,NA,NA,NA,NA,NA,Y,3,0,4,2,A,-,01,23152,A,N,D,C,A,A,H,-,C,A,0,NA,NA,NA,NA,Y,Y,D,22,0,2,2,0,0,0,0,0,0,-,-,NA,NA,LOS ANGELES,LANCASTER,-118.15684,34.68943007
7031792,2015,2015-09-01,1900,2015-08-14,1805,546182,1126,5,5,6,1992,0,0,0,NA,0,111T1,AVENUE L,RT 14,300,E,N,A,-,N,NA,NA,NA,NA,NA,NA,NA,NA,NA,Y,4,0,2,3,A,-,21,22106,NA,N,C,C,A,A,H,-,A,A,0,NA,NA,NA,NA,Y,NA,A,07,0,0,2,0,0,0,0,0,0,-,EF,NA,NA,LOS ANGELES,LANCASTER,-118.152178,34.660349
7031796,2015,2015-09-01,1900,2015-08-16,1833,540658,1131,7,5,6,1992,0,0,0,NA,0,112T1,AVENUE I,DIVISION ST,0,NA,Y,A,-,N,NA,NA,NA,NA,NA,NA,NA,NA,NA,N,4,0,2,2,A,-,12,21453,A,N,D,C,A,A,H,-,A,B,0,NA,NA,NA,NA,Y,NA,A,01,0,0,2,0,0,0,0,0,0,-,-,NA,NA,LOS ANGELES,LANCASTER,-118.1304401,34.70399001
7031800,2015,2016-07-27,1900,2015-08-15,1816,550490,1132,6,5,6,1992,0,0,0,NA,0,111T2,AVENUE J,SIERRA HWY,27,E,N,A,-,N,NA,NA,NA,NA,NA,NA,NA,NA,NA,N,4,0,3,2,A,-,04,21703,NA,N,C,C,A,A,H,-,A,A,0,NA,NA,NA,NA,Y,NA,A,07,0,0,3,0,0,0,0,0,0,-,-,NA,NA,LOS ANGELES,LANCASTER,-118.13528037,34.68943
7031804,2015,2015-09-02,1900,2015-08-17,1340,532040,1135,1,5,6,1992,0,0,0,NA,0,111T2,AVENUE J,17TH ST EAST,0,NA,Y,A,-,N,NA,NA,NA,NA,NA,NA,NA,NA,NA,Y,4,0,1,3,A,-,09,21801,A,N,D,C,A,A,H,-,A,A,0,NA,NA,NA,NA,Y,NA,A,01,0,0,1,0,0,0,0,0,0,-,-,NA,NA,LOS ANGELES,LANCASTER,-118.09921003,34.6895901
7031808,2015,2015-09-01,1900,2015-08-13,1509,550490,1133,4,5,6,1992,0,0,0,NA,0,111T2,CHALLENGER WY,AVENUE J-12,311,S,N,A,-,N,NA,NA,NA,NA,NA,NA,NA,NA,NA,N,4,0,1,2,A,-,08,22102,NA,N,D,C,A,A,H,-,A,D,0,NA,NA,NA,NA,Y,NA,A,01,0,0,1,0,0,0,0,0,0,-,-,NA,NA,LOS ANGELES,LANCASTER,-118.112451,34.677747
7031812,2015,2015-09-01,1900,2015-08-13,1749,510509,1137,4,5,6,1992,0,0,0,NA,0,112T1,15TH ST EAST,AVENUE J-4,2,N,N,A,-,N,NA,NA,NA,NA,NA,NA,NA,NA,NA,N,4,0,1,2,A,-,05,21650,1,N,H,G,A,A,H,-,A,D,0,NA,Y,NA,NA,Y,NA,L,04,0,0,1,0,0,0,1,0,0,-,-,NA,NA,LOS ANGELES,LANCASTER,-118.1036402,34.68626548
7031817,2015,2015-09-15,1900,2015-08-13,0945,532040,1126,4,5,6,1992,0,0,0,NA,0,111T2,AV L,10TH ST W,18,W,N,A,-,N,NA,NA,NA,NA,NA,NA,NA,NA,NA,N,4,0,1,2,A,-,03,22350,NA,F,C,C,A,A,H,-,A,A,0,NA,NA,NA,NA,Y,NA,D,22,0,0,1,0,0,0,0,0,0,-,-,NA,NA,LOS ANGELES,LANCASTER,-118.14784947,34.66036457
7031820,2015,2015-09-01,1900,2015-08-17,1545,236790,1126,1,5,6,1992,0,0,0,NA,0,111T2,AVE J,16TH ST WEST,30,E,N,A,-,N,NA,NA,NA,NA,NA,NA,NA,NA,NA,N,4,0,2,2,A,-,08,22107,NA,N,D,C,A,A,H,-,A,D,0,NA,NA,NA,NA,Y,NA,A,07,0,0,2,0,0,0,0,0,0,-,-,NA,NA,LOS ANGELES,LANCASTER,-118.15839055,34.68941568
7031822,2015,2015-09-15,1900,2015-08-13,1530,437700,0609,4,5,6,1985,0,0,0,NA,0,61T1,WHITES CANYON RD,PLEASANTDALE ST,0,NA,Y,A,-,N,NA,NA,NA,NA,NA,NA,NA,NA,NA,N,4,0,2,3,A,-,03,22350,NA,N,C,C,A,A,H,-,A,A,0,NA,NA,NA,NA,Y,NA,D,22,0,0,2,0,0,0,0,0,0,-,-,NA,NA,LOS ANGELES,SANTA CLARITA,-118.47221001,34.42081009
7031830,2015,2015-09-15,1900,2015-08-11,1750,514681,0621,2,5,6,1985,0,0,0,NA,0,64T1,VALENCIA BL,MCBEAN PKWY,0,NA,Y,A,-,N,NA,NA,NA,NA,NA,NA,NA,NA,NA,N,4,0,1,2,A,-,03,22350,NA,N,C,C,A,A,H,-,A,A,0,NA,NA,NA,NA,Y,NA,D,22,0,0,1,0,0,0,0,0,0,-,-,NA,NA,LOS ANGELES,SANTA CLARITA,-118.55999013,34.41326012
7031832,2015,2015-09-01,1900,2015-08-13,1100,529699,1137,4,5,6,1992,0,0,0,NA,0,112T2,AVENUE K,8TH ST EAST,0,NA,Y,A,-,N,NA,NA,NA,NA,NA,NA,NA,NA,NA,Y,4,0,1,2,A,-,09,21801,A,N,D,C,A,A,H,-,A,D,0,NA,NA,NA,NA,Y,NA,A,07,0,0,1,0,0,0,0,0,0,-,-,NA,NA,LOS ANGELES,LANCASTER,-118.11468003,34.67500001
7032014,2015,2015-09-19,9525,2015-05-21,1720,19682,NA,4,2,9,1900,0,2,4,NA,2,045,VALLEY BL,CALIFORNIA AV,20,W,N,B,-,N,NA,NA,NA,NA,NA,NA,NA,NA,NA,Y,4,0,1,3,A,-,03,22350,NA,N,C,C,A,A,H,-,A,D,0,NA,NA,NA,NA,Y,NA,D,22,0,0,1,0,0,0,0,0,0,-,-,34.03162,-117.96995,LOS ANGELES,UNINCORPORATED,-117.96960064,34.03133506
7032019,2015,2015-09-19,1969,2015-08-14,1344,10202,PATRO,5,5,5,1969,0,0,0,NA,0,004,WRIGHT RD,CHAKEMCO ST,0,NA,Y,A,-,N,NA,NA,NA,NA,NA,NA,NA,NA,NA,N,3,0,1,2,A,-,03,22350,NA,N,C,C,A,A,H,-,A,D,0,NA,NA,NA,NA,Y,NA,D,22,0,1,0,0,0,0,0,0,0,-,-,NA,NA,LOS ANGELES,SOUTH GATE,-118.18163013,33.94027007
7032029,2015,2017-01-03,9525,2015-05-19,1615,15445,NA,2,2,6,1955,0,1,1,NA,2,110,RT 10,ORANGE GROVE AV,400,E,N,B,-,Y,LA,7,10,-,-,45.96,H,-,E,Y,4,0,2,3,A,-,03,22350,NA,N,C,C,A,A,H,-,A,D,1,NA,NA,NA,NA,Y,NA,D,22,0,0,2,0,0,0,0,0,0,-,-,34.07505,-117.74883,LOS ANGELES,POMONA,-117.7487734,34.07522131
7032062,2015,2016-11-05,9525,2015-05-21,1025,12820,NA,4,1,4,1960,0,1,1,NA,2,207,RT 210,FOOTHILL BL,400,W,N,B,-,Y,LA,7,210,-,R,46.52,H,-,W,Y,4,0,2,3,A,-,03,22350,NA,N,C,C,A,A,H,-,A,D,1,NA,NA,NA,NA,Y,NA,A,07,0,0,2,0,0,0,0,0,0,-,-,34.11261,-117.8348,LOS ANGELES,SAN DIMAS,-117.78884365,34.12003669
7032070,2015,2016-12-13,9525,2015-05-21,1748,19632,NA,4,2,4,1938,0,1,1,NA,2,218,RT 210,FRUIT ST,2000,W,N,B,-,Y,LA,7,210,-,R,47.7,H,-,E,Y,4,0,1,2,A,-,07,21658,A,N,F,A,A,A,H,-,A,D,1,NA,NA,Y,NA,Y,NA,D,22,0,0,1,0,0,0,0,0,1,-,-,34.11938,-117.77019,LOS ANGELES,LA VERNE,-117.76830113,34.11949122
7032078,2015,2016-12-13,9525,2015-05-20,1706,16677,NA,3,2,1,1934,0,1,1,NA,2,204,RT 210,SAN GABRIEL RIVER,500,S,N,A,-,Y,LA,7,210,-,R,36.73,H,-,E,Y,4,0,1,2,A,-,08,22107,NA,F,B,C,A,A,H,-,A,D,1,NA,NA,NA,NA,Y,NA,D,22,0,0,1,0,0,0,0,0,0,-,-,34.131,-117.9577,LOS ANGELES,IRWINDALE,-117.95231189,34.13285025
7032082,2015,2016-11-05,9525,2015-05-09,2105,20537,NA,6,2,5,1926,0,1,1,NA,2,205,RT 210,SUNFLOWER AV,1056,W,N,A,-,Y,LA,7,210,-,R,42.94,H,-,W,Y,3,0,1,2,A,-,01,23152,A,N,B,C,A,A,H,-,C,D,1,NA,NA,NA,Y,Y,Y,A,01,0,1,0,0,0,0,0,0,0,-,-,34.1175,-117.8527,LOS ANGELES,GLENDORA,-117.85045173,34.11770537
7032088,2015,2016-12-12,9525,2015-05-18,1605,20891,NA,1,2,5,1990,0,1,3,NA,2,602,RT 60,GRAND AV,2600,W,N,A,-,Y,LA,7,60,-,R,23.73,H,-,E,Y,4,0,1,3,A,-,03,22350,NA,N,C,C,A,A,H,-,A,D,1,NA,NA,NA,NA,Y,NA,D,22,0,0,1,0,0,0,0,0,0,-,-,34.00626,-117.82738,LOS ANGELES,DIAMOND BAR,-117.83246754,34.00258929
7032089,2015,2016-12-17,9550,2015-06-15,0820,020928,NA,1,1,5,1952,0,1,1,NA,2,151,RT 105,GARFIELD AV,50,E,N,A,-,Y,LA,7,105,-,R,14.17,H,-,W,Y,4,0,1,2,A,-,03,22350,NA,N,C,C,A,A,H,-,A,D,1,NA,NA,NA,Y,Y,NA,A,01,0,0,1,0,0,0,0,0,0,-,-,33.91134,-118.16795,LOS ANGELES,PARAMOUNT,-118.16794816,33.91132084
7032092,2015,2016-11-05,9525,2015-05-18,1625,20346,NA,1,2,4,1946,0,1,1,NA,2,202,RT 210,5TH AV,10,E,N,A,-,Y,LA,7,210,-,R,32.65,H,-,E,Y,4,0,1,3,A,-,03,22350,NA,N,C,C,A,A,H,-,A,D,0,NA,NA,NA,NA,Y,NA,A,01,0,0,1,0,0,0,0,0,0,-,-,34.14237,-118.02025,LOS ANGELES,MONROVIA,-118.02021346,34.14249023
7032097,2015,2017-01-03,9550,2015-06-15,1200,019117,NA,1,1,1,1932,0,1,3,NA,2,601,RT 60,STONER CREEK RD,1715,W,N,A,-,Y,LA,7,60,-,-,18.78,H,-,E,Y,3,0,1,2,A,-,03,22350,NA,N,F,C,A,A,H,-,A,D,1,NA,NA,NA,Y,Y,NA,F,26,0,1,0,0,0,0,0,0,0,-,-,33.99506,-117.91765,LOS ANGELES,INDUSTRY,-117.91727062,33.99508026
7032098,2015,2016-12-12,9525,2015-05-10,1355,18997,NA,7,1,6,1955,0,1,3,NA,2,603,RT 60,GOLDEN SPRINGS DR,300,E,N,A,-,Y,LA,7,60,-,R,26.61,H,-,W,N,4,0,1,2,A,-,03,22350,NA,N,C,C,A,A,H,-,A,D,1,NA,NA,NA,NA,Y,NA,D,22,0,0,1,0,0,0,0,0,0,-,-,34.02662,-117.8034,LOS ANGELES,POMONA,-117.7948332,34.02780136
7032099,2015,2016-11-05,9525,2015-05-13,1750,17408,NA,3,2,5,1926,0,1,1,NA,2,206,RT 210,SUNFLOWER AV,2000,E,N,A,-,Y,LA,7,210,-,R,43.57,H,-,E,N,4,0,1,2,A,-,03,22350,NA,N,C,C,A,A,H,-,A,D,1,NA,NA,NA,NA,Y,NA,D,22,0,0,1,0,0,0,0,0,0,-,-,34.11757,-117.85206,LOS ANGELES,GLENDORA,-117.83983033,34.11908773
7032104,2015,2016-12-13,9525,2015-05-18,1615,20216,NA,1,2,1,1934,0,1,1,NA,2,204,RT 210,RT 605,50,E,N,B,-,Y,LA,7,210,-,R,36.42,H,-,E,Y,3,0,1,4,A,-,01,23152,A,M,C,C,A,A,H,-,A,D,1,NA,NA,NA,NA,Y,Y,A,01,0,1,0,0,0,0,0,0,0,-,-,34.13414,-117.95674,LOS ANGELES,IRWINDALE,-117.95732917,34.1341492
7032107,2015,2016-12-03,9525,2015-05-14,1457,20989,NA,4,2,6,1955,0,1,3,NA,2,571,RT 57,TEMPLE AV,1056,N,N,C,-,Y,LA,7,57,-,-,6.37,H,-,S,N,4,0,1,2,A,-,03,22350,NA,N,C,C,A,B,H,-,A,D,1,NA,NA,NA,Y,Y,NA,G,25,0,0,1,0,0,0,0,0,0,-,-,34.04785,-117.80145,LOS ANGELES,POMONA,-117.8008715,34.04647353
7032110,2015,2016-12-12,9525,2015-05-11,0800,19291,NA,1,1,6,1955,0,1,3,NA,2,605,RT 60,RESERVOIR ST,500,W,N,A,-,Y,LA,7,60,-,R,30.194,R,2,W,Y,3,0,3,2,A,-,03,22350,NA,N,C,D,A,A,H,-,A,D,1,NA,NA,NA,Y,Y,NA,A,07,0,2,1,0,0,0,0,0,0,FR,-,34.02537,-117.73224,LOS ANGELES,POMONA,-117.73407017,34.02510892
7032115,2015,2016-12-12,9525,2015-05-14,1605,19632,NA,4,2,5,1990,0,1,3,NA,2,605,RT 60,GAREY AV,82,W,N,B,C,Y,LA,7,60,-,R,29.36,H,-,W,Y,4,0,1,1,A,-,03,22350,NA,N,E,I,A,B,H,-,A,D,1,NA,NA,NA,Y,Y,NA,F,26,0,0,1,0,0,0,0,0,0,-,-,34.02349,-117.74904,LOS ANGELES,DIAMOND BAR,-117.74843469,34.02335807
7032119,2015,2016-12-12,9525,2015-05-14,1705,19632,NA,4,2,5,1990,0,1,3,NA,2,603,RT 60,DIAMOND BAR BL,2000,E,N,B,C,Y,LA,7,60,-,R,25.98,H,-,W,Y,4,0,1,2,A,-,07,21658,A,F,B,C,A,B,H,-,A,D,1,NA,NA,NA,Y,Y,NA,G,25,0,0,1,0,0,0,0,0,0,-,-,34.02785,-117.79634,LOS ANGELES,DIAMOND BAR,-117.80539149,34.02590501
7032124,2015,2017-01-03,9525,2015-05-17,0320,20552,NA,7,3,4,1913,0,1,1,NA,2,109,RT 10,INDIAN HILL BL,1056,W,N,A,-,Y,LA,7,10,-,-,47.46,H,-,W,Y,4,0,4,6,A,-,03,22350,NA,N,C,C,A,A,H,-,C,D,1,NA,NA,NA,Y,Y,NA,D,22,0,0,4,0,0,0,0,0,0,-,-,34.08158,-117.72698,LOS ANGELES,CLAREMONT,-117.7241928,34.08176043
7032131,2015,2017-01-03,9525,2015-05-11,1530,20346,NA,1,2,6,1955,0,1,1,NA,2,110,RT 10,TOWNE AV,350,W,N,A,-,Y,LA,7,10,-,-,46.22,H,-,E,Y,4,0,1,4,A,-,03,22350,NA,N,C,C,A,A,H,-,A,D,1,NA,NA,NA,NA,Y,NA,D,22,0,0,1,0,0,0,0,0,0,-,-,34.07579,-117.74752,LOS ANGELES,POMONA,-117.74472156,34.07687614
7032132,2015,2016-12-20,9525,2015-05-15,0123,18651,NA,5,3,5,1990,0,1,3,NA,2,604,RT 60,DIAMOND BAR BL,2112,W,N,B,-,Y,LA,7,60,-,R,25.1,H,-,E,Y,2,0,1,3,A,-,03,22350,NA,N,C,C,A,B,H,-,C,D,1,NA,NA,NA,Y,Y,NA,G,25,1,0,0,0,0,0,0,0,0,-,-,34.01785,-117.81633,LOS ANGELES,DIAMOND BAR,-117.81667988,34.01763285
7032137,2015,2017-01-03,9550,2015-06-16,1815,19293,NA,2,2,9,1900,0,1,3,NA,2,600,RT 60,CROSSROADS PARKWAY,1000,W,N,A,-,Y,LA,7,60,-,-,12.34,H,-,E,Y,4,0,2,5,A,-,03,22350,NA,N,C,C,A,A,H,-,A,D,1,NA,NA,NA,NA,Y,NA,D,22,0,0,2,0,0,0,0,0,0,-,-,34.02999,-118.01914,LOS ANGELES,UNINCORPORATED,-118.01771868,34.02953051
7032144,2015,2016-11-30,9525,2015-05-07,0550,14593,NA,4,3,4,1960,0,1,3,NA,2,572,RT 57,AUTO CENTRE DR,250,S,N,B,-,Y,LA,7,57,-,R,11.49,H,-,N,Y,3,0,3,3,A,-,03,22350,NA,N,C,D,A,A,H,-,B,D,1,NA,NA,NA,NA,Y,NA,D,22,0,1,2,0,0,0,0,0,0,-,-,34.11621,-117.82388,LOS ANGELES,SAN DIMAS,-117.82417673,34.11819066
7032147,2015,2015-09-18,9525,2015-05-11,1715,20907,NA,1,2,9,1900,0,3,5,NA,2,004,WORKMAN MILL RD,LOMITAS AV,250,S,N,A,-,N,NA,NA,NA,NA,NA,NA,NA,NA,NA,N,4,0,1,2,A,-,03,22350,NA,N,C,C,A,A,H,-,A,D,0,NA,NA,NA,NA,Y,NA,A,01,0,0,1,0,0,0,0,0,0,-,-,34.03882,-118.0021,LOS ANGELES,UNINCORPORATED,-118.00243113,34.03899243
7032149,2015,2016-11-05,9550,2015-06-16,1600,15329,NA,2,2,7,1941,0,1,1,NA,2,653,RT 605,CARSON ST,1000,S,N,A,-,Y,LA,7,605,-,R,1.55,H,-,N,Y,4,0,4,4,A,-,03,22350,NA,N,C,C,A,A,H,-,A,D,1,NA,NA,NA,NA,Y,NA,A,01,0,0,4,0,0,0,0,0,0,-,-,33.82662,-118.0782,LOS ANGELES,LONG BEACH,-118.08267011,33.8285959