CASE_ID,ACCIDENT_YEAR,PROC_DATE,JURIS,COLLISION_DATE,COLLISION_TIME,OFFICER_ID,REPORTING_DISTRICT,DAY_OF_WEEK,CHP_SHIFT,POPULATION,CNTY_CITY_LOC,SPECIAL_COND,BEAT_TYPE,CHP_BEAT_TYPE,CITY_DIVISION_LAPD,CHP_BEAT_CLASS,BEAT_NUMBER,PRIMARY_RD,SECONDARY_RD,DISTANCE,DIRECTION,INTERSECTION,WEATHER_1,WEATHER_2,STATE_HWY_IND,CALTRANS_COUNTY,CALTRANS_DISTRICT,STATE_ROUTE,ROUTE_SUFFIX,POSTMILE_PREFIX,POSTMILE,LOCATION_TYPE,RAMP_INTERSECTION,SIDE_OF_HWY,TOW_AWAY,COLLISION_SEVERITY,NUMBER_KILLED,NUMBER_INJURED,PARTY_COUNT,PRIMARY_COLL_FACTOR,PCF_CODE_OF_VIOL,PCF_VIOL_CATEGORY,PCF_VIOLATION,PCF_VIOL_SUBSECTION,HIT_AND_RUN,TYPE_OF_COLLISION,MVIW,PED_ACTION,ROAD_SURFACE,ROAD_COND_1,ROAD_COND_2,LIGHTING,CONTROL_DEVICE,CHP_ROAD_TYPE,PEDESTRIAN_ACCIDENT,BICYCLE_ACCIDENT,MOTORCYCLE_ACCIDENT,TRUCK_ACCIDENT,NOT_PRIVATE_PROPERTY,ALCOHOL_INVOLVED,STWD_VEHTYPE_AT_FAULT,CHP_VEHTYPE_AT_FAULT,COUNT_SEVERE_INJ,COUNT_VISIBLE_INJ,COUNT_COMPLAINT_PAIN,COUNT_PED_KILLED,COUNT_PED_INJURED,COUNT_BICYCLIST_KILLED,COUNT_BICYCLIST_INJURED,COUNT_MC_KILLED,COUNT_MC_INJURED,PRIMARY_RAMP,SECONDARY_RAMP,LATITUDE,LONGITUDE,COUNTY,CITY,POINT_X,POINT_Y
7037572,2015,2015-09-08,1900,2015-08-12,0636,516551,0456,3,5,6,1949,0,0,0,NA,0,43T1,PIONEER BL,EXCELSIOR DR,0,NA,Y,A,-,N,NA,NA,NA,NA,NA,NA,NA,NA,NA,Y,4,0,2,3,A,-,12,21453,A,N,D,C,A,A,H,-,B,A,0,NA,NA,NA,NA,Y,NA,A,01,0,0,2,0,0,0,0,0,0,-,-,NA,NA,LOS ANGELES,NORWALK,-118.08252003,33.89491004
7037586,2015,2015-09-02,1942,2015-08-14,2300,25907,1028,5,5,7,1942,0,0,0,J,0,21T65,HAYVENHURST AV,VANOWEN ST,25,W,N,A,-,N,NA,NA,NA,NA,NA,NA,NA,NA,NA,N,4,0,1,2,A,-,01,23152,NA,F,C,C,A,A,H,-,C,D,0,NA,NA,NA,NA,Y,Y,D,22,0,0,1,0,0,0,0,0,0,-,-,NA,NA,LOS ANGELES,LOS ANGELES,-118.4924,34.1939
7037587,2015,2015-09-02,1942,2015-08-12,1800,38356,0939,3,5,7,1942,0,0,0,I,0,16TL26,COLDWATER CANYON BL,OXNARD ST,0,NA,Y,A,-,N,NA,NA,NA,NA,NA,NA,NA,NA,NA,Y,4,0,1,2,A,-,12,21453,A,F,D,C,A,A,H,-,A,A,0,NA,NA,NA,NA,Y,NA,-,99,0,0,1,0,0,0,0,0,0,-,-,NA,NA,LOS ANGELES,LOS ANGELES,-118.41376008,34.17942005
7037591,2015,2015-09-02,1942,2015-08-09,1255,38996,1043,7,5,7,1942,0,0,0,J,0,10TL39,OXNARD ST,YOLANDA AV,170,E,N,A,-,N,NA,NA,NA,NA,NA,NA,NA,NA,NA,Y,3,0,1,3,A,-,07,21658,A,F,B,C,A,A,H,-,A,D,0,NA,NA,NA,NA,Y,NA,-,99,0,1,0,0,0,0,0,0,0,-,-,NA,NA,LOS ANGELES,LOS ANGELES,-118.54022882,34.18000548
7037600,2015,2015-08-31,1948,2015-07-27,1232,412,1948,1,5,5,1948,0,0,0,NA,0,003,GERHART AV,POMONA BL,4,N,N,A,-,N,NA,NA,NA,NA,NA,NA,NA,NA,NA,N,4,0,2,2,A,-,03,22350,NA,N,C,C,A,A,H,-,A,A,0,NA,NA,NA,Y,Y,NA,F,55,0,0,2,0,0,0,0,0,0,-,-,NA,NA,LOS ANGELES,MONTEREY PARK,-118.14417024,34.03348097
7037628,2015,2015-08-31,1900,2015-07-31,0645,450416,0641,5,5,6,1985,0,0,0,NA,0,62T1,BOUQUET CANYON RD,SECO CANYON RD,35,N,N,A,-,N,NA,NA,NA,NA,NA,NA,NA,NA,NA,Y,4,0,1,3,A,-,03,22350,NA,N,C,C,A,A,H,-,A,A,0,NA,NA,NA,NA,Y,NA,A,01,0,0,1,0,0,0,0,0,0,-,-,NA,NA,LOS ANGELES,SANTA CLARITA,-118.53135841,34.43326618
7037789,2015,2017-01-13,9535,2015-07-13,1020,15797,NA,1,1,3,1914,0,1,1,NA,2,500,RT 5,RT 710,250,S,N,A,-,Y,LA,7,5,-,-,13.666,R,1,N,Y,4,0,1,3,A,-,03,22350,NA,N,C,C,A,A,H,-,A,D,1,NA,NA,NA,Y,Y,NA,A,07,0,0,1,0,0,0,0,0,0,TO,-,34.017,-118.173,LOS ANGELES,COMMERCE,-118.17106283,34.01551415
7037792,2015,2017-01-13,9535,2015-07-01,1730,14473,NA,3,2,5,1947,0,1,3,NA,2,600,RT 60,WILCOX AV,400,W,N,A,-,Y,LA,7,60,-,R,5.81,H,-,E,Y,4,0,1,3,A,-,03,22350,NA,N,C,C,A,A,H,-,A,D,1,NA,NA,NA,Y,Y,NA,G,25,0,0,1,0,0,0,0,0,0,-,-,34.03304,-118.1266,LOS ANGELES,MONTEBELLO,-118.12675474,34.03307593
7037800,2015,2017-01-03,9535,2015-06-29,0640,15797,NA,1,1,5,1948,0,1,3,NA,2,621,RT 60,GREENWOOD AV,900,E,N,A,-,Y,LA,7,60,-,R,7.03,H,-,W,Y,4,0,1,2,A,-,03,22350,NA,N,C,C,A,A,H,-,A,D,1,NA,NA,NA,Y,Y,NA,F,26,0,0,1,0,0,0,0,0,0,-,-,34.03477,-118.10822,LOS ANGELES,MONTEREY PARK,-118.10572324,34.034847
7037819,2015,2017-01-12,1900,2015-07-31,2010,407357,627,5,5,6,1985,0,0,0,NA,0,64T1,SIERRA HWY,PLACERITA CANYON RD,0,NA,Y,A,-,Y,LA,7,14,U,T,27.895,I,5,N,Y,4,0,2,2,A,-,12,21453,A,N,D,C,A,A,H,-,B,A,0,NA,NA,NA,NA,Y,NA,A,01,0,0,2,0,0,0,0,0,0,-,-,NA,NA,LOS ANGELES,SANTA CLARITA,-118.49418426,34.37810207
7037820,2015,2015-08-28,1900,2015-07-27,0605,472724,612,1,5,6,1985,0,0,0,NA,0,61T1,SIERRA HWY,LINDA VISTA ST,1390,N,N,A,-,N,NA,NA,NA,NA,NA,NA,NA,NA,NA,Y,2,0,2,1,A,-,01,23152,A,N,E,I,A,A,H,-,A,D,0,NA,NA,NA,NA,Y,Y,A,01,1,1,0,0,0,0,0,0,0,-,-,NA,NA,LOS ANGELES,SANTA CLARITA,-118.43418515,34.4353818
7037828,2015,2015-08-28,1948,2015-07-30,0047,368,1948,4,5,5,1948,0,0,0,NA,0,FOUR,SOUTH ALHAMBRA AV,MOONEY DR,297,S,N,A,-,N,NA,NA,NA,NA,NA,NA,NA,NA,NA,N,4,0,1,2,A,-,21,22106,NA,N,H,I,A,A,H,-,C,D,0,NA,NA,NA,NA,Y,NA,-,NA,0,0,1,0,0,0,0,0,0,-,-,NA,NA,LOS ANGELES,MONTEREY PARK,-118.11650632,34.05324569
7037829,2015,2015-08-28,1948,2015-07-31,1841,445,1948,5,5,5,1948,0,0,0,NA,0,003,NEWMARK AV,MCPHERRIN AV,0,NA,Y,A,-,N,NA,NA,NA,NA,NA,NA,NA,NA,NA,N,3,0,1,3,A,-,10,21950,A,N,G,B,B,A,H,-,A,A,0,Y,NA,NA,NA,Y,NA,-,NA,0,1,0,0,1,0,0,0,0,-,-,NA,NA,LOS ANGELES,MONTEREY PARK,-118.12754005,34.05978004
7037830,2015,2015-09-09,1948,2015-07-28,1032,398,1948,2,5,5,1948,0,0,0,NA,0,002,EMERSON AV,CHANDLER AV,0,NA,Y,A,-,N,NA,NA,NA,NA,NA,NA,NA,NA,NA,N,4,0,1,2,A,-,12,22450,A,N,B,C,A,A,H,-,A,A,0,NA,NA,NA,NA,Y,NA,-,-,0,0,1,0,0,0,0,0,0,-,-,NA,NA,LOS ANGELES,MONTEREY PARK,-118.1320901,34.06612002
7037831,2015,2015-08-28,1948,2015-08-03,2109,423,ALH,1,5,5,1948,0,0,0,NA,0,003,SOUTH ATLANTIC BL,EL MERCADO AV,207,N,N,A,-,N,NA,NA,NA,NA,NA,NA,NA,NA,NA,Y,3,0,3,2,A,-,08,22107,NA,N,D,C,A,A,H,-,C,D,0,NA,NA,NA,NA,Y,NA,-,NA,0,1,2,0,0,0,0,0,0,-,-,NA,NA,LOS ANGELES,MONTEREY PARK,-118.13740484,34.05201761
7037832,2015,2015-08-28,1948,2015-07-03,0010,442,1948,5,5,5,1948,0,0,0,NA,0,001,ATLANTIC BL,1ST ST,0,NA,Y,A,-,N,NA,NA,NA,NA,NA,NA,NA,NA,NA,Y,4,0,2,2,A,-,17,21451,A,N,D,C,A,A,H,-,C,A,0,NA,NA,NA,NA,Y,NA,-,NA,0,0,2,0,0,0,0,0,0,-,-,NA,NA,LOS ANGELES,MONTEREY PARK,-118.14812011,34.03642005
7037834,2015,2016-07-20,1900,2015-07-31,1712,507857,975,5,5,4,1979,0,0,0,NA,0,82T2,SANTA MONICA BL,FAIRFAX AV,300,W,N,A,-,N,NA,NA,NA,NA,NA,NA,NA,NA,NA,N,3,0,1,2,A,-,05,21650,1,N,D,G,A,A,H,-,A,D,0,NA,Y,NA,NA,Y,NA,L,04,0,1,0,0,0,0,1,0,0,-,-,NA,NA,LOS ANGELES,WEST HOLLYWOOD,-118.36245887,34.09082781
7037835,2015,2015-09-04,1900,2015-07-30,1350,443069,972,4,5,4,1979,0,0,0,NA,0,90T2,MELROSE AV,LA CIENEGA BL,140,W,N,A,-,N,NA,NA,NA,NA,NA,NA,NA,NA,NA,Y,4,0,2,3,A,-,04,21703,NA,N,C,D,A,A,H,-,A,D,0,NA,NA,NA,NA,Y,NA,A,NA,0,0,2,0,0,0,0,0,0,-,-,NA,NA,LOS ANGELES,WEST HOLLYWOOD,-118.37698129,34.08193121
7037836,2015,2015-08-28,1900,2015-07-29,1634,536339,972,3,5,4,1979,0,0,0,NA,0,92T1,LA CIENEGA BL,MELROSE AV,400,S,N,A,-,N,NA,NA,NA,NA,NA,NA,NA,NA,NA,Y,4,0,1,4,A,-,08,22107,NA,N,C,E,A,A,H,-,A,D,0,NA,NA,NA,NA,Y,NA,A,01,0,0,1,0,0,0,0,0,0,-,-,NA,NA,LOS ANGELES,WEST HOLLYWOOD,-118.37655106,34.0808432
7037837,2015,2015-09-09,1900,2015-07-30,2015,266037,0987,4,5,4,1979,0,0,0,NA,0,91T2,SUNSET BL,QUEENS RD,0,NA,Y,A,-,N,NA,NA,NA,NA,NA,NA,NA,NA,NA,N,3,0,1,2,A,-,11,21950,B,N,G,B,B,A,H,-,A,A,0,Y,NA,NA,NA,Y,NA,N,60,0,1,0,0,1,0,0,0,0,-,-,NA,NA,LOS ANGELES,WEST HOLLYWOOD,-118.3747501,34.09476008
7037838,2015,2015-08-29,1900,2015-07-27,2255,FIELDS,977,1,5,4,1979,0,0,0,NA,0,91T1,PHYLLIS ST,CAROL DR,42,W,N,A,-,N,NA,NA,NA,NA,NA,NA,NA,NA,NA,Y,4,0,1,2,A,-,01,23152,A,N,E,I,A,A,H,-,C,D,0,NA,NA,NA,NA,Y,Y,A,01,0,0,1,0,0,0,0,0,0,-,-,NA,NA,LOS ANGELES,WEST HOLLYWOOD,-118.3912002,34.08891919
7037844,2015,2017-01-28,9575,2015-07-27,1645,20030,NA,1,2,7,1942,0,1,1,NA,2,050,RT 5,COLORADO ST,50,N,N,A,-,Y,LA,7,5,-,-,25.79,H,-,N,N,4,0,2,3,A,-,03,22350,NA,N,C,C,A,A,H,-,A,D,1,NA,NA,NA,NA,Y,NA,A,01,0,0,2,0,0,0,0,0,0,-,-,34.14131,-118.27754,LOS ANGELES,LOS ANGELES,-118.27758552,34.14098055
7037845,2015,2017-01-14,9575,2015-07-31,1450,17354,NA,5,2,7,1942,0,1,3,NA,2,044,RT 134,CAHUENGA BL,366,E,N,A,-,Y,LA,7,134,-,-,0.96,H,-,E,Y,3,0,2,2,A,-,03,22350,NA,N,C,C,A,A,H,-,A,D,1,NA,NA,NA,NA,Y,NA,A,01,0,1,1,0,0,0,0,0,0,-,-,34.15282,-118.35628,LOS ANGELES,LOS ANGELES,-118.35970814,34.15303846
7037846,2015,2017-01-12,9575,2015-07-20,0155,20887,NA,1,3,7,1942,0,1,3,NA,2,090,RT 118,SAN FERNANDO RD,300,W,N,A,-,Y,LA,7,118,-,R,12.433,R,2,W,Y,2,0,1,1,A,-,01,23152,A,N,E,I,A,A,H,-,C,D,1,NA,NA,NA,NA,Y,Y,A,01,1,0,0,0,0,0,0,0,0,TO,-,34.27205,-118.42999,LOS ANGELES,LOS ANGELES,-118.42855876,34.27285203
7037847,2015,2017-01-20,9575,2015-07-18,1555,20119,NA,6,2,3,1991,0,1,1,NA,2,062,RT 210,GOULD AV,1056,W,N,B,C,Y,LA,7,210,-,R,20.4,H,-,E,Y,4,0,1,1,A,-,08,22107,NA,N,E,I,A,B,H,-,A,D,1,NA,NA,NA,NA,Y,NA,A,01,0,0,1,0,0,0,0,0,0,-,-,34.200920000000004,-118.19933,LOS ANGELES,LA CANADA-FLINTRIDGE,-118.19214352,34.20311534
7037848,2015,2015-09-16,1900,2015-07-30,2055,475113,1453,4,5,2,1999,0,0,0,NA,0,145K1,HARBOR BL,KASHLAN RD,60,N,N,A,-,N,NA,NA,NA,NA,NA,NA,NA,NA,NA,Y,4,0,1,3,A,-,07,21658,A,N,E,I,A,A,H,-,C,D,0,NA,NA,NA,NA,Y,NA,A,01,0,0,1,0,0,0,0,0,0,-,-,NA,NA,LOS ANGELES,LA HABRA HEIGHTS,-117.92819154,33.9503284
7037876,2015,2017-01-09,9565,2015-07-27,1445,17574,NA,1,2,4,1918,0,1,1,NA,2,061,RT 405,BALLONA CREEK,100,N,N,A,-,Y,LA,7,405,-,-,26.55,H,-,N,Y,3,0,1,2,A,-,08,22107,NA,N,C,C,A,A,H,-,A,D,1,NA,NA,Y,NA,Y,NA,A,07,0,1,0,0,0,0,0,0,1,-,-,33.99463,-118.40445,LOS ANGELES,CULVER CITY,-118.40482841,33.99513804
7037877,2015,2017-01-09,9565,2015-07-24,1320,15275,NA,5,1,4,1918,0,1,1,NA,2,061,RT 405,VENICE BL,528,S,N,A,-,Y,LA,7,405,-,-,27.85,H,-,N,Y,3,0,1,2,A,-,07,21658,A,F,F,A,A,A,H,-,A,D,1,NA,NA,Y,NA,Y,NA,A,01,0,1,0,0,0,0,0,0,1,-,-,34.01068,-118.4172,LOS ANGELES,CULVER CITY,-118.41727379,34.01089153
7037878,2015,2017-01-17,9565,2015-07-12,0905,19320,NA,7,1,7,1942,0,1,1,NA,2,061,RT 405,BALLONA CREEK,50,S,N,A,-,Y,LA,7,405,-,-,26.48,H,-,N,Y,4,0,1,4,A,-,07,21658,A,N,B,C,A,A,H,-,A,D,1,NA,NA,NA,NA,Y,NA,A,01,0,0,1,0,0,0,0,0,0,-,-,33.99447,-118.40403,LOS ANGELES,LOS ANGELES,-118.40415382,33.99428762
7037879,2015,2017-01-17,9565,2015-07-25,2125,20915,NA,6,2,7,1942,0,1,1,NA,2,010,RT 105,N SEPULVEDA BL,40,E,N,A,-,Y,LA,7,105,-,R,0.547,R,1,W,Y,3,0,3,3,A,-,01,23152,A,N,C,C,A,A,H,-,C,D,1,NA,NA,NA,NA,Y,Y,A,07,0,2,1,0,0,0,0,0,0,TO,-,33.93275,-118.39597,LOS ANGELES,LOS ANGELES,-118.39542618,33.93164338
7037880,2015,2017-01-17,9565,2015-07-26,1710,20495,NA,7,2,5,1965,0,1,1,NA,2,081,RT 10,CLOVERFIELD BL,100,E,N,A,-,Y,LA,7,10,-,R,3.36,H,-,W,N,4,0,1,2,A,-,03,22350,NA,N,C,C,A,A,H,-,A,D,1,NA,NA,NA,NA,Y,NA,A,07,0,0,1,0,0,0,0,0,0,-,-,33.92567,-118.31234,LOS ANGELES,SANTA MONICA,-118.46902394,34.02467142
7037903,2015,2015-09-04,1900,2015-08-01,1205,472784,0613,6,5,6,1985,0,0,0,NA,0,61T1,SOLEDAD CANYON RD,SIERRA HWY,35,E,N,A,-,N,NA,NA,NA,NA,NA,NA,NA,NA,NA,N,4,0,1,2,A,-,13,22515,A,N,D,C,A,A,H,-,A,D,0,NA,NA,NA,NA,Y,NA,A,01,0,0,1,0,0,0,0,0,0,-,-,NA,NA,LOS ANGELES,SANTA CLARITA,-118.45590445,34.4163868
7037904,2015,2017-01-14,1900,2015-08-01,2020,536813,0645,6,5,6,1985,0,0,0,NA,0,64T1,NEWHALL RANCH RD,RT 5,60,W,N,A,-,Y,LA,7,5,-,R,55.231,R,4,N,Y,2,0,11,3,A,-,03,22350,NA,N,C,C,A,A,H,-,C,A,0,NA,NA,NA,NA,Y,NA,I,11,3,3,5,0,0,0,0,0,0,-,NF,NA,NA,LOS ANGELES,SANTA CLARITA,-118.60438931,34.44279726
7037905,2015,2015-09-04,1900,2015-08-02,0640,40416,0627,7,5,6,1985,0,0,0,NA,0,62T1,NEWHALL AV,RAILROAD AV,0,NA,Y,A,-,N,NA,NA,NA,NA,NA,NA,NA,NA,NA,Y,4,0,2,2,A,-,12,21453,A,N,A,C,A,A,H,-,A,A,0,NA,NA,NA,NA,Y,NA,A,01,0,0,2,0,0,0,0,0,0,-,-,NA,NA,LOS ANGELES,SANTA CLARITA,-118.52418006,34.37556003
7037906,2015,2015-09-04,1900,2015-08-04,1730,514681,0642,2,5,6,1985,0,0,0,NA,0,64T1,COPPERHILL DR,CALEX DR,0,NA,Y,A,-,N,NA,NA,NA,NA,NA,NA,NA,NA,NA,Y,4,0,2,2,A,-,12,21453,A,N,D,C,A,A,H,-,A,A,0,NA,NA,NA,NA,Y,NA,A,01,0,0,2,0,0,0,0,0,0,-,-,NA,NA,LOS ANGELES,SANTA CLARITA,-118.54792004,34.46225
7037907,2015,2015-09-04,1900,2015-08-04,1720,536813,0643,2,5,6,1985,0,0,0,NA,0,63T1,BOUQUET CANYON RD,ESPUELLA DR,339,N,N,A,-,N,NA,NA,NA,NA,NA,NA,NA,NA,NA,Y,4,0,1,3,A,-,03,22350,NA,N,C,C,A,A,H,-,A,D,0,NA,NA,NA,NA,Y,NA,A,07,0,0,1,0,0,0,0,0,0,-,-,NA,NA,LOS ANGELES,SANTA CLARITA,-118.53466167,34.4305913
7037908,2015,2015-09-04,1900,2015-08-05,2000,536813,0631,3,5,6,1985,0,0,0,NA,0,63T1,SOLEDAD CANYON RD,RIVER CIR,0,NA,Y,A,-,N,NA,NA,NA,NA,NA,NA,NA,NA,NA,Y,4,0,1,2,A,-,12,21453,A,N,D,C,A,A,H,-,C,A,0,NA,NA,NA,NA,Y,NA,A,01,0,0,1,0,0,0,0,0,0,-,-,NA,NA,LOS ANGELES,SANTA CLARITA,-118.44746011,34.41637012
7037909,2015,2015-09-03,1900,2015-08-06,0049,489619,0647,4,5,6,1985,0,0,0,NA,0,62T1E,RAILROAD AV,OAK RIDGE DR,640,S,N,A,-,N,NA,NA,NA,NA,NA,NA,NA,NA,NA,Y,4,0,1,1,A,-,01,23152,A,N,E,I,A,A,H,-,C,D,0,NA,NA,NA,NA,Y,Y,A,01,0,0,1,0,0,0,0,0,0,-,-,NA,NA,LOS ANGELES,SANTA CLARITA,-118.53828677,34.398788
7037910,2015,2015-09-03,1900,2015-08-06,1735,437700,0612,4,5,6,1985,0,0,0,NA,0,6T1,WHITES CANYON RD,SOLEDAD CANYON RD,200,S,N,A,-,N,NA,NA,NA,NA,NA,NA,NA,NA,NA,N,4,0,1,2,A,-,09,21804,A,M,D,C,A,A,H,-,A,D,0,NA,NA,NA,NA,Y,NA,-,99,0,0,1,0,0,0,0,0,0,-,-,NA,NA,LOS ANGELES,SANTA CLARITA,-118.47228696,34.41518214
7037911,2015,2015-09-03,1900,2015-08-09,0650,472724,0631,7,5,6,1985,0,0,0,NA,0,NA,SOLEDAD CANYON RD,DEEP CREEK DR,10,W,N,A,-,N,NA,NA,NA,NA,NA,NA,NA,NA,NA,Y,3,0,1,1,A,-,08,22107,NA,N,E,I,A,A,H,-,A,D,0,NA,NA,NA,NA,Y,NA,A,01,0,1,0,0,0,0,0,0,0,-,-,NA,NA,LOS ANGELES,SANTA CLARITA,-118.43562981,34.42031808
7037912,2015,2015-09-04,1900,2015-08-06,1745,514681,0643,4,5,6,1985,0,0,0,NA,0,64T1,NEWHALL RANCH RD,SANTA CLARITA PKW,0,NA,Y,A,-,N,NA,NA,NA,NA,NA,NA,NA,NA,NA,Y,4,0,1,2,A,-,00,22850,NA,N,C,C,A,A,H,-,A,A,0,NA,NA,NA,NA,Y,NA,A,01,0,0,1,0,0,0,0,0,0,-,-,NA,NA,LOS ANGELES,SANTA CLARITA,-118.51935004,34.42548
7037913,2015,2015-09-03,1900,2015-08-08,0155,236616,0649,6,5,6,1985,0,0,0,NA,0,62T1,BOUQUET CANYON RD,SHADOW VALLEY LN,528,W,N,A,-,N,NA,NA,NA,NA,NA,NA,NA,NA,NA,Y,2,0,1,1,A,-,17,22109,NA,N,F,A,A,A,H,-,D,D,0,NA,NA,NA,NA,Y,Y,A,07,1,0,0,0,0,0,0,0,0,-,-,NA,NA,LOS ANGELES,SANTA CLARITA,-118.48725298,34.45877455
7037914,2015,2015-09-04,1900,2015-08-08,2150,536813,0621,6,5,6,1985,0,0,0,NA,0,6211,MCBEAN PKWY,AVENIDA NAVARRE,0,NA,Y,A,-,N,NA,NA,NA,NA,NA,NA,NA,NA,NA,N,4,0,1,2,A,-,04,21703,NA,N,C,C,A,A,H,-,C,A,0,NA,NA,NA,NA,Y,NA,A,01,0,0,1,0,0,0,0,0,0,-,-,NA,NA,LOS ANGELES,SANTA CLARITA,-118.55108006,34.39912003
7037915,2015,2015-09-03,1900,2015-08-09,1510,472724,0644,7,5,6,1985,0,0,0,NA,0,64T1,NEWHALL RANCH RD,MCBEAN PKWY,785,W,N,A,-,N,NA,NA,NA,NA,NA,NA,NA,NA,NA,N,3,0,2,2,A,-,04,21703,NA,N,C,G,A,A,H,-,A,D,0,NA,Y,NA,NA,Y,NA,A,01,0,1,1,0,0,0,2,0,0,-,-,NA,NA,LOS ANGELES,SANTA CLARITA,-118.5595295,34.43291705
7037916,2015,2015-09-04,1900,2015-08-11,2040,915-1088,0612,2,5,6,1985,0,0,0,NA,0,64T1,WHITES CANYON RD,STILLMORE ST,250,S,N,A,-,N,NA,NA,NA,NA,NA,NA,NA,NA,NA,N,4,0,1,2,A,-,04,21703,NA,N,C,C,A,A,H,-,C,A,0,NA,NA,NA,NA,Y,NA,A,01,0,0,1,0,0,0,0,0,0,-,-,NA,NA,LOS ANGELES,SANTA CLARITA,-118.47217,34.41767452
7037917,2015,2015-09-03,1948,2015-08-08,0152,414,1948,6,5,5,1948,0,0,0,NA,0,002,ATLANTIC BL,HELLMAN AV,0,NA,Y,A,-,N,NA,NA,NA,NA,NA,NA,NA,NA,NA,Y,4,0,2,2,A,-,09,21801,A,N,D,C,A,A,H,-,C,A,0,NA,NA,NA,NA,Y,NA,-,NA,0,0,2,0,0,0,0,0,0,-,-,NA,NA,LOS ANGELES,MONTEREY PARK,-118.13442001,34.06973004
7037920,2015,2015-09-10,1942,2015-08-03,2500,1527,CSUN,1,5,7,1942,0,0,0,NA,0,003,ZELZAH AV,CSUN PKG LOT,0,NA,Y,A,-,N,NA,NA,NA,NA,NA,NA,NA,NA,NA,Y,4,0,1,1,A,-,03,22350,NA,N,E,I,A,A,H,-,A,D,0,NA,NA,NA,NA,Y,NA,A,01,0,0,1,0,0,0,0,0,0,-,-,NA,NA,LOS ANGELES,LOS ANGELES,-118.52330806,34.25037935
7037953,2015,2015-09-19,1942,2015-08-17,2250,38980,1681,1,5,7,1942,0,0,0,P,0,19TL75,WEBB AV,PENDLETON ST,30,S,N,A,-,N,NA,NA,NA,NA,NA,NA,NA,NA,NA,N,4,0,3,2,A,-,04,21703,NA,F,C,C,A,A,H,-,C,D,0,NA,NA,NA,NA,Y,NA,-,99,0,0,3,0,0,0,0,0,0,-,-,NA,NA,LOS ANGELES,LOS ANGELES,-118.39423031,34.22299434
7037954,2015,2015-09-19,1942,2015-08-14,0700,37737,0963,5,5,7,1942,0,0,0,I,0,10TL37,SEPULVEDA BL,WEDDINGTON ST,2,S,N,A,-,N,NA,NA,NA,NA,NA,NA,NA,NA,NA,Y,3,0,1,1,A,-,08,22107,NA,N,E,I,A,A,H,-,A,D,0,NA,NA,NA,NA,Y,NA,A,01,0,1,0,0,0,0,0,0,0,-,-,NA,NA,LOS ANGELES,LOS ANGELES,-118.46616,34.16726451
7037955,2015,2015-09-19,1942,2015-08-13,0810,39217,0952,4,5,7,1942,0,0,0,I,0,21TL63,WEDDINGTON ST,WILLIS AV,60,W,N,A,-,N,NA,NA,NA,NA,NA,NA,NA,NA,NA,N,3,0,1,1,B,-,22,NA,NA,N,E,I,A,A,H,-,A,D,0,NA,NA,NA,NA,Y,NA,A,01,0,1,0,0,0,0,0,0,0,-,-,NA,NA,LOS ANGELES,LOS ANGELES,-118.45548799,34.16667
7037956,2015,2015-09-19,1942,2015-08-06,0800,33504,0914,4,5,7,1942,0,0,0,I,0,15TL47,VANOWEN ST,KESTER AV,76,E,N,B,-,N,NA,NA,NA,NA,NA,NA,NA,NA,NA,N,4,0,1,2,A,-,04,21703,NA,N,C,C,A,A,H,-,A,-,0,NA,NA,NA,NA,Y,NA,A,01,0,0,1,0,0,0,0,0,0,-,-,NA,NA,LOS ANGELES,LOS ANGELES,-118.45718913,34.19392
7037957,2015,2015-09-19,1942,2015-08-05,0925,39021,0933,3,5,7,1942,0,0,0,I,0,9TL55,VAN NUYS BL,BESSEMER ST,15,S,N,A,-,N,NA,NA,NA,NA,NA,NA,NA,NA,NA,N,4,0,1,3,A,-,03,22350,NA,N,C,C,A,A,H,-,A,D,0,NA,NA,NA,NA,Y,NA,A,01,0,0,1,0,0,0,0,0,0,-,-,NA,NA,LOS ANGELES,LOS ANGELES,-118.44873,34.18089886
7037958,2015,2015-09-19,1942,2015-08-14,2235,40337,0929,5,5,7,1942,0,0,0,I,0,19T73,VICTORY BL,ETHEL AV,70,W,N,A,-,N,NA,NA,NA,NA,NA,NA,NA,NA,NA,Y,3,0,3,3,A,-,03,22350,NA,N,C,C,A,A,H,-,A,D,0,NA,NA,NA,NA,Y,NA,A,01,0,1,2,0,0,0,0,0,0,-,-,NA,NA,LOS ANGELES,LOS ANGELES,-118.41837104,34.18668
7037959,2015,2015-09-19,1942,2015-08-14,1545,38995,0905,5,5,7,1942,0,0,0,I,0,9TL56,VAN NUYS BL,VALERIO ST,0,NA,Y,A,-,N,NA,NA,NA,NA,NA,NA,NA,NA,NA,Y,3,0,3,3,A,-,12,21453,A,N,D,C,A,A,H,-,A,A,0,NA,NA,NA,NA,Y,NA,A,01,0,1,2,0,0,0,0,0,0,-,-,NA,NA,LOS ANGELES,LOS ANGELES,-118.44875009,34.20483009
7037960,2015,2015-09-19,1942,2015-08-08,1550,38354,0939,6,5,7,1942,0,0,0,I,0,16TL28,VICTORY BL,COLDWATER CANYON BL,0,NA,Y,A,-,N,NA,NA,NA,NA,NA,NA,NA,NA,NA,Y,4,0,4,2,A,-,09,21801,A,N,D,C,A,A,H,-,A,A,0,NA,NA,NA,NA,Y,NA,A,01,0,0,4,0,0,0,0,0,0,-,-,NA,NA,LOS ANGELES,LOS ANGELES,-118.41381,34.18668008