CASE_ID,ACCIDENT_YEAR,PROC_DATE,JURIS,COLLISION_DATE,COLLISION_TIME,OFFICER_ID,REPORTING_DISTRICT,DAY_OF_WEEK,CHP_SHIFT,POPULATION,CNTY_CITY_LOC,SPECIAL_COND,BEAT_TYPE,CHP_BEAT_TYPE,CITY_DIVISION_LAPD,CHP_BEAT_CLASS,BEAT_NUMBER,PRIMARY_RD,SECONDARY_RD,DISTANCE,DIRECTION,INTERSECTION,WEATHER_1,WEATHER_2,STATE_HWY_IND,CALTRANS_COUNTY,CALTRANS_DISTRICT,STATE_ROUTE,ROUTE_SUFFIX,POSTMILE_PREFIX,POSTMILE,LOCATION_TYPE,RAMP_INTERSECTION,SIDE_OF_HWY,TOW_AWAY,COLLISION_SEVERITY,NUMBER_KILLED,NUMBER_INJURED,PARTY_COUNT,PRIMARY_COLL_FACTOR,PCF_CODE_OF_VIOL,PCF_VIOL_CATEGORY,PCF_VIOLATION,PCF_VIOL_SUBSECTION,HIT_AND_RUN,TYPE_OF_COLLISION,MVIW,PED_ACTION,ROAD_SURFACE,ROAD_COND_1,ROAD_COND_2,LIGHTING,CONTROL_DEVICE,CHP_ROAD_TYPE,PEDESTRIAN_ACCIDENT,BICYCLE_ACCIDENT,MOTORCYCLE_ACCIDENT,TRUCK_ACCIDENT,NOT_PRIVATE_PROPERTY,ALCOHOL_INVOLVED,STWD_VEHTYPE_AT_FAULT,CHP_VEHTYPE_AT_FAULT,COUNT_SEVERE_INJ,COUNT_VISIBLE_INJ,COUNT_COMPLAINT_PAIN,COUNT_PED_KILLED,COUNT_PED_INJURED,COUNT_BICYCLIST_KILLED,COUNT_BICYCLIST_INJURED,COUNT_MC_KILLED,COUNT_MC_INJURED,PRIMARY_RAMP,SECONDARY_RAMP,LATITUDE,LONGITUDE,COUNTY,CITY,POINT_X,POINT_Y
7039388,2015,2015-09-11,1942,2015-08-04,1900,40950,0374,2,5,7,1942,0,0,0,C,0,3A99,39TH ST,3RD AV,0,NA,Y,A,-,N,NA,NA,NA,NA,NA,NA,NA,NA,NA,Y,4,0,2,2,A,-,09,21802,A,N,D,C,A,A,H,-,A,A,0,NA,NA,NA,NA,Y,NA,A,01,0,0,2,0,0,0,0,0,0,-,-,NA,NA,LOS ANGELES,LOS ANGELES,-118.32038003,34.01458007
7039390,2015,2015-09-21,1942,2015-08-10,1435,36571,1891,1,5,7,1942,0,0,0,R,0,18T23,VERMONT AV,GARDENA BL,0,NA,Y,A,-,N,NA,NA,NA,NA,NA,NA,NA,NA,NA,Y,4,0,2,2,A,-,12,21453,A,N,D,C,A,A,H,-,A,A,0,NA,NA,NA,NA,Y,NA,-,-,0,0,2,0,0,0,0,0,0,-,-,NA,NA,LOS ANGELES,LOS ANGELES,-118.29131004,33.88159008
7039392,2015,2015-09-11,1942,2015-08-02,2020,41751,D373,7,5,7,1942,0,0,0,NA,0,3A55,DEGNAN BL,MLK KING JR BL,0,NA,Y,A,-,N,NA,NA,NA,NA,NA,NA,NA,NA,NA,N,3,0,1,2,A,-,10,21950,A,N,G,B,B,A,H,-,C,A,0,Y,NA,NA,NA,Y,NA,A,01,0,1,0,0,1,0,0,0,0,-,-,NA,NA,LOS ANGELES,LOS ANGELES,-118.33141,34.01091
7039394,2015,2015-09-15,1942,2015-08-11,1130,38707,1829,2,5,7,1942,0,0,0,R,0,3TL5,GRAPE ST,97TH ST,0,NA,Y,A,-,N,NA,NA,NA,NA,NA,NA,NA,NA,NA,Y,4,0,1,2,A,-,06,21750,A,F,B,C,A,A,H,-,A,A,0,NA,NA,NA,NA,Y,NA,A,01,0,0,1,0,0,0,0,0,0,-,-,NA,NA,LOS ANGELES,LOS ANGELES,-118.23679006,33.94820005
7039396,2015,2015-09-28,1942,2015-08-07,1825,40440,0557,5,5,7,1942,0,0,0,E,0,12T73,CABRILLO AV,6TH ST,0,NA,Y,A,-,N,NA,NA,NA,NA,NA,NA,NA,NA,NA,Y,4,0,3,2,A,-,12,22450,A,N,D,C,A,A,H,-,A,A,0,NA,NA,NA,NA,Y,NA,-,-,0,0,3,0,0,0,0,0,0,-,-,NA,NA,LOS ANGELES,LOS ANGELES,-118.29458006,33.73878004
7039398,2015,2015-09-15,1942,2015-08-09,1635,41059,1841,7,5,7,1942,0,0,0,R,0,5T25,VERMONT AV,108TH ST,0,NA,Y,A,-,N,NA,NA,NA,NA,NA,NA,NA,NA,NA,Y,4,0,4,2,A,-,09,21801,A,N,-,C,A,A,H,-,A,A,0,NA,NA,NA,NA,Y,NA,A,01,0,0,4,0,0,0,0,0,0,-,-,NA,NA,LOS ANGELES,LOS ANGELES,-118.29161,33.93819
7039402,2015,2015-09-15,1942,2015-08-08,1520,41059,1805,6,5,7,1942,0,0,0,R,0,12T73,AVALON BL,92ND ST,0,NA,Y,A,-,N,NA,NA,NA,NA,NA,NA,NA,NA,NA,N,4,0,1,2,A,-,12,21453,A,F,G,G,A,A,H,-,A,A,0,NA,Y,NA,NA,Y,NA,-,99,0,0,1,0,0,0,1,0,0,-,-,NA,NA,LOS ANGELES,LOS ANGELES,-118.26516002,33.95289009
7039406,2015,2015-10-01,1942,2015-08-04,2150,31745,1802,2,5,7,1942,0,0,0,R,0,18T23,MAIN ST,MANCHESTER AV,0,NA,Y,A,-,N,NA,NA,NA,NA,NA,NA,NA,NA,NA,Y,3,0,2,2,A,-,09,21801,A,N,A,C,A,A,H,-,C,A,0,NA,NA,NA,NA,Y,NA,A,01,0,1,1,0,0,0,0,0,0,-,-,NA,NA,LOS ANGELES,LOS ANGELES,-118.27388,33.96009008
7039407,2015,2015-09-14,9540,2015-08-03,1805,19788,NA,1,2,9,1900,0,3,5,NA,2,100,THE OLD RD,CONSTITUTION AV,0,NA,Y,A,-,N,NA,NA,NA,NA,NA,NA,NA,NA,NA,Y,4,0,2,2,A,-,09,21801,A,N,D,C,A,A,H,-,A,A,0,NA,NA,NA,NA,Y,NA,A,07,0,0,2,0,0,0,0,0,0,-,-,NA,NA,LOS ANGELES,UNINCORPORATED,-118.5717501,34.38430004
7039410,2015,2015-10-15,1942,2015-08-06,1910,37618,1834,4,5,7,1942,0,0,0,R,0,3TL5,107TH ST,CENTRAL AV,0,NA,Y,A,-,N,NA,NA,NA,NA,NA,NA,NA,NA,NA,N,4,0,1,2,A,-,12,22450,A,F,D,C,A,A,H,-,A,A,0,NA,NA,NA,NA,Y,NA,-,99,0,0,1,0,0,0,0,0,0,-,-,NA,NA,LOS ANGELES,LOS ANGELES,-118.25418009,33.93924002
7039411,2015,2015-09-14,9540,2015-08-01,1300,019545,NA,6,1,9,1900,0,2,4,NA,2,081,THE OLD RD,HENRY MAYO DR,0,NA,Y,A,-,N,NA,NA,NA,NA,NA,NA,NA,NA,NA,Y,3,0,3,2,A,-,09,21801,A,N,D,C,A,A,H,-,A,A,0,NA,NA,NA,NA,Y,NA,A,01,0,3,0,0,0,0,0,0,0,-,-,NA,NA,LOS ANGELES,UNINCORPORATED,-118.60612001,34.44078009
7039414,2015,2015-09-15,1965,2015-08-01,0416,3178,B3A,6,5,5,1965,0,0,0,NA,0,B003,WILSHIRE BL,PRINCETON ST,0,NA,Y,F,-,N,NA,NA,NA,NA,NA,NA,NA,NA,NA,Y,4,0,1,2,D,-,00,NA,NA,F,D,C,A,A,H,-,C,A,0,NA,NA,NA,NA,Y,NA,-,-,0,0,1,0,0,0,0,0,0,-,-,NA,NA,LOS ANGELES,SANTA MONICA,-118.47652007,34.03676003
7039415,2015,2015-09-14,9540,2015-08-11,0655,016705,NA,2,1,9,1900,0,2,4,NA,2,010,THE OLD RD,PICO CANYON RD,0,NA,Y,A,-,N,NA,NA,NA,NA,NA,NA,NA,NA,NA,Y,3,0,3,2,A,-,09,21453,C,N,A,C,A,A,H,-,A,A,0,NA,NA,NA,NA,Y,NA,A,01,0,1,2,0,0,0,0,0,0,-,-,NA,NA,LOS ANGELES,UNINCORPORATED,-118.5708701,34.38107003
7039418,2015,2015-09-15,1965,2015-08-14,1815,3418,0B4E,5,5,5,1965,0,0,0,NA,0,B004,20TH ST,WASHINGTON AV,0,NA,Y,A,-,N,NA,NA,NA,NA,NA,NA,NA,NA,NA,N,3,0,1,2,A,-,10,21950,A,N,G,B,B,A,H,-,A,A,0,Y,NA,NA,NA,Y,NA,A,01,0,1,0,0,1,0,0,0,0,-,-,NA,NA,LOS ANGELES,SANTA MONICA,-118.48640009,34.03412008
7039419,2015,2015-10-23,1942,2015-08-07,1855,36607,1241,5,5,7,1942,0,0,0,L,0,12T41,CRENSHAW BL,59TH ST,0,NA,Y,A,-,N,NA,NA,NA,NA,NA,NA,NA,NA,NA,Y,4,0,3,2,A,-,09,21801,A,N,D,C,A,A,H,-,A,A,0,NA,NA,NA,NA,Y,NA,A,01,0,0,3,0,0,0,0,0,0,-,-,NA,NA,LOS ANGELES,LOS ANGELES,-118.331,33.98719
7039423,2015,2015-09-14,1942,2015-08-07,1100,25904,1238,5,5,7,1942,0,0,0,L,0,25MQ16,CRENSHAW BL,57TH ST,0,NA,Y,A,-,N,NA,NA,NA,NA,NA,NA,NA,NA,NA,Y,4,0,1,2,A,-,09,21800,D,N,D,C,A,A,H,-,A,B,0,NA,NA,NA,NA,Y,NA,A,01,0,0,1,0,0,0,0,0,0,-,-,NA,NA,LOS ANGELES,LOS ANGELES,-118.330719,33.990864
7039427,2015,2015-09-14,1942,2015-08-06,1630,39177,1273,4,5,7,1942,0,0,0,L,0,3T57,MANCHESTER,SAINT ANDREWS AV,0,NA,Y,A,-,N,NA,NA,NA,NA,NA,NA,NA,NA,NA,Y,4,0,2,2,A,-,09,21801,A,N,A,C,A,A,H,-,A,D,0,NA,NA,NA,NA,Y,NA,A,07,0,0,2,0,0,0,0,0,0,-,-,NA,NA,LOS ANGELES,LOS ANGELES,-118.31120007,33.95996009
7039430,2015,2015-09-15,1942,2015-08-07,1920,35925,0392,5,5,7,1942,0,0,0,C,0,18T23,ARLINGTON AV,48TH ST,0,NA,Y,A,-,N,NA,NA,NA,NA,NA,NA,NA,NA,NA,N,4,0,1,2,A,-,03,22350,NA,N,C,C,A,A,H,-,A,A,0,NA,NA,NA,NA,Y,NA,A,01,0,0,1,0,0,0,0,0,0,-,-,NA,NA,LOS ANGELES,LOS ANGELES,-118.31816,34.00003
7039431,2015,2015-09-11,1942,2015-08-06,1000,38444,1241,4,5,7,1942,0,0,0,L,0,12T41,CRENSHAW BL,63RD ST,0,NA,Y,A,-,N,NA,NA,NA,NA,NA,NA,NA,NA,NA,Y,4,0,1,2,A,-,03,22350,A,F,D,C,A,A,H,-,A,A,0,NA,NA,NA,NA,Y,NA,-,99,0,0,1,0,0,0,0,0,0,-,-,NA,NA,LOS ANGELES,LOS ANGELES,-118.33088,33.98292
7039434,2015,2015-09-15,1942,2015-08-03,1715,41290,0336,1,5,7,1942,0,0,0,C,0,3A32,ARLINGTON AV,JEFFERSON BL,0,NA,Y,A,-,N,NA,NA,NA,NA,NA,NA,NA,NA,NA,N,3,0,1,2,A,-,05,21650,1,N,H,G,A,A,H,-,A,A,0,NA,Y,NA,NA,Y,NA,L,04,0,1,0,0,0,0,1,0,0,-,-,NA,NA,LOS ANGELES,LOS ANGELES,-118.31766013,34.02553001
7039435,2015,2015-09-14,1942,2015-08-02,1455,37306,1265,7,5,7,1942,0,0,0,L,0,12A3,MANCHESTER,NORMANDIE,0,NA,Y,A,-,N,NA,NA,NA,NA,NA,NA,NA,NA,NA,Y,4,0,1,2,A,-,08,22107,NA,N,A,C,A,A,H,-,A,A,0,NA,NA,NA,NA,Y,NA,A,01,0,0,1,0,0,0,0,0,0,-,-,NA,NA,LOS ANGELES,LOS ANGELES,-118.30027005,33.96001002
7039438,2015,2015-09-15,1942,2015-08-01,1806,41164,0354,6,5,7,1942,0,0,0,C,0,3A64,6TH AV,36TH ST,0,NA,Y,A,-,N,NA,NA,NA,NA,NA,NA,NA,NA,NA,N,3,0,2,2,A,-,09,21802,A,N,D,C,A,A,H,-,A,D,0,NA,Y,NA,NA,Y,NA,L,04,0,1,1,0,0,0,2,0,0,-,-,NA,NA,LOS ANGELES,LOS ANGELES,-118.32359,34.02292
7039444,2015,2015-09-10,1942,2015-08-02,0855,31613,1849,7,5,7,1942,0,0,0,R,0,18A49,WILMINGTON AV,IMPERIAL HWY,50,N,N,A,-,N,NA,NA,NA,NA,NA,NA,NA,NA,NA,Y,4,0,2,2,A,-,08,22100,5,N,D,C,A,A,H,-,A,A,0,NA,NA,NA,NA,Y,NA,A,01,0,0,2,0,0,0,0,0,0,-,-,NA,NA,LOS ANGELES,LOS ANGELES,-118.23908403,33.92969708
7039448,2015,2015-09-10,1942,2015-08-04,1030,31814,1826,2,5,7,1942,0,0,0,R,0,3T5,COMPTON BL,96TH ST,150,N,N,A,-,N,NA,NA,NA,NA,NA,NA,NA,NA,NA,N,4,0,1,2,A,-,11,21954,A,N,G,B,E,A,H,-,A,D,0,Y,NA,NA,NA,Y,NA,N,60,0,0,1,0,1,0,0,0,0,-,-,NA,NA,LOS ANGELES,LOS ANGELES,-118.24617392,33.94941079
7039452,2015,2015-09-10,1942,2015-08-02,1045,40534,NA,7,5,7,1942,0,0,0,NA,0,18E15,109TH PL,SAN PEDRO ST,200,W,N,A,-,N,NA,NA,NA,NA,NA,NA,NA,NA,NA,N,4,0,2,2,A,-,21,22106,NA,N,B,C,A,A,H,-,A,D,0,NA,NA,NA,NA,Y,NA,A,01,0,0,2,0,0,0,0,0,0,-,-,NA,NA,LOS ANGELES,LOS ANGELES,-118.27019807,33.93654
7039456,2015,2015-09-10,1942,2015-08-10,0030,35936,1841,1,5,7,1942,0,0,0,R,0,18T23,108TH ST,HOOVER ST,39,W,N,A,-,N,NA,NA,NA,NA,NA,NA,NA,NA,NA,N,4,0,1,2,A,-,21,22106,NA,N,A,C,A,A,H,-,C,D,0,NA,NA,NA,NA,Y,NA,A,01,0,0,1,0,0,0,0,0,0,-,-,NA,NA,LOS ANGELES,LOS ANGELES,-118.28709833,33.93823
7039471,2015,2015-09-10,1942,2015-08-02,1845,41297,0363,7,5,7,1942,0,0,0,C,0,3A28,SANTA ROSALIA DR,SOMERSET DR,50,W,N,A,-,N,NA,NA,NA,NA,NA,NA,NA,NA,NA,Y,4,0,1,1,A,-,03,22350,NA,N,E,I,A,A,H,-,A,D,0,NA,NA,NA,NA,Y,NA,A,01,0,0,1,0,0,0,0,0,0,-,-,NA,NA,LOS ANGELES,LOS ANGELES,-118.34134118,34.01169059
7039475,2015,2015-09-10,1942,2015-08-06,0230,41167,0361,4,5,7,1942,0,0,0,C,0,3A31,LA BREA AV,COLISEUM ST,10,N,N,A,-,N,NA,NA,NA,NA,NA,NA,NA,NA,NA,N,4,0,1,2,A,-,04,21703,NA,F,C,C,A,A,H,-,C,A,0,NA,NA,NA,NA,Y,NA,-,99,0,0,1,0,0,0,0,0,0,-,-,NA,NA,LOS ANGELES,LOS ANGELES,-118.35559,34.01833743
7039479,2015,2015-09-10,1942,2015-08-11,0945,38444,0532,2,5,7,1942,0,0,0,E,0,12T41,WILMINGTON BL,L ST,250,S,N,B,-,N,NA,NA,NA,NA,NA,NA,NA,NA,NA,N,2,0,1,2,A,-,11,21954,A,N,G,B,D,A,H,-,A,D,0,Y,NA,NA,NA,Y,NA,N,60,1,0,0,0,1,0,0,0,0,-,-,NA,NA,LOS ANGELES,LOS ANGELES,-118.27470219,33.78573624
7039481,2015,2016-07-20,9540,2015-08-07,2325,020501,NA,5,3,9,1900,0,2,4,NA,2,010,THE OLD RD,SIERRA HWY,650,N,N,A,-,N,NA,NA,NA,NA,NA,NA,NA,NA,NA,N,3,0,1,2,A,-,03,22350,NA,F,C,C,A,A,H,-,C,D,0,NA,NA,Y,NA,Y,NA,C,02,0,1,0,0,0,0,0,0,1,-,-,NA,NA,LOS ANGELES,UNINCORPORATED,-118.50749553,34.33412882
7039484,2015,2015-09-10,9540,2015-08-03,1500,20634,NA,1,2,9,1900,0,2,4,NA,1,201,SIERRA HWY,SHANNONDALE RD,470,S,N,A,-,N,NA,NA,NA,NA,NA,NA,NA,NA,NA,Y,4,0,1,2,A,-,08,22107,NA,N,D,C,A,A,H,-,A,D,0,NA,NA,NA,NA,Y,NA,A,01,0,0,1,0,0,0,0,0,0,-,-,34.51545,-118.23854,LOS ANGELES,UNINCORPORATED,-118.2371529,34.51339324
7039488,2015,2015-09-10,9540,2015-08-01,1945,20875,NA,6,2,9,1900,0,3,5,NA,2,200,SAND CANYON RD,PLACERITA CANYON RD,8976,E,N,A,-,N,NA,NA,NA,NA,NA,NA,NA,NA,NA,Y,3,0,1,1,A,-,03,22350,NA,N,F,A,A,A,H,-,B,D,0,NA,NA,Y,NA,Y,NA,C,02,0,1,0,0,0,0,0,0,1,-,-,34.36704,-118.39612,LOS ANGELES,UNINCORPORATED,-118.4131,34.37523
7039489,2015,2015-09-09,1942,2015-08-12,1705,39177,1834,3,5,7,1942,0,0,0,R,0,3TL57,SAN PEDRO ST,105TH ST,55,N,N,A,-,N,NA,NA,NA,NA,NA,NA,NA,NA,NA,N,4,0,2,2,A,-,03,22350,NA,N,C,C,A,A,H,-,A,D,0,NA,NA,NA,NA,Y,NA,-,99,0,0,2,0,0,0,0,0,0,-,-,NA,NA,LOS ANGELES,LOS ANGELES,-118.26952162,33.94117083
7039492,2015,2015-09-10,9540,2015-08-19,1925,19192,NA,3,2,9,1900,0,3,5,NA,2,003,DEL VALLE RD,HASLEY CANYON RD,4224,N,N,A,-,N,NA,NA,NA,NA,NA,NA,NA,NA,NA,Y,4,0,1,1,A,-,08,22107,NA,N,E,I,A,A,H,-,B,A,0,NA,NA,NA,NA,Y,NA,A,07,0,0,1,0,0,0,0,0,0,-,-,34.45119,-118.65035,LOS ANGELES,UNINCORPORATED,-118.64093,34.45724
7039493,2015,2015-09-09,1942,2015-08-15,1320,41059,1802,6,5,7,1942,0,0,0,R,0,18T39,92ND ST,MAIN ST,7,E,N,A,-,N,NA,NA,NA,NA,NA,NA,NA,NA,NA,N,4,0,5,2,A,-,03,22350,NA,F,C,C,A,A,H,-,A,A,0,NA,NA,NA,NA,Y,NA,-,99,0,0,5,0,0,0,0,0,0,-,-,NA,NA,LOS ANGELES,LOS ANGELES,-118.27389,33.95283
7039496,2015,2015-09-10,9540,2015-08-14,2230,19332,NA,5,3,9,1900,0,2,4,NA,2,073,PARKER RD,THE OLD RD,350,E,N,A,-,N,NA,NA,NA,NA,NA,NA,NA,NA,NA,N,4,0,1,2,A,-,03,22350,NA,N,C,C,A,A,H,-,B,D,0,NA,NA,NA,NA,Y,NA,A,07,0,0,1,0,0,0,0,0,0,-,-,34.48905,-118.62157,LOS ANGELES,UNINCORPORATED,-118.62007438,34.48928216
7039497,2015,2015-09-09,1942,2015-08-16,0750,36571,1834,7,5,7,1942,0,0,0,R,0,18T23,108TH ST,CENTRAL AV,46,W,N,A,-,N,NA,NA,NA,NA,NA,NA,NA,NA,NA,Y,4,0,1,2,A,-,05,21650,NA,F,D,C,A,A,H,-,A,A,0,NA,NA,NA,NA,Y,NA,A,07,0,0,1,0,0,0,0,0,0,-,-,NA,NA,LOS ANGELES,LOS ANGELES,-118.25434136,33.93826
7039500,2015,2015-09-10,9540,2015-08-15,0400,20167,NA,6,3,9,1900,0,2,4,NA,1,204,BOUQUET CANYON RD,TEXAS CANYON RD,7392,N,N,A,-,N,NA,NA,NA,NA,NA,NA,NA,NA,NA,Y,3,0,1,1,A,-,01,23152,A,N,E,I,A,A,H,-,D,D,0,NA,NA,NA,NA,Y,Y,A,01,0,1,0,0,0,0,0,0,0,-,-,35.50938,-118.45263,LOS ANGELES,UNINCORPORATED,-118.45274449,34.50837857
7039504,2015,2015-09-10,9540,2015-08-08,2215,20409,NA,6,3,9,1900,0,2,4,NA,1,204,BOUQUET CANYON RD,SIERRA PELONA RD,528,N,N,A,-,N,NA,NA,NA,NA,NA,NA,NA,NA,NA,Y,2,0,1,1,A,-,08,22107,NA,N,F,A,A,A,H,-,D,D,0,NA,NA,Y,NA,Y,NA,C,02,1,0,0,0,0,0,0,0,1,-,-,34.52794,-118.44251,LOS ANGELES,UNINCORPORATED,-118.44256968,34.52782198
7039512,2015,2015-09-10,9540,2015-08-05,0850,18971,NA,3,1,9,1900,0,2,4,NA,1,104,SAN FRANCISQUITO CANYON RD,FOREST ROUTE 5N27,700,S,N,A,-,N,NA,NA,NA,NA,NA,NA,NA,NA,NA,Y,2,0,1,1,C,-,18,NA,NA,N,E,I,A,A,H,-,A,A,0,NA,NA,NA,NA,Y,NA,-,-,1,0,0,0,0,0,0,0,0,-,-,34.52458,-118.53244,LOS ANGELES,UNINCORPORATED,NA,NA
7039516,2015,2015-09-10,9540,2015-08-06,2033,18608,NA,4,2,9,1900,0,2,4,NA,2,012,PICO CANYON RD,CHIQUELLA LN,332,W,N,A,-,N,NA,NA,NA,NA,NA,NA,NA,NA,NA,Y,4,0,1,2,A,-,07,21658,A,N,B,C,A,A,H,-,C,D,0,NA,NA,NA,NA,Y,NA,A,01,0,0,1,0,0,0,0,0,0,-,-,34.37973,-118.56783,LOS ANGELES,UNINCORPORATED,-118.56792181,34.37970504
7039520,2015,2015-09-10,9540,2015-08-07,0400,19990,NA,5,3,9,1900,0,2,4,NA,1,104,SAN FRANCISQUITO CANYON RD,QUAIL TRL,6336,N,N,A,-,N,NA,NA,NA,NA,NA,NA,NA,NA,NA,Y,3,0,1,1,A,-,08,22107,NA,N,E,I,A,A,H,-,D,D,0,NA,NA,NA,NA,Y,NA,A,01,0,1,0,0,0,0,0,0,0,-,-,34.512,-118.53489,LOS ANGELES,UNINCORPORATED,-118.53427592,34.51518843
7039577,2015,2017-01-10,9540,2015-07-27,1045,017076,NA,1,1,9,1900,0,1,3,NA,2,146,RT 14,SOLEDAD CANYON RD,768,S,N,A,-,Y,LA,7,14,-,-,35.587,R,2,N,Y,3,0,1,1,A,-,01,23152,A,N,E,I,A,A,H,-,A,D,1,NA,NA,Y,NA,Y,Y,C,02,0,1,0,0,0,0,0,0,1,TO,-,34.43328,-118.30646,LOS ANGELES,UNINCORPORATED,-118.38812091,34.43372424
7039695,2015,2015-08-29,1970,2015-07-22,1924,194,NA,3,5,4,1970,0,0,0,NA,0,001,MONTEREY RD,INDIANA AV,390,E,N,A,-,N,NA,NA,NA,NA,NA,NA,NA,NA,NA,Y,3,0,1,2,A,-,08,22107,NA,N,C,E,A,A,H,-,A,D,0,NA,NA,NA,NA,Y,NA,A,07,0,1,0,0,0,0,0,0,0,-,-,NA,NA,LOS ANGELES,SOUTH PASADENA,-118.16376529,34.11176255
7039697,2015,2017-01-14,9540,2015-07-31,0640,18513,NA,5,1,9,1900,0,1,1,NA,2,507,RT 5,MAGIC MOUNTAIN BL,2640,S,N,A,-,Y,LA,7,5,-,R,53.04,H,-,S,N,4,0,1,2,A,-,03,22350,NA,N,C,C,A,A,H,-,A,D,1,NA,NA,NA,NA,Y,NA,A,01,0,0,1,0,0,0,0,0,0,-,-,34.41722,-118.58011,LOS ANGELES,UNINCORPORATED,-118.57980563,34.41617643
7039699,2015,2015-09-16,1905,2015-07-22,0208,1154,1905,3,5,4,1905,0,0,0,NA,0,073,DALTON AV,4TH ST,233,S,N,B,-,N,NA,NA,NA,NA,NA,NA,NA,NA,NA,Y,4,0,1,2,A,-,09,21801,A,N,D,C,A,A,H,-,A,D,0,NA,NA,NA,NA,Y,NA,-,-,0,0,1,0,0,0,0,0,0,-,-,NA,NA,LOS ANGELES,AZUSA,-117.9049871,34.12738127
7039701,2015,2017-01-13,9540,2015-07-30,2026,18608,NA,4,2,9,1900,0,1,3,NA,1,144,RT 14,VIA PRINCESSA WY,1056,N,N,A,-,Y,LA,7,14,-,R,30.49,R,1,N,N,4,0,1,2,A,-,10,21950,A,N,D,G,A,A,H,-,C,A,1,NA,Y,NA,NA,Y,NA,A,01,0,0,1,0,0,0,1,0,0,-,-,34.40689,-118.46239,LOS ANGELES,UNINCORPORATED,-118.46088641,34.39911989
7039705,2015,2017-01-10,9540,2015-07-29,1805,18608,NA,3,2,9,1900,0,1,3,NA,2,147,RT 14,SOLEDAD CANYON RD,680,S,N,A,-,Y,LA,7,14,-,-,35.58,H,-,S,Y,3,0,2,1,A,-,08,22107,NA,N,E,I,A,A,H,-,A,D,1,NA,NA,NA,NA,Y,NA,A,07,0,2,0,0,0,0,0,0,0,-,-,34.4342,-118.38859,LOS ANGELES,UNINCORPORATED,-118.38845117,34.43395486
7039709,2015,2017-01-13,9540,2015-07-24,1550,19788,NA,5,2,9,1900,0,1,3,NA,1,144,RT 14,PLACERITA CANYON RD,500,S,N,A,-,Y,LA,7,14,-,R,27.99,H,-,N,Y,4,0,1,2,A,-,03,22350,NA,N,C,C,A,A,H,-,A,D,1,NA,NA,NA,NA,Y,NA,A,01,0,0,1,0,0,0,0,0,0,-,-,34.37562,-118.49536,LOS ANGELES,UNINCORPORATED,-118.49470685,34.37649347
7039713,2015,2017-01-28,9540,2015-07-19,1017,19317,NA,7,1,7,1942,0,1,1,NA,1,503,RT 5,BALBOA BL,100,N,N,A,-,Y,LA,7,5,-,R,44.47,H,-,S,Y,3,0,2,6,A,-,03,22350,NA,N,C,C,A,A,H,-,A,D,1,NA,NA,NA,NA,Y,NA,A,01,0,2,0,0,0,0,0,0,0,-,-,34.3211,-118.49612,LOS ANGELES,LOS ANGELES,-118.49683452,34.32119316
7039717,2015,2017-01-28,9540,2015-07-18,1957,20875,NA,6,2,9,1900,0,1,1,NA,1,503,RT 5,THE OLD RD,150,N,N,C,-,Y,LA,7,5,-,R,48,H,-,S,Y,4,0,2,3,A,-,08,22107,NA,N,B,C,A,B,H,-,D,D,1,NA,NA,NA,NA,Y,NA,A,01,0,0,2,0,0,0,0,0,0,-,-,34.35077,-118.54435,LOS ANGELES,UNINCORPORATED,-118.54440428,34.35087911
7039721,2015,2017-01-13,9540,2015-07-15,1205,15093,NA,3,1,9,1900,0,1,3,NA,1,144,RT 14,GOLDEN VALLEY RD,695,N,N,A,-,Y,LA,7,14,-,R,29.81,H,-,N,Y,2,0,1,1,A,-,08,22107,NA,N,F,A,A,A,H,-,A,D,1,NA,NA,NA,NA,Y,NA,A,01,1,0,0,0,0,0,0,0,0,-,-,34.48322,-118.54235,LOS ANGELES,UNINCORPORATED,-118.47066437,34.39345246
7039734,2015,2015-09-01,1901,2015-07-31,1938,654,13,5,5,5,1901,0,0,0,NA,0,002,ATLANTIC BL,HELLMAN AV,0,NA,Y,A,-,N,NA,NA,NA,NA,NA,NA,NA,NA,NA,Y,4,0,1,2,A,-,09,21801,A,N,A,C,A,A,H,-,A,A,0,NA,NA,NA,NA,Y,NA,A,01,0,0,1,0,0,0,0,0,0,-,-,NA,NA,LOS ANGELES,ALHAMBRA,-118.13442001,34.06973004
7039738,2015,2015-09-01,1901,2015-07-31,2251,260,13,5,5,5,1901,0,0,0,NA,0,004,VALLEY BL,VALLEY,21,S,Y,A,-,N,NA,NA,NA,NA,NA,NA,NA,NA,NA,N,4,0,1,2,A,-,08,22107,NA,N,D,C,A,A,H,-,C,A,0,NA,NA,Y,NA,Y,NA,A,01,0,0,1,0,0,0,0,0,1,-,-,NA,NA,LOS ANGELES,ALHAMBRA,-118.16203482,34.07465486
7039748,2015,2015-08-29,1970,2015-07-29,0732,204,4,3,5,4,1970,0,0,0,NA,0,004,HUNTINGTON DR,COURT AV,75,E,N,A,-,N,NA,NA,NA,NA,NA,NA,NA,NA,NA,N,4,0,1,4,A,-,03,22350,NA,N,C,C,A,A,H,-,A,D,0,NA,NA,NA,NA,Y,NA,A,07,0,0,1,0,0,0,0,0,0,-,-,NA,NA,LOS ANGELES,SOUTH PASADENA,-118.13765949,34.10513031