CASE_ID,ACCIDENT_YEAR,PROC_DATE,JURIS,COLLISION_DATE,COLLISION_TIME,OFFICER_ID,REPORTING_DISTRICT,DAY_OF_WEEK,CHP_SHIFT,POPULATION,CNTY_CITY_LOC,SPECIAL_COND,BEAT_TYPE,CHP_BEAT_TYPE,CITY_DIVISION_LAPD,CHP_BEAT_CLASS,BEAT_NUMBER,PRIMARY_RD,SECONDARY_RD,DISTANCE,DIRECTION,INTERSECTION,WEATHER_1,WEATHER_2,STATE_HWY_IND,CALTRANS_COUNTY,CALTRANS_DISTRICT,STATE_ROUTE,ROUTE_SUFFIX,POSTMILE_PREFIX,POSTMILE,LOCATION_TYPE,RAMP_INTERSECTION,SIDE_OF_HWY,TOW_AWAY,COLLISION_SEVERITY,NUMBER_KILLED,NUMBER_INJURED,PARTY_COUNT,PRIMARY_COLL_FACTOR,PCF_CODE_OF_VIOL,PCF_VIOL_CATEGORY,PCF_VIOLATION,PCF_VIOL_SUBSECTION,HIT_AND_RUN,TYPE_OF_COLLISION,MVIW,PED_ACTION,ROAD_SURFACE,ROAD_COND_1,ROAD_COND_2,LIGHTING,CONTROL_DEVICE,CHP_ROAD_TYPE,PEDESTRIAN_ACCIDENT,BICYCLE_ACCIDENT,MOTORCYCLE_ACCIDENT,TRUCK_ACCIDENT,NOT_PRIVATE_PROPERTY,ALCOHOL_INVOLVED,STWD_VEHTYPE_AT_FAULT,CHP_VEHTYPE_AT_FAULT,COUNT_SEVERE_INJ,COUNT_VISIBLE_INJ,COUNT_COMPLAINT_PAIN,COUNT_PED_KILLED,COUNT_PED_INJURED,COUNT_BICYCLIST_KILLED,COUNT_BICYCLIST_INJURED,COUNT_MC_KILLED,COUNT_MC_INJURED,PRIMARY_RAMP,SECONDARY_RAMP,LATITUDE,LONGITUDE,COUNTY,CITY,POINT_X,POINT_Y
7046489,2015,2016-01-09,1965,2015-08-11,1427,3816,0B2A,2,5,5,1965,0,0,0,NA,0,B002,LINCOLN BL,OCEAN PARK BL,255,S,N,A,-,N,NA,NA,NA,NA,NA,NA,NA,NA,NA,N,3,0,1,2,A,-,08,21460,5,N,B,G,A,A,H,-,A,D,0,NA,Y,NA,NA,Y,NA,-,-,0,1,0,0,0,0,1,0,0,-,-,NA,NA,LOS ANGELES,SANTA MONICA,-118.47569086,34.00648669
7046542,2015,2016-01-09,1965,2015-08-16,0922,3861,0B2C,7,5,5,1965,0,0,0,NA,0,B002,OCEAN PARK BL,17TH ST,2,E,N,A,-,N,NA,NA,NA,NA,NA,NA,NA,NA,NA,Y,3,0,1,1,A,-,08,22107,NA,N,E,I,A,A,H,-,A,A,0,NA,NA,NA,NA,Y,NA,A,07,0,1,0,0,0,0,0,0,0,-,-,NA,NA,LOS ANGELES,SANTA MONICA,-118.46687464,34.01244319
7046552,2015,2017-01-14,1975,2015-08-05,1448,988,NA,3,5,6,1975,0,0,0,NA,0,002,CITRUS ST,RT 10,0,NA,Y,A,-,Y,LA,7,10,-,-,37.612,R,4,W,Y,4,0,1,2,A,-,12,21453,A,N,D,C,A,A,H,-,A,A,0,NA,NA,NA,NA,Y,NA,D,22,0,0,1,0,0,0,0,0,0,-,WO,NA,NA,LOS ANGELES,WEST COVINA,-117.88818587,34.07204651
7046721,2015,2015-09-21,1942,2015-08-16,1740,40193,1522,7,5,7,1942,0,0,0,O,0,17TL14,SHERMAN WY,ETHEL AV,0,NA,Y,A,-,N,NA,NA,NA,NA,NA,NA,NA,NA,NA,Y,4,0,4,2,A,-,12,21453,A,N,D,C,A,A,H,-,A,A,0,NA,NA,NA,NA,Y,NA,-,-,0,0,4,0,0,0,0,0,0,-,-,NA,NA,LOS ANGELES,LOS ANGELES,-118.41815009,34.2012001
7046741,2015,2015-09-21,1942,2015-08-16,1740,37353,1762,7,5,7,1942,0,0,0,Q,0,19TL72,LASSEN ST,WINNETKA AV,68,E,N,A,-,N,NA,NA,NA,NA,NA,NA,NA,NA,NA,Y,2,0,2,3,A,-,03,22350,NA,N,C,C,A,A,H,-,A,D,0,NA,NA,NA,NA,Y,NA,A,01,1,1,0,0,0,0,0,0,0,-,-,NA,NA,LOS ANGELES,LOS ANGELES,-118.57099536,34.24999
7046745,2015,2015-09-21,1942,2015-08-27,0750,37774,1797,4,5,7,1942,0,0,0,Q,0,9TL55,PARTHENIA ST,ODESSA AV,200,E,N,A,-,N,NA,NA,NA,NA,NA,NA,NA,NA,NA,Y,4,0,1,3,A,-,03,22350,NA,N,C,C,A,A,H,-,A,D,0,NA,NA,NA,NA,Y,NA,D,22,0,0,1,0,0,0,0,0,0,-,-,NA,NA,LOS ANGELES,LOS ANGELES,-118.49111952,34.22842707
7046749,2015,2015-09-21,1942,2015-08-19,1515,33779,1775,3,5,7,1942,0,0,0,Q,0,15TL44,PLUMMER ST,BALBOA BL,0,NA,Y,A,-,N,NA,NA,NA,NA,NA,NA,NA,NA,NA,Y,4,0,2,2,A,-,12,21453,A,N,D,C,A,A,H,-,A,A,0,NA,NA,NA,NA,Y,NA,A,01,0,0,2,0,0,0,0,0,0,-,-,NA,NA,LOS ANGELES,LOS ANGELES,-118.50246009,34.24301011
7046753,2015,2015-09-30,1942,2015-08-18,1725,38771,1797,2,5,7,1942,0,0,0,Q,0,35Q41,WOODLEY AV,PARTHENIA ST,40,N,N,A,-,N,NA,NA,NA,NA,NA,NA,NA,NA,NA,Y,4,0,1,2,A,-,03,22350,NA,N,C,C,A,A,H,-,A,A,0,NA,NA,NA,NA,Y,NA,A,01,0,0,1,0,0,0,0,0,0,-,-,NA,NA,LOS ANGELES,LOS ANGELES,-118.48514771,34.2284897
7046757,2015,2015-09-30,1942,2015-08-19,1455,35481,1935,3,5,7,1942,0,0,0,NA,0,9TL54,RINALDI ST,LEV AV,0,NA,Y,A,-,N,NA,NA,NA,NA,NA,NA,NA,NA,NA,Y,4,0,2,2,A,-,-,NA,NA,N,-,C,A,A,H,-,A,-,0,NA,NA,NA,NA,Y,NA,D,22,0,0,2,0,0,0,0,0,0,-,-,NA,NA,LOS ANGELES,LOS ANGELES,-118.46109013,34.27902007
7046761,2015,2015-09-22,1942,2015-08-17,0820,39217,1749,1,5,7,1942,0,0,0,Q,0,21TL63,DEVONSHIRE ST,DENSMORE AV,4,W,N,A,-,N,NA,NA,NA,NA,NA,NA,NA,NA,NA,Y,3,0,3,2,A,-,08,21460,5,N,C,C,A,A,H,-,A,D,0,NA,NA,NA,NA,Y,NA,A,01,0,1,2,0,0,0,0,0,0,-,-,NA,NA,LOS ANGELES,LOS ANGELES,-118.47834321,34.25737
7046765,2015,2015-09-19,1942,2015-08-27,1030,33504,1774,4,5,7,1942,0,0,0,Q,0,9TL57,ZELZAH AV,PRAIRIE ST,530,N,N,A,-,N,NA,NA,NA,NA,NA,NA,NA,NA,NA,Y,3,0,1,2,A,-,08,22102,NA,N,D,C,A,A,H,-,A,D,0,NA,NA,NA,NA,Y,NA,A,01,0,1,0,0,0,0,0,0,0,-,-,NA,NA,LOS ANGELES,LOS ANGELES,-118.52322033,34.24044378
7046769,2015,2016-07-19,1942,2015-08-12,1630,40366,1521,3,5,7,1942,0,0,0,O,0,0W2,SHERMAN WY,ETHEL AV,0,NA,Y,A,-,N,NA,NA,NA,NA,NA,NA,NA,NA,NA,Y,4,0,1,2,A,-,09,21801,A,N,D,C,A,A,H,-,A,A,0,NA,NA,NA,NA,Y,NA,D,22,0,0,1,0,0,0,0,0,0,-,-,NA,NA,LOS ANGELES,LOS ANGELES,-118.41815009,34.2012001
7046773,2015,2015-09-21,1942,2015-08-13,1730,34922,1526,4,5,7,1942,0,0,0,O,0,15A24,VICTORY BL,TUJUNGA AV,0,NA,Y,A,-,N,NA,NA,NA,NA,NA,NA,NA,NA,NA,Y,4,0,1,2,A,-,12,21453,A,N,D,C,A,A,H,-,A,-,0,NA,NA,NA,NA,Y,NA,A,01,0,0,1,0,0,0,0,0,0,-,-,NA,NA,LOS ANGELES,LOS ANGELES,-118.37906005,34.18668009
7046785,2015,2015-09-19,1942,2015-08-18,1150,35481,1512,2,5,7,1942,0,0,0,O,0,9TL54,BELLAIRE AV,RAYMER ST,125,S,N,A,-,N,NA,NA,NA,NA,NA,NA,NA,NA,NA,N,3,0,1,2,A,-,08,22107,NA,N,D,G,A,A,H,-,A,D,0,NA,Y,NA,NA,Y,NA,D,22,0,1,0,0,0,0,1,0,0,-,-,NA,NA,LOS ANGELES,LOS ANGELES,-118.40944,34.20338715
7046789,2015,2015-09-19,1942,2015-08-05,1750,40029,1751,3,5,7,1942,0,0,0,Q,0,17X82,TOPANGA CANYON BL,CRAGGYVIEW ST,0,NA,Y,A,-,N,NA,NA,NA,NA,NA,NA,NA,NA,NA,Y,3,0,1,2,A,-,09,21801,A,N,D,C,A,A,H,-,A,A,0,NA,NA,NA,NA,Y,NA,-,-,0,1,0,0,0,0,0,0,0,-,-,NA,NA,LOS ANGELES,LOS ANGELES,-118.60606012,34.25542012
7046793,2015,2015-09-19,1942,2015-08-18,1340,39075,1581,2,5,7,1942,0,0,0,O,0,NA,MOORPARK ST,COLDWATER CANYON,0,NA,N,A,-,N,NA,NA,NA,NA,NA,NA,NA,NA,NA,N,3,0,1,2,A,-,06,21951,NA,N,G,B,B,A,D,-,A,A,0,Y,NA,NA,NA,Y,NA,D,22,0,1,0,0,1,0,0,0,0,-,-,NA,NA,LOS ANGELES,LOS ANGELES,-118.41379007,34.15035006
7046820,2015,2016-11-30,9525,2015-05-10,0636,19291,NA,7,1,6,1955,0,1,3,NA,2,072,RT 71,RIO RANCHO RD,1584,S,N,A,-,Y,LA,7,71,-,R,3.91,H,-,N,Y,4,0,1,2,A,-,01,23152,A,N,B,C,A,A,H,-,A,D,1,NA,NA,NA,NA,Y,Y,A,01,0,0,1,0,0,0,0,0,0,-,-,34.02851,-117.75451,LOS ANGELES,POMONA,-117.75471253,34.02866069
7046836,2015,2016-11-09,9525,2015-05-11,0748,19291,NA,1,1,5,1990,0,1,3,NA,2,574,RT 57,PATHFINDER RD,1000,S,N,A,-,Y,LA,7,57,-,R,2.98,H,-,N,Y,4,0,1,2,A,-,03,22350,NA,N,C,C,A,A,H,-,A,D,1,NA,NA,NA,NA,Y,NA,A,01,0,0,1,0,0,0,0,0,0,-,-,33.98331,-117.84221,LOS ANGELES,DIAMOND BAR,-117.841741,33.98157679
7046855,2015,2015-10-21,9525,2015-05-12,1400,20989,NA,2,2,9,1900,0,2,4,NA,2,022,ARROW HWY,LARKE ELLEN CIR,40,E,N,A,-,N,NA,NA,NA,NA,NA,NA,NA,NA,NA,N,4,0,1,3,A,-,03,22350,NA,N,C,C,A,A,H,-,A,A,0,NA,NA,NA,NA,Y,NA,A,07,0,0,1,0,0,0,0,0,0,-,-,34.10711,-117.91626,LOS ANGELES,UNINCORPORATED,-117.91697,34.10689
7046907,2015,2016-12-20,9525,2015-05-16,1615,019682,NA,6,2,5,1990,0,1,3,NA,2,603,RT 60,DIAMOND BAR BL,1500,E,N,A,-,Y,LA,7,60,-,R,25.88,H,-,W,Y,4,0,2,4,A,-,03,22350,NA,M,C,C,A,A,H,-,A,D,1,NA,NA,NA,NA,Y,NA,A,01,0,0,2,0,0,0,0,0,0,-,-,34.02532,-117.80741,LOS ANGELES,DIAMOND BAR,-117.80703596,34.0254152
7046947,2015,2016-12-03,9535,2015-05-15,1415,18655,NA,5,2,5,1915,0,1,1,NA,2,075,RT 710,ATLANTIC AV,250,N,N,A,-,Y,LA,7,710,-,-,13.69,H,-,S,Y,4,0,1,2,A,-,07,21658,NA,N,C,C,A,A,H,-,A,D,1,NA,NA,NA,NA,Y,NA,A,01,0,0,1,0,0,0,0,0,0,-,-,33.88503,-118.19069,LOS ANGELES,COMPTON,-118.19048181,33.88561163
7046982,2015,2015-09-18,1900,2015-08-20,1450,411388,2114,4,5,5,1943,0,0,0,NA,0,212T2,ATLANTIC AV,IMPERIAL HWY,220,N,N,A,-,N,NA,NA,NA,NA,NA,NA,NA,NA,NA,N,3,0,1,3,A,-,01,23152,A,N,B,E,A,A,H,-,A,A,0,NA,NA,NA,Y,Y,Y,A,07,0,1,0,0,0,0,0,0,0,-,-,NA,NA,LOS ANGELES,LYNWOOD,-118.1833827,33.93130263
7047057,2015,2015-09-19,1900,2015-08-09,0735,484628,2112,7,5,5,1943,0,0,0,NA,0,212T4D,IMPERIAL HWY,MARTIN LUTHER KING JR BL,0,NA,Y,A,-,N,NA,NA,NA,NA,NA,NA,NA,NA,NA,N,4,0,3,2,A,-,12,21453,A,N,D,C,A,A,H,-,A,A,0,NA,NA,NA,NA,Y,NA,A,01,0,0,3,0,0,0,0,0,0,-,-,NA,NA,LOS ANGELES,LYNWOOD,-118.20298013,33.93140007
7047061,2015,2015-09-19,1900,2015-08-10,2330,517298,2112,1,5,5,1943,0,0,0,NA,0,212T4,LONG BEACH BL,ELIZABETH AV,57,N,N,A,-,N,NA,NA,NA,NA,NA,NA,NA,NA,NA,N,4,0,1,2,A,-,03,22350,NA,N,C,E,A,A,H,-,C,A,0,NA,NA,NA,NA,Y,NA,A,07,0,0,1,0,0,0,0,0,0,-,-,NA,NA,LOS ANGELES,LYNWOOD,-118.21279862,33.93434097
7047065,2015,2015-09-19,1900,2015-08-11,0040,517298,2116,2,5,5,1943,0,0,0,NA,0,212T4,BULLIS RD,AGNES ST,0,NA,Y,A,-,N,NA,NA,NA,NA,NA,NA,NA,NA,NA,N,4,0,1,2,A,-,12,22450,A,N,D,C,A,A,H,-,C,A,0,NA,NA,NA,NA,Y,NA,A,01,0,0,1,0,0,0,0,0,0,-,-,NA,NA,LOS ANGELES,LYNWOOD,-118.20384011,33.91774003
7047069,2015,2015-09-19,1900,2015-08-23,2220,517298,2113,7,5,5,1943,0,0,0,NA,0,212T4,ABBOTT RD,ATLANTIC AV,0,NA,Y,A,-,N,NA,NA,NA,NA,NA,NA,NA,NA,NA,Y,4,0,1,2,A,-,09,21801,A,N,A,C,A,A,H,-,C,A,0,NA,NA,NA,NA,Y,NA,A,01,0,0,1,0,0,0,0,0,0,-,-,NA,NA,LOS ANGELES,LYNWOOD,-118.18247005,33.93397004
7047081,2015,2015-09-19,1900,2015-08-04,0440,517798,2117,2,5,5,1943,0,0,0,NA,0,212T4,CARLIN AV,WALDORF DR,142,W,N,A,-,N,NA,NA,NA,NA,NA,NA,NA,NA,NA,Y,4,0,2,3,A,-,01,23152,A,N,C,E,A,A,H,-,C,D,0,NA,NA,NA,NA,Y,Y,A,01,0,0,2,0,0,0,0,0,0,-,-,NA,NA,LOS ANGELES,LYNWOOD,-118.19622146,33.91152714
7047089,2015,2015-09-19,1902,2015-08-26,2214,710,18,3,5,5,1902,0,0,0,NA,0,003,SUNSET BL,HUNTINGTON DR,0,NA,Y,A,-,N,NA,NA,NA,NA,NA,NA,NA,NA,NA,Y,3,0,2,1,A,-,08,22107,NA,N,E,I,A,A,H,-,C,A,0,NA,NA,NA,NA,Y,NA,A,01,0,2,0,0,0,0,0,0,0,-,-,NA,NA,LOS ANGELES,ARCADIA,-118.06515013,34.13108008
7047093,2015,2015-09-19,1902,2015-08-25,1521,668,32,2,5,5,1902,0,0,0,NA,0,005,SANTA ANITA AV,LIVE OAK,55,N,N,A,-,N,NA,NA,NA,NA,NA,NA,NA,NA,NA,Y,4,0,3,3,A,-,03,22350,NA,N,C,C,A,A,H,-,A,A,0,NA,NA,NA,NA,Y,NA,-,NA,0,0,3,0,0,0,0,0,0,-,-,NA,NA,LOS ANGELES,ARCADIA,-118.03085,34.10725
7047097,2015,2015-09-19,1902,2015-08-29,1425,699,35,6,5,5,1902,0,0,0,NA,0,005,BALDWIN AV,WALNUT AV,161,S,N,A,-,N,NA,NA,NA,NA,NA,NA,NA,NA,NA,Y,4,0,2,1,A,-,07,21658,A,N,E,I,A,A,H,-,A,D,0,NA,NA,NA,NA,Y,NA,A,01,0,0,2,0,0,0,0,0,0,-,-,NA,NA,LOS ANGELES,ARCADIA,-118.0533692,34.1130337
7047101,2015,2015-09-19,1902,2015-08-28,1909,708,5,5,5,5,1902,0,0,0,NA,0,001,FOOTHILL BL,SANTA ANITA AV,0,NA,Y,A,-,N,NA,NA,NA,NA,NA,NA,NA,NA,NA,Y,3,0,2,3,A,-,09,21453,C,N,D,C,A,A,H,-,A,A,0,NA,NA,NA,NA,Y,NA,A,01,0,1,1,0,0,0,0,0,0,-,-,NA,NA,LOS ANGELES,ARCADIA,-118.03172008,34.15102009
7047109,2015,2015-09-19,1900,2015-08-03,1520,513104,2112,1,5,5,1943,0,0,0,NA,0,212T2,LONG BEACH BL,SEQUIOA AV,30,N,N,A,-,N,NA,NA,NA,NA,NA,NA,NA,NA,NA,N,4,0,1,2,A,-,21,22106,NA,N,B,C,A,A,H,-,A,A,0,NA,NA,NA,NA,Y,NA,A,01,0,0,1,0,0,0,0,0,0,-,-,NA,NA,LOS ANGELES,LYNWOOD,-118.21505512,33.94179956
7047138,2015,2015-09-19,1942,2015-07-30,1615,40003,1233,4,5,7,1942,0,0,0,L,0,12T73,60TH ST,HARVARD BL,0,NA,Y,A,-,N,NA,NA,NA,NA,NA,NA,NA,NA,NA,Y,4,0,1,2,A,-,09,21802,A,N,A,C,A,A,H,-,A,D,0,NA,NA,NA,NA,Y,NA,D,22,0,0,1,0,0,0,0,0,0,-,-,NA,NA,LOS ANGELES,LOS ANGELES,-118.30678007,33.98588009
7047150,2015,2015-09-21,1942,2015-08-16,1315,37952,1176,7,5,7,1942,0,0,0,K,0,1TL24,SHOREDALE AV,CRYSTAL ST,0,NA,Y,A,-,N,NA,NA,NA,NA,NA,NA,NA,NA,NA,N,4,0,2,2,A,-,09,21802,A,N,D,C,A,A,H,-,A,A,0,NA,NA,NA,NA,Y,NA,D,22,0,0,2,0,0,0,0,0,0,-,-,NA,NA,LOS ANGELES,LOS ANGELES,-118.23260004,34.09056004
7047154,2015,2015-09-21,1942,2015-08-18,1650,36698,1145,2,5,7,1942,0,0,0,K,0,11TL32,RIPPLE ST,FLETCHER DR,0,NA,Y,A,-,N,NA,NA,NA,NA,NA,NA,NA,NA,NA,Y,4,0,1,3,A,-,09,21453,B,N,B,C,A,A,H,-,A,A,0,NA,NA,NA,NA,Y,NA,D,22,0,0,1,0,0,0,0,0,0,-,-,NA,NA,LOS ANGELES,LOS ANGELES,-118.25445008,34.10777008
7047162,2015,2015-09-21,1926,2015-08-31,1412,7879,NA,1,5,5,1926,0,0,0,NA,0,004,SUNFLOWER AV,GLADSTONE ST,12,E,N,A,-,N,NA,NA,NA,NA,NA,NA,NA,NA,NA,Y,4,0,1,2,A,-,03,22350,NA,N,C,C,A,A,H,-,A,A,0,NA,NA,NA,NA,Y,NA,A,07,0,0,1,0,0,0,0,0,0,-,-,NA,NA,LOS ANGELES,GLENDORA,-117.84637,34.11393
7047182,2015,2015-09-19,1942,2015-08-21,1545,34458,1145,5,5,7,1942,0,0,0,K,0,4TL4,RIVERSIDE DR,FRUITDALE ST,20,S,N,A,-,N,NA,NA,NA,NA,NA,NA,NA,NA,NA,N,3,0,2,3,A,-,08,22102,NA,N,D,C,A,A,H,-,A,D,0,NA,NA,NA,NA,Y,NA,A,07,0,1,1,0,0,0,0,0,0,-,-,NA,NA,LOS ANGELES,LOS ANGELES,-118.25572078,34.10545588
7047190,2015,2015-09-19,1942,2015-08-24,0810,40008,1361,1,5,7,1942,0,0,0,M,0,13TL55,S BROADWAY,W 49TH ST,30,S,N,A,-,N,NA,NA,NA,NA,NA,NA,NA,NA,NA,Y,4,0,3,2,A,-,05,21651,A,N,B,C,A,A,H,-,A,D,0,NA,NA,NA,NA,Y,NA,D,22,0,0,3,0,0,0,0,0,0,-,-,NA,NA,LOS ANGELES,LOS ANGELES,-118.27834825,33.99821774
7047194,2015,2015-09-17,1942,2015-08-24,1210,31152,1186,1,5,7,1942,0,0,0,K,0,11TL25,ELYSIAN PARK DR,STADIUM WY,2376,E,N,A,-,N,NA,NA,NA,NA,NA,NA,NA,NA,NA,N,4,0,1,1,B,-,22,NA,NA,N,E,I,A,A,H,-,A,D,0,NA,NA,NA,NA,Y,NA,D,22,0,0,1,0,0,0,0,0,0,-,-,NA,NA,LOS ANGELES,LOS ANGELES,-118.24309,34.08612
7047282,2015,2015-09-14,1900,2015-06-30,1645,525193,1623,2,5,5,1977,0,0,0,NA,0,167T1,SEPULVEDA BL,MAIN ST,192,W,N,B,F,N,NA,NA,NA,NA,NA,NA,NA,NA,NA,Y,4,0,1,4,C,-,18,NA,NA,N,B,C,A,A,H,-,A,A,0,NA,NA,NA,NA,Y,NA,-,-,0,0,1,0,0,0,0,0,0,-,-,NA,NA,LOS ANGELES,CARSON,-118.27633061,33.80799722
7047286,2015,2015-09-14,1900,2015-06-30,1335,512477,1623,2,5,5,1977,0,0,0,NA,0,168T,FIGUEROA ST,234TH ST,0,NA,Y,A,-,N,NA,NA,NA,NA,NA,NA,NA,NA,NA,Y,4,0,1,2,A,-,09,21453,B,N,D,C,A,A,H,-,A,A,0,NA,NA,NA,NA,Y,NA,A,01,0,0,1,0,0,0,0,0,0,-,-,NA,NA,LOS ANGELES,CARSON,-118.28545,33.8134
7047288,2015,2015-09-19,1942,2015-08-20,1850,38614,1343,4,5,7,1942,0,0,0,M,0,13X28,MAPLE AV,JEFFERSON,20,S,N,A,-,N,NA,NA,NA,NA,NA,NA,NA,NA,NA,N,3,0,1,2,A,-,-,NA,NA,N,B,G,A,A,H,-,A,D,0,NA,Y,NA,NA,Y,NA,-,NA,0,1,0,0,0,0,1,0,0,-,-,NA,NA,LOS ANGELES,LOS ANGELES,-118.26947053,34.0171414
7047292,2014,2015-09-18,1926,2014-06-13,0809,6456,NA,5,5,5,1926,0,0,0,NA,0,002,GRAND AV,MAUNA LOA,103,S,N,A,-,N,NA,NA,NA,NA,NA,NA,NA,NA,NA,Y,4,0,1,2,A,-,03,22350,NA,N,C,C,A,A,H,-,A,A,0,NA,NA,NA,NA,Y,NA,D,22,0,0,1,0,0,0,0,0,0,-,-,NA,NA,LOS ANGELES,GLENDORA,-117.87273523,34.12480768
7047296,2014,2015-09-18,1926,2014-06-29,1220,7897,NA,7,5,5,1926,0,0,0,NA,0,003,UNDERHILL DR,UNDERHILL TER,60,S,N,A,-,N,NA,NA,NA,NA,NA,NA,NA,NA,NA,Y,4,0,1,1,A,-,08,22107,NA,N,C,J,A,A,H,-,A,D,0,NA,NA,NA,NA,Y,NA,A,01,0,0,1,0,0,0,0,0,0,-,-,NA,NA,LOS ANGELES,GLENDORA,-117.83919265,34.13832884
7047300,2014,2015-09-18,1926,2014-06-29,1337,4692,NA,7,5,5,1926,0,0,0,NA,0,002,GRAND AV,BASELINE,12,N,N,A,-,N,NA,NA,NA,NA,NA,NA,NA,NA,NA,N,4,0,1,2,A,-,03,22350,NA,N,C,C,A,A,H,-,A,A,0,NA,NA,NA,NA,Y,NA,D,22,0,0,1,0,0,0,0,0,0,-,-,NA,NA,LOS ANGELES,GLENDORA,-117.87275,34.1215129
7047304,2014,2015-09-23,1926,2014-09-12,2117,7977,NA,5,5,5,1926,0,0,0,NA,0,002,GRAND AV,RT 210,34,N,N,A,-,Y,NA,NA,NA,NA,NA,NA,NA,NA,NA,N,4,0,1,2,A,-,03,22350,NA,N,C,C,A,A,H,-,C,A,0,NA,NA,NA,NA,Y,Y,D,22,0,0,1,0,0,0,0,0,0,-,EO,NA,NA,LOS ANGELES,GLENDORA,-117.87264626,34.12077455
7047307,2015,2015-09-28,1900,2015-06-09,1700,523692,1622,2,5,5,1977,0,0,0,NA,0,167T1,CARSON ST,BATAAN AV,0,NA,Y,F,-,N,NA,NA,NA,NA,NA,NA,NA,NA,NA,Y,4,0,1,2,A,-,09,21801,A,N,B,C,A,B,G,-,A,A,0,NA,NA,NA,NA,Y,NA,A,08,0,0,1,0,0,0,0,0,0,-,-,NA,NA,LOS ANGELES,CARSON,-118.22340001,33.8317201
7047308,2014,2015-09-19,1926,2014-11-19,1501,8104,NA,3,5,5,1926,0,0,0,NA,0,002,GRAND AV,BASELINE RD,322,S,N,A,-,N,NA,NA,NA,NA,NA,NA,NA,NA,NA,Y,4,0,1,3,A,-,03,22350,NA,N,C,C,A,A,H,-,A,A,0,NA,NA,NA,NA,Y,NA,A,07,0,0,1,0,0,0,0,0,0,-,-,NA,NA,LOS ANGELES,GLENDORA,-117.87291601,34.12075823
7047311,2015,2015-09-14,1900,2015-06-14,0215,526680,1614,7,5,5,1977,0,0,0,NA,0,160T,MAIN ST,ALBERTONI ST,13,N,N,A,-,N,NA,NA,NA,NA,NA,NA,NA,NA,NA,Y,2,0,3,2,A,-,01,23153,A,N,C,C,A,A,H,-,C,A,0,NA,NA,NA,NA,Y,Y,A,01,2,1,0,0,0,0,0,0,0,-,-,NA,NA,LOS ANGELES,CARSON,-118.27548061,33.87128565
7047315,2015,2015-09-14,1900,2015-06-19,1643,524694,16,5,5,5,1977,0,0,0,NA,0,164T1,FIGUEROA ST,190TH ST,150,S,N,A,-,N,NA,NA,NA,NA,NA,NA,NA,NA,NA,Y,4,0,1,2,A,-,09,21801,A,N,A,C,A,A,H,-,A,A,0,NA,NA,NA,NA,Y,NA,A,01,0,0,1,0,0,0,0,0,0,-,-,NA,NA,LOS ANGELES,CARSON,-118.2815,33.862375
7047317,2015,2015-09-15,1900,2015-06-12,1245,532457,NA,5,5,5,1908,0,0,0,NA,0,1335,PALM ST,CLARK AV,500,W,N,A,-,N,NA,NA,NA,NA,NA,NA,NA,NA,NA,N,3,0,1,2,A,-,09,21804,A,N,B,G,A,A,H,-,A,D,0,NA,Y,NA,NA,Y,NA,L,04,0,1,0,0,0,0,1,0,0,-,-,NA,NA,LOS ANGELES,BELLFLOWER,-118.13554378,33.87657574
7047319,2015,2015-09-14,1900,2015-06-20,1251,506392,1618,6,5,5,1977,0,0,0,NA,0,164T,CENTRAL AV,VICTORIA ST,0,NA,Y,A,-,N,NA,NA,NA,NA,NA,NA,NA,NA,NA,Y,4,0,1,2,A,-,12,21453,A,N,D,C,A,A,H,-,A,A,0,NA,NA,NA,NA,Y,NA,A,01,0,0,1,0,0,0,0,0,0,-,-,NA,NA,LOS ANGELES,CARSON,-118.2487201,33.86753004
7047323,2015,2015-09-14,1900,2015-06-21,1638,516511,1626,7,5,5,1977,0,0,0,NA,0,167T1,ALAMEDA ST,SEPULVEDA BL,1800,S,N,A,-,N,NA,NA,NA,NA,NA,NA,NA,NA,NA,Y,3,0,1,1,A,-,08,22107,NA,N,A,I,A,A,H,-,A,D,0,NA,NA,NA,NA,Y,NA,A,01,0,1,0,0,0,0,0,0,0,-,-,NA,NA,LOS ANGELES,CARSON,-118.23651398,33.80314055
7047324,2014,2015-09-18,1926,2014-01-13,1508,7570,NA,1,5,5,1926,0,0,0,NA,0,003,FOOTHILL BL,TREANOR AV,40,E,N,A,-,N,NA,NA,NA,NA,NA,NA,NA,NA,NA,Y,4,0,6,3,A,-,03,22350,NA,N,C,C,A,A,H,-,A,D,0,NA,NA,NA,NA,Y,NA,D,22,0,0,6,0,0,0,0,0,0,-,-,NA,NA,LOS ANGELES,GLENDORA,-117.84244813,34.1361
7047327,2015,2016-06-01,1900,2015-06-21,1840,281365,1614,7,5,5,1977,0,0,0,NA,0,164T1,182ND ST,WALL ST,90,E,N,A,-,N,NA,NA,NA,NA,NA,NA,NA,NA,NA,N,3,0,1,2,A,-,11,21956,A,N,G,B,D,A,H,-,A,D,0,Y,NA,NA,NA,Y,NA,N,60,0,1,0,0,1,0,0,0,0,-,-,NA,NA,LOS ANGELES,CARSON,-118.27103414,33.86525685
7047331,2015,2015-09-14,1900,2015-06-22,0500,517923,1610,1,5,5,1977,0,0,0,NA,0,160T,AVALON BL,GARDENA BL,0,NA,Y,A,-,N,NA,NA,NA,NA,NA,NA,NA,NA,NA,Y,4,0,1,1,A,-,08,22107,NA,N,E,I,A,A,H,-,C,D,0,NA,NA,NA,NA,Y,NA,A,01,0,0,1,0,0,0,0,0,0,-,-,NA,NA,LOS ANGELES,CARSON,-118.26467008,33.88235003