CASE_ID,ACCIDENT_YEAR,PROC_DATE,JURIS,COLLISION_DATE,COLLISION_TIME,OFFICER_ID,REPORTING_DISTRICT,DAY_OF_WEEK,CHP_SHIFT,POPULATION,CNTY_CITY_LOC,SPECIAL_COND,BEAT_TYPE,CHP_BEAT_TYPE,CITY_DIVISION_LAPD,CHP_BEAT_CLASS,BEAT_NUMBER,PRIMARY_RD,SECONDARY_RD,DISTANCE,DIRECTION,INTERSECTION,WEATHER_1,WEATHER_2,STATE_HWY_IND,CALTRANS_COUNTY,CALTRANS_DISTRICT,STATE_ROUTE,ROUTE_SUFFIX,POSTMILE_PREFIX,POSTMILE,LOCATION_TYPE,RAMP_INTERSECTION,SIDE_OF_HWY,TOW_AWAY,COLLISION_SEVERITY,NUMBER_KILLED,NUMBER_INJURED,PARTY_COUNT,PRIMARY_COLL_FACTOR,PCF_CODE_OF_VIOL,PCF_VIOL_CATEGORY,PCF_VIOLATION,PCF_VIOL_SUBSECTION,HIT_AND_RUN,TYPE_OF_COLLISION,MVIW,PED_ACTION,ROAD_SURFACE,ROAD_COND_1,ROAD_COND_2,LIGHTING,CONTROL_DEVICE,CHP_ROAD_TYPE,PEDESTRIAN_ACCIDENT,BICYCLE_ACCIDENT,MOTORCYCLE_ACCIDENT,TRUCK_ACCIDENT,NOT_PRIVATE_PROPERTY,ALCOHOL_INVOLVED,STWD_VEHTYPE_AT_FAULT,CHP_VEHTYPE_AT_FAULT,COUNT_SEVERE_INJ,COUNT_VISIBLE_INJ,COUNT_COMPLAINT_PAIN,COUNT_PED_KILLED,COUNT_PED_INJURED,COUNT_BICYCLIST_KILLED,COUNT_BICYCLIST_INJURED,COUNT_MC_KILLED,COUNT_MC_INJURED,PRIMARY_RAMP,SECONDARY_RAMP,LATITUDE,LONGITUDE,COUNTY,CITY,POINT_X,POINT_Y
7053272,2015,2015-09-25,1941,2015-08-21,0554,10234,NA,5,5,7,1941,0,0,0,NA,0,NA,ATLANTIC AV,21ST ST,0,NA,Y,-,-,N,NA,NA,NA,NA,NA,NA,NA,NA,NA,Y,4,0,2,2,A,-,09,21801,NA,N,D,C,A,A,H,-,A,A,0,NA,NA,NA,NA,Y,NA,A,NA,0,0,2,0,0,0,0,0,0,-,-,NA,NA,LOS ANGELES,LONG BEACH,-118.18503006,33.79530004
7053273,2015,2015-09-23,1942,2015-08-17,2245,40429,1562,1,5,7,1942,0,0,0,O,0,18A85,LAUREL CANYON BL,MOORPARK ST,30,S,N,A,-,N,NA,NA,NA,NA,NA,NA,NA,NA,NA,Y,4,0,1,2,A,-,07,21658,A,N,C,C,A,A,H,-,C,D,0,NA,NA,NA,NA,Y,NA,-,-,0,0,1,0,0,0,0,0,0,-,-,NA,NA,LOS ANGELES,LOS ANGELES,-118.39648858,34.15029772
7053274,2015,2015-09-21,1942,2015-08-31,0742,39021,0929,1,5,7,1942,0,0,0,I,0,9TL55,VICTORY BL,WOODMAN AV,500,E,N,A,-,N,NA,NA,NA,NA,NA,NA,NA,NA,NA,N,4,0,1,2,A,-,03,22350,NA,F,C,C,A,A,H,-,A,D,0,NA,NA,NA,NA,Y,NA,A,01,0,0,1,0,0,0,0,0,0,-,-,NA,NA,LOS ANGELES,LOS ANGELES,-118.4296097,34.18668
7053275,2015,2015-09-19,1942,2015-08-04,0910,37080,1063,2,5,7,1942,0,0,0,J,0,17TL17,RESEDA BL,VENTURA BL,0,NA,Y,A,-,N,NA,NA,NA,NA,NA,NA,NA,NA,NA,N,4,0,1,2,A,-,12,21453,A,N,B,C,A,A,H,-,A,A,0,NA,NA,NA,NA,Y,NA,A,01,0,0,1,0,0,0,0,0,0,-,-,NA,NA,LOS ANGELES,LOS ANGELES,-118.53608012,34.16876003
7053276,2015,2015-09-19,1941,2015-08-24,1232,5407,NA,1,5,7,1941,0,0,0,NA,0,NA,2ND ST,NAPLES PLZ,85,W,N,A,-,N,NA,NA,NA,NA,NA,NA,NA,NA,NA,N,3,0,1,1,A,-,03,22350,NA,N,H,A,A,A,H,-,A,A,0,NA,NA,Y,NA,Y,NA,C,03,0,1,0,0,0,0,0,0,1,-,-,NA,NA,LOS ANGELES,LONG BEACH,-118.12041312,33.7564778
7053277,2015,2015-09-21,1942,2015-08-17,2025,32774,1532,1,5,7,1942,0,0,0,O,0,15T45,VICTORY BL,WILKINSON AV,530,E,N,A,-,N,NA,NA,NA,NA,NA,NA,NA,NA,NA,Y,4,0,3,2,A,-,03,22350,NA,N,C,C,A,A,H,-,C,D,0,NA,NA,NA,NA,Y,NA,A,01,0,0,3,0,0,0,0,0,0,-,-,NA,NA,LOS ANGELES,LOS ANGELES,-118.40242119,34.18668428
7053278,2015,2015-09-19,1942,2015-08-23,2030,34332,1512,7,5,7,1942,0,0,0,O,0,16T25,BELLAIRE AV,SHERMAN WY,45,S,N,A,-,N,NA,NA,NA,NA,NA,NA,NA,NA,NA,N,3,0,1,2,A,-,08,22107,NA,N,G,B,E,A,H,-,C,D,0,Y,NA,NA,NA,Y,NA,A,08,0,1,0,0,1,0,0,0,0,-,-,NA,NA,LOS ANGELES,LOS ANGELES,-118.40943,34.20107657
7053279,2015,2015-09-23,1942,2015-08-14,1555,41515,LOS A,5,5,7,1942,0,0,0,NA,0,21A57,WOODLEY,SATICOY,0,NA,N,A,-,N,NA,NA,NA,NA,NA,NA,NA,NA,NA,N,4,0,1,2,A,-,08,22107,NA,N,C,C,A,A,-,-,A,A,0,NA,NA,NA,NA,Y,NA,A,08,0,0,1,0,0,0,0,0,0,-,-,NA,NA,LOS ANGELES,LOS ANGELES,-118.48368013,34.20845001
7053280,2015,2015-10-05,1941,2015-08-20,1714,5996,NA,4,5,7,1941,0,0,0,NA,0,NA,LOS COYOTES BL,PARK,193,E,N,A,-,N,NA,NA,NA,NA,NA,NA,NA,NA,NA,Y,3,0,2,3,A,-,04,21703,NA,N,C,C,A,A,H,-,A,A,0,NA,NA,NA,NA,Y,NA,A,NA,0,1,1,0,0,0,0,0,0,-,-,NA,NA,LOS ANGELES,LONG BEACH,-118.137665,33.793375
7053293,2015,2016-07-19,1942,2015-08-15,0500,38582,2143,6,5,7,1942,0,0,0,NA,0,17A67,ROYER AV,VICTORY BL,60,NA,N,A,-,N,NA,NA,NA,NA,NA,NA,NA,NA,NA,N,4,0,1,2,A,-,03,22350,NA,F,C,C,A,A,H,-,C,A,0,NA,NA,NA,NA,Y,Y,-,99,0,0,1,0,0,0,0,0,0,-,-,NA,NA,LOS ANGELES,LOS ANGELES,-118.62772012,34.18644004
7053329,2015,2015-12-29,1941,2015-08-25,1545,5825,NA,2,5,7,1941,0,0,0,NA,0,NA,PALO VERDE,LOS SANTOS,49,N,N,A,-,N,NA,NA,NA,NA,NA,NA,NA,NA,NA,Y,3,0,1,4,A,-,03,22350,NA,N,C,C,A,A,H,-,A,A,0,NA,NA,NA,NA,Y,NA,A,NA,0,1,0,0,0,0,0,0,0,-,-,NA,NA,LOS ANGELES,LONG BEACH,-118.10794,33.79239436
7053333,2015,2015-12-29,1942,2015-08-09,2345,39422,1501,7,5,7,1942,0,0,0,O,0,15A21,COLDWATER CANYON,SATICOY ST,450,S,N,A,-,N,NA,NA,NA,NA,NA,NA,NA,NA,NA,Y,3,0,1,1,A,-,03,22350,NA,N,E,I,A,A,H,-,C,D,0,NA,NA,NA,NA,Y,NA,A,07,0,1,0,0,0,0,0,0,0,-,-,NA,NA,LOS ANGELES,LOS ANGELES,-118.41390035,34.2054769
7053353,2015,2015-12-29,1941,2015-08-25,1947,10667,NA,2,5,7,1941,0,0,0,NA,0,NA,JUNIPERO AV,JUNIPERO AV 122,0,NA,N,A,-,N,NA,NA,NA,NA,NA,NA,NA,NA,NA,N,4,0,1,2,A,-,08,22107,NA,N,B,G,A,A,H,-,C,D,0,NA,Y,NA,NA,Y,NA,A,NA,0,0,1,0,0,0,1,0,0,-,-,NA,NA,LOS ANGELES,LONG BEACH,-118.166178,33.765703
7053412,2015,2016-01-08,1941,2015-08-22,1641,5226,NA,6,5,7,1941,0,0,0,NA,0,NA,ATLANTIC AV,WARDLOW RD,0,NA,Y,A,-,N,NA,NA,NA,NA,NA,NA,NA,NA,NA,N,4,0,1,2,A,-,12,21453,A,M,D,C,A,A,H,-,A,A,0,NA,NA,NA,NA,Y,NA,A,NA,0,0,1,0,0,0,0,0,0,-,-,NA,NA,LOS ANGELES,LONG BEACH,-118.18502005,33.8189101
7053441,2015,2015-09-17,1942,2015-08-03,1150,41852,1793,1,5,7,1942,0,0,0,Q,0,17A95,WILBUR AV,ROSCOE BL,0,NA,Y,A,-,N,NA,NA,NA,NA,NA,NA,NA,NA,NA,N,4,0,1,2,A,-,09,21804,A,N,G,G,A,A,-,-,A,A,0,NA,Y,NA,NA,Y,NA,L,04,0,0,1,0,0,0,1,0,0,-,-,NA,NA,LOS ANGELES,LOS ANGELES,-118.54481001,34.22061007
7053442,2015,2015-09-21,1942,2015-08-27,2300,36336,1023,4,5,7,1942,0,0,0,J,0,15T45,TAMPA AV,SHERMAN WAY,0,NA,Y,A,-,N,NA,NA,NA,NA,NA,NA,NA,NA,NA,N,4,0,1,3,A,-,03,22350,NA,N,C,C,A,A,H,-,C,D,0,NA,NA,NA,NA,Y,NA,D,22,0,0,1,0,0,0,0,0,0,-,-,NA,NA,LOS ANGELES,LOS ANGELES,-118.55347012,34.20116006
7053443,2015,2015-09-18,1922,2015-07-30,1653,502,NA,4,5,6,1922,0,0,0,NA,0,001,TYLER,VALLEY,0,NA,Y,A,-,N,NA,NA,NA,NA,NA,NA,NA,NA,NA,Y,4,0,1,2,A,-,12,21453,A,N,D,C,A,A,H,-,A,A,0,NA,NA,NA,NA,Y,NA,A,01,0,0,1,0,0,0,0,0,0,-,-,NA,NA,LOS ANGELES,EL MONTE,-118.03550013,34.07395003
7053445,2015,2015-09-17,1900,2015-08-17,1150,223258,0530,1,5,5,1959,0,0,0,NA,0,53T1,VALLEY BL,MUSCATEL AV,186,E,N,A,-,N,NA,NA,NA,NA,NA,NA,NA,NA,NA,N,4,0,1,2,A,-,11,21950,B,N,G,B,F,A,H,-,A,D,0,Y,NA,NA,NA,Y,NA,N,60,0,0,1,0,1,0,0,0,0,-,-,NA,NA,LOS ANGELES,ROSEMEAD,-118.07700763,34.08070169
7053446,2015,2015-09-23,1942,2015-09-01,1500,33779,1079,2,5,7,1942,0,0,0,J,0,15TL44,VENTURE BL,DENSMORE AV,105,W,N,A,-,N,NA,NA,NA,NA,NA,NA,NA,NA,NA,Y,3,0,1,1,A,-,03,22350,NA,N,E,I,A,A,H,-,A,A,0,NA,NA,NA,NA,Y,NA,D,22,0,1,0,0,0,0,0,0,0,-,-,NA,NA,LOS ANGELES,LOS ANGELES,-118.47786113,34.15555027
7053449,2015,2017-01-13,1900,2015-08-21,0925,516682,0531,5,5,5,1959,0,0,0,NA,0,55T1,GLENDON WY,RT 164,0,NA,Y,B,-,Y,LA,7,164,-,-,5.751,I,6,S,N,4,0,1,3,A,-,08,22107,NA,N,A,C,A,A,H,-,A,A,0,NA,NA,NA,NA,Y,NA,A,01,0,0,1,0,0,0,0,0,0,-,-,NA,NA,LOS ANGELES,ROSEMEAD,-118.07312995,34.074295
7053450,2015,2015-09-22,1942,2015-08-29,1820,41233,1037,6,5,7,1942,0,0,0,J,0,10X94,VICTORY,BIRMINGHAM SCHOOL,0,NA,Y,A,-,N,NA,NA,NA,NA,NA,NA,NA,NA,NA,Y,3,0,1,2,A,-,03,22350,NA,N,C,E,A,A,H,-,A,A,0,NA,NA,NA,Y,Y,NA,A,01,0,1,0,0,0,0,0,0,0,-,-,NA,NA,LOS ANGELES,LOS ANGELES,-118.50549,34.18663
7053453,2015,2015-09-22,1900,2015-08-24,0800,523958,0541,1,5,3,1921,0,0,0,NA,0,58T1,ROYAL OAKS DR,SIERRA TER,200,E,N,A,-,N,NA,NA,NA,NA,NA,NA,NA,NA,NA,Y,4,0,1,2,A,-,09,21804,A,N,D,C,A,A,H,-,A,D,0,NA,NA,NA,NA,Y,NA,A,01,0,0,1,0,0,0,0,0,0,-,-,NA,NA,LOS ANGELES,DUARTE,-117.9798606,34.14322845
7053454,2015,2015-09-21,1942,2015-08-29,1450,35481,2115,6,5,7,1942,0,0,0,NA,0,9TL54,ROSCOE BL,OWENSMOUTH AV,200,E,N,A,-,N,NA,NA,NA,NA,NA,NA,NA,NA,NA,Y,3,0,2,3,A,-,04,21703,NA,N,C,C,A,A,H,-,A,D,0,NA,NA,NA,NA,Y,NA,D,22,0,1,1,0,0,0,0,0,0,-,-,NA,NA,LOS ANGELES,LOS ANGELES,-118.60096963,34.21974029
7053456,2015,2015-09-19,1922,2015-07-31,1720,594,NA,5,5,6,1922,0,0,0,NA,0,NA,GARVEY AV,TYLER,200,W,N,A,-,N,NA,NA,NA,NA,NA,NA,NA,NA,NA,Y,4,0,1,2,A,-,03,22350,NA,N,C,C,A,A,H,-,A,A,0,NA,NA,NA,NA,Y,NA,D,22,0,0,1,0,0,0,0,0,0,-,-,NA,NA,LOS ANGELES,EL MONTE,-118.03636873,34.06284
7053457,2015,2015-09-22,1900,2015-08-24,1842,520726,0532,1,5,5,1959,0,0,0,NA,0,53T1,SAN GABRIEL BL,WHITMORE AV,56,S,N,A,-,N,NA,NA,NA,NA,NA,NA,NA,NA,NA,N,4,0,1,2,A,-,05,21650,1,N,D,G,A,A,H,-,A,D,0,NA,Y,NA,NA,Y,NA,L,04,0,0,1,0,0,0,1,0,0,-,-,NA,NA,LOS ANGELES,ROSEMEAD,-118.09054,34.06511645
7053458,2015,2015-09-21,1942,2015-08-27,1645,40398,2136,4,5,7,1942,0,0,0,NA,0,21TL62,SATICOY ST,ALABAMA AV,0,NA,Y,A,-,N,NA,NA,NA,NA,NA,NA,NA,NA,NA,N,4,0,1,2,A,-,09,21801,A,N,H,C,A,A,H,-,A,D,0,NA,NA,Y,NA,Y,NA,D,22,0,0,1,0,0,0,0,0,1,-,-,NA,NA,LOS ANGELES,LOS ANGELES,-118.59904001,34.20832004
7053461,2015,2015-09-22,1922,2015-08-23,1335,486595,0560,7,5,6,1922,0,0,0,NA,0,55T1,GARVEY AV,LEE AV,41,E,N,A,-,N,NA,NA,NA,NA,NA,NA,NA,NA,NA,N,4,0,1,2,A,-,03,22350,NA,M,C,C,A,A,H,-,A,A,0,NA,NA,NA,NA,Y,NA,A,01,0,0,1,0,0,0,0,0,0,-,-,NA,NA,LOS ANGELES,EL MONTE,-118.06671492,34.06272
7053462,2015,2015-09-21,1942,2015-08-28,1340,38995,2148,5,5,7,1942,0,0,0,NA,0,9TL56,SHERMAN WAY,MASON AV,0,NA,Y,A,-,N,NA,NA,NA,NA,NA,NA,NA,NA,NA,Y,3,0,2,4,A,-,12,21453,A,N,D,C,A,A,H,-,A,A,0,NA,NA,NA,NA,Y,NA,D,22,0,1,1,0,0,0,0,0,0,-,-,NA,NA,LOS ANGELES,LOS ANGELES,-118.57973003,34.20101007
7053465,2015,2015-09-17,1900,2015-08-14,1733,522953,0521,5,5,4,1971,0,0,0,NA,0,52T1,LAS TUNAS DR,TEMPLE CITY BL,63,W,N,A,-,N,NA,NA,NA,NA,NA,NA,NA,NA,NA,Y,4,0,1,3,A,-,08,22107,NA,N,F,E,A,A,H,-,A,D,0,NA,NA,NA,NA,Y,NA,A,01,0,0,1,0,0,0,0,0,0,-,-,NA,NA,LOS ANGELES,TEMPLE CITY,-118.06111536,34.10665433
7053466,2015,2015-09-21,1942,2015-08-18,1420,38852,2149,2,5,7,1942,0,0,0,NA,0,21X46,CORBIN AV,KITTRIDGE ST,0,NA,Y,A,-,N,NA,NA,NA,NA,NA,NA,NA,NA,NA,Y,4,0,1,2,A,-,12,21453,A,N,D,C,A,A,-,-,A,D,0,NA,NA,NA,NA,Y,NA,A,01,0,0,1,0,0,0,0,0,0,-,-,NA,NA,LOS ANGELES,LOS ANGELES,-118.56222005,34.19102001
7053469,2015,2015-09-22,1942,2015-08-31,1900,41513,2105,1,5,7,1942,0,0,0,NA,0,21A42,CANOGA AV,SCHOENBORN ST,0,NA,Y,A,-,N,NA,NA,NA,NA,NA,NA,NA,NA,NA,N,4,0,1,2,A,-,04,21703,NA,N,C,A,A,A,H,-,A,D,0,NA,NA,NA,NA,Y,NA,A,01,0,0,1,0,0,0,0,0,0,-,-,NA,NA,LOS ANGELES,LOS ANGELES,-118.59752003,34.22092011
7053470,2015,2015-09-21,1942,2015-08-31,2105,35433,1681,1,5,7,1942,0,0,0,P,0,21T61,ROSCOE BL,WHITSETT AV,0,NA,Y,A,-,N,NA,NA,NA,NA,NA,NA,NA,NA,NA,Y,3,0,3,2,A,-,09,21801,A,N,A,C,A,A,H,-,C,A,0,NA,NA,NA,NA,Y,NA,D,22,0,1,2,0,0,0,0,0,0,-,-,NA,NA,LOS ANGELES,LOS ANGELES,-118.40527012,34.22166004
7053473,2015,2015-09-22,1942,2015-08-29,1630,37043,2142,6,5,7,1942,0,0,0,NA,0,21A73,VANOWEN ST,SCHOOLCRAFT ST,0,NA,Y,A,-,N,NA,NA,NA,NA,NA,NA,NA,NA,NA,Y,4,0,1,2,A,-,09,21801,A,N,A,C,A,A,H,-,A,D,0,NA,NA,NA,NA,Y,NA,A,01,0,0,1,0,0,0,0,0,0,-,-,NA,NA,LOS ANGELES,LOS ANGELES,-118.63888004,34.19313004
7053474,2015,2015-09-23,1942,2015-09-08,1300,40119,1545,2,5,7,1942,0,0,0,O,0,16TL26,LAUREL CANYON BL,ADDISON ST,8,S,N,A,-,N,NA,NA,NA,NA,NA,NA,NA,NA,NA,N,4,0,1,2,A,-,03,22350,NA,N,C,C,A,A,H,-,A,A,0,NA,NA,NA,NA,Y,NA,D,22,0,0,1,0,0,0,0,0,0,-,-,NA,NA,LOS ANGELES,LOS ANGELES,-118.39649944,34.16122806
7053477,2015,2015-09-22,1942,2015-08-30,0551,41774,2133,7,5,7,1942,0,0,0,NA,0,21A97,SHERMAN WY,FALLBROOK AV,0,NA,Y,A,-,N,NA,NA,NA,NA,NA,NA,NA,NA,NA,Y,2,0,2,2,A,-,12,21453,A,N,D,C,A,A,H,-,B,A,0,NA,NA,NA,NA,Y,NA,A,01,1,0,1,0,0,0,0,0,0,-,-,NA,NA,LOS ANGELES,LOS ANGELES,-118.62342008,34.2009901
7053478,2015,2015-09-24,1942,2015-09-01,0730,40290,1663,2,5,7,1942,0,0,0,P,0,15TL47,SHELDON ST,RINCON AV,0,NA,Y,B,-,N,NA,NA,NA,NA,NA,NA,NA,NA,NA,N,3,0,1,2,A,-,06,21755,A,N,D,G,A,A,H,-,A,D,0,NA,Y,NA,NA,Y,NA,L,04,0,1,0,0,0,0,1,0,0,-,-,NA,NA,LOS ANGELES,LOS ANGELES,-118.40288009,34.23259008
7053481,2015,2015-09-22,1942,2015-08-29,1700,38833,2158,6,5,7,1942,0,0,0,NA,0,21X98,VICTORY BL,MASON AV,0,NA,Y,A,-,N,NA,NA,NA,NA,NA,NA,NA,NA,NA,N,4,0,1,2,A,-,12,21453,A,N,D,C,A,A,-,-,A,A,0,NA,NA,NA,NA,Y,NA,A,07,0,0,1,0,0,0,0,0,0,-,-,NA,NA,LOS ANGELES,LOS ANGELES,-118.57968003,34.18840007
7053482,2015,2016-01-06,1942,2015-08-26,1155,33143,1664,3,5,7,1942,0,0,0,P,0,16A77,TUXFORD ST,SAN FERNANDO BL,0,NA,Y,A,-,N,NA,NA,NA,NA,NA,NA,NA,NA,NA,N,3,0,1,2,A,-,12,21453,A,N,D,C,A,A,H,-,A,A,0,NA,NA,NA,Y,Y,NA,A,01,0,1,0,0,0,0,0,0,0,-,-,NA,NA,LOS ANGELES,LOS ANGELES,-118.38106014,34.22746004
7053483,2015,2016-07-19,1922,2015-07-28,1817,646,NA,2,5,6,1922,0,0,0,NA,0,NA,LOWER AZUSA RD,SANTA ANITA AV,15,E,N,A,-,N,NA,NA,NA,NA,NA,NA,NA,NA,NA,N,4,0,1,2,A,-,08,22100,NA,F,B,C,A,A,H,-,A,A,0,NA,NA,NA,Y,Y,NA,F,27,0,0,1,0,0,0,0,0,0,-,-,NA,NA,LOS ANGELES,EL MONTE,-118.02634091,34.09210518
7053485,2015,2015-09-17,1942,2015-08-27,2110,39986,2132,4,5,7,1942,0,0,0,NA,0,21X56,POSEY LN,LINLEY LN,229,E,N,A,-,N,NA,NA,NA,NA,NA,NA,NA,NA,NA,N,4,0,1,2,A,-,03,22350,NA,N,A,E,A,A,H,-,C,D,0,NA,NA,NA,NA,Y,NA,A,01,0,0,1,0,0,0,0,0,0,-,-,NA,NA,LOS ANGELES,LOS ANGELES,-118.64369381,34.20984
7053486,2015,2015-09-21,1942,2015-08-30,0050,41233,1024,7,5,7,1942,0,0,0,J,0,10X94,RESEDA,HART ST,285,N,N,A,-,N,NA,NA,NA,NA,NA,NA,NA,NA,NA,Y,3,0,1,2,A,-,03,22350,NA,N,C,E,A,A,H,-,C,A,0,NA,NA,NA,NA,Y,NA,D,22,0,1,0,0,0,0,0,0,0,-,-,NA,NA,LOS ANGELES,LOS ANGELES,-118.53604775,34.19843179
7053489,2015,2015-09-21,1942,2015-08-28,1600,36582,2146,5,5,7,1942,0,0,0,NA,0,21X46,CANOGA AV,VANOWEN BL,0,NA,Y,A,-,N,NA,NA,NA,NA,NA,NA,NA,NA,NA,Y,4,0,2,2,A,-,12,21453,A,N,D,C,A,A,H,-,A,A,0,NA,NA,NA,NA,Y,NA,A,07,0,0,2,0,0,0,0,0,0,-,-,NA,NA,LOS ANGELES,LOS ANGELES,-118.5974801,34.19375006
7053490,2015,2015-09-24,1942,2015-09-07,0730,37080,2157,1,5,7,1942,0,0,0,NA,0,21TL63,VANOWEN ST,MASON AV,0,NA,Y,A,-,N,NA,NA,NA,NA,NA,NA,NA,NA,NA,Y,3,0,2,2,A,-,09,21801,A,N,A,C,A,A,H,-,A,A,0,NA,NA,NA,NA,Y,NA,D,22,0,1,1,0,0,0,0,0,0,-,-,NA,NA,LOS ANGELES,LOS ANGELES,-118.57970008,34.19378005
7053492,2015,2015-09-21,1941,2015-08-24,0945,5407,NA,1,5,7,1941,0,0,0,NA,0,NA,7TH ST,PARK AV,20,W,N,A,-,N,NA,NA,NA,NA,NA,NA,NA,NA,NA,N,4,0,1,2,A,-,04,21703,NA,N,C,C,A,A,H,-,A,A,0,NA,NA,NA,NA,Y,NA,A,07,0,0,1,0,0,0,0,0,0,-,-,NA,NA,LOS ANGELES,LONG BEACH,-118.13753567,33.77536
7053493,2015,2015-09-21,1942,2015-08-27,1200,39496,2185,4,5,7,1942,0,0,0,NA,0,21A29,VENTURA BL,TOPANGA CANYON BL,300,W,N,A,-,N,NA,NA,NA,NA,NA,NA,NA,NA,NA,Y,3,0,1,2,A,-,08,22107,NA,N,D,D,A,A,H,-,A,D,0,NA,NA,NA,NA,Y,NA,A,01,0,1,0,0,0,0,0,0,0,-,-,NA,NA,LOS ANGELES,LOS ANGELES,-118.60689953,34.16853868
7053494,2015,2015-09-24,1942,2015-09-01,1408,41976,2133,2,5,7,1942,0,0,0,NA,0,21A42,FALLBROOK AV,SHERMAN WY,135,N,N,A,-,N,NA,NA,NA,NA,NA,NA,NA,NA,NA,N,4,0,1,2,D,-,00,NA,NA,N,D,G,A,A,H,-,A,D,0,NA,Y,NA,NA,Y,NA,-,-,0,0,1,0,0,0,1,0,0,-,-,NA,NA,LOS ANGELES,LOS ANGELES,-118.62342,34.20136035
7053497,2015,2015-09-21,1942,2015-08-29,1515,41976,2142,6,5,7,1942,0,0,0,NA,0,21A42W,FALLBROOK,VICTORY,354,S,N,A,-,N,NA,NA,NA,NA,NA,NA,NA,NA,NA,Y,4,0,1,2,A,-,08,22107,NA,N,D,C,A,A,-,-,A,-,0,NA,NA,Y,NA,Y,NA,A,07,0,0,1,0,0,0,0,0,1,-,-,NA,NA,LOS ANGELES,LOS ANGELES,-118.62338,34.18548891
7053501,2015,2015-09-17,1942,2015-08-30,0245,35752,2111,7,5,7,1942,0,0,0,NA,0,21A43,VALLEY CIRCLE BL,INGOMAR,0,NA,Y,A,-,N,NA,NA,NA,NA,NA,NA,NA,NA,NA,N,3,0,1,1,B,-,22,NA,NA,N,E,I,A,A,H,-,C,D,0,NA,NA,NA,NA,Y,NA,-,NA,0,1,0,0,0,0,0,0,0,-,-,NA,NA,LOS ANGELES,LOS ANGELES,-118.64637005,34.21181004
7053505,2015,2015-09-21,1942,2015-08-31,1115,39217,1602,1,5,7,1942,0,0,0,P,0,21TL63,FOOTHILL BL,PAXTON ST,0,NA,Y,A,-,N,NA,NA,NA,NA,NA,NA,NA,NA,NA,Y,3,0,2,2,A,-,09,21801,A,N,D,C,A,A,H,-,A,A,0,NA,NA,NA,NA,Y,NA,A,01,0,1,1,0,0,0,0,0,0,-,-,NA,NA,LOS ANGELES,LOS ANGELES,-118.40818006,34.28686007
7053506,2015,2015-09-21,1942,2015-08-28,0755,38326,2161,5,5,7,1942,0,0,0,NA,0,15TL43,PLATT AV,CALIFA ST,40,S,N,A,-,N,NA,NA,NA,NA,NA,NA,NA,NA,NA,N,3,0,3,3,A,-,03,22350,NA,N,C,C,A,A,H,-,A,A,0,NA,NA,NA,NA,Y,NA,A,01,0,2,1,0,0,0,0,0,0,-,-,NA,NA,LOS ANGELES,LOS ANGELES,-118.64301,34.17774026
7053507,2015,2015-09-23,1942,2015-09-01,1530,40141,1004,2,5,7,1942,0,0,0,J,0,19TL76,LINDLEY AV,STRATHERN ST,0,NA,Y,A,-,N,NA,NA,NA,NA,NA,NA,NA,NA,NA,Y,4,0,1,2,A,-,09,21801,A,N,A,C,A,A,H,-,A,A,0,NA,NA,NA,NA,Y,NA,D,22,0,0,1,0,0,0,0,0,0,-,-,NA,NA,LOS ANGELES,LOS ANGELES,-118.52735013,34.21566009
7053509,2015,2016-07-19,1942,2015-08-22,1630,38264,1691,6,5,7,1942,0,0,0,P,0,0W2,LAUREL CANYON BL,STRATHERN ST,0,NA,Y,A,-,N,NA,NA,NA,NA,NA,NA,NA,NA,NA,N,4,0,1,2,A,-,09,21453,B,N,D,G,A,A,H,-,A,A,0,NA,Y,NA,NA,Y,NA,A,01,0,0,1,0,0,0,1,0,0,-,-,NA,NA,LOS ANGELES,LOS ANGELES,-118.39653005,34.21571009
7053511,2015,2015-09-21,1942,2015-08-26,1105,30452,1008,3,5,7,1942,0,0,0,J,0,9TL53,SHERMAN WAY,BALBOA BL,130,E,N,A,-,N,NA,NA,NA,NA,NA,NA,NA,NA,NA,N,4,0,2,3,A,-,07,21658,A,N,C,C,A,A,H,-,A,D,0,NA,NA,NA,Y,Y,NA,A,07,0,0,2,0,0,0,0,0,0,-,-,NA,NA,LOS ANGELES,LOS ANGELES,-118.50069085,34.20122614
7053512,2015,2015-09-21,1922,2015-07-25,0711,624,NA,6,5,6,1922,0,0,0,NA,0,NA,DURFEE AV,FINEVIEW ST,200,N,N,A,-,N,NA,NA,NA,NA,NA,NA,NA,NA,NA,Y,3,0,1,2,A,-,08,22107,NA,N,C,E,A,A,H,-,A,D,0,NA,NA,NA,Y,Y,NA,D,22,0,1,0,0,0,0,0,0,0,-,-,NA,NA,LOS ANGELES,EL MONTE,-118.02629409,34.04865767
7053513,2015,2016-07-20,1942,2015-08-26,2110,40060,RD215,3,5,7,1942,0,0,0,NA,0,21X98,CANOGA,ERWIN,0,NA,Y,A,-,N,NA,NA,NA,NA,NA,NA,NA,NA,NA,Y,4,0,2,2,A,-,09,21801,A,N,D,C,A,A,H,-,C,A,0,NA,NA,NA,NA,Y,NA,A,01,0,0,2,0,0,0,0,0,0,-,-,NA,NA,LOS ANGELES,LOS ANGELES,-118.59753002,34.18283011
7053515,2015,2015-09-23,1942,2015-09-02,0900,37590,1029,3,5,7,1942,0,0,0,J,0,19TL77,VANOWEN ST,WOODLEY AV,175,W,N,A,-,N,NA,NA,NA,NA,NA,NA,NA,NA,NA,Y,4,0,3,4,A,-,03,22350,NA,N,C,C,A,A,H,-,A,A,0,NA,NA,NA,NA,Y,NA,A,07,0,0,3,0,0,0,0,0,0,-,-,NA,NA,LOS ANGELES,LOS ANGELES,-118.48423768,34.19391