CASE_ID,ACCIDENT_YEAR,PROC_DATE,JURIS,COLLISION_DATE,COLLISION_TIME,OFFICER_ID,REPORTING_DISTRICT,DAY_OF_WEEK,CHP_SHIFT,POPULATION,CNTY_CITY_LOC,SPECIAL_COND,BEAT_TYPE,CHP_BEAT_TYPE,CITY_DIVISION_LAPD,CHP_BEAT_CLASS,BEAT_NUMBER,PRIMARY_RD,SECONDARY_RD,DISTANCE,DIRECTION,INTERSECTION,WEATHER_1,WEATHER_2,STATE_HWY_IND,CALTRANS_COUNTY,CALTRANS_DISTRICT,STATE_ROUTE,ROUTE_SUFFIX,POSTMILE_PREFIX,POSTMILE,LOCATION_TYPE,RAMP_INTERSECTION,SIDE_OF_HWY,TOW_AWAY,COLLISION_SEVERITY,NUMBER_KILLED,NUMBER_INJURED,PARTY_COUNT,PRIMARY_COLL_FACTOR,PCF_CODE_OF_VIOL,PCF_VIOL_CATEGORY,PCF_VIOLATION,PCF_VIOL_SUBSECTION,HIT_AND_RUN,TYPE_OF_COLLISION,MVIW,PED_ACTION,ROAD_SURFACE,ROAD_COND_1,ROAD_COND_2,LIGHTING,CONTROL_DEVICE,CHP_ROAD_TYPE,PEDESTRIAN_ACCIDENT,BICYCLE_ACCIDENT,MOTORCYCLE_ACCIDENT,TRUCK_ACCIDENT,NOT_PRIVATE_PROPERTY,ALCOHOL_INVOLVED,STWD_VEHTYPE_AT_FAULT,CHP_VEHTYPE_AT_FAULT,COUNT_SEVERE_INJ,COUNT_VISIBLE_INJ,COUNT_COMPLAINT_PAIN,COUNT_PED_KILLED,COUNT_PED_INJURED,COUNT_BICYCLIST_KILLED,COUNT_BICYCLIST_INJURED,COUNT_MC_KILLED,COUNT_MC_INJURED,PRIMARY_RAMP,SECONDARY_RAMP,LATITUDE,LONGITUDE,COUNTY,CITY,POINT_X,POINT_Y
7053902,2015,2016-07-19,1918,2015-07-17,1842,1118,NA,5,5,4,1918,0,0,0,NA,0,2TL25,WASHINGTON PL,TULLER AV,0,NA,Y,A,B,N,NA,NA,NA,NA,NA,NA,NA,NA,NA,Y,3,0,2,2,A,-,09,21802,A,N,D,C,A,A,H,-,A,A,0,NA,NA,Y,NA,Y,NA,A,01,0,2,0,0,0,0,0,0,2,-,-,34.00299,-118.24533,LOS ANGELES,CULVER CITY,-118.41482004,34.00828008
7053906,2015,2015-09-22,1918,2015-07-02,1630,701,NA,4,5,4,1918,0,0,0,NA,0,2M5,WASHINGTON BL,CENTINELA AV,0,NA,Y,A,-,N,NA,NA,NA,NA,NA,NA,NA,NA,NA,Y,3,0,3,2,A,-,09,21801,A,N,D,C,A,A,H,-,A,A,0,NA,NA,NA,NA,Y,NA,A,01,0,2,1,0,0,0,0,0,0,-,-,33.99689,-118.42845,LOS ANGELES,CULVER CITY,-118.4284601,33.99697011
7053907,2015,2015-09-21,1900,2015-07-13,1012,526288,1334,1,5,5,1908,0,0,0,NA,0,133T1D,WOODRUFF AV,FLORA VISTA ST,0,NA,Y,A,-,N,NA,NA,NA,NA,NA,NA,NA,NA,NA,Y,4,0,1,2,A,-,09,21801,A,N,A,C,A,A,H,-,A,A,0,NA,NA,NA,NA,Y,NA,A,01,0,0,1,0,0,0,0,0,0,-,-,NA,NA,LOS ANGELES,BELLFLOWER,-118.11731013,33.88189005
7053911,2015,2015-09-21,1900,2015-07-19,2005,600695,1327,7,5,5,1935,0,0,0,NA,0,132T2,CARSON ST,LIBERTY CENTER,0,NA,Y,A,-,N,NA,NA,NA,NA,NA,NA,NA,NA,NA,Y,4,0,1,2,A,-,12,21453,A,N,A,C,A,A,H,-,C,A,0,NA,NA,NA,NA,Y,NA,A,NA,0,0,1,0,0,0,0,0,0,-,-,NA,NA,LOS ANGELES,LAKEWOOD,NA,NA
7053912,2015,2015-09-19,1900,2015-07-31,2229,523746,1364,5,5,5,1952,0,0,0,NA,0,136T1P,ROSECRANS AV,GARFIELD AV,0,NA,N,A,-,N,NA,NA,NA,NA,NA,NA,NA,NA,NA,Y,4,0,1,2,A,-,03,22350,NA,N,C,C,A,A,H,-,C,D,0,NA,NA,NA,NA,Y,NA,A,01,0,0,1,0,0,0,0,0,0,-,-,NA,NA,LOS ANGELES,PARAMOUNT,-118.16887008,33.90372006
7053915,2015,2015-09-21,1900,2015-07-31,1150,532457,1332,5,5,5,1908,0,0,0,NA,0,133T3D,FLORA VISTA ST,ALONDA BL,10,N,N,A,-,N,NA,NA,NA,NA,NA,NA,NA,NA,NA,N,3,0,1,3,A,-,05,21650,1,N,D,G,A,A,H,-,A,A,0,NA,Y,NA,NA,Y,NA,L,04,0,1,0,0,0,0,1,0,0,-,-,NA,NA,LOS ANGELES,BELLFLOWER,-118.13197143,33.88933571
7053916,2015,2015-09-19,1941,2015-07-31,1036,5578,NA,5,5,7,1941,0,0,0,NA,0,NA,ARTESIA BL,ORANGE AV,0,NA,Y,A,-,N,NA,NA,NA,NA,NA,NA,NA,NA,NA,Y,3,0,2,3,A,-,09,21453,C,N,D,C,A,A,H,-,A,A,0,NA,NA,NA,NA,Y,NA,A,NA,0,2,0,0,0,0,0,0,0,-,-,NA,NA,LOS ANGELES,LONG BEACH,-118.1773901,33.87468006
7053919,2015,2015-09-21,1900,2015-07-04,1300,532457,1331,6,5,5,1908,0,0,0,NA,0,133T2D,BELLFLOWER BL,VAN RUITEN ST,530,N,N,A,-,N,NA,NA,NA,NA,NA,NA,NA,NA,NA,Y,4,0,2,2,A,-,03,22350,NA,N,C,C,A,A,H,-,A,A,0,NA,NA,NA,NA,Y,NA,A,01,0,0,2,0,0,0,0,0,0,-,-,NA,NA,LOS ANGELES,BELLFLOWER,-118.12534,33.90436333
7053920,2015,2016-07-19,1942,2015-07-29,1815,41505,LA,3,5,7,1942,0,0,0,NA,0,21X56,SHOUP AV,VANOWEN ST,0,NA,Y,A,-,N,NA,NA,NA,NA,NA,NA,NA,NA,NA,N,3,0,1,2,A,-,05,21650,1,N,G,G,A,A,H,-,A,A,0,NA,Y,NA,NA,Y,NA,L,04,0,1,0,0,0,0,1,0,0,-,-,NA,NA,LOS ANGELES,LOS ANGELES,-118.61463008,34.19373011
7053924,2015,2015-09-21,1900,2015-07-25,1335,522457,1335,6,5,5,1908,0,0,0,NA,0,133T1,CLARK AV,RAMONA ST,0,NA,Y,A,-,N,NA,NA,NA,NA,NA,NA,NA,NA,NA,N,4,0,2,2,A,-,09,21801,A,N,D,C,A,A,H,-,A,D,0,NA,NA,NA,NA,Y,NA,A,01,0,0,2,0,0,0,0,0,0,-,-,NA,NA,LOS ANGELES,BELLFLOWER,-118.13388011,33.87296001
7053928,2015,2016-07-19,1900,2015-07-24,2230,516545,1322,5,5,5,1935,0,0,0,NA,0,132T1E,RT 19,ASHWORTH ST,738,S,N,A,-,N,NA,NA,NA,NA,NA,NA,NA,NA,NA,N,4,0,1,3,A,-,03,22350,NA,N,G,E,E,A,H,-,C,D,0,Y,NA,NA,NA,Y,NA,A,NA,0,0,1,0,1,0,0,0,0,-,-,NA,NA,LOS ANGELES,LAKEWOOD,-118.14253628,33.86579655
7053932,2015,2015-09-21,9530,2015-06-14,1100,20923,NA,7,1,9,1900,0,3,5,NA,2,001,PACIFIC BL,FLORENCE AV,10,S,N,A,-,N,NA,NA,NA,NA,NA,NA,NA,NA,NA,N,4,0,1,2,A,-,11,21950,B,N,G,B,B,A,H,-,A,A,0,Y,NA,NA,NA,Y,NA,N,60,0,0,1,0,1,0,0,0,0,-,-,33.97399,-118.22488,LOS ANGELES,UNINCORPORATED,-118.22523148,33.9741926
7053936,2015,2016-12-13,9530,2015-06-18,0945,20868,NA,4,1,4,1939,0,1,1,NA,2,400,RT 405,HAWTHORNE BL,400,S,N,A,-,Y,LA,7,405,-,-,17.48,H,-,N,Y,4,0,1,2,A,-,07,21658,A,N,C,C,A,A,H,-,A,D,1,NA,NA,Y,NA,Y,NA,-,-,0,0,1,0,0,0,0,0,1,-,-,33.88508,-118.35226,LOS ANGELES,LAWNDALE,-118.35109478,33.88372198
7053968,2015,2016-11-03,9530,2015-06-05,0620,20923,NA,5,1,9,1900,0,1,1,NA,2,120,RT 110,223RD ST,1300,S,N,A,B,Y,LA,7,110,-,-,6.27,H,-,N,N,4,0,1,1,A,-,08,22107,NA,N,E,I,A,A,H,-,A,D,1,NA,NA,NA,NA,Y,NA,A,01,0,0,1,0,0,0,0,0,0,-,-,33.82269,-118.28719,LOS ANGELES,UNINCORPORATED,-118.28722885,33.82080582
7053971,2015,2016-01-07,1942,2015-08-30,1340,37080,1555,7,5,7,1942,0,0,0,O,0,35T90,VINELAND AV,HESBY ST,23,N,N,A,-,N,NA,NA,NA,NA,NA,NA,NA,NA,NA,N,3,0,1,2,D,-,00,NA,NA,N,G,B,D,A,H,-,A,D,0,Y,NA,NA,NA,Y,NA,-,-,0,1,0,0,1,0,0,0,0,-,-,NA,NA,LOS ANGELES,LOS ANGELES,-118.37044838,34.16207307
7054001,2015,2015-09-15,9535,2015-08-04,1830,13421,NA,2,2,9,1900,0,2,4,NA,2,016,1ST ST,ROWAN AV,0,NA,Y,A,-,N,NA,NA,NA,NA,NA,NA,NA,NA,NA,Y,4,0,1,3,A,-,09,21801,A,N,D,C,A,A,H,-,A,A,0,NA,NA,NA,NA,Y,NA,A,01,0,0,1,0,0,0,0,0,0,-,-,34.0363,-118.1857,LOS ANGELES,UNINCORPORATED,-118.18701006,34.03602006
7054006,2015,2015-09-15,9535,2015-08-09,0850,19857,NA,7,1,9,1900,0,3,5,NA,2,001,SUNOL DR,1ST ST,175,N,N,A,-,N,NA,NA,NA,NA,NA,NA,NA,NA,NA,N,4,0,1,2,A,-,09,21804,A,N,D,C,A,A,H,-,A,D,0,NA,NA,NA,NA,Y,NA,A,01,0,0,1,0,0,0,0,0,0,-,-,34.03722,-118.1787,LOS ANGELES,UNINCORPORATED,-118.17865,34.03635
7054012,2015,2015-09-15,9535,2015-08-13,1523,15797,NA,4,2,9,1900,0,2,4,NA,2,022,OLYMPIC BL,EASTERN AV,0,NA,Y,A,-,N,NA,NA,NA,NA,NA,NA,NA,NA,NA,N,4,0,1,2,A,-,12,21453,A,N,D,C,A,A,H,-,A,A,0,NA,NA,NA,NA,Y,NA,A,01,0,0,1,0,0,0,0,0,0,-,-,34.01867,-118.17407,LOS ANGELES,UNINCORPORATED,-118.1739,34.01891006
7054016,2015,2015-09-23,9535,2015-08-05,0645,17789,NA,3,1,9,1900,0,3,5,NA,2,006,POTRERO GRANDE DR,DEL MAR AV,0,NA,Y,A,-,N,NA,NA,NA,NA,NA,NA,NA,NA,NA,Y,4,0,2,2,A,-,12,21453,A,N,D,C,A,A,H,-,A,A,0,NA,NA,NA,NA,Y,NA,A,07,0,0,2,0,0,0,0,0,0,-,-,34.254,-118.553,LOS ANGELES,UNINCORPORATED,-118.09829013,34.04838007
7054085,2015,2017-01-17,9540,2015-09-07,1630,13877,NA,1,2,9,1900,0,1,1,NA,2,511,RT 5,TEMPLIN HWY,2.5,N,N,A,-,Y,LA,7,5,-,R,67.85,H,-,S,Y,2,0,1,2,A,-,07,21658,A,N,B,C,A,A,H,-,A,D,1,NA,NA,Y,NA,Y,NA,A,01,1,0,0,0,0,0,0,0,1,-,-,34.51289,-118.71199,LOS ANGELES,UNINCORPORATED,-118.71145103,34.58766204
7054086,2015,2017-01-13,9540,2015-09-04,0114,19900,NA,5,3,9,1900,0,1,3,NA,1,144,RT 14,SAND CANYON RD,1000,S,N,A,-,Y,LA,7,14,-,-,33.03,H,-,N,Y,3,0,1,2,A,-,01,23152,A,N,C,C,A,A,H,-,D,D,1,NA,NA,Y,NA,Y,Y,C,02,0,1,0,0,0,0,0,0,1,-,-,34.42113,-118.43003,LOS ANGELES,UNINCORPORATED,-118.42963979,34.42234362
7054087,2015,2016-07-20,9540,2015-09-03,2125,20167,NA,4,2,9,1900,0,2,4,NA,1,201,SIERRA HWY,SIERRA VISTA DR,740,S,N,A,-,N,NA,NA,NA,NA,NA,NA,NA,NA,NA,Y,4,0,1,2,C,-,18,NA,NA,N,E,H,A,A,H,-,D,D,0,NA,NA,NA,NA,Y,NA,-,-,0,0,1,0,0,0,0,0,0,-,-,34.51982,-118.29054,LOS ANGELES,UNINCORPORATED,-118.28927,34.51986
7054088,2015,2015-09-26,9540,2015-09-12,0840,13644,NA,6,1,9,1900,0,2,4,NA,1,104,SAN FRANCISQUITO RD,STATOR LN,1241,N,N,A,-,N,NA,NA,NA,NA,NA,NA,NA,NA,NA,Y,3,0,1,1,A,-,03,22350,NA,N,E,I,A,A,H,-,A,D,0,NA,NA,NA,NA,Y,NA,A,01,0,1,0,0,0,0,0,0,0,-,-,34.53962,-118.5267,LOS ANGELES,UNINCORPORATED,-118.526945,34.539572
7054093,2015,2016-11-21,9540,2015-08-20,1849,20634,NA,4,2,6,1985,0,1,1,NA,2,506,RT 5,VALENCIA BL,3,S,N,A,-,Y,LA,7,5,-,R,52.296,R,1,N,N,4,0,1,2,A,-,21,22106,NA,N,C,D,A,A,H,-,A,A,1,NA,NA,NA,NA,Y,NA,A,01,0,0,1,0,0,0,0,0,0,TO,-,34.40857,-118.47473,LOS ANGELES,SANTA CLARITA,-118.57515801,34.40602478
7054094,2015,2017-01-10,9540,2015-08-20,0625,16906,NA,4,1,9,1900,0,1,3,NA,2,147,RT 14,2000 FT LEVEL,40,S,N,A,-,Y,LA,7,14,-,-,37.64,H,-,S,N,4,0,1,3,A,-,03,22350,NA,N,C,C,A,A,H,-,A,D,1,NA,NA,NA,NA,Y,NA,A,01,0,0,1,0,0,0,0,0,0,-,-,34.44762,-118.35901,LOS ANGELES,UNINCORPORATED,-118.35867284,34.44778346
7054117,2015,2017-01-12,9575,2015-09-01,1630,21006,NA,2,2,9,1900,0,1,3,NA,2,302,RT 2,UPPER BIG TUJUNGA CANYON RD,30,E,N,A,-,Y,LA,7,2,-,-,42.68,H,-,W,Y,3,0,1,1,A,-,03,22350,NA,N,F,A,A,A,B,-,A,D,0,NA,NA,Y,NA,Y,NA,C,02,0,1,0,0,0,0,0,0,1,-,-,34.22504,-118.36193,LOS ANGELES,UNINCORPORATED,-118.04323886,34.2729608
7054118,2015,2017-01-14,9575,2015-09-01,1550,19538,NA,2,2,7,1942,0,1,3,NA,2,043,RT 134,FOREST LAWN DR,200,E,N,A,-,Y,LA,7,134,-,-,3.86,H,-,E,N,4,0,1,2,A,-,03,22350,NA,N,C,C,A,A,H,-,A,D,1,NA,NA,NA,NA,Y,NA,A,01,0,0,1,0,0,0,0,0,0,-,-,34.15506,-118.29504,LOS ANGELES,LOS ANGELES,-118.31010642,34.15504252
7054119,2015,2017-01-13,9575,2015-09-03,0650,17354,NA,4,1,7,1942,0,1,3,NA,2,043,RT 134,LOS ANGELES RIVER,50,W,N,B,-,Y,LA,7,134,-,R,5.64,H,-,W,Y,4,0,1,1,A,-,08,22107,NA,N,E,I,A,A,H,-,B,D,1,NA,NA,NA,NA,Y,NA,A,01,0,0,1,0,0,0,0,0,0,-,-,34.15307,-118.27880999999999,LOS ANGELES,LOS ANGELES,-118.2800302,34.15288887
7054120,2015,2017-01-14,9575,2015-09-02,0025,20887,NA,3,3,7,1942,0,1,1,NA,2,053,RT 5,OSBORNE ST,200,S,N,A,-,Y,LA,7,5,-,-,37.33,H,-,N,Y,3,0,1,1,A,-,01,23152,A,M,E,I,A,A,H,-,C,D,1,NA,NA,NA,NA,Y,Y,A,01,0,1,0,0,0,0,0,0,0,-,-,34.24386,-118.42102,LOS ANGELES,LOS ANGELES,-118.42128681,34.24375936
7054121,2015,2017-01-11,9530,2015-09-02,0655,20956,NA,3,1,9,1900,0,1,1,NA,2,120,RT 110,228TH ST,927,N,N,B,-,Y,LA,7,110,-,-,6.32,H,-,N,Y,3,0,2,2,A,-,03,22350,NA,N,C,C,A,A,H,-,A,D,1,NA,NA,NA,NA,Y,NA,A,01,0,1,1,0,0,0,0,0,0,-,-,33.49173,-118.17149,LOS ANGELES,UNINCORPORATED,-118.28724131,33.82153728
7054122,2015,2017-01-09,9530,2015-09-02,1025,20938,NA,3,1,6,1972,0,1,1,NA,2,400,RT 405,CRENSHAW BL,133,N,N,A,-,Y,LA,7,405,-,-,15.5,H,-,S,Y,4,0,1,2,A,-,03,22350,NA,F,C,C,A,A,H,-,A,D,1,NA,NA,NA,NA,Y,NA,A,01,0,0,1,0,0,0,0,0,0,-,-,33.8654,-118.33,LOS ANGELES,TORRANCE,-118.32707209,33.86463824
7054123,2015,2017-01-14,9575,2015-09-02,2125,20492,NA,3,2,6,1925,0,1,3,NA,2,042,RT 134,BRAND BL,200,W,N,A,-,Y,LA,7,134,-,R,7.09,H,-,E,Y,3,0,1,2,A,-,21,22106,NA,N,D,C,A,A,H,-,C,D,1,NA,NA,NA,NA,Y,NA,A,01,0,1,0,0,0,0,0,0,0,-,-,34.15626,-118.25651,LOS ANGELES,GLENDALE,-118.25562014,34.15626996
7054124,2015,2017-01-14,9575,2015-09-04,1450,15935,NA,5,2,6,1953,0,1,3,NA,2,040,RT 134,SAN RAFAEL AV,300,E,N,A,-,Y,LA,7,134,-,R,12.42,H,-,E,Y,3,0,1,1,A,-,03,22350,NA,N,E,I,A,A,H,-,A,D,1,NA,NA,Y,NA,Y,NA,C,02,0,1,0,0,0,0,0,0,1,-,-,34.14583,-118.16438,LOS ANGELES,PASADENA,-118.16945073,34.14376712
7054125,2015,2015-09-29,9530,2015-09-14,0635,15995,NA,1,1,9,1900,0,3,5,NA,2,001,HOOPER AV,SLAUSON AV,0,NA,Y,A,-,N,NA,NA,NA,NA,NA,NA,NA,NA,NA,Y,4,0,2,2,A,-,12,21453,A,N,D,C,A,A,H,-,B,A,0,NA,NA,NA,NA,Y,NA,-,-,0,0,2,0,0,0,0,0,0,-,-,33.98933,-118.2521,LOS ANGELES,UNINCORPORATED,-118.25212004,33.98932007
7054126,2015,2015-09-29,9530,2015-09-01,1440,20938,NA,2,2,9,1900,0,3,5,NA,2,005,MANHATTAN BEACH BL,CERISE AV,103,E,N,A,-,N,NA,NA,NA,NA,NA,NA,NA,NA,NA,N,4,0,2,2,A,-,03,22350,NA,N,C,C,A,A,A,-,A,D,0,NA,NA,NA,NA,Y,NA,A,01,0,0,2,0,0,0,0,0,0,-,-,33.8875,-118.335,LOS ANGELES,UNINCORPORATED,-118.33313127,33.88738
7054127,2015,2015-10-05,9530,2015-09-02,2220,20364,NA,3,3,9,1900,0,3,5,NA,2,001,CROCKETT BL,77TH ST,15,N,N,A,-,N,NA,NA,NA,NA,NA,NA,NA,NA,NA,Y,3,0,2,5,A,-,09,21801,A,N,-,-,A,A,H,-,C,-,0,NA,NA,NA,NA,Y,NA,A,01,0,2,0,0,0,0,0,0,0,-,-,33.58114,-118.14128,LOS ANGELES,UNINCORPORATED,-118.23697,33.96988114
7054128,2015,2015-09-29,9530,2015-09-02,0730,20137,NA,3,1,9,1900,0,3,5,NA,2,006,MEYLER ST,MAXFIELD ST,9,S,N,A,-,N,NA,NA,NA,NA,NA,NA,NA,NA,NA,N,3,0,1,2,A,-,09,21804,A,N,D,C,A,A,H,-,A,D,0,NA,NA,NA,NA,Y,NA,A,07,0,1,0,0,0,0,0,0,0,-,-,33.82295,-118.29504,LOS ANGELES,UNINCORPORATED,-118.29479,33.82297532
7054129,2015,2015-09-29,9530,2015-09-03,1530,20141,NA,4,2,9,1900,0,3,5,NA,2,001,GRAHAM AV,FIRESTONE BL,3,N,N,A,-,N,NA,NA,NA,NA,NA,NA,NA,NA,NA,N,3,0,1,2,A,-,11,21950,B,N,G,B,B,A,H,-,A,A,0,Y,NA,NA,NA,Y,NA,N,60,0,1,0,0,1,0,0,0,0,-,-,33.96015,-118.2431,LOS ANGELES,UNINCORPORATED,-118.2431,33.96015823
7054130,2015,2015-09-29,9530,2015-09-03,1425,15995,NA,4,2,9,1900,0,3,5,NA,2,002,120TH ST,SUCCESS AV,0,NA,Y,A,-,N,NA,NA,NA,NA,NA,NA,NA,NA,NA,Y,2,0,1,2,A,-,12,21453,A,N,A,C,A,A,H,-,A,A,0,NA,NA,Y,NA,Y,NA,C,02,1,0,0,0,0,0,0,0,1,-,-,33.92401,-118.24939,LOS ANGELES,UNINCORPORATED,-118.24933011,33.92373007
7054131,2015,2015-09-29,9530,2015-09-04,2000,21038,NA,5,2,9,1900,0,3,5,NA,2,001,NADEAU ST,CROCKETT BL,30,W,N,A,-,N,NA,NA,NA,NA,NA,NA,NA,NA,NA,N,4,0,1,2,A,-,03,22350,NA,N,C,C,A,A,H,-,C,A,0,NA,NA,NA,NA,Y,NA,A,01,0,0,1,0,0,0,0,0,0,-,-,33.96735,-118.23716,LOS ANGELES,UNINCORPORATED,-118.23704874,33.96738096
7054132,2015,2017-01-11,9530,2015-09-04,1457,17755,NA,5,2,7,1942,0,1,1,NA,2,110,RT 110,RT 105,125,N,N,A,-,Y,LA,7,105,-,R,7.435,R,2,W,Y,3,0,1,1,A,-,03,22350,NA,N,E,I,A,A,H,-,A,D,1,NA,NA,NA,NA,Y,NA,A,01,0,1,0,0,0,0,0,0,0,TO,-,33.92899,-118.27998,LOS ANGELES,LOS ANGELES,-118.27974251,33.92890535
7054134,2015,2017-01-14,9575,2015-09-02,2124,021047,NA,3,2,6,1925,0,1,3,NA,2,042,RT 134,CONCORD ST,690,E,N,A,-,Y,LA,7,134,-,R,6.34,H,-,E,Y,3,0,1,2,A,-,07,21658,A,N,B,C,A,A,H,-,C,D,1,NA,NA,NA,NA,Y,NA,A,01,0,1,0,0,0,0,0,0,0,-,-,34.15534,-118.26886,LOS ANGELES,GLENDALE,-118.26848478,34.15534023
7054135,2015,2015-09-29,9575,2015-09-02,1840,20620,NA,3,2,9,1900,0,3,5,NA,2,008,SAN GABRIEL BL,DUARTE RD,0,NA,Y,A,-,N,NA,NA,NA,NA,NA,NA,NA,NA,NA,Y,4,0,1,2,A,-,09,21801,A,N,D,C,A,A,H,-,A,D,0,NA,NA,NA,NA,Y,NA,A,01,0,0,1,0,0,0,0,0,0,-,-,34.11985,-118.09126,LOS ANGELES,UNINCORPORATED,-118.09128007,34.11986008
7054137,2015,2015-11-23,1948,2015-05-24,1025,356,1948,7,5,5,1948,0,0,0,NA,0,NA,GRAVES AV,NEW AV,0,NA,Y,A,-,N,NA,NA,NA,NA,NA,NA,NA,NA,NA,Y,4,0,2,2,A,-,09,21802,A,N,D,C,A,-,A,H,A,A,0,NA,NA,NA,NA,Y,NA,A,08,0,0,2,0,0,0,0,0,0,-,-,NA,NA,LOS ANGELES,MONTEREY PARK,-118.10808009,34.05535012
7054138,2015,2015-11-23,1948,2015-05-27,2152,374,1948,3,5,5,1948,0,0,0,NA,0,002,NORTH ATLANTIC BL,W HELLMAN AV,499,S,N,A,-,N,NA,NA,NA,NA,NA,NA,NA,NA,NA,Y,4,0,1,3,A,-,03,22350,NA,N,C,C,A,A,H,-,C,D,0,NA,NA,NA,NA,Y,NA,-,NA,0,0,1,0,0,0,0,0,0,-,-,NA,NA,LOS ANGELES,MONTEREY PARK,-118.13436443,34.06836268
7054139,2015,2015-11-23,1948,2015-05-07,2243,442,1948,4,5,5,1948,0,0,0,NA,0,002,ALHAMBRA AV,GARVEY AV,490,N,N,C,-,N,NA,NA,NA,NA,NA,NA,NA,NA,NA,N,3,0,1,2,A,-,01,23152,A,N,B,E,A,B,H,-,C,D,0,NA,NA,NA,NA,Y,Y,-,NA,0,1,0,0,0,0,0,0,0,-,-,NA,NA,LOS ANGELES,MONTEREY PARK,-118.11681129,34.06394358
7054140,2015,2015-11-23,1948,2015-05-06,0908,409,1948,3,5,5,1948,0,0,0,NA,0,002,GARVEY AV,EVERETT AV,50,W,N,B,-,N,NA,NA,NA,NA,NA,NA,NA,NA,NA,Y,4,0,1,3,A,-,09,21804,A,N,A,C,A,A,H,-,A,D,0,NA,NA,NA,NA,Y,NA,A,01,0,0,1,0,0,0,0,0,0,-,-,NA,NA,LOS ANGELES,MONTEREY PARK,-118.11805472,34.06258823
7054142,2015,2017-01-21,9530,2015-09-03,0640,20956,NA,4,1,7,1942,0,1,1,NA,2,110,RT 110,RT 91,2640,S,N,B,-,Y,LA,7,110,-,-,9.35,H,-,N,Y,4,0,1,2,A,-,03,22350,NA,N,C,C,A,A,H,-,A,D,1,NA,NA,NA,NA,Y,NA,A,01,0,0,1,0,0,0,0,0,0,-,-,33.51545,-118.17544,LOS ANGELES,LOS ANGELES,-118.2848148,33.8652919
7054143,2015,2017-01-21,9530,2015-09-05,0330,20774,NA,6,3,7,1942,0,1,1,NA,2,110,RT 110,ALONDRA BL,500,N,N,A,-,Y,LA,7,110,-,-,10.85,H,-,N,Y,3,0,1,2,A,-,03,22350,NA,F,C,C,A,A,H,-,C,D,1,NA,NA,NA,NA,Y,NA,A,07,0,1,0,0,0,0,0,0,0,-,-,33.53196,-118.17802,LOS ANGELES,LOS ANGELES,-118.28538547,33.88701742
7054144,2015,2015-09-29,9530,2015-09-03,1320,18270,NA,4,1,9,1900,0,3,5,NA,2,005,MANHATTAN BEACH BL,CERISE AV,200,E,N,A,-,N,NA,NA,NA,NA,NA,NA,NA,NA,NA,Y,4,0,1,3,A,-,21,22106,NA,N,B,C,A,A,H,-,A,D,0,NA,NA,NA,NA,Y,NA,A,01,0,0,1,0,0,0,0,0,0,-,-,33.88737,-118.33284,LOS ANGELES,UNINCORPORATED,-118.33281227,33.88738
7054149,2015,2015-10-07,1948,2015-03-23,0155,449,1948,1,5,5,1948,0,0,0,NA,0,004,SOUTH GARFIELD AV,FERNFIELD DR,90,N,N,A,-,N,NA,NA,NA,NA,NA,NA,NA,NA,NA,Y,3,0,1,1,A,-,08,22107,NA,N,A,I,A,A,H,-,C,D,0,NA,NA,NA,NA,Y,NA,-,NA,0,1,0,0,0,0,0,0,0,-,-,NA,NA,LOS ANGELES,MONTEREY PARK,-118.13025808,34.03460568
7054150,2015,2015-10-07,1948,2015-03-22,0211,447,1948,7,5,5,1948,0,0,0,NA,0,003,GARFIELD AV,EL REPETTO DR,317,N,N,A,-,N,NA,NA,NA,NA,NA,NA,NA,NA,NA,Y,3,0,1,3,A,-,01,23152,A,N,-,E,A,A,H,-,C,D,0,NA,NA,NA,NA,Y,Y,-,NA,0,1,0,0,0,0,0,0,0,-,-,NA,NA,LOS ANGELES,MONTEREY PARK,-118.12872862,34.04804779
7054151,2015,2015-10-07,1948,2015-03-26,1442,356,1948,4,5,5,1948,0,0,0,NA,0,NA,SOUTH ATLANTIC BL,NEWMARK AV,0,NA,Y,A,-,N,NA,NA,NA,NA,NA,NA,NA,NA,NA,Y,4,0,1,2,D,-,00,NA,NA,N,D,C,A,A,H,-,A,A,0,NA,NA,NA,NA,Y,NA,-,-,0,0,1,0,0,0,0,0,0,-,-,NA,NA,LOS ANGELES,MONTEREY PARK,-118.13362013,34.05978006
7054152,2015,2015-10-07,1948,2015-03-23,1810,356,1948,1,5,5,1948,0,0,0,NA,0,NA,GARVEY AV,FREMONT AV,58,W,N,A,-,N,NA,NA,NA,NA,NA,NA,NA,NA,NA,Y,3,0,1,1,A,-,03,22350,NA,N,E,I,A,A,H,-,A,A,0,NA,NA,NA,NA,Y,NA,-,NA,0,1,0,0,0,0,0,0,0,-,-,NA,NA,LOS ANGELES,MONTEREY PARK,-118.14526676,34.06000368