CASE_ID,ACCIDENT_YEAR,PROC_DATE,JURIS,COLLISION_DATE,COLLISION_TIME,OFFICER_ID,REPORTING_DISTRICT,DAY_OF_WEEK,CHP_SHIFT,POPULATION,CNTY_CITY_LOC,SPECIAL_COND,BEAT_TYPE,CHP_BEAT_TYPE,CITY_DIVISION_LAPD,CHP_BEAT_CLASS,BEAT_NUMBER,PRIMARY_RD,SECONDARY_RD,DISTANCE,DIRECTION,INTERSECTION,WEATHER_1,WEATHER_2,STATE_HWY_IND,CALTRANS_COUNTY,CALTRANS_DISTRICT,STATE_ROUTE,ROUTE_SUFFIX,POSTMILE_PREFIX,POSTMILE,LOCATION_TYPE,RAMP_INTERSECTION,SIDE_OF_HWY,TOW_AWAY,COLLISION_SEVERITY,NUMBER_KILLED,NUMBER_INJURED,PARTY_COUNT,PRIMARY_COLL_FACTOR,PCF_CODE_OF_VIOL,PCF_VIOL_CATEGORY,PCF_VIOLATION,PCF_VIOL_SUBSECTION,HIT_AND_RUN,TYPE_OF_COLLISION,MVIW,PED_ACTION,ROAD_SURFACE,ROAD_COND_1,ROAD_COND_2,LIGHTING,CONTROL_DEVICE,CHP_ROAD_TYPE,PEDESTRIAN_ACCIDENT,BICYCLE_ACCIDENT,MOTORCYCLE_ACCIDENT,TRUCK_ACCIDENT,NOT_PRIVATE_PROPERTY,ALCOHOL_INVOLVED,STWD_VEHTYPE_AT_FAULT,CHP_VEHTYPE_AT_FAULT,COUNT_SEVERE_INJ,COUNT_VISIBLE_INJ,COUNT_COMPLAINT_PAIN,COUNT_PED_KILLED,COUNT_PED_INJURED,COUNT_BICYCLIST_KILLED,COUNT_BICYCLIST_INJURED,COUNT_MC_KILLED,COUNT_MC_INJURED,PRIMARY_RAMP,SECONDARY_RAMP,LATITUDE,LONGITUDE,COUNTY,CITY,POINT_X,POINT_Y
7059372,2015,2015-10-08,1928,2015-09-20,0621,394,508,7,5,5,1928,0,0,0,NA,0,0H2,SPINNING AV,119TH ST,101,N,N,A,-,N,NA,NA,NA,NA,NA,NA,NA,NA,NA,Y,3,0,1,3,A,-,01,23152,A,N,C,E,A,A,H,-,A,A,0,NA,NA,NA,NA,Y,Y,A,01,0,1,0,0,0,0,0,0,0,-,-,NA,NA,LOS ANGELES,HAWTHORNE,-118.31877,33.92625701
7059373,2015,2015-10-07,1942,2015-09-18,1600,40643,0152,5,5,7,1942,0,0,0,A,0,13TL22,GRAND AV,5TH ST,0,NA,Y,A,-,N,NA,NA,NA,NA,NA,NA,NA,NA,NA,N,3,0,1,3,A,-,12,21453,A,N,D,G,A,A,H,-,A,A,0,NA,Y,NA,NA,Y,NA,L,04,0,1,0,0,0,0,1,0,0,-,-,NA,NA,LOS ANGELES,LOS ANGELES,-118.29016003,33.73969004
7059374,2015,2015-10-07,1942,2015-09-09,1655,38050,0185,3,5,7,1942,0,0,0,A,0,11T32,LOS ANGELES ST,OLYMPIC BL,200,N,N,A,-,N,NA,NA,NA,NA,NA,NA,NA,NA,NA,N,3,0,1,2,A,-,07,21658,A,N,B,G,A,A,H,-,A,D,0,NA,Y,NA,NA,Y,NA,L,04,0,1,0,0,0,0,1,0,0,-,-,NA,NA,LOS ANGELES,LOS ANGELES,-118.25530393,34.03990098
7059375,2015,2016-02-26,1942,2015-09-21,0630,37398,0182,1,5,7,1942,0,0,0,A,0,11T32,GRAND AV,PICO BL,0,NA,Y,A,-,N,NA,NA,NA,NA,NA,NA,NA,NA,NA,Y,3,0,2,2,A,-,09,21801,A,N,D,C,A,A,H,-,A,A,0,NA,NA,NA,NA,Y,NA,A,01,0,1,1,0,0,0,0,0,0,-,-,NA,NA,LOS ANGELES,LOS ANGELES,-118.26432006,34.03889009
7059376,2015,2015-10-07,1942,2015-09-21,1055,37505,0111,1,5,7,1942,0,0,0,A,0,13TL53,GRAND AV,CESAR CHAVEZ AV,288,S,N,A,-,N,NA,NA,NA,NA,NA,NA,NA,NA,NA,Y,4,0,1,2,A,-,09,21801,A,N,D,C,A,A,H,-,A,A,0,NA,NA,NA,NA,Y,NA,A,01,0,0,1,0,0,0,0,0,0,-,-,NA,NA,LOS ANGELES,LOS ANGELES,-118.243124,34.06015
7059383,2015,2015-10-08,1920,2015-08-22,1743,12476,NA,6,5,6,1920,0,0,0,NA,0,005,LAKEWOOD BL,FLORENCE AV,0,NA,Y,A,-,N,NA,NA,NA,NA,NA,NA,NA,NA,NA,Y,4,0,2,2,A,-,09,21801,A,N,A,C,A,A,H,-,A,A,0,NA,NA,NA,NA,Y,NA,A,01,0,0,2,0,0,0,0,0,0,-,-,NA,NA,LOS ANGELES,DOWNEY,-118.11725003,33.9475001
7059393,2015,2015-10-13,1942,2015-09-26,1950,40325,1367,6,5,7,1942,0,0,0,M,0,11T21,VERNON AV,COMPTON AV,0,NA,Y,A,-,N,NA,NA,NA,NA,NA,NA,NA,NA,NA,Y,4,0,1,5,A,-,01,23152,A,N,D,C,A,A,H,-,C,A,0,NA,NA,NA,NA,Y,Y,A,08,0,0,1,0,0,0,0,0,0,-,-,NA,NA,LOS ANGELES,LOS ANGELES,-118.24774007,34.00390007
7059394,2015,2015-10-12,1942,2015-09-22,1900,39060,1395,2,5,7,1942,0,0,0,M,0,4T43,GAGE,CANTRAL AV,400,W,N,A,-,N,NA,NA,NA,NA,NA,NA,NA,NA,NA,N,4,0,1,2,A,-,09,21804,A,N,D,C,A,A,H,-,B,A,0,NA,NA,NA,NA,Y,NA,A,01,0,0,1,0,0,0,0,0,0,-,-,NA,NA,LOS ANGELES,LOS ANGELES,-118.257777,33.981953
7059395,2015,2015-10-12,1942,2015-09-23,1425,40643,1371,3,5,7,1942,0,0,0,M,0,13T22,52ND PL,GRAND AV,0,NA,Y,A,-,N,NA,NA,NA,NA,NA,NA,NA,NA,NA,Y,4,0,2,2,A,-,12,22450,A,N,D,C,A,A,H,-,A,A,0,NA,NA,NA,NA,Y,NA,A,01,0,0,2,0,0,0,0,0,0,-,-,NA,NA,LOS ANGELES,LOS ANGELES,-118.28005009,33.99502006
7059396,2015,2015-10-12,1942,2015-09-17,1825,38050,1361,4,5,7,1942,0,0,0,M,0,1TL24,BROADWATER,47TH PL,22,S,N,A,-,N,NA,NA,NA,NA,NA,NA,NA,NA,NA,N,4,0,1,3,A,-,10,21950,A,N,G,B,B,A,H,-,B,D,0,Y,NA,NA,NA,Y,NA,A,01,0,0,1,0,1,0,0,0,0,-,-,NA,NA,LOS ANGELES,LOS ANGELES,-118.27835,33.999962
7059401,2015,2015-10-20,1942,2015-09-17,0810,38124,0165,4,5,7,1942,0,0,0,A,0,4TL43,LOS ANGELES ST,7TH ST,0,NA,Y,A,-,N,NA,NA,NA,NA,NA,NA,NA,NA,NA,Y,3,0,3,2,A,-,12,21453,A,N,D,-,A,A,H,-,A,A,0,NA,NA,NA,NA,Y,NA,-,-,0,1,2,0,0,0,0,0,0,-,-,NA,NA,LOS ANGELES,LOS ANGELES,-118.25041,34.04323
7059402,2015,2015-10-07,1942,2015-09-17,0600,36843,NA,4,5,7,1942,0,0,0,NA,0,1A61,BROADWAY,OLYMPIC BL,5,N,N,A,-,N,NA,NA,NA,NA,NA,NA,NA,NA,NA,N,4,0,1,2,A,-,10,21950,A,F,G,B,B,A,H,-,C,A,0,Y,NA,NA,NA,Y,NA,-,99,0,0,1,0,1,0,0,0,0,-,-,NA,NA,LOS ANGELES,LOS ANGELES,-118.25738984,34.04094079
7059403,2015,2015-10-12,1942,2015-09-17,1700,36023,NA,4,5,7,1942,0,0,0,NA,0,2TL28,15TH ST,MAPLE AV,12,W,N,A,-,N,NA,NA,NA,NA,NA,NA,NA,NA,NA,N,4,0,1,2,A,-,10,21950,A,N,G,B,-,A,H,-,A,A,0,Y,NA,NA,NA,Y,NA,A,07,0,0,1,0,1,0,0,0,0,-,-,NA,NA,LOS ANGELES,LOS ANGELES,-118.25890249,34.03253874
7059404,2015,2015-10-07,1942,2015-09-16,1050,37952,138,3,5,7,1942,0,0,0,M,0,2TL14,CENTRAL AV,4TH ST,1,N,N,A,-,N,NA,NA,NA,NA,NA,NA,NA,NA,NA,N,4,0,1,2,A,-,12,21453,A,N,D,G,A,A,H,-,A,A,0,NA,Y,NA,NA,Y,NA,A,07,0,0,1,0,0,0,1,0,0,-,-,NA,NA,LOS ANGELES,LOS ANGELES,-118.23970984,34.04380274
7059461,2015,2017-01-31,1942,2015-10-11,1445,38335,1139,7,5,7,1942,0,0,0,K,0,11A37,AVE 64,RT 110,0,NA,Y,A,-,Y,LA,7,110,-,-,29.19,R,1,S,N,4,0,2,2,A,-,04,21703,NA,F,C,C,A,A,H,-,A,D,0,NA,NA,NA,NA,Y,NA,A,01,0,0,2,0,0,0,0,0,0,-,-,NA,NA,LOS ANGELES,LOS ANGELES,-118.18147118,34.11127787
7059462,2015,2015-11-13,1942,2015-10-16,2315,39550,1132,5,5,7,1942,0,0,0,K,0,11A17,HYPERION AV,WAVERLY DR,100,W,N,A,-,N,NA,NA,NA,NA,NA,NA,NA,NA,NA,N,4,0,1,2,A,-,04,21703,NA,F,C,G,A,A,H,-,C,D,0,NA,Y,NA,NA,Y,NA,-,NA,0,0,1,0,0,0,1,0,0,-,-,NA,NA,LOS ANGELES,LOS ANGELES,-118.26937156,34.1114269
7059463,2015,2015-11-13,1942,2015-10-22,0100,38175,0257,4,5,7,1942,0,0,0,B,0,2A68,WILSHIRE BL,WITMER ST,40,W,N,A,-,N,NA,NA,NA,NA,NA,NA,NA,NA,NA,Y,3,0,1,1,A,-,03,22350,NA,N,E,I,A,A,H,-,C,A,0,NA,NA,NA,NA,Y,NA,-,NA,0,1,0,0,0,0,0,0,0,-,-,NA,NA,LOS ANGELES,LOS ANGELES,-118.26680666,34.05387104
7059464,2015,2015-11-13,1942,2015-10-24,2115,40730,0241,6,5,7,1942,0,0,0,B,0,2TL15,3RD ST,OCCIDENTAL BL,25,W,N,A,-,N,NA,NA,NA,NA,NA,NA,NA,NA,NA,Y,4,0,1,2,A,-,03,22350,NA,N,C,C,A,A,H,-,C,D,0,NA,NA,NA,NA,Y,NA,A,01,0,0,1,0,0,0,0,0,0,-,-,NA,NA,LOS ANGELES,LOS ANGELES,-118.282294,34.06778015
7059473,2015,2017-01-13,9540,2015-09-14,1827,020429,NA,1,2,6,1985,0,1,3,NA,1,145,RT 14,GOLDEN VALLEY RD,75,N,N,B,-,Y,LA,7,14,-,R,29.69,H,-,S,Y,3,0,1,1,A,-,08,22107,NA,N,E,I,A,A,H,-,A,D,1,NA,NA,NA,NA,Y,NA,A,01,0,1,0,0,0,0,0,0,0,-,-,34.39253,-118.47267,LOS ANGELES,SANTA CLARITA,-118.47264189,34.39261659
7059474,2015,2017-01-10,9540,2015-09-17,0650,16906,NA,4,1,9,1900,0,1,3,NA,2,147,RT 14,SOLEDAD CANYON RD,300,N,N,A,-,Y,LA,7,14,-,-,35.81,H,-,S,Y,3,0,2,2,A,-,03,22350,NA,N,C,C,A,A,H,-,B,D,1,NA,NA,NA,NA,Y,NA,A,01,0,1,1,0,0,0,0,0,0,-,-,34.43411,-118.38402,LOS ANGELES,UNINCORPORATED,-118.38459927,34.43389879
7059475,2015,2017-01-13,9540,2015-09-17,0715,018037,NA,4,1,9,1900,0,1,3,NA,1,143,RT 14,SIERRA HWY,1800,N,N,A,-,Y,LA,7,14,-,R,25.51,H,-,S,Y,4,0,3,3,A,-,03,22350,NA,N,C,C,A,A,H,-,A,D,1,NA,NA,NA,NA,Y,NA,A,01,0,0,3,0,0,0,0,0,0,-,-,34.34232,-118.50586,LOS ANGELES,UNINCORPORATED,-118.50519686,34.34366055
7059476,2015,2016-12-21,9540,2015-09-08,0811,018037,NA,2,1,7,1942,0,1,1,NA,1,405,RT 405,SAN FERNANDO MISSION BL,449,S,N,A,-,Y,LA,7,405,-,-,47.15,H,-,S,Y,3,0,1,2,A,-,03,22350,NA,N,C,C,A,A,H,-,A,D,1,NA,NA,Y,NA,Y,NA,C,02,0,1,0,0,0,0,0,0,1,-,-,34.27053,-118.47228,LOS ANGELES,LOS ANGELES,-118.47224572,34.27036028
7059478,2015,2015-10-13,9550,2015-08-25,1530,16109,NA,2,2,9,1900,0,3,5,NA,2,004,STIMSON AV,SIGMAN ST,50,NA,N,A,-,N,NA,NA,NA,NA,NA,NA,NA,NA,NA,N,4,0,1,2,A,-,07,21658,A,N,B,C,A,A,H,-,A,D,0,NA,NA,NA,NA,Y,NA,A,01,0,0,1,0,0,0,0,0,0,-,-,34.00221,-117.95983,LOS ANGELES,UNINCORPORATED,-117.96000008,34.00225006
7059481,2015,2017-01-26,9535,2015-09-29,0645,17598,NA,2,1,9,1900,0,1,1,NA,2,073,RT 710,HUMPHREYS AV,500,N,N,A,-,Y,LA,7,710,-,-,24.31,H,-,S,Y,3,0,1,2,A,-,03,22350,NA,N,C,C,A,A,H,-,A,D,1,NA,NA,Y,NA,Y,NA,C,02,0,1,0,0,0,0,0,0,1,-,-,34.03111,-118.17099,LOS ANGELES,UNINCORPORATED,-118.17108661,34.0311362
7059482,2015,2017-01-17,9535,2015-09-14,2112,17802,NA,1,2,5,1952,0,1,1,NA,2,104,RT 105,RT 710,1500,E,N,A,-,Y,LA,7,105,-,R,13.985,R,1,W,Y,3,0,1,2,A,-,03,22350,NA,N,C,C,A,A,H,-,C,D,7,NA,NA,NA,NA,Y,NA,A,01,0,1,0,0,0,0,0,0,0,-,-,33.91193,-118.17501,LOS ANGELES,PARAMOUNT,-118.17111553,33.91125669
7059483,2015,2017-01-19,9535,2015-09-03,1700,17722,NA,4,2,6,1922,0,1,1,NA,2,400,RT 10,PECK RD,300,E,N,A,-,Y,LA,7,10,-,-,29.52,H,-,E,N,4,0,1,2,A,-,03,22350,NA,F,C,C,A,A,H,-,A,D,6,NA,NA,NA,NA,Y,NA,D,22,0,0,1,0,0,0,0,0,0,-,-,34.06754,-118.02764,LOS ANGELES,EL MONTE,-118.02780942,34.06795639
7059484,2015,2017-01-14,9535,2015-09-19,0230,20769,NA,6,3,5,1948,0,1,3,NA,2,621,RT 60,GREENWOOD AV,400,E,N,A,-,Y,LA,7,60,-,R,6.93,H,-,W,Y,4,0,1,1,A,-,01,23152,A,N,E,I,A,A,H,-,C,D,1,NA,NA,NA,NA,Y,Y,D,22,0,0,1,0,0,0,0,0,0,-,-,34.03434,-118.10816,LOS ANGELES,MONTEREY PARK,-118.10740698,34.03446725
7059493,2015,2017-01-03,9535,2015-06-13,0255,19125,NA,6,3,6,1922,0,1,3,NA,2,620,RT 60,RT 605,38,E,N,B,-,Y,LA,7,605,-,R,17.479,R,2,N,Y,4,0,2,2,A,-,03,22350,NA,M,D,C,A,A,H,-,C,D,1,NA,NA,NA,NA,Y,NA,A,01,0,0,2,0,0,0,0,0,0,FR,-,34.0331,-118.0275,LOS ANGELES,EL MONTE,-118.02616684,34.03465027
7059537,2015,2017-01-26,9535,2015-07-28,0431,20820,NA,2,3,4,1907,0,1,1,NA,2,072,RT 710,GAGE AV,155,S,N,A,-,Y,LA,7,710,-,-,20.24,H,-,N,Y,2,0,2,3,A,-,03,22350,NA,N,D,C,A,A,H,-,C,D,1,NA,NA,NA,NA,Y,NA,A,01,1,1,0,0,0,0,0,0,0,-,-,33.97552,-118.1676,LOS ANGELES,BELL,-118.16750858,33.97550082
7059538,2015,2015-11-16,9535,2015-09-18,1402,21000,NA,5,2,9,1900,0,2,4,NA,2,022,OLYMPIC BL,DITMAN AV,5,W,N,A,-,N,NA,NA,NA,NA,NA,NA,NA,NA,NA,N,2,0,1,2,A,-,09,21801,A,N,F,A,A,A,H,-,A,A,0,NA,NA,Y,NA,Y,NA,A,07,1,0,0,0,0,0,0,0,1,-,-,34.0886,-118.18926,LOS ANGELES,UNINCORPORATED,-118.18925647,34.01887984
7059539,2015,2017-01-14,9535,2015-09-28,1410,20814,NA,1,2,3,1914,0,1,1,NA,2,500,RT 5,ATLANTIC BL,1000,S,N,A,-,Y,LA,7,5,-,-,12.61,H,-,N,Y,4,0,3,2,A,-,01,23152,E,N,E,I,A,A,H,-,A,D,1,NA,NA,NA,NA,Y,NA,-,NA,0,0,3,0,0,0,0,0,0,-,-,34.005,-118.15367,LOS ANGELES,COMMERCE,-118.15620376,34.00709731
7059540,2015,2015-11-16,9535,2015-09-13,1950,21000,NA,7,2,9,1900,0,2,4,NA,2,022,OLYMPIC BL,HENDRICKS AV,0,NA,Y,A,-,N,NA,NA,NA,NA,NA,NA,NA,NA,NA,Y,3,0,3,2,A,-,09,21801,A,N,D,C,A,A,H,-,C,A,0,NA,NA,NA,NA,Y,Y,A,01,0,2,1,0,0,0,0,0,0,-,-,34.01305,-118.14123,LOS ANGELES,UNINCORPORATED,-118.14106005,34.01302002
7059549,2015,2015-11-13,1976,2015-10-16,1405,854,NA,5,5,3,1964,0,0,0,NA,0,NA,ORR AND DAY RD,DUNNING ST,176,S,N,A,-,N,NA,NA,NA,NA,NA,NA,NA,NA,NA,Y,4,0,1,2,A,-,09,21801,A,N,D,C,A,A,H,-,A,D,0,NA,NA,Y,NA,Y,NA,A,01,0,0,1,0,0,0,0,0,1,-,-,NA,NA,LOS ANGELES,SANTA FE SPRINGS,-118.09083,33.94293
7059551,2015,2015-11-13,1942,2015-10-12,1735,38357,1171,1,5,7,1942,0,0,0,K,0,4TL4,SUNSET BL,MICHELTORENA ST,20,W,N,A,-,N,NA,NA,NA,NA,NA,NA,NA,NA,NA,N,4,0,1,2,A,-,08,22107,NA,F,D,G,A,A,H,-,A,D,0,NA,Y,NA,NA,Y,NA,-,99,0,0,1,0,0,0,1,0,0,-,-,NA,NA,LOS ANGELES,LOS ANGELES,-118.27589398,34.08762109
7059552,2015,2015-11-13,1942,2015-10-18,1250,30380,1345,7,5,7,1942,0,0,0,M,0,4TL43,S CENTRAL AV,E 42ND ST,0,NA,Y,A,-,N,NA,NA,NA,NA,NA,NA,NA,NA,NA,N,4,0,1,2,A,-,08,22107,NA,F,D,G,A,A,H,-,A,A,0,NA,Y,NA,NA,Y,NA,-,99,0,0,1,0,0,0,1,0,0,-,-,NA,NA,LOS ANGELES,LOS ANGELES,-118.25649005,34.00752006
7059569,2015,2015-10-13,1942,2015-09-26,1705,37324,RD636,6,5,7,1942,0,0,0,NA,0,6X26,FRANKLIN AV,LAS PALMAS AV,0,NA,Y,A,-,N,NA,NA,NA,NA,NA,NA,NA,NA,NA,N,3,0,1,2,A,-,10,21950,A,N,G,B,B,A,H,-,A,-,0,Y,NA,NA,NA,Y,NA,A,01,0,1,0,0,1,0,0,0,0,-,-,NA,NA,LOS ANGELES,LOS ANGELES,-118.33639003,34.10517001
7059571,2015,2015-10-08,1942,2015-09-25,1540,31573,0663,5,5,7,1942,0,0,0,F,0,34MQ09,LAS PALMAS AV,LEXINGTON AV,80,N,N,A,-,N,NA,NA,NA,NA,NA,NA,NA,NA,NA,N,4,0,1,2,A,-,17,22517,NA,N,B,G,A,A,H,-,A,D,0,NA,Y,NA,NA,Y,NA,A,01,0,0,1,0,0,0,1,0,0,-,-,NA,NA,LOS ANGELES,LOS ANGELES,-118.33629364,34.09278939
7059572,2015,2015-10-09,1942,2015-09-22,0215,24475,0648,2,5,7,1942,0,0,0,F,0,6T7,HOLLYWOOD BL,WESTERN AV,0,NA,Y,A,-,N,NA,NA,NA,NA,NA,NA,NA,NA,NA,Y,4,0,1,2,A,-,09,21801,A,N,D,C,A,A,H,-,C,D,0,NA,NA,NA,NA,Y,NA,A,01,0,0,1,0,0,0,0,0,0,-,-,NA,NA,LOS ANGELES,LOS ANGELES,-118.30927011,34.10175003
7059573,2015,2015-10-08,1942,2015-09-27,0015,38185,2159,7,5,7,1942,0,0,0,NA,0,21T65,WINNETKA AV,FRIAR ST,50,N,N,-,-,N,NA,NA,NA,NA,NA,NA,NA,NA,NA,Y,4,0,1,2,A,-,01,23152,A,N,-,-,A,-,-,-,-,-,0,NA,NA,NA,NA,Y,NA,A,01,0,0,1,0,0,0,0,0,0,-,-,NA,NA,LOS ANGELES,LOS ANGELES,-118.57095264,34.18793714
7059575,2015,2015-10-08,1942,2015-09-24,0835,30830,1005,4,5,7,1942,0,0,0,J,0,16TL23,ROSCOE BL,YARMOUTH AV,30,W,N,A,-,N,NA,NA,NA,NA,NA,NA,NA,NA,NA,N,3,0,1,2,A,-,07,21658,A,N,B,C,A,A,H,-,A,A,0,NA,NA,Y,NA,Y,NA,A,01,0,1,0,0,0,0,0,0,1,-,-,NA,NA,LOS ANGELES,LOS ANGELES,-118.51980905,34.22096845
7059576,2015,2015-10-08,1942,2015-09-22,1955,36270,0989,2,5,7,1942,0,0,0,I,0,9A89,MOORPARK ST,VENTURA CANYON,0,NA,Y,A,-,N,NA,NA,NA,NA,NA,NA,NA,NA,NA,N,4,0,1,2,A,-,08,22107,NA,N,D,C,A,A,H,-,C,D,0,NA,NA,Y,NA,Y,NA,A,01,0,0,1,0,0,0,0,0,1,-,-,NA,NA,LOS ANGELES,LOS ANGELES,-118.42962,34.15036006
7059577,2015,2015-10-08,1942,2015-09-22,0720,30830,0938,2,5,7,1942,0,0,0,I,0,16TL23,VENTURA CANYON AV,VICTORY BL,0,NA,Y,A,-,N,NA,NA,NA,NA,NA,NA,NA,NA,NA,Y,4,0,4,2,A,-,09,21802,A,N,D,C,A,A,H,-,A,A,0,NA,NA,NA,NA,Y,NA,A,01,0,0,4,0,0,0,0,0,0,-,-,NA,NA,LOS ANGELES,LOS ANGELES,-118.42905,34.18668004
7059579,2015,2015-10-08,1942,2015-09-17,0715,34251,0841,4,5,7,1942,0,0,0,H,0,7TL23,WILSHIRE BL,BROCKTON AV,0,NA,Y,A,-,N,NA,NA,NA,NA,NA,NA,NA,NA,NA,N,3,0,1,2,A,-,11,21456,B,N,G,B,B,A,H,-,A,A,0,Y,NA,NA,NA,Y,NA,N,60,0,1,0,0,1,0,0,0,0,-,-,NA,NA,LOS ANGELES,LOS ANGELES,-118.46516006,34.04595002
7059580,2015,2016-12-22,1942,2015-09-22,1750,31255,0822,2,5,7,1942,0,0,0,H,0,7TL38,PACIFIC COAST HWY,TAHITI AV,1105,N,N,A,-,Y,LA,7,1,-,-,38.421,I,6,N,Y,3,0,3,3,A,-,03,22350,A,N,D,C,E,A,H,-,A,D,0,Y,NA,NA,NA,Y,NA,A,01,0,3,0,0,1,0,0,0,0,-,-,NA,NA,LOS ANGELES,LOS ANGELES,-118.54077721,34.03840364
7059601,2015,2015-10-07,1942,2015-09-17,1540,41872,175A,4,5,7,1942,0,0,0,Q,0,17A81,RESEDA BL,DEVONSHIRE,3,S,N,A,-,N,NA,NA,NA,NA,NA,NA,NA,NA,NA,N,4,0,1,2,A,-,10,21950,A,N,B,B,B,A,H,-,A,A,0,Y,NA,NA,NA,Y,NA,-,NA,0,0,1,0,1,0,0,0,0,-,-,NA,NA,LOS ANGELES,LOS ANGELES,-118.53609,34.25725177
7059602,2015,2015-10-07,1942,2015-09-19,0315,39218,1725,6,5,7,1942,0,0,0,Q,0,17A23,DEVONSHIRE ST,CORBIN AV,1000,W,N,A,-,N,NA,NA,NA,NA,NA,NA,NA,NA,NA,Y,3,0,2,1,A,-,03,22350,A,N,A,I,A,A,H,-,C,B,0,NA,NA,NA,NA,Y,NA,A,07,0,2,0,0,0,0,0,0,0,-,-,NA,NA,LOS ANGELES,LOS ANGELES,-118.56562377,34.25724
7059603,2015,2015-10-07,1942,2015-09-17,1010,41872,1764,4,5,7,1942,0,0,0,Q,0,17A81,NORDHOFF ST,NORDHOFF PL,30,W,N,A,-,N,NA,NA,NA,NA,NA,NA,NA,NA,NA,N,4,0,1,2,A,-,07,21658,A,N,B,G,A,A,H,-,A,A,0,NA,Y,NA,NA,Y,NA,A,01,0,0,1,0,0,0,1,0,0,-,-,NA,NA,LOS ANGELES,LOS ANGELES,-118.5623,34.23548
7059604,2015,2015-10-06,1942,2015-09-17,2045,31281,1781,4,5,7,1942,0,0,0,Q,0,17A23,PARTHENIA ST,INDEPENDENCE AV,0,NA,Y,A,-,N,NA,NA,NA,NA,NA,NA,NA,NA,NA,N,3,0,1,2,A,-,09,21801,A,N,A,C,A,A,H,-,C,A,0,NA,NA,NA,NA,Y,NA,-,NA,0,1,0,0,0,0,0,0,0,-,-,NA,NA,LOS ANGELES,LOS ANGELES,-118.59071013,34.22820005
7059619,2015,2015-10-16,9525,2015-05-17,1009,20367,NA,7,1,6,1955,0,3,5,NA,2,004,GRAND AV,ESSEX AV,70,W,N,A,-,N,NA,NA,NA,NA,NA,NA,NA,NA,NA,N,4,0,1,2,A,-,06,21750,NA,N,D,E,A,A,H,-,A,D,0,NA,NA,NA,NA,Y,NA,A,01,0,0,1,0,0,0,0,0,0,-,-,34.04856,-117.71173,LOS ANGELES,POMONA,-117.711786,34.048528
7059629,2015,2017-01-12,9550,2015-09-08,0715,18412,NA,2,1,3,1903,0,1,3,NA,2,092,RT 91,PIONEER BL,40,E,N,A,-,Y,LA,7,91,-,R,18.12,H,-,W,N,4,0,1,3,A,-,03,22350,NA,N,C,C,A,A,H,-,A,D,1,NA,NA,NA,Y,Y,NA,G,25,0,0,1,0,0,0,0,0,0,-,-,33.87666,-118.08273,LOS ANGELES,ARTESIA,-118.08203906,33.8764587
7059630,2015,2015-10-28,9550,2015-09-05,0655,20974,NA,6,1,9,1900,0,2,4,NA,1,012,SLAUSON AV,RT 605,740,W,N,A,-,N,NA,NA,NA,NA,NA,NA,NA,NA,NA,Y,4,0,1,1,A,-,08,22107,NA,N,E,I,A,A,H,-,A,D,0,NA,NA,NA,NA,Y,NA,D,22,0,0,1,0,0,0,0,0,0,-,-,33.96694,-118.08625,LOS ANGELES,UNINCORPORATED,-118.08588412,33.96698255
7059631,2015,2017-01-12,9550,2015-09-09,0800,19939,NA,3,1,5,1919,0,1,3,NA,2,092,RT 91,ARTESIA AV,900,E,N,A,-,Y,LA,7,91,-,R,19.6,H,-,E,Y,4,0,2,6,A,-,08,22107,NA,N,B,C,A,A,H,-,A,D,1,NA,NA,NA,NA,Y,NA,D,22,0,0,2,0,0,0,0,0,0,-,-,33.87148,-118.05799,LOS ANGELES,CERRITOS,-118.05797998,33.87166744
7059632,2015,2017-01-19,9550,2015-09-18,1620,20969,NA,5,2,9,1900,0,1,3,NA,2,601,RT 60,AZUSA AV,2640,E,N,A,-,Y,LA,7,60,-,-,18.47,H,-,W,N,3,0,1,1,C,-,18,NA,NA,N,E,J,A,A,H,-,A,D,1,NA,NA,NA,NA,Y,NA,-,-,0,1,0,0,0,0,0,0,0,-,-,33.59389,-117.54195,LOS ANGELES,UNINCORPORATED,-117.92257514,33.99597417
7059638,2015,2015-10-31,9550,2015-09-01,1515,16237,NA,2,2,9,1900,0,2,4,NA,1,052,COLIMA RD,BANIDA AV,0,NA,Y,A,-,N,NA,NA,NA,NA,NA,NA,NA,NA,NA,Y,4,0,1,2,A,-,12,21453,A,N,D,C,A,A,H,-,A,A,0,NA,NA,NA,NA,Y,NA,A,01,0,0,1,0,0,0,0,0,0,-,-,33.98713,-117.88072,LOS ANGELES,UNINCORPORATED,-117.88152005,33.98706011
7059649,2015,2015-10-09,9530,2015-09-18,1100,021010,NA,5,1,9,1900,0,3,5,NA,2,006,223RD ST,MEYLER ST,200,W,N,A,-,N,NA,NA,NA,NA,NA,NA,NA,NA,NA,N,4,0,1,2,A,-,07,21658,A,N,B,C,A,A,H,-,A,D,0,NA,NA,NA,NA,Y,NA,D,22,0,0,1,0,0,0,0,0,0,-,-,33.82436,-118.29553,LOS ANGELES,UNINCORPORATED,-118.29543722,33.8245
7059651,2015,2015-10-09,1920,2015-09-01,1233,11992,NA,2,5,6,1920,0,0,0,NA,0,006,FIRESTONE BL,DOWNEY AV,0,NA,Y,A,-,N,NA,NA,NA,NA,NA,NA,NA,NA,NA,N,4,0,1,2,A,-,07,21658,A,N,B,C,A,A,H,-,A,A,0,NA,NA,NA,Y,Y,NA,A,01,0,0,1,0,0,0,0,0,0,-,-,NA,NA,LOS ANGELES,DOWNEY,-118.13318004,33.94007006