CASE_ID,ACCIDENT_YEAR,PROC_DATE,JURIS,COLLISION_DATE,COLLISION_TIME,OFFICER_ID,REPORTING_DISTRICT,DAY_OF_WEEK,CHP_SHIFT,POPULATION,CNTY_CITY_LOC,SPECIAL_COND,BEAT_TYPE,CHP_BEAT_TYPE,CITY_DIVISION_LAPD,CHP_BEAT_CLASS,BEAT_NUMBER,PRIMARY_RD,SECONDARY_RD,DISTANCE,DIRECTION,INTERSECTION,WEATHER_1,WEATHER_2,STATE_HWY_IND,CALTRANS_COUNTY,CALTRANS_DISTRICT,STATE_ROUTE,ROUTE_SUFFIX,POSTMILE_PREFIX,POSTMILE,LOCATION_TYPE,RAMP_INTERSECTION,SIDE_OF_HWY,TOW_AWAY,COLLISION_SEVERITY,NUMBER_KILLED,NUMBER_INJURED,PARTY_COUNT,PRIMARY_COLL_FACTOR,PCF_CODE_OF_VIOL,PCF_VIOL_CATEGORY,PCF_VIOLATION,PCF_VIOL_SUBSECTION,HIT_AND_RUN,TYPE_OF_COLLISION,MVIW,PED_ACTION,ROAD_SURFACE,ROAD_COND_1,ROAD_COND_2,LIGHTING,CONTROL_DEVICE,CHP_ROAD_TYPE,PEDESTRIAN_ACCIDENT,BICYCLE_ACCIDENT,MOTORCYCLE_ACCIDENT,TRUCK_ACCIDENT,NOT_PRIVATE_PROPERTY,ALCOHOL_INVOLVED,STWD_VEHTYPE_AT_FAULT,CHP_VEHTYPE_AT_FAULT,COUNT_SEVERE_INJ,COUNT_VISIBLE_INJ,COUNT_COMPLAINT_PAIN,COUNT_PED_KILLED,COUNT_PED_INJURED,COUNT_BICYCLIST_KILLED,COUNT_BICYCLIST_INJURED,COUNT_MC_KILLED,COUNT_MC_INJURED,PRIMARY_RAMP,SECONDARY_RAMP,LATITUDE,LONGITUDE,COUNTY,CITY,POINT_X,POINT_Y
7059652,2015,2015-10-13,1942,2015-09-16,0740,39761,0453,3,5,7,1942,0,0,0,D,0,11TL21,1ST ST,STATE ST,80,E,N,A,-,N,NA,NA,NA,NA,NA,NA,NA,NA,NA,N,4,0,3,3,A,-,03,22350,NA,N,C,C,A,A,H,-,A,A,0,NA,NA,NA,NA,Y,NA,A,01,0,0,3,0,0,0,0,0,0,-,-,NA,NA,LOS ANGELES,LOS ANGELES,-118.21720785,34.04643614
7059653,2015,2017-01-21,9590,2015-07-15,1515,16642,NA,3,2,7,1942,0,1,1,NA,2,052,RT 110,3RD ST,100,N,N,A,-,Y,LA,7,110,-,-,23.14,H,-,N,N,4,0,4,2,A,-,03,22350,NA,N,C,C,A,A,H,-,A,D,1,NA,NA,NA,Y,Y,NA,G,26,0,0,4,0,0,0,0,0,0,-,-,34.0562,-118.25567,LOS ANGELES,LOS ANGELES,-118.25559962,34.05644893
7059713,2015,2017-01-17,9590,2015-07-15,1415,16689,NA,3,2,7,1942,0,1,1,NA,2,062,RT 10,HOOVER ST,500,W,N,A,-,Y,LA,7,10,-,-,14.16,H,-,E,Y,4,0,1,2,A,-,03,22350,NA,N,C,C,A,A,H,-,A,D,1,NA,NA,NA,NA,Y,NA,A,01,0,0,1,0,0,0,0,0,0,-,-,34.03702,-118.28521,LOS ANGELES,LOS ANGELES,-118.28558829,34.03683217
7059714,2015,2017-01-11,9590,2015-07-24,1418,21084,NA,5,2,7,1942,0,1,1,NA,2,052,RT 110,5TH ST,100,N,N,A,-,Y,LA,7,110,-,-,22.716,R,1,N,Y,4,0,1,2,A,-,03,22350,NA,N,C,C,A,A,H,-,A,D,1,NA,NA,NA,NA,Y,NA,D,22,0,0,1,0,0,0,0,0,0,CO,-,34.05331,-118.25805,LOS ANGELES,LOS ANGELES,-118.26037412,34.05161651
7059715,2015,2016-12-22,9590,2015-07-14,1425,16551,NA,2,2,7,1942,0,1,3,NA,2,095,RT 2,YORK BL,800,E,N,A,-,Y,LA,7,2,-,R,17.58,H,-,W,Y,4,0,1,2,C,-,18,NA,NA,N,E,J,A,A,H,-,A,D,1,NA,NA,NA,NA,Y,NA,-,-,0,0,1,0,0,0,0,0,0,-,-,34.12942,-118.22913,LOS ANGELES,LOS ANGELES,-118.2290083,34.12949529
7059716,2015,2017-01-21,9590,2015-07-16,1610,16689,NA,4,2,7,1942,0,1,1,NA,2,052,RT 110,17TH ST,50,S,N,A,-,Y,LA,7,110,-,-,21.99,H,-,N,Y,4,0,2,3,A,-,03,22350,NA,N,C,C,A,A,H,-,A,D,1,NA,NA,NA,NA,Y,NA,A,07,0,0,2,0,0,0,0,0,0,-,-,34.04525,-118.27047,LOS ANGELES,LOS ANGELES,-118.2702243,34.04556589
7059725,2015,2015-10-27,1969,2015-10-02,1951,10200,PATRO,5,5,5,1969,0,0,0,NA,0,002,FIRESTONE BL,OTIS ST,0,NA,Y,A,-,N,NA,NA,NA,NA,NA,NA,NA,NA,NA,N,4,0,1,2,A,-,10,21950,A,N,G,B,B,A,H,-,A,A,0,Y,NA,NA,NA,Y,NA,A,01,0,0,1,0,1,0,0,0,0,-,-,NA,NA,LOS ANGELES,SOUTH GATE,-118.19652012,33.9532601
7059729,2015,2015-10-17,9535,2015-09-08,1650,20818,NA,2,2,9,1900,0,2,4,NA,2,015,MEDNIK AV,1ST ST,430,N,N,A,-,N,NA,NA,NA,NA,NA,NA,NA,NA,NA,N,3,0,1,2,A,-,09,21804,A,N,G,B,D,A,H,-,A,D,0,Y,NA,NA,NA,Y,NA,A,01,0,1,0,0,1,0,0,0,0,-,-,34.03843,-118.16188,LOS ANGELES,UNINCORPORATED,-118.16186,34.03704
7059730,2015,2015-10-17,9535,2015-09-12,1033,19626,NA,6,1,9,1900,0,2,4,NA,2,025,ATLANTIC BL,VERONA ST,90,N,N,A,-,N,NA,NA,NA,NA,NA,NA,NA,NA,NA,N,4,0,1,2,A,-,17,22517,NA,N,B,G,A,A,H,-,A,D,0,NA,Y,NA,NA,Y,NA,A,01,0,0,1,0,0,0,1,0,0,-,-,34.01852,-118.15796,LOS ANGELES,UNINCORPORATED,-118.15787764,34.01847933
7059731,2015,2015-10-17,9535,2015-09-15,0920,19857,NA,2,1,9,1900,0,3,5,NA,2,002,SADLER AV,ALY N WHITTIER BL,0,NA,Y,B,C,N,NA,NA,NA,NA,NA,NA,NA,NA,NA,N,4,0,1,2,A,-,09,21804,A,N,D,C,A,B,H,-,A,D,0,NA,NA,NA,NA,Y,NA,A,01,0,0,1,0,0,0,0,0,0,-,-,34.0192,-118.14916,LOS ANGELES,UNINCORPORATED,-118.149194,34.019203
7059732,2015,2015-10-20,9535,2015-09-01,1710,17944,NA,2,2,9,1900,0,2,4,NA,2,022,OLYMPIC BL,GARFIELD AV,0,NA,Y,A,-,N,NA,NA,NA,NA,NA,NA,NA,NA,NA,Y,3,0,2,2,A,-,09,21801,A,N,D,C,A,-,A,H,A,A,0,NA,NA,NA,NA,Y,NA,A,01,0,1,1,0,0,0,0,0,0,-,-,34.01166,-118.13088,LOS ANGELES,UNINCORPORATED,-118.13085007,34.01149008
7059733,2015,2016-12-22,9575,2015-09-13,1130,19976,NA,7,1,6,1925,0,1,3,NA,2,090,RT 2,FERN LN,1500,N,N,A,-,Y,LA,7,2,-,R,21.89,H,-,E,NA,4,0,2,2,A,-,03,22350,NA,N,C,C,A,A,H,-,A,D,1,NA,NA,NA,NA,Y,NA,A,01,0,0,2,0,0,0,0,0,0,-,-,34.19906,-118.21933,LOS ANGELES,GLENDALE,-118.21866573,34.1900365
7059734,2015,2015-11-20,9575,2015-09-06,1330,020995,NA,7,1,9,1900,0,2,4,NA,2,330,MOUNT WILSON RED BOX RD,ME LOWE FIRE RD,2482,S,N,A,-,N,NA,NA,NA,NA,NA,NA,NA,NA,NA,N,4,0,1,2,A,-,05,21460,A,N,B,C,A,A,H,-,A,D,0,NA,NA,Y,NA,Y,NA,-,-,0,0,1,0,0,0,0,0,1,-,-,34.25562,-118.10185,LOS ANGELES,UNINCORPORATED,NA,NA
7059735,2015,2016-07-19,9575,2015-09-13,0330,20762,NA,7,3,9,1900,0,2,4,NA,2,022,LINCOLN AV,MENDOCINO ST,38,N,N,A,-,N,NA,NA,NA,NA,NA,NA,NA,NA,NA,Y,4,0,1,3,A,-,01,23152,A,N,B,C,A,A,H,-,C,D,0,NA,NA,NA,NA,Y,Y,A,01,0,0,1,0,0,0,0,0,0,-,-,34.19452,-118.15882,LOS ANGELES,UNINCORPORATED,-118.15882521,34.19456411
7059736,2015,2017-01-12,9575,2015-09-13,0810,021006,NA,7,1,9,1900,0,1,3,NA,2,303,RT 2,USFS VISTORS CENTER,2640,W,N,A,-,Y,LA,7,2,-,-,49.74,H,-,E,Y,2,0,1,1,A,-,03,22350,NA,N,F,A,A,A,H,-,A,D,0,NA,NA,Y,NA,Y,NA,C,02,1,0,0,0,0,0,0,0,1,-,-,34.29318,-118.9967,LOS ANGELES,UNINCORPORATED,-118.0091187,34.31909675
7059741,2015,2015-11-12,1900,2015-10-30,1501,520726,0531,5,5,5,1959,0,0,0,NA,0,53T1PM,VALLEY BL,LOMA AV,53,E,N,A,-,N,NA,NA,NA,NA,NA,NA,NA,NA,NA,N,4,0,1,2,A,-,09,21802,A,N,D,C,A,A,H,-,A,D,0,NA,NA,NA,NA,Y,NA,A,01,0,0,1,0,0,0,0,0,0,-,-,NA,NA,LOS ANGELES,ROSEMEAD,-118.06865549,34.08100588
7059742,2015,2015-11-12,1900,2015-10-29,1823,520726,0532,4,5,5,1959,0,0,0,NA,0,53T1AM,GARVALIA AV,JACKSON AV,17,W,N,A,-,N,NA,NA,NA,NA,NA,NA,NA,NA,NA,N,4,0,2,2,A,-,04,21703,NA,N,C,C,A,A,H,-,C,D,0,NA,NA,NA,NA,Y,NA,A,01,0,0,2,0,0,0,0,0,0,-,-,NA,NA,LOS ANGELES,ROSEMEAD,-118.103756,34.05807933
7059743,2015,2015-11-12,1900,2015-10-21,0758,524061,0563,3,5,3,1968,0,0,0,NA,0,55T1AM,PECK RD,MICHAEL HUNT DR,438,W,N,A,-,N,NA,NA,NA,NA,NA,NA,NA,NA,NA,N,4,0,1,2,A,-,07,21658,A,N,C,C,A,A,H,-,A,-,0,NA,NA,NA,NA,Y,NA,A,01,0,0,1,0,0,0,0,0,0,-,-,NA,NA,LOS ANGELES,SOUTH EL MONTE,-118.03709052,34.03976798
7059744,2015,2015-11-12,1900,2015-10-27,1231,524061,0560,2,5,3,1968,0,0,0,NA,0,55T1AM,RUSH ST,SASTRE AV,34,E,N,A,-,N,NA,NA,NA,NA,NA,NA,NA,NA,NA,Y,4,0,1,2,A,-,09,21804,A,N,D,C,A,A,H,-,A,A,0,NA,NA,NA,NA,Y,NA,A,07,0,0,1,0,0,0,0,0,0,-,-,NA,NA,LOS ANGELES,SOUTH EL MONTE,-118.054058,34.05184
7059770,2015,2015-12-01,1948,2015-09-24,0801,398,1948,4,5,5,1948,0,0,0,NA,0,004,FULTON AV,FLORAL DR,0,NA,Y,A,-,N,NA,NA,NA,NA,NA,NA,NA,NA,NA,N,3,0,1,2,A,-,10,21950,C,N,G,B,B,A,H,-,A,A,0,Y,NA,NA,NA,Y,NA,A,01,0,1,0,0,1,0,0,0,0,-,-,NA,NA,LOS ANGELES,MONTEREY PARK,-118.12026004,34.0382401
7059771,2015,2015-10-13,1948,2015-09-23,2212,423,ALH,3,5,5,1948,0,0,0,NA,0,003,POMONA BL,GERHART AV,0,NA,Y,A,-,N,NA,NA,NA,NA,NA,NA,NA,NA,NA,Y,4,0,2,5,A,-,12,21453,A,N,D,C,A,A,H,-,C,A,0,NA,NA,NA,NA,Y,NA,-,NA,0,0,2,0,0,0,0,0,0,-,-,NA,NA,LOS ANGELES,MONTEREY PARK,-118.14417012,34.03347001
7059781,2015,2015-10-08,9540,2015-09-15,0745,013644,NA,2,1,9,1900,0,3,5,NA,2,003,CAMBRIDGE AV,BEACON ST,0,NA,Y,B,-,N,NA,NA,NA,NA,NA,NA,NA,NA,NA,N,4,0,2,2,A,-,09,21800,A,N,D,C,A,B,H,-,A,A,0,NA,NA,NA,NA,Y,NA,A,07,0,0,2,0,0,0,0,0,0,-,-,34.45346,-118.62013,LOS ANGELES,UNINCORPORATED,-118.62004008,34.45345004
7059782,2015,2015-10-08,9540,2015-09-14,1125,014902,NA,1,1,9,1900,0,2,4,NA,1,201,SIERRA HWY,STEELE AV,1242,N,N,A,-,N,NA,NA,NA,NA,NA,NA,NA,NA,NA,Y,4,0,1,2,A,-,08,22107,NA,N,B,C,A,A,H,-,A,D,0,NA,NA,NA,NA,Y,NA,A,01,0,0,1,0,0,0,0,0,0,-,-,34.51063,-118.35754,LOS ANGELES,UNINCORPORATED,-118.35777154,34.51062581
7059783,2015,2015-10-08,9540,2015-09-01,1230,017076,NA,2,1,9,1900,0,2,4,NA,1,201,SIERRA HWY,VASQUEZ CANYON RD,24,S,N,A,-,N,NA,NA,NA,NA,NA,NA,NA,NA,NA,Y,2,0,3,2,A,-,09,21801,A,M,D,C,A,A,H,-,A,A,0,NA,NA,NA,NA,Y,NA,A,01,1,2,0,0,0,0,0,0,0,-,-,34.45426,-118.42039,LOS ANGELES,UNINCORPORATED,-118.42034457,34.45429073
7059784,2015,2015-10-09,9540,2015-09-10,0725,14339,NA,4,1,9,1900,0,2,4,NA,2,072,LAKE HUGHES RD,DRY GULCH,320,S,N,A,-,N,NA,NA,NA,NA,NA,NA,NA,NA,NA,Y,4,0,1,1,A,-,08,22107,NA,N,E,I,A,A,H,-,A,D,0,NA,NA,NA,NA,Y,NA,A,01,0,0,1,0,0,0,0,0,0,-,-,34.55338,-118.54032,LOS ANGELES,UNINCORPORATED,NA,NA
7059789,2015,2017-01-28,9540,2015-09-22,1630,019508,NA,2,2,7,1942,0,1,1,NA,1,502,RT 5,BALBOA BL,3168,N,N,A,-,Y,LA,7,5,-,R,45.03,H,-,N,Y,4,0,1,3,A,-,03,22350,NA,N,C,C,A,A,H,-,A,D,1,NA,NA,NA,NA,Y,NA,A,01,0,0,1,0,0,0,0,0,0,-,-,34.33023,-118.50573,LOS ANGELES,LOS ANGELES,-118.50409198,34.32645574
7059790,2015,2017-01-28,9540,2015-09-22,1345,019508,NA,2,1,7,1942,0,1,1,NA,1,502,RT 5,BALBOA BL,2640,N,N,A,-,Y,LA,7,5,-,R,44.93,H,-,N,Y,4,0,1,1,C,-,18,NA,NA,N,E,I,A,A,H,-,A,D,1,NA,NA,NA,NA,Y,NA,-,-,0,0,1,0,0,0,0,0,0,-,-,34.32701,-118.50412,LOS ANGELES,LOS ANGELES,-118.50309906,34.32528644
7059791,2015,2017-01-28,9540,2015-09-22,0540,16906,NA,2,3,7,1942,0,1,1,NA,1,503,RT 5,LOS ANGELES CITY LIMIT,400,S,N,A,-,Y,LA,7,5,-,-,45.09,H,-,S,Y,4,0,1,2,A,-,03,22350,NA,N,C,C,A,A,H,-,D,D,1,NA,NA,NA,NA,Y,NA,A,01,0,0,1,0,0,0,0,0,0,-,-,34.32947,-118.50619,LOS ANGELES,LOS ANGELES,-118.50630317,34.33005264
7059812,2015,2017-01-13,9575,2015-09-10,0915,17354,NA,4,1,6,1925,0,1,3,NA,2,042,RT 134,SAN FERNANDO RD,150,E,N,A,-,Y,LA,7,134,-,R,5.98,H,-,E,Y,4,0,1,3,A,-,03,22350,NA,N,C,C,A,A,H,-,A,D,1,NA,NA,NA,NA,Y,NA,A,07,0,0,1,0,0,0,0,0,0,-,-,34.15398,-118.27413,LOS ANGELES,GLENDALE,-118.27454365,34.15394468
7059823,2015,2015-11-19,1941,2015-09-29,2304,5894,NA,2,5,7,1941,0,0,0,NA,0,NA,LIME AV,7TH ST,110,N,N,A,-,N,NA,NA,NA,NA,NA,NA,NA,NA,NA,N,4,0,1,2,A,-,11,21955,NA,F,G,B,E,A,H,-,C,D,0,Y,NA,NA,NA,Y,NA,N,NA,0,0,1,0,1,0,0,0,0,-,-,NA,NA,LOS ANGELES,LONG BEACH,-118.18368,33.77564166
7059825,2015,2015-10-29,9550,2015-09-22,1810,19954,NA,2,2,9,1900,0,3,5,NA,2,005,LARKVANE RD,VIA AMOROSA,5,W,N,A,-,N,NA,NA,NA,NA,NA,NA,NA,NA,NA,Y,4,0,2,2,A,-,09,21802,A,N,D,C,A,A,H,-,B,D,0,NA,NA,NA,NA,Y,NA,A,07,0,0,2,0,0,0,0,0,0,-,-,33.98761,-117.90943,LOS ANGELES,UNINCORPORATED,-117.90946604,33.98766275
7059826,2015,2017-01-26,9550,2015-09-21,1155,19775,NA,1,1,5,1908,0,1,3,NA,2,090,RT 91,DOWNEY AV,100,E,N,A,-,Y,LA,7,91,-,-,14.15,H,-,E,N,4,0,1,2,A,-,03,22350,NA,N,C,C,A,A,H,-,A,D,1,NA,NA,NA,NA,Y,NA,A,01,0,0,1,0,0,0,0,0,0,-,-,33.87696,-118.14193,LOS ANGELES,BELLFLOWER,-118.15032935,33.87696354
7059827,2015,2017-01-14,9550,2015-09-21,1730,21102,NA,1,2,9,1900,0,1,1,NA,2,651,RT 605,IMPERIAL HWY,200,S,N,A,-,Y,LA,7,605,-,R,7.85,H,-,N,Y,4,0,1,2,A,-,03,22350,NA,N,C,C,A,A,H,-,A,D,1,NA,NA,NA,NA,Y,NA,A,01,0,0,1,0,0,0,0,0,0,-,-,33.91525,-118.10464,LOS ANGELES,UNINCORPORATED,-118.10457987,33.91686894
7059828,2015,2015-10-29,9550,2015-09-22,0227,20551,NA,2,3,9,1900,0,2,4,NA,1,052,COLIMA RD,BATSON AV,141,W,N,A,-,N,NA,NA,NA,NA,NA,NA,NA,NA,NA,Y,4,0,1,1,B,-,22,NA,NA,N,E,J,A,A,C,-,D,A,0,NA,NA,NA,NA,Y,NA,J,48,0,0,1,0,0,0,0,0,0,-,-,33.98842,-117.90441,LOS ANGELES,UNINCORPORATED,-117.90438368,33.98828494
7059833,2015,2015-10-20,1942,2015-09-27,1425,40383,1535,7,5,7,1942,0,0,0,O,0,9T54,BECK AV,COLLINS ST,0,NA,Y,A,-,N,NA,NA,NA,NA,NA,NA,NA,NA,NA,N,4,0,2,2,A,-,09,21802,A,N,D,C,A,A,H,-,A,D,0,NA,NA,NA,NA,Y,NA,A,01,0,0,2,0,0,0,0,0,0,-,-,NA,NA,LOS ANGELES,LOS ANGELES,-118.38338006,34.1739701
7059834,2015,2016-07-19,1942,2015-09-30,1545,38480,1061,3,5,7,1942,0,0,0,J,0,1061,VENTURA BL,SHIRLEY AV,0,NA,Y,A,-,N,NA,NA,NA,NA,NA,NA,NA,NA,NA,N,4,0,1,2,A,-,09,21801,A,N,D,C,A,A,H,-,A,A,0,NA,NA,NA,NA,Y,NA,A,07,0,0,1,0,0,0,0,0,0,-,-,NA,NA,LOS ANGELES,LOS ANGELES,-118.55784013,34.17277009
7059835,2015,2015-10-20,1942,2015-09-29,0800,30830,1747,2,5,7,1942,0,0,0,Q,0,16TL23,DEVONSHIRE ST,BALBOA BL,225,W,N,A,-,N,NA,NA,NA,NA,NA,NA,NA,NA,NA,N,2,0,1,2,A,-,09,21801,A,N,H,G,A,A,H,-,A,D,0,NA,Y,NA,NA,Y,NA,A,01,1,0,0,0,0,0,1,0,0,-,-,NA,NA,LOS ANGELES,LOS ANGELES,-118.50307323,34.25753126
7059853,2015,2015-11-13,1942,2015-10-23,0815,37540,0233,5,5,7,1942,0,0,0,B,0,11T32,BEVERLY,OCCIDENTAL,0,NA,Y,A,-,N,NA,NA,NA,NA,NA,NA,NA,NA,NA,Y,4,0,1,2,A,-,09,21801,A,N,D,C,A,A,H,-,A,D,0,NA,NA,NA,NA,Y,NA,A,01,0,0,1,0,0,0,0,0,0,-,-,NA,NA,LOS ANGELES,LOS ANGELES,-118.28015006,34.07094008
7059854,2015,2015-11-13,1942,2015-10-22,1910,39586,0265,4,5,7,1942,0,0,0,B,0,2T15,8TH ST,WESTLAKE AV,20,E,N,B,-,N,NA,NA,NA,NA,NA,NA,NA,NA,NA,N,4,0,1,2,A,-,04,21703,NA,N,C,C,A,A,H,-,C,A,0,NA,NA,NA,NA,Y,NA,A,01,0,0,1,0,0,0,0,0,0,-,-,NA,NA,LOS ANGELES,LOS ANGELES,-118.27661193,34.05433408
7059855,2015,2015-11-13,1942,2015-10-28,1910,39062,0251,3,5,7,1942,0,0,0,B,0,1T11,BENTON WY,3RD ST,0,NA,Y,A,-,N,NA,NA,NA,NA,NA,NA,NA,NA,NA,Y,3,0,3,3,A,-,09,21802,A,N,D,C,A,A,H,-,C,A,0,NA,NA,NA,NA,Y,NA,A,01,0,1,2,0,0,0,0,0,0,-,-,NA,NA,LOS ANGELES,LOS ANGELES,-118.27969009,34.06669002
7059856,2015,2015-11-13,1942,2015-10-28,1025,39761,0246,3,5,7,1942,0,0,0,B,0,11TL21,6TH ST,WESTLAKE AV,0,NA,Y,A,-,N,NA,NA,NA,NA,NA,NA,NA,NA,NA,N,4,0,2,2,A,-,12,21453,A,N,D,C,A,A,H,-,A,A,0,NA,NA,NA,NA,Y,NA,A,07,0,0,2,0,0,0,0,0,0,-,-,NA,NA,LOS ANGELES,LOS ANGELES,-118.27366012,34.0589901
7059859,2015,2016-07-20,1918,2015-09-27,0609,773,NA,7,5,4,1918,0,0,0,NA,0,2M6,FOX HILLS DR,HANNUM AV,755,W,N,A,-,N,NA,NA,NA,NA,NA,NA,NA,NA,NA,Y,4,0,1,1,A,-,01,23152,A,N,E,I,A,A,H,-,B,D,0,NA,NA,NA,NA,Y,Y,A,07,0,0,1,0,0,0,0,0,0,-,-,33.987,-118.3897,LOS ANGELES,CULVER CITY,-118.39133256,33.98549878
7059860,2015,2015-11-16,1918,2015-09-30,1705,701,NA,3,5,4,1918,0,0,0,NA,0,2M5,HAYDEN AV,WARNER DR,69,S,N,A,-,N,NA,NA,NA,NA,NA,NA,NA,NA,NA,Y,4,0,1,2,A,-,08,22102,NA,N,B,C,A,A,H,-,A,D,0,NA,NA,NA,NA,Y,NA,A,07,0,0,1,0,0,0,0,0,0,-,-,34.02336,-118.38188,LOS ANGELES,CULVER CITY,-118.3818878,34.02339697
7059873,2015,2017-01-13,9540,2015-09-28,1610,019772,NA,1,2,9,1900,0,1,3,NA,1,142,RT 14,NEWHALL AV,1056,S,N,A,-,Y,LA,7,14,-,R,26.68,H,-,N,N,4,0,1,2,A,-,03,22350,NA,N,C,C,A,A,H,-,A,D,1,NA,NA,NA,NA,Y,NA,A,01,0,0,1,0,0,0,0,0,0,-,-,34.36212,-118.50496,LOS ANGELES,UNINCORPORATED,-118.50600041,34.36006269
7059874,2015,2015-10-09,9540,2015-09-25,0510,019332,NA,5,3,9,1900,0,2,4,NA,1,204,BOUQUET CANYON RD,VAZQUEZ CANYON RD,1056,S,N,A,-,N,NA,NA,NA,NA,NA,NA,NA,NA,NA,Y,3,0,1,1,A,-,08,22107,NA,N,E,I,A,A,H,-,B,D,0,NA,NA,NA,NA,Y,NA,A,08,0,1,0,0,0,0,0,0,0,-,-,34.47023,-118.46931,LOS ANGELES,UNINCORPORATED,-118.46870187,34.471107
7059875,2015,2015-10-09,9540,2015-09-22,1330,019192,NA,2,1,9,1900,0,2,4,NA,1,104,SAN FRANCISQUITO CANYON RD,QUAIL TRL,2640,N,N,A,-,N,NA,NA,NA,NA,NA,NA,NA,NA,NA,Y,4,0,1,1,A,-,08,22107,NA,N,E,I,A,A,H,-,A,D,0,NA,NA,Y,NA,Y,NA,C,02,0,0,1,0,0,0,0,0,1,-,-,34.52099,-118.15337,LOS ANGELES,UNINCORPORATED,-118.53725708,34.50553487
7059876,2015,2015-10-09,9540,2015-09-20,0100,019337,NA,7,3,9,1900,0,2,4,NA,1,104,SAN FRANCISQUITO CANYON RD,DILLIN CANYON RD,6864,N,N,A,-,N,NA,NA,NA,NA,NA,NA,NA,NA,NA,Y,3,0,1,1,A,-,03,22350,NA,N,E,I,A,A,H,-,D,D,0,NA,NA,NA,NA,Y,NA,A,01,0,1,0,0,0,0,0,0,0,-,-,34.52297,-118.53205,LOS ANGELES,UNINCORPORATED,NA,NA
7059881,2015,2017-01-17,9540,2015-09-24,1135,013644,NA,4,1,9,1900,0,1,1,NA,2,509,RT 5,LAKE HUGHES RD,250,S,N,A,-,Y,LA,7,5,-,R,59.44,H,-,S,N,4,0,1,1,A,-,08,22107,NA,N,E,C,A,A,H,-,A,D,1,NA,NA,NA,NA,Y,NA,A,01,0,0,1,0,0,0,0,0,0,-,-,34.49444,-118.62308,LOS ANGELES,UNINCORPORATED,-118.62332385,34.49495712
7059882,2015,2017-01-14,9540,2015-09-25,1535,19788,NA,5,2,6,1985,0,1,1,NA,2,506,RT 5,MAGIC MOUNTAIN PKWY,500,N,N,A,-,Y,LA,7,5,-,R,53.83,H,-,N,Y,4,0,1,1,A,-,08,22107,NA,N,E,J,A,A,H,-,A,D,1,NA,NA,NA,NA,Y,NA,A,07,0,0,1,0,0,0,0,0,0,-,-,34.42515,-118.58399,LOS ANGELES,SANTA CLARITA,-118.58498853,34.42672834
7059883,2015,2017-01-14,9540,2015-09-25,2221,020484,NA,5,3,7,1942,0,1,1,NA,2,210,RT 210,HUBBARD ST,1123,E,N,A,-,Y,LA,7,210,-,-,4.39,H,-,W,Y,4,0,1,1,A,-,08,22107,NA,N,E,I,A,A,H,-,C,D,1,NA,NA,NA,NA,Y,NA,A,01,0,0,1,0,0,0,0,0,0,-,-,34.30297,-118.4233,LOS ANGELES,LOS ANGELES,-118.42596097,34.30538315
7059884,2015,2017-01-13,9540,2015-09-25,0810,019254,NA,5,1,9,1900,0,1,3,NA,1,143,RT 14,SIERRA HWY,1056,N,N,A,-,Y,LA,7,14,-,R,25.37,H,-,S,Y,4,0,1,4,A,-,03,22350,NA,N,C,C,A,A,H,-,A,D,3,NA,NA,NA,NA,Y,NA,A,01,0,0,1,0,0,0,0,0,0,-,-,34.34287,-118.50566,LOS ANGELES,UNINCORPORATED,-118.5059792,34.34176069
7059905,2015,2015-10-09,9540,2015-09-23,0805,13644,NA,3,1,9,1900,0,3,5,NA,2,003,HENRY MAYO DR,THE OLD RD,145,W,N,A,-,N,NA,NA,NA,NA,NA,NA,NA,NA,NA,Y,3,0,1,1,A,-,03,22350,NA,N,E,I,A,A,H,-,A,D,0,NA,NA,Y,NA,Y,NA,C,02,0,1,0,0,0,0,0,0,1,TO,-,34.44043,-118.60651,LOS ANGELES,UNINCORPORATED,-118.60652423,34.44056605
7059906,2015,2017-01-10,9540,2015-09-08,1450,17414,NA,2,2,9,1900,0,1,3,NA,2,146,RT 14,ESCONDIDO CANYON RD,3200,S,N,A,-,Y,LA,7,14,-,-,42.57,H,-,N,Y,4,0,1,1,C,-,18,NA,NA,N,E,I,A,A,H,-,A,D,1,NA,NA,NA,NA,Y,NA,-,-,0,0,1,0,0,0,0,0,0,-,-,34.48059,-118.29091,LOS ANGELES,UNINCORPORATED,-118.28819575,34.48236779
7059907,2015,2017-01-10,9540,2015-09-11,0655,019317,NA,5,1,6,1985,0,1,3,NA,2,147,RT 14,SAND CANYON RD,3696,N,N,A,-,Y,LA,7,14,-,-,34.12,H,-,S,Y,2,0,1,2,A,-,03,22350,NA,N,B,C,A,A,H,-,A,D,1,NA,NA,Y,NA,Y,NA,C,02,1,0,0,0,0,0,0,0,1,-,-,34.42781,-118.41184,LOS ANGELES,SANTA CLARITA,-118.41223916,34.42774388