CASE_ID,ACCIDENT_YEAR,PROC_DATE,JURIS,COLLISION_DATE,COLLISION_TIME,OFFICER_ID,REPORTING_DISTRICT,DAY_OF_WEEK,CHP_SHIFT,POPULATION,CNTY_CITY_LOC,SPECIAL_COND,BEAT_TYPE,CHP_BEAT_TYPE,CITY_DIVISION_LAPD,CHP_BEAT_CLASS,BEAT_NUMBER,PRIMARY_RD,SECONDARY_RD,DISTANCE,DIRECTION,INTERSECTION,WEATHER_1,WEATHER_2,STATE_HWY_IND,CALTRANS_COUNTY,CALTRANS_DISTRICT,STATE_ROUTE,ROUTE_SUFFIX,POSTMILE_PREFIX,POSTMILE,LOCATION_TYPE,RAMP_INTERSECTION,SIDE_OF_HWY,TOW_AWAY,COLLISION_SEVERITY,NUMBER_KILLED,NUMBER_INJURED,PARTY_COUNT,PRIMARY_COLL_FACTOR,PCF_CODE_OF_VIOL,PCF_VIOL_CATEGORY,PCF_VIOLATION,PCF_VIOL_SUBSECTION,HIT_AND_RUN,TYPE_OF_COLLISION,MVIW,PED_ACTION,ROAD_SURFACE,ROAD_COND_1,ROAD_COND_2,LIGHTING,CONTROL_DEVICE,CHP_ROAD_TYPE,PEDESTRIAN_ACCIDENT,BICYCLE_ACCIDENT,MOTORCYCLE_ACCIDENT,TRUCK_ACCIDENT,NOT_PRIVATE_PROPERTY,ALCOHOL_INVOLVED,STWD_VEHTYPE_AT_FAULT,CHP_VEHTYPE_AT_FAULT,COUNT_SEVERE_INJ,COUNT_VISIBLE_INJ,COUNT_COMPLAINT_PAIN,COUNT_PED_KILLED,COUNT_PED_INJURED,COUNT_BICYCLIST_KILLED,COUNT_BICYCLIST_INJURED,COUNT_MC_KILLED,COUNT_MC_INJURED,PRIMARY_RAMP,SECONDARY_RAMP,LATITUDE,LONGITUDE,COUNTY,CITY,POINT_X,POINT_Y
7060318,2015,2015-10-15,1975,2015-08-15,1011,396,NA,6,5,6,1975,0,0,0,NA,0,004,VALINDA AV,MERLINDA ST,160,N,N,A,-,N,NA,NA,NA,NA,NA,NA,NA,NA,NA,Y,4,0,1,3,A,-,08,22107,NA,N,B,E,A,A,H,-,A,A,0,NA,NA,NA,NA,Y,NA,-,NA,0,0,1,0,0,0,0,0,0,-,-,NA,NA,LOS ANGELES,WEST COVINA,-117.9254959,34.05658863
7060319,2015,2015-10-20,1975,2015-08-16,1711,353,NA,7,5,6,1975,0,0,0,NA,0,004,LARK ELLEN AV,CAMERON AV,0,NA,Y,A,-,N,NA,NA,NA,NA,NA,NA,NA,NA,NA,Y,3,0,1,2,A,-,12,21457,A,N,D,C,A,A,H,-,A,A,0,NA,NA,NA,NA,Y,NA,-,-,0,1,0,0,0,0,0,0,0,-,-,NA,NA,LOS ANGELES,WEST COVINA,-117.91673012,34.06117004
7060320,2015,2016-07-20,1975,2015-08-17,1217,650,NA,1,5,6,1975,0,0,0,NA,0,002,WORKMAN AV,CITRUS AV,599,W,N,A,-,N,NA,NA,NA,NA,NA,NA,NA,NA,NA,N,4,0,1,2,A,-,09,21804,A,N,-,C,A,A,H,-,A,D,0,NA,NA,NA,NA,Y,NA,-,NA,0,0,1,0,0,0,0,0,0,-,-,NA,NA,LOS ANGELES,WEST COVINA,-117.89214322,34.07535876
7060321,2015,2015-10-29,9550,2015-09-02,0805,19421,NA,3,1,9,1900,0,3,5,NA,2,002,COLIMA RD,LA MIRADA BL,60,N,N,B,-,N,NA,NA,NA,NA,NA,NA,NA,NA,NA,N,4,0,1,2,A,-,08,22107,NA,N,D,G,A,A,H,-,A,D,0,NA,Y,NA,NA,Y,NA,L,04,0,0,1,0,0,0,1,0,0,-,-,33.94083,-118.01255,LOS ANGELES,UNINCORPORATED,-118.01245234,33.94088427
7060322,2015,2017-01-14,9550,2015-09-02,0600,18408,NA,3,1,5,1976,0,1,1,NA,2,650,RT 605,WHITTIER BL,1000,S,N,B,-,Y,LA,7,605,-,R,13.36,H,-,S,Y,4,0,3,3,A,-,08,22107,NA,N,E,I,A,A,H,-,D,D,1,NA,NA,NA,NA,Y,NA,D,22,0,0,3,0,0,0,0,0,0,-,-,33.98658,-118.07159,LOS ANGELES,WHITTIER,-118.07005715,33.99051386
7060323,2015,2015-10-29,9550,2015-09-01,1415,20928,NA,2,2,9,1900,0,3,5,NA,2,002,LA MIRADA BL,DUNTON DR,0,NA,Y,A,-,N,NA,NA,NA,NA,NA,NA,NA,NA,NA,Y,4,0,1,2,A,-,03,22350,NA,N,C,C,A,A,H,-,A,A,0,NA,NA,NA,NA,Y,NA,A,01,0,0,1,0,0,0,0,0,0,-,-,33.93756,-118.01021,LOS ANGELES,UNINCORPORATED,-118.01202014,33.93788001
7060324,2015,2017-01-14,9550,2015-09-01,1625,20983,NA,2,2,6,1920,0,1,1,NA,2,150,RT 105,PARAMOUNT BL,600,E,N,A,-,Y,LA,7,105,-,R,14.76,H,-,W,Y,4,0,1,3,A,-,03,22350,NA,F,C,C,A,A,H,-,A,D,1,NA,NA,NA,NA,Y,NA,-,99,0,0,1,0,0,0,0,0,0,-,-,33.91321,-118.14781,LOS ANGELES,DOWNEY,-118.15792919,33.9122194
7060329,2015,2017-01-21,9530,2015-09-10,1710,020776,NA,4,2,7,1942,0,1,1,NA,2,110,RT 110,REDONDO BEACH BL,1000,S,N,A,-,Y,LA,7,110,-,-,11.05,H,-,N,N,3,0,1,3,A,-,03,22350,NA,N,C,C,A,A,H,-,A,D,1,NA,NA,NA,NA,Y,NA,D,22,0,1,0,0,0,0,0,0,0,-,-,33.53225,-118.17708,LOS ANGELES,LOS ANGELES,-118.28547874,33.88994249
7060330,2015,2017-01-26,9530,2015-09-01,2242,020240,NA,2,3,7,1941,0,1,1,NA,2,071,RT 710,LONG BEACH BL,744,N,N,A,-,Y,LA,7,710,-,-,12.16,H,-,N,Y,4,0,1,2,A,-,03,22350,NA,N,C,C,A,A,H,-,D,D,1,NA,NA,NA,NA,Y,NA,A,07,0,0,1,0,0,0,0,0,0,-,-,33.86446,-118.19795,LOS ANGELES,LONG BEACH,-118.198062,33.86436795
7060331,2015,2017-01-14,9530,2015-09-01,0930,16193,NA,2,1,9,1900,0,1,1,NA,2,210,RT 105,CENTRAL AV,100,E,N,B,-,Y,LA,7,105,-,R,8.95,H,-,W,N,4,0,2,3,A,-,03,22350,NA,N,C,C,A,A,H,-,A,D,6,NA,NA,NA,NA,Y,NA,A,01,0,0,2,0,0,0,0,0,0,-,-,33.92891,-118.24981,LOS ANGELES,UNINCORPORATED,-118.2535064,33.92832364
7060332,2015,2017-01-13,9530,2015-09-17,1545,20935,NA,4,2,7,1941,0,1,1,NA,2,420,RT 405,PACIFIC PL,75,N,N,A,-,Y,LA,7,405,-,-,7.03,H,-,S,Y,4,0,2,3,A,-,07,21658,A,N,C,C,A,A,H,-,A,D,1,NA,NA,NA,NA,Y,NA,A,07,0,0,2,0,0,0,0,0,0,-,-,33.8229,-118.1986,LOS ANGELES,LONG BEACH,-118.19876553,33.8231025
7060377,2015,2017-01-18,9550,2015-08-28,0920,20928,NA,5,1,9,1900,0,1,3,NA,2,600,RT 60,TURNBULL CANYON RD,550,E,N,A,-,Y,LA,7,60,-,-,15.23,H,-,W,Y,4,0,2,3,A,-,03,22350,NA,N,C,C,A,A,H,-,A,D,1,NA,NA,NA,NA,Y,NA,A,01,0,0,2,0,0,0,0,0,0,-,-,34.01076,-117.9762,LOS ANGELES,UNINCORPORATED,-117.97598617,34.01056064
7060378,2015,2015-10-14,9550,2015-08-28,1225,15449,NA,5,1,9,1900,0,3,5,NA,2,002,CARMENITA RD,LAKELAND RD,0,NA,Y,A,-,N,NA,NA,NA,NA,NA,NA,NA,NA,NA,Y,4,0,1,2,A,-,09,21801,A,N,A,C,A,A,-,-,A,A,0,NA,NA,NA,NA,Y,NA,A,07,0,0,1,0,0,0,0,0,0,-,-,33.93167,-118.04549,LOS ANGELES,UNINCORPORATED,-118.04658007,33.93177002
7060379,2015,2017-01-21,9550,2015-08-28,1445,20928,NA,5,2,9,1900,0,2,4,NA,1,051,FULLERTON RD,RT 60,50,S,N,A,-,Y,LA,7,60,-,-,19.297,R,4,E,N,4,0,1,2,A,-,03,22350,NA,N,C,C,A,A,H,-,A,A,1,NA,NA,NA,NA,Y,NA,D,22,0,0,1,0,0,0,0,0,0,-,TO,33.99233,-117.90544,LOS ANGELES,UNINCORPORATED,-117.90835042,33.99408727
7060380,2015,2017-01-23,9550,2015-08-28,1400,20983,NA,5,2,6,1920,0,1,1,NA,2,150,RT 105,LAKEWOOD BL,300,W,N,A,-,Y,LA,7,105,-,-,15.61,H,-,E,Y,2,0,1,3,A,-,08,22107,NA,N,D,C,A,A,H,-,A,D,1,NA,NA,Y,NA,Y,NA,D,22,1,0,0,0,0,0,0,0,1,-,-,33.91126,-118.1492,LOS ANGELES,DOWNEY,-118.1432755,33.9129321
7060381,2015,2017-01-14,9550,2015-08-30,0115,20688,NA,7,3,6,1949,0,1,1,NA,2,651,RT 605,ALONDRA BL,1500,N,N,A,-,Y,LA,7,605,-,R,6.12,H,-,S,Y,3,0,3,3,A,-,01,23152,A,N,D,C,A,A,H,-,D,D,1,NA,NA,NA,NA,Y,Y,A,07,0,1,2,0,0,0,0,0,0,-,-,33.89196,-118.10477,LOS ANGELES,NORWALK,-118.10482479,33.89179002
7060382,2015,2015-10-10,9550,2015-08-31,1405,20974,NA,1,2,9,1900,0,3,5,NA,2,002,COLIMA RD,POULTER DR,0,S,N,A,-,N,NA,NA,NA,NA,NA,NA,NA,NA,NA,Y,4,0,1,2,A,-,08,22107,NA,N,E,E,A,A,H,-,A,D,0,NA,NA,NA,NA,Y,NA,D,22,0,0,1,0,0,0,0,0,0,-,-,33.92711,-118.0227,LOS ANGELES,UNINCORPORATED,-118.02291004,33.92711006
7060383,2015,2017-01-12,9550,2015-08-27,0805,18412,NA,4,1,5,1908,0,1,3,NA,2,091,RT 91,WOODRUFF AV,100,E,N,A,-,Y,LA,7,91,-,R,16.12,H,-,E,N,4,0,1,3,A,-,03,22350,NA,N,C,C,A,A,H,-,A,D,1,NA,NA,NA,NA,Y,NA,D,22,0,0,1,0,0,0,0,0,0,-,-,33.8762,-118.1165,LOS ANGELES,BELLFLOWER,-118.11654908,33.87631481
7060384,2015,2015-10-10,9550,2015-08-21,2330,21042,NA,5,3,9,1900,0,3,5,NA,2,002,GUNN AV,MYSTIC ST,195,S,N,A,-,N,NA,NA,NA,NA,NA,NA,NA,NA,NA,Y,2,0,2,2,A,-,08,22107,NA,F,C,C,A,A,H,-,C,D,0,NA,NA,NA,NA,Y,NA,A,01,1,0,1,0,0,0,0,0,0,-,-,33.94328,-118.03611,LOS ANGELES,UNINCORPORATED,-118.03593285,33.9432851
7060386,2015,2017-01-14,9550,2015-08-22,1650,20983,NA,6,2,3,1964,0,1,1,NA,2,501,RT 5,CARMENITA RD,300,S,N,A,-,Y,LA,7,5,-,-,2.35,H,-,N,N,4,0,2,3,A,-,03,22350,NA,N,C,C,A,A,H,-,A,D,1,NA,NA,NA,NA,Y,NA,D,22,0,0,2,0,0,0,0,0,0,-,-,33.0991,-118.05551,LOS ANGELES,SANTA FE SPRINGS,-118.04569791,33.89324667
7060387,2015,2017-01-21,9550,2015-08-25,0826,20932,NA,2,1,9,1900,0,1,1,NA,2,650,RT 605,SLAUSON AV,250,S,N,A,-,Y,LA,7,605,-,R,11.5,H,-,N,Y,3,0,1,2,A,-,03,22350,NA,N,C,C,A,A,H,-,A,D,1,NA,NA,Y,NA,Y,NA,C,02,0,1,0,0,0,0,0,0,1,-,-,33.96805,-118.08291,LOS ANGELES,UNINCORPORATED,-118.08359769,33.96635745
7060388,2015,2015-10-10,9550,2015-08-21,1450,20966,NA,5,2,9,1900,0,3,5,NA,2,002,MILLS AV,LAMBERT RD,0,NA,Y,A,-,N,NA,NA,NA,NA,NA,NA,NA,NA,NA,Y,3,0,2,2,C,-,18,NA,NA,N,D,C,A,A,H,-,A,A,0,NA,NA,NA,NA,Y,NA,-,-,0,1,1,0,0,0,0,0,0,-,-,33.94616,-118.02009,LOS ANGELES,UNINCORPORATED,-118.02027012,33.94615003
7060390,2015,2017-01-14,9550,2015-08-23,2100,20741,NA,7,2,6,1949,0,1,1,NA,2,501,RT 5,NORWALK BL,600,S,N,A,-,Y,LA,7,5,-,-,4.3,H,-,N,N,4,0,1,3,A,-,03,22350,NA,F,C,C,A,A,H,-,D,D,1,NA,NA,NA,NA,Y,NA,-,99,0,0,1,0,0,0,0,0,0,-,-,33.91112,-118.07125,LOS ANGELES,NORWALK,-118.07171743,33.91127797
7060391,2015,2015-10-10,9550,2015-08-21,1120,18408,NA,5,1,9,1900,0,2,4,NA,1,031,HACIENDA BL,LA MONDE ST,80,S,N,B,-,N,NA,NA,NA,NA,NA,NA,NA,NA,NA,N,4,0,1,2,A,-,03,22350,NA,N,C,C,A,A,H,-,A,D,0,NA,NA,NA,NA,Y,NA,D,22,0,0,1,0,0,0,0,0,0,-,-,33.99505,-117.96793,LOS ANGELES,UNINCORPORATED,-117.96869314999999,33.99454709
7060392,2015,2017-01-14,9550,2015-08-21,1300,20928,NA,5,1,9,1900,0,1,1,NA,2,650,RT 605,TELEGRAPH RD,1500,N,N,A,-,Y,LA,7,605,-,R,10.56,H,-,S,Y,4,0,1,2,A,-,07,21658,A,N,B,C,A,A,H,-,A,D,1,NA,NA,NA,NA,Y,NA,A,08,0,0,1,0,0,0,0,0,0,-,-,33.95727,-118.0876,LOS ANGELES,UNINCORPORATED,-118.0897986,33.95361903
7060393,2015,2017-01-04,1900,2015-09-09,0820,451503,1335,3,5,5,1908,0,0,0,NA,0,133T1,RT 19,CEDAR ST,22,N,N,A,-,Y,LA,7,19,-,-,5.65,H,-,S,N,4,0,1,2,A,-,03,22350,NA,N,C,C,A,A,H,-,A,D,0,NA,NA,NA,NA,Y,NA,A,NA,0,0,1,0,0,0,0,0,0,-,-,NA,NA,LOS ANGELES,BELLFLOWER,-118.14266989,33.87131285
7060394,2015,2016-07-19,1900,2015-09-07,1630,600695,1322,1,5,5,1935,0,0,0,NA,0,132T2,RT 19,HEDDA ST,0,NA,Y,A,-,N,NA,NA,NA,NA,NA,NA,NA,NA,NA,Y,4,0,1,2,A,-,09,21802,A,N,D,C,A,A,H,-,A,A,0,NA,NA,NA,NA,Y,NA,A,01,0,0,1,0,0,0,0,0,0,-,-,NA,NA,LOS ANGELES,LAKEWOOD,-118.142442,33.864102
7060396,2015,2015-10-20,1900,2015-09-02,1530,523746,1363,3,5,5,1952,0,0,0,NA,0,136T1P,SOMERSET BL,ORANGE AV,0,NA,Y,A,-,N,NA,NA,NA,NA,NA,NA,NA,NA,NA,Y,4,0,1,3,A,-,09,21801,A,N,A,C,A,A,H,-,A,A,0,NA,NA,NA,NA,Y,NA,A,01,0,0,1,0,0,0,0,0,0,-,-,NA,NA,LOS ANGELES,PARAMOUNT,-118.17752,33.89637009
7060399,2015,2015-10-20,1900,2015-09-03,2230,600695,1320,4,5,5,1935,0,0,0,NA,0,132T2,DEL AMO BL,PARAMOUNT BL,52,E,N,A,-,N,NA,NA,NA,NA,NA,NA,NA,NA,NA,N,4,0,1,2,A,-,11,21954,A,N,G,B,D,A,H,-,C,D,0,Y,NA,NA,NA,Y,NA,N,60,0,0,1,0,1,0,0,0,0,-,-,NA,NA,LOS ANGELES,LAKEWOOD,-118.1597191,33.84714
7060409,2015,2015-10-10,1976,2015-08-22,1007,469,NA,6,5,5,1976,0,0,0,NA,0,NA,LAMBERT RD,GUNN AV,60,W,N,A,-,N,NA,NA,NA,NA,NA,NA,NA,NA,NA,Y,4,0,1,2,A,-,03,22350,NA,N,D,C,A,A,H,-,A,A,0,NA,NA,NA,NA,Y,NA,D,22,0,0,1,0,0,0,0,0,0,-,-,NA,NA,LOS ANGELES,WHITTIER,-118.02483254,33.94911441
7060411,2015,2017-01-25,9535,2015-08-23,0215,20833,NA,7,3,5,1948,0,1,1,NA,2,421,RT 10,RT 710,550,W,N,A,-,Y,LA,7,10,-,-,21.25,H,-,W,Y,3,0,1,1,A,-,01,23152,A,N,E,I,A,A,H,-,C,D,1,NA,NA,NA,NA,Y,Y,D,22,0,1,0,0,0,0,0,0,0,-,-,34.06155,-118.16739,LOS ANGELES,MONTEREY PARK,-118.16725286,34.06143432
7060412,2015,2017-01-25,9535,2015-08-26,1005,17595,NA,3,1,5,1901,0,1,1,NA,2,421,RT 10,NEW AV,1000,W,N,A,-,Y,LA,7,10,-,-,24.64,H,-,W,Y,4,0,1,4,A,-,08,22107,NA,N,C,C,A,A,H,-,A,D,1,NA,NA,NA,NA,Y,NA,D,22,0,0,1,0,0,0,0,0,0,-,-,34.0719,-118.11025,LOS ANGELES,ALHAMBRA,-118.11167386,34.07194323
7060413,2015,2017-01-12,9550,2015-08-13,1350,20070,NA,4,1,5,1908,0,1,3,NA,2,091,RT 91,CLARK AV,1200,E,N,A,-,Y,LA,7,91,-,R,15.36,H,-,W,N,4,0,1,2,A,-,03,22350,NA,N,C,C,A,A,H,-,A,D,1,NA,NA,NA,NA,Y,NA,A,08,0,0,1,0,0,0,0,0,0,-,-,33.87634,-118.12898,LOS ANGELES,BELLFLOWER,-118.12985586,33.87629384
7060414,2015,2017-01-14,9550,2015-08-14,1245,20932,NA,5,1,6,1920,0,1,1,NA,2,500,RT 5,SAN GABRIEL RIVER,600,N,N,A,-,Y,LA,7,5,-,-,7.3,H,-,S,Y,4,0,1,2,A,-,03,22350,NA,N,C,C,A,A,H,-,A,D,1,NA,NA,NA,NA,Y,NA,A,01,0,0,1,0,0,0,0,0,0,-,-,33.94607,-118.10012,LOS ANGELES,DOWNEY,-118.10053266,33.94691843
7060415,2015,2015-10-10,9550,2015-08-14,0850,14312,NA,5,1,9,1900,0,2,4,NA,1,052,COLIMA RD,FULLERTON RD,0,NA,Y,A,-,N,NA,NA,NA,NA,NA,NA,NA,NA,NA,Y,3,0,5,3,A,-,12,21453,A,N,D,C,A,A,H,-,A,A,0,NA,NA,NA,NA,Y,NA,A,08,0,1,4,0,0,0,0,0,0,-,-,33.9884,-117.90571,LOS ANGELES,UNINCORPORATED,-117.90569008,33.98836012
7060416,2015,2017-01-12,9550,2015-08-14,0930,20969,NA,5,1,5,1908,0,1,3,NA,2,091,RT 91,LAKEWOOD BL,1320,E,N,A,-,Y,LA,7,91,-,R,14.9,H,-,E,Y,4,0,1,4,A,-,03,22350,NA,N,C,C,A,A,H,-,A,D,1,NA,NA,Y,NA,Y,NA,C,02,0,0,1,0,0,0,0,0,1,-,-,33.87698,-118.13624,LOS ANGELES,BELLFLOWER,-118.13771464,33.87708917
7060459,2015,2016-01-06,9550,2015-08-15,0003,021100,NA,6,3,9,1900,0,2,4,NA,1,022,LEFFINGWELL RD,CARMENITA RD,0,NA,Y,A,-,N,NA,NA,NA,NA,NA,NA,NA,NA,NA,Y,3,0,2,2,A,-,01,23152,A,F,A,C,A,A,H,-,C,A,0,NA,NA,NA,NA,Y,Y,A,01,0,2,0,0,0,0,0,0,0,-,-,33.94129,-118.01566,LOS ANGELES,UNINCORPORATED,-118.04677003,33.91878007
7060473,2015,2015-10-08,1900,2015-08-27,1715,512462,NA,4,5,5,1935,0,0,0,NA,0,132F,PARAMOUNT BL,DELAMO BL,50,N,N,A,-,N,NA,NA,NA,NA,NA,NA,NA,NA,NA,N,4,0,1,3,A,-,03,22350,NA,N,C,B,B,A,H,-,A,A,0,Y,NA,NA,NA,Y,NA,A,01,0,0,1,0,1,0,0,0,0,-,-,NA,NA,LOS ANGELES,LAKEWOOD,-118.15988764,33.8472771
7060474,2015,2015-10-08,1900,2015-08-18,2036,545736,1331,2,5,5,1908,0,0,0,NA,0,133F,WOODRUFF AV,ROSECRANS AV,200,N,N,A,-,N,NA,NA,NA,NA,NA,NA,NA,NA,NA,N,4,0,1,2,A,-,08,22107,NA,M,B,C,A,A,H,-,C,D,0,NA,NA,Y,NA,Y,NA,-,99,0,0,1,0,0,0,0,0,1,-,-,NA,NA,LOS ANGELES,BELLFLOWER,-118.11667306,33.90257839
7060475,2015,2015-10-08,1900,2015-08-16,1850,536380,1327,7,5,5,1935,0,0,0,NA,0,132T2,PIONEER BL,215TH ST,0,NA,Y,A,-,N,NA,NA,NA,NA,NA,NA,NA,NA,NA,N,3,0,1,2,D,-,00,NA,NA,N,D,G,A,A,H,-,A,-,0,NA,Y,NA,NA,Y,NA,-,-,0,1,0,0,0,0,1,0,0,-,-,NA,NA,LOS ANGELES,LAKEWOOD,-118.08193013,33.83415001
7060476,2015,2015-10-08,1900,2015-08-02,2140,536380,1327,7,5,5,1935,0,0,0,NA,0,132T1,CARSON ST,NECTAR AV,0,NA,Y,A,-,N,NA,NA,NA,NA,NA,NA,NA,NA,NA,Y,4,0,1,2,A,-,09,21801,A,N,D,C,A,A,H,-,C,A,0,NA,NA,NA,NA,Y,NA,A,07,0,0,1,0,0,0,0,0,0,-,-,NA,NA,LOS ANGELES,LAKEWOOD,-118.08797013,33.83151001
7060533,2015,2017-01-12,9550,2015-08-14,0725,20932,NA,5,1,5,1919,0,1,3,NA,2,092,RT 91,SHOEMAKER AV,800,W,N,A,-,Y,LA,7,91,-,R,19.66,H,-,E,N,4,0,1,2,A,-,03,22350,NA,F,C,C,A,A,H,-,A,D,1,NA,NA,NA,NA,Y,NA,-,99,0,0,1,0,0,0,0,0,0,-,-,33.8701,-118.05605,LOS ANGELES,CERRITOS,-118.05716773,33.87112165
7060534,2015,2015-10-10,9550,2015-08-14,0855,20954,NA,5,1,9,1900,0,3,5,NA,2,003,7TH AV,GALE AV,0,NA,Y,A,-,N,NA,NA,NA,NA,NA,NA,NA,NA,NA,Y,3,0,1,2,A,-,12,21453,A,N,D,C,A,A,H,-,A,A,0,NA,NA,NA,NA,Y,NA,D,22,0,1,0,0,0,0,0,0,0,-,-,34.02099,-117.98724,LOS ANGELES,UNINCORPORATED,-117.98787,34.0199601
7060537,2015,2017-01-14,9550,2015-08-14,1045,18408,NA,5,1,9,1900,0,1,1,NA,2,650,RT 605,SARAGOSSA ST,450,N,N,A,-,Y,LA,7,605,-,R,12.52,H,-,S,Y,4,0,2,2,A,-,08,22107,NA,N,C,C,A,A,H,-,A,D,1,NA,NA,NA,NA,Y,NA,A,01,0,0,2,0,0,0,0,0,0,-,-,33.98235,-118.07448,LOS ANGELES,UNINCORPORATED,-118.0768405,33.97989103
7060538,2015,2017-01-14,9550,2015-08-14,1530,16882,NA,5,2,3,1964,0,1,1,NA,2,501,RT 5,CARMENITA RD,900,N,N,A,-,Y,LA,7,5,-,-,2.58,H,-,N,Y,3,0,1,3,A,-,06,21755,NA,F,B,C,A,A,D,-,A,D,1,NA,NA,Y,NA,Y,NA,C,02,0,1,0,0,0,0,0,0,1,-,-,33.89557,-118.04999,LOS ANGELES,SANTA FE SPRINGS,-118.04906033,33.89506379
7060539,2015,2015-10-10,9550,2015-08-14,1656,17998,NA,5,2,9,1900,0,2,4,NA,1,012,WASHINGTON BL,RT 605,630,W,N,A,-,N,NA,NA,NA,NA,NA,NA,NA,NA,NA,N,4,0,1,2,A,-,09,21804,A,N,D,G,A,A,H,-,A,A,0,NA,Y,NA,NA,Y,NA,L,04,0,0,1,0,0,0,1,0,0,-,-,33.9749,-118.08188,LOS ANGELES,UNINCORPORATED,-118.08188854,33.97487668
7060653,2015,2017-01-20,9575,2015-09-10,2230,021026,NA,4,3,6,1953,0,1,1,NA,2,065,RT 210,SAN GABRIEL BL,300,E,N,A,-,Y,LA,7,210,-,R,28.59,H,-,E,Y,4,0,2,4,A,-,07,21658,A,N,B,C,A,A,H,-,C,D,1,NA,NA,NA,NA,Y,NA,-,-,0,0,2,0,0,0,0,0,0,-,-,34.15235,-118.09272,LOS ANGELES,PASADENA,-118.09296417,34.15210888
7060654,2015,2017-01-14,9575,2015-09-09,0700,17589,NA,3,1,7,1942,0,1,1,NA,2,052,RT 5,PEORIA ST,100,S,N,A,-,Y,LA,7,5,-,-,35.33,H,-,S,Y,4,0,1,2,A,-,03,22350,NA,N,C,C,A,A,H,-,A,D,1,NA,NA,NA,NA,Y,NA,A,01,0,0,1,0,0,0,0,0,0,-,-,34.22888,-118.39327,LOS ANGELES,LOS ANGELES,-118.39314605,34.22882492
7060655,2015,2017-01-12,9575,2015-09-07,1155,020995,NA,1,1,9,1900,0,1,3,NA,2,300,RT 2,ANGELES NATIONAL FOREST BOUNDARY,1373,E,N,A,-,Y,LA,7,2,-,-,26.97,H,-,W,Y,2,0,2,2,A,-,05,21460,A,N,A,C,A,A,H,-,A,D,0,NA,NA,Y,NA,Y,NA,C,02,1,0,1,0,0,0,0,0,1,-,-,34.22878,-118.18368,LOS ANGELES,UNINCORPORATED,-118.18690238,34.22716889
7060673,2015,2015-10-21,1942,2015-09-24,1640,38356,2148,4,5,7,1942,0,0,0,NA,0,16TL26,SHERMAN WY,MASON AV,200,W,N,A,-,N,NA,NA,NA,NA,NA,NA,NA,NA,NA,N,3,0,1,2,A,-,03,22350,NA,N,D,C,A,A,H,-,A,A,0,NA,Y,NA,NA,Y,NA,L,04,0,1,0,0,0,0,1,0,0,-,-,NA,NA,LOS ANGELES,LOS ANGELES,-118.58039025,34.20100185
7060674,2015,2015-11-06,1942,2015-09-25,1910,40141,2129,5,5,7,1942,0,0,0,NA,0,19TL76,ROSCOE BL,CORBIN AV,0,NA,Y,A,-,N,NA,NA,NA,NA,NA,NA,NA,NA,NA,Y,4,0,1,2,A,-,12,21453,A,N,D,C,A,A,H,-,C,A,0,NA,NA,NA,NA,Y,NA,-,-,0,0,1,0,0,0,0,0,0,-,-,NA,NA,LOS ANGELES,LOS ANGELES,-118.56229005,34.22035001
7060675,2015,2015-10-21,1942,2015-09-26,1045,37676,2141,6,5,7,1942,0,0,0,NA,0,9T53,VALLEY CIRCLE BL,KITTRIDGE ST,34,N,N,A,-,N,NA,NA,NA,NA,NA,NA,NA,NA,NA,N,4,0,2,3,A,-,09,21802,A,N,D,C,A,A,H,-,A,A,0,NA,NA,NA,NA,Y,NA,A,01,0,0,2,0,0,0,0,0,0,-,-,NA,NA,LOS ANGELES,LOS ANGELES,-118.65630597,34.19046085
7060676,2015,2015-11-06,1942,2015-09-28,1115,37080,2158,1,5,7,1942,0,0,0,NA,0,21TL63,VARIEL AV,VICTORY BL,100,S,N,A,-,N,NA,NA,NA,NA,NA,NA,NA,NA,NA,N,4,0,1,2,A,-,21,22106,NA,N,B,C,A,A,H,-,A,D,0,NA,NA,Y,NA,Y,NA,A,08,0,0,1,0,0,0,0,0,1,-,-,NA,NA,LOS ANGELES,LOS ANGELES,-118.59276,34.18808567
7060677,2015,2017-01-14,9550,2015-08-27,1430,20983,NA,4,2,9,1900,0,1,1,NA,2,650,RT 605,TELEGRAPH RD,200,S,N,A,-,Y,LA,7,605,-,R,9.91,H,-,N,Y,4,0,1,2,A,-,08,22107,NA,N,D,C,A,A,H,-,A,D,1,NA,NA,NA,Y,Y,NA,A,01,0,0,1,0,0,0,0,0,0,-,-,33.948,-118.09331,LOS ANGELES,UNINCORPORATED,-118.09448678,33.9450655