CASE_ID,ACCIDENT_YEAR,PROC_DATE,JURIS,COLLISION_DATE,COLLISION_TIME,OFFICER_ID,REPORTING_DISTRICT,DAY_OF_WEEK,CHP_SHIFT,POPULATION,CNTY_CITY_LOC,SPECIAL_COND,BEAT_TYPE,CHP_BEAT_TYPE,CITY_DIVISION_LAPD,CHP_BEAT_CLASS,BEAT_NUMBER,PRIMARY_RD,SECONDARY_RD,DISTANCE,DIRECTION,INTERSECTION,WEATHER_1,WEATHER_2,STATE_HWY_IND,CALTRANS_COUNTY,CALTRANS_DISTRICT,STATE_ROUTE,ROUTE_SUFFIX,POSTMILE_PREFIX,POSTMILE,LOCATION_TYPE,RAMP_INTERSECTION,SIDE_OF_HWY,TOW_AWAY,COLLISION_SEVERITY,NUMBER_KILLED,NUMBER_INJURED,PARTY_COUNT,PRIMARY_COLL_FACTOR,PCF_CODE_OF_VIOL,PCF_VIOL_CATEGORY,PCF_VIOLATION,PCF_VIOL_SUBSECTION,HIT_AND_RUN,TYPE_OF_COLLISION,MVIW,PED_ACTION,ROAD_SURFACE,ROAD_COND_1,ROAD_COND_2,LIGHTING,CONTROL_DEVICE,CHP_ROAD_TYPE,PEDESTRIAN_ACCIDENT,BICYCLE_ACCIDENT,MOTORCYCLE_ACCIDENT,TRUCK_ACCIDENT,NOT_PRIVATE_PROPERTY,ALCOHOL_INVOLVED,STWD_VEHTYPE_AT_FAULT,CHP_VEHTYPE_AT_FAULT,COUNT_SEVERE_INJ,COUNT_VISIBLE_INJ,COUNT_COMPLAINT_PAIN,COUNT_PED_KILLED,COUNT_PED_INJURED,COUNT_BICYCLIST_KILLED,COUNT_BICYCLIST_INJURED,COUNT_MC_KILLED,COUNT_MC_INJURED,PRIMARY_RAMP,SECONDARY_RAMP,LATITUDE,LONGITUDE,COUNTY,CITY,POINT_X,POINT_Y
7060679,2015,2017-01-14,9550,2015-08-27,1730,20533,NA,4,2,3,1964,0,1,1,NA,2,650,RT 605,TELEGRAPH RD,1175,N,N,A,-,Y,LA,7,605,-,R,10.53,H,-,S,Y,4,0,1,3,A,-,03,22350,NA,N,C,C,A,A,H,-,A,D,1,NA,NA,NA,NA,Y,NA,A,08,0,0,1,0,0,0,0,0,0,-,-,33.95259,-118.09032,LOS ANGELES,SANTA FE SPRINGS,-118.0900369,33.9532304
7060680,2015,2015-10-13,9550,2015-08-27,1535,20070,NA,4,2,9,1900,0,3,5,NA,2,002,LAMBERT RD,MILLS AV,0,NA,Y,A,-,N,NA,NA,NA,NA,NA,NA,NA,NA,NA,N,4,0,2,2,A,-,03,22350,NA,N,C,C,A,A,H,-,A,D,0,NA,NA,NA,NA,Y,NA,D,22,0,0,2,0,0,0,0,0,0,-,-,33.9462,-118.02039,LOS ANGELES,UNINCORPORATED,-118.02027012,33.94615003
7060681,2015,2017-01-21,9550,2015-08-19,1715,14312,NA,3,2,5,1954,0,1,1,NA,2,650,RT 605,BEVERLY BL,500,N,N,A,-,Y,LA,7,605,-,R,14.61,H,-,S,N,4,0,1,2,A,-,03,22350,NA,N,C,C,A,A,H,-,A,D,1,NA,NA,NA,Y,Y,NA,F,26,0,0,1,0,0,0,0,0,0,-,-,34.00717,-118.06071,LOS ANGELES,PICO RIVERA,-118.06144002,34.00644332
7060682,2015,2015-10-10,9550,2015-08-30,2155,20824,NA,7,2,9,1900,0,2,4,NA,1,022,TELEGRAPH RD,BIELLA WY,100,E,N,A,-,N,NA,NA,NA,NA,NA,NA,NA,NA,NA,Y,3,0,1,3,A,-,01,23152,A,N,C,C,A,A,H,-,C,D,0,NA,NA,NA,NA,Y,NA,A,01,0,1,0,0,0,0,0,0,0,-,-,33.93218,-118.03464,LOS ANGELES,UNINCORPORATED,-118.03331408,33.93105775
7060683,2015,2015-10-10,9550,2015-08-30,0150,21100,NA,7,3,9,1900,0,3,5,NA,2,002,LUKAY ST,ALCLAD AV,40,W,N,A,-,N,NA,NA,NA,NA,NA,NA,NA,NA,NA,Y,3,0,1,3,A,-,01,23152,A,N,C,E,A,A,H,-,D,D,0,NA,NA,NA,NA,Y,Y,D,22,0,1,0,0,0,0,0,0,0,-,-,33.92633,-118.04116,LOS ANGELES,UNINCORPORATED,-118.04131088,33.92627878
7060684,2015,2017-01-14,9550,2015-08-29,1900,20861,NA,6,2,6,1920,0,1,1,NA,2,651,RT 605,FLORENCE AV,120,N,N,A,-,Y,LA,7,605,-,R,9.4,H,-,S,N,4,0,2,2,A,-,03,22350,NA,N,C,C,A,A,H,-,A,D,1,NA,NA,NA,Y,Y,NA,G,25,0,0,2,0,0,0,0,0,0,-,-,33.93831,-118.09832,LOS ANGELES,DOWNEY,-118.0981976,33.93838202
7060685,2015,2017-01-12,9550,2015-08-21,1925,21100,NA,5,2,6,1949,0,1,1,NA,2,150,RT 105,STUDEBAKER RD,230,W,N,A,-,Y,LA,7,105,-,R,18.1,H,-,E,Y,3,0,3,3,A,-,01,23152,A,F,C,C,A,A,H,-,A,D,1,NA,NA,NA,NA,Y,Y,D,22,0,2,1,0,0,0,0,0,0,-,-,33.91425,-118.0993,LOS ANGELES,NORWALK,-118.10007367,33.9142631
7060686,2015,2017-01-23,9550,2015-08-25,1435,20932,NA,2,2,9,1900,0,1,1,NA,2,650,RT 605,SARAGOSA ST,400,N,N,A,-,Y,LA,7,605,-,R,12.51,H,-,S,N,4,0,1,3,A,-,03,22350,NA,N,C,C,A,A,H,-,A,D,1,NA,NA,NA,NA,Y,NA,A,07,0,0,1,0,0,0,0,0,0,-,-,33.98027,-118.07701,LOS ANGELES,UNINCORPORATED,-118.07695202,33.97978305
7060687,2015,2017-01-14,9550,2015-08-25,1540,20948,NA,2,2,6,1920,0,1,1,NA,2,151,RT 105,HANWELL AV,500,E,N,A,-,Y,LA,7,105,-,R,16.03,H,-,E,N,4,0,1,2,A,-,03,22350,NA,N,C,C,A,A,H,-,A,D,1,NA,NA,NA,Y,Y,NA,A,07,0,0,1,0,0,0,0,0,0,-,-,33.91285,-118.13599,LOS ANGELES,DOWNEY,-118.1359749,33.91295465
7060688,2015,2017-01-14,9550,2015-08-20,1425,16882,NA,4,2,6,1949,0,1,1,NA,2,150,RT 105,IMPERIAL HWY,150,N,N,A,-,Y,LA,7,105,-,R,17.565,R,1,E,N,4,0,1,2,A,-,03,22350,NA,N,C,C,A,A,H,-,A,D,1,NA,NA,NA,Y,Y,NA,F,26,0,0,1,0,0,0,0,0,0,TO,-,33.91674,-118.10402,LOS ANGELES,NORWALK,-118.10934779,33.91379039
7060690,2015,2017-01-13,9540,2015-09-28,0700,17076,NA,1,1,6,1985,0,1,3,NA,1,143,RT 14,SIERRA HWY,1056,N,N,A,-,Y,LA,7,14,-,R,25.37,H,-,S,Y,4,0,1,2,A,-,03,22350,NA,N,C,C,A,A,H,-,A,D,3,NA,NA,NA,NA,Y,NA,A,01,0,0,1,0,0,0,0,0,0,-,-,34.34331,-118.50559,LOS ANGELES,SANTA CLARITA,-118.5059792,34.34176069
7060705,2015,2015-10-10,1900,2015-09-10,1813,546182,1126,4,5,6,1992,0,0,0,NA,0,111T1,17TH ST WEST,AVENUE K,45,N,N,A,-,N,NA,NA,NA,NA,NA,NA,NA,NA,NA,N,4,0,1,2,A,-,21,22106,NA,N,C,C,A,A,H,-,A,A,0,NA,NA,NA,NA,Y,NA,A,07,0,0,1,0,0,0,0,0,0,-,-,NA,NA,LOS ANGELES,LANCASTER,-118.16125905,34.67510339
7060706,2015,2015-10-10,1900,2015-09-24,1840,532040,1132,4,5,6,1992,0,0,0,NA,0,112T2,AVENUE J,ANDALE AV,0,NA,Y,A,-,N,NA,NA,NA,NA,NA,NA,NA,NA,NA,N,3,0,1,2,A,-,08,22100,A,M,B,C,A,A,H,-,B,D,0,NA,NA,NA,NA,Y,NA,A,01,0,1,0,0,0,0,0,0,0,-,-,NA,NA,LOS ANGELES,LANCASTER,-118.11756006,34.68957009
7060707,2015,2015-10-10,1900,2015-09-05,1801,546182,126,6,5,6,1992,0,0,0,NA,0,111T1,15TH ST WEST,PARK SOMERSET DR,11,S,N,A,-,N,NA,NA,NA,NA,NA,NA,NA,NA,NA,Y,4,0,1,1,C,-,18,NA,NA,N,E,J,A,A,H,-,A,D,0,NA,NA,NA,NA,Y,NA,-,-,0,0,1,0,0,0,0,0,0,-,-,NA,NA,LOS ANGELES,LANCASTER,-118.1567714,34.66396986
7060708,2015,2015-10-10,1900,2015-09-09,1835,546182,1192,3,5,6,1992,0,0,0,NA,0,111T1,AVENUE K-8,30TH ST WEST,0,NA,Y,A,-,N,NA,NA,NA,NA,NA,NA,NA,NA,NA,N,3,0,1,2,A,-,10,21950,A,N,G,B,B,A,H,-,A,A,0,Y,NA,NA,NA,Y,NA,A,01,0,1,0,0,1,0,0,0,0,-,-,NA,NA,LOS ANGELES,LANCASTER,-118.18355007,34.6675401
7060713,2015,2015-10-10,1955,2015-09-10,2122,41872,0087,4,5,6,1955,0,0,0,NA,0,004,TITUS AV,PHILDADELPHIA ST,87,N,N,A,-,N,NA,NA,NA,NA,NA,NA,NA,NA,NA,Y,3,0,2,1,A,-,08,22107,NA,N,E,I,A,A,H,-,C,A,0,NA,NA,NA,NA,Y,NA,A,01,0,1,1,0,0,0,0,0,0,-,-,NA,NA,LOS ANGELES,POMONA,-117.738366,34.033814
7060714,2015,2015-10-10,1955,2015-09-18,2350,42002,0004,5,5,6,1955,0,0,0,NA,0,001,S MAIN ST,W 1ST ST,51,S,N,A,-,N,NA,NA,NA,NA,NA,NA,NA,NA,NA,N,3,0,1,2,A,-,00,21659,NA,N,D,G,A,A,H,-,C,D,0,NA,Y,NA,NA,Y,NA,L,04,0,1,0,0,0,0,1,0,0,-,-,NA,NA,LOS ANGELES,POMONA,-117.75235476,34.05842028
7060715,2015,2015-10-10,1900,2015-09-18,0610,478276,1127,5,5,6,1992,0,0,0,NA,0,111M6,AVENUE J,60TH ST WEST,0,NA,Y,A,-,N,NA,NA,NA,NA,NA,NA,NA,NA,NA,Y,4,0,2,2,A,-,09,21801,A,N,D,C,A,A,H,-,A,A,0,NA,NA,NA,NA,Y,NA,A,01,0,0,2,0,0,0,0,0,0,-,-,NA,NA,LOS ANGELES,LANCASTER,-118.2366301,34.68935009
7060716,2015,2015-10-10,1955,2015-09-17,1006,40348,0085,4,5,6,1955,0,0,0,NA,0,005,GAREY AV,BEAVER CT,66,N,N,A,-,N,NA,NA,NA,NA,NA,NA,NA,NA,NA,Y,4,0,2,3,A,-,03,22350,NA,N,C,C,A,A,H,-,A,D,0,NA,NA,NA,NA,Y,NA,A,01,0,0,2,0,0,0,0,0,0,-,-,NA,NA,LOS ANGELES,POMONA,-117.74966709,34.04258081
7060729,2015,2015-11-16,1900,2015-11-01,0301,540658,1126,7,5,6,1992,0,0,0,NA,0,112T2,AVENUE K,17TH ST WEST,150,E,N,A,-,N,NA,NA,NA,NA,NA,NA,NA,NA,NA,Y,4,0,2,2,A,-,05,21651,B,F,D,C,A,A,H,-,C,D,0,NA,NA,NA,NA,Y,NA,A,08,0,0,2,0,0,0,0,0,0,-,-,NA,NA,LOS ANGELES,LANCASTER,-118.16078095,34.67489788
7060730,2015,2015-11-16,1900,2015-11-04,2038,546182,1122,3,5,6,1992,0,0,0,NA,0,111T1,ELM AV,JACKMAN ST,0,NA,Y,A,-,N,NA,NA,NA,NA,NA,NA,NA,NA,NA,N,4,0,1,2,A,-,10,21950,NA,F,G,B,B,A,H,-,C,A,0,Y,NA,NA,NA,Y,NA,A,07,0,0,1,0,1,0,0,0,0,-,-,NA,NA,LOS ANGELES,LANCASTER,-118.14261005,34.70139005
7060731,2015,2015-11-16,1900,2015-11-02,1540,236790,1121,1,5,6,1992,0,0,0,NA,0,112T2,AVENUE I,10TH ST WEST,0,NA,Y,B,-,N,NA,NA,NA,NA,NA,NA,NA,NA,NA,Y,3,0,1,2,D,-,00,NA,NA,N,A,C,A,A,H,-,A,A,0,NA,NA,NA,NA,Y,NA,-,-,0,1,0,0,0,0,0,0,0,-,-,NA,NA,LOS ANGELES,LANCASTER,-118.14812008,34.70395011
7060732,2015,2015-11-16,1900,2015-11-03,1729,510509,1125,2,5,6,1992,0,0,0,NA,0,112T1,LANCASTER BL,20TH ST WEST,10,E,N,A,-,N,NA,NA,NA,NA,NA,NA,NA,NA,NA,Y,4,0,2,2,A,-,12,21453,A,N,A,C,A,A,H,-,C,A,0,NA,NA,NA,NA,Y,NA,A,01,0,0,2,0,0,0,0,0,0,-,-,NA,NA,LOS ANGELES,LANCASTER,-118.1657868,34.69674
7060734,2014,2015-10-07,1948,2014-05-29,1749,295,1948,4,5,5,1948,0,0,0,NA,0,003,GARFIELD AV,NEWMARK AV,0,N,N,B,-,N,NA,NA,NA,NA,NA,NA,NA,NA,NA,N,4,0,1,2,A,-,08,22107,NA,M,B,C,A,A,H,-,A,A,0,NA,NA,NA,NA,Y,NA,-,NA,0,0,1,0,0,0,0,0,0,-,-,NA,NA,LOS ANGELES,MONTEREY PARK,-118.12282006,34.0597901
7060763,2015,2017-01-19,9550,2015-07-31,1900,17511,NA,5,2,9,1900,0,1,3,NA,2,601,RT 60,AZUSA AV,180,W,N,A,-,Y,LA,7,60,-,-,17.95,H,-,W,Y,3,0,2,3,A,-,03,22350,NA,N,C,C,A,A,H,-,A,D,1,NA,NA,NA,NA,Y,NA,D,22,0,1,1,0,0,0,0,0,0,-,-,33.99735,-117.93192,LOS ANGELES,UNINCORPORATED,-117.93151391,33.99713618
7060764,2015,2017-01-14,9550,2015-07-29,1745,20551,NA,3,2,6,1949,0,1,1,NA,2,651,RT 605,RT 105,500,N,N,A,-,Y,LA,7,605,-,R,7.85,H,-,N,Y,3,0,1,2,A,-,01,23152,A,N,C,C,A,A,H,-,A,D,1,NA,NA,NA,NA,Y,Y,A,01,0,1,0,0,0,0,0,0,0,-,-,33.91461,-118.0461,LOS ANGELES,NORWALK,-118.10457987,33.91686894
7060765,2015,2015-10-09,1900,2015-08-30,1959,547282,1332,7,5,5,1908,0,0,0,NA,0,133T1,SOMERSET BL,CERRITOS AV,40,E,N,A,-,N,NA,NA,NA,NA,NA,NA,NA,NA,NA,Y,4,0,1,2,A,-,04,21703,NA,N,C,C,A,A,H,-,C,-,0,NA,NA,NA,NA,Y,NA,A,01,0,0,1,0,0,0,0,0,0,-,-,NA,NA,LOS ANGELES,BELLFLOWER,-118.14074847,33.89653
7060802,2015,2017-01-13,9530,2015-09-27,1520,21030,NA,7,2,7,1941,0,1,1,NA,2,420,RT 405,SANTA FE,10,S,N,A,-,Y,LA,7,405,-,-,8.06,H,-,N,N,4,0,1,2,A,-,03,22350,NA,N,C,C,A,A,H,-,A,D,1,NA,NA,NA,NA,Y,NA,A,01,0,0,1,0,0,0,0,0,0,-,-,33.8255,-118.2153,LOS ANGELES,LONG BEACH,-118.2154296,33.8255427
7060813,2015,2017-01-14,9550,2015-07-31,1325,20131,NA,5,1,4,1936,0,1,1,NA,2,501,RT 5,VALLEY VIEW AV,800,S,N,A,-,Y,LA,7,5,-,-,1.06,H,-,N,N,4,0,1,3,A,-,03,22350,NA,N,C,C,A,A,H,-,A,D,1,NA,NA,NA,Y,Y,NA,G,25,0,0,1,0,0,0,0,0,0,-,-,33.8818,-118.02436,LOS ANGELES,LA MIRADA,-118.02673845,33.8829961
7060814,2015,2015-10-09,9550,2015-07-30,1640,19882,NA,4,2,9,1900,0,2,4,NA,1,021,CARMENITA RD,MEYER RD,0,NA,Y,A,-,N,NA,NA,NA,NA,NA,NA,NA,NA,NA,Y,4,0,1,2,A,-,12,21453,A,N,D,C,A,A,H,-,A,A,0,NA,NA,NA,NA,Y,NA,D,22,0,0,1,0,0,0,0,0,0,-,-,33.92573,-118.04663,LOS ANGELES,UNINCORPORATED,-118.04658008,33.92560003
7060815,2015,2015-10-09,9550,2015-07-28,1620,20932,NA,2,2,9,1900,0,2,4,NA,1,032,GALE AV,VALENCIA AV,0,NA,Y,A,-,N,NA,NA,NA,NA,NA,NA,NA,NA,NA,Y,4,0,1,2,A,-,09,21802,A,N,D,C,A,A,H,-,A,A,0,NA,NA,NA,NA,Y,NA,D,22,0,0,1,0,0,0,0,0,0,-,-,34.01575,-117.97782,LOS ANGELES,UNINCORPORATED,-117.97777011,34.01576007
7060816,2015,2015-10-09,9550,2015-07-28,1920,20340,NA,2,2,9,1900,0,3,5,NA,2,003,LA SUBIDA DR,HACIENDA BL,10,W,N,A,-,N,NA,NA,NA,NA,NA,NA,NA,NA,NA,Y,3,0,1,2,A,-,01,23152,A,N,B,C,A,A,H,-,A,A,0,NA,NA,NA,NA,Y,Y,A,01,0,1,0,0,0,0,0,0,0,-,-,33.98979,-117.97022,LOS ANGELES,UNINCORPORATED,-117.97020086,33.98975953
7060826,2015,2017-01-12,9550,2015-07-27,1325,20974,NA,1,1,3,1903,0,1,3,NA,2,091,RT 91,GRIDLEY RD,100,E,N,A,-,Y,LA,7,91,-,R,17.59,H,-,W,N,4,0,1,3,A,-,03,22350,NA,N,C,C,A,A,H,-,A,D,1,NA,NA,NA,Y,Y,NA,G,25,0,0,1,0,0,0,0,0,0,-,-,33.87667,-118.091,LOS ANGELES,ARTESIA,-118.09120129,33.87641991
7060827,2015,2017-01-14,9550,2015-07-27,1615,20954,NA,1,2,6,1920,0,1,1,NA,2,500,RT 5,RT 605,500,N,N,A,-,Y,LA,7,5,-,-,6.94,H,-,S,Y,4,0,1,3,A,-,03,22350,NA,N,C,C,A,A,H,-,A,A,1,NA,NA,NA,NA,Y,NA,A,01,0,0,1,0,0,0,0,0,0,-,-,33.95019,-118.18284,LOS ANGELES,DOWNEY,-118.09749455,33.94235424
7060841,2015,2015-10-16,1942,2015-07-30,1430,40768,1307,4,5,7,1942,0,0,0,M,0,13A41,ALAMEDA ST,7TH ST,200,S,N,A,-,N,NA,NA,NA,NA,NA,NA,NA,NA,NA,N,4,0,1,2,A,-,08,22107,NA,N,D,C,A,A,H,-,A,A,0,NA,NA,NA,NA,Y,NA,-,NA,0,0,1,0,0,0,0,0,0,-,-,NA,NA,LOS ANGELES,LOS ANGELES,-118.238676,34.034494
7060845,2015,2015-10-10,1961,2015-07-31,1548,10374,CA019,5,5,3,1961,0,0,0,NA,0,003,SAN FERNANDO RD,HUNTINGTON ST,0,NA,Y,A,-,N,NA,NA,NA,NA,NA,NA,NA,NA,NA,N,4,0,2,2,A,-,09,21802,A,N,D,C,A,A,H,-,A,D,0,NA,NA,NA,NA,Y,NA,A,01,0,0,2,0,0,0,0,0,0,-,-,NA,NA,LOS ANGELES,SAN FERNANDO,-118.44666001,34.28765011
7060847,2015,2016-12-22,1900,2015-07-18,2100,480772,1262,6,5,3,1991,0,0,0,NA,0,121T1-,RT 2,STARLIGHT CREST DR,0,NA,Y,A,-,Y,LA,7,2,-,-,25.982,I,5,W,Y,3,0,1,1,A,-,08,22107,NA,N,E,I,A,A,H,-,C,A,0,NA,NA,NA,NA,Y,NA,A,01,0,1,0,0,0,0,0,0,0,-,-,NA,NA,LOS ANGELES,LA CANADA-FLINTRIDGE,-118.18947748,34.21795923
7060853,2015,2015-10-10,9550,2015-08-16,1400,20983,NA,7,2,9,1900,0,3,5,NA,2,002,LEFFINGWELL RD,STAMY RD,0,NA,Y,A,-,N,NA,NA,NA,NA,NA,NA,NA,NA,NA,Y,4,0,1,2,A,-,09,21802,A,N,D,C,A,A,H,-,A,A,0,NA,NA,NA,NA,Y,NA,A,01,0,0,1,0,0,0,0,0,0,-,-,33.92831,-118.00491,LOS ANGELES,UNINCORPORATED,-118.0062901,33.92818002
7060854,2015,2017-01-21,9550,2015-08-16,1735,20959,NA,7,2,9,1900,0,1,1,NA,2,650,RT 605,OBREGON ST,60,S,N,A,-,Y,LA,7,605,-,R,13.97,H,-,N,Y,4,0,3,2,A,-,03,22350,NA,N,C,C,A,A,H,-,A,D,1,NA,NA,NA,NA,Y,NA,A,07,0,0,3,0,0,0,0,0,0,-,-,33.9987,-118.06775,LOS ANGELES,UNINCORPORATED,-118.06775654,33.9991374
7060855,2015,2017-01-21,9550,2015-08-17,1520,16237,NA,1,2,9,1900,0,1,3,NA,2,600,RT 60,7TH AV,1200,E,N,A,-,Y,LA,7,60,-,-,14.53,H,-,W,Y,4,0,1,2,A,-,03,22350,NA,N,C,C,A,A,H,-,A,D,1,NA,NA,NA,NA,Y,NA,A,01,0,0,1,0,0,0,0,0,0,-,-,34.09115,-118.0004,LOS ANGELES,UNINCORPORATED,-117.98532429,34.01667468
7060856,2015,2015-10-10,9550,2015-08-18,0120,20305,NA,2,3,9,1900,0,2,4,NA,1,013,NORWALK BL,SARAGOSA ST,20,S,N,A,-,N,NA,NA,NA,NA,NA,NA,NA,NA,NA,N,4,0,1,1,A,-,08,22107,NA,N,F,A,A,A,H,-,C,A,0,NA,NA,Y,NA,Y,NA,C,02,0,0,1,0,0,0,0,0,1,-,-,33.97745,-118.07589,LOS ANGELES,UNINCORPORATED,-118.07580905,33.97766568
7060861,2015,2017-01-14,9550,2015-08-18,1710,20399,NA,2,2,6,1949,0,1,1,NA,2,651,RT 605,FIRESTONE BL,50,S,N,A,-,Y,LA,7,605,-,R,8.37,H,-,N,Y,4,0,1,2,A,-,08,22107,NA,N,C,C,A,A,H,-,A,D,1,NA,NA,Y,NA,Y,Y,A,01,0,0,1,0,0,0,0,0,1,-,-,33.92451,-118.10411,LOS ANGELES,NORWALK,-118.10400633,33.92432468
7060862,2015,2017-01-14,9550,2015-08-17,2135,19293,NA,1,2,6,1949,0,1,1,NA,2,501,RT 5,CARMENITA RD,500,N,N,A,-,Y,LA,7,5,-,-,2.5,H,-,S,Y,3,0,1,1,A,-,08,22107,NA,N,E,I,A,A,H,-,C,D,1,NA,NA,NA,NA,Y,NA,A,07,0,1,0,0,0,0,0,0,0,-,-,33.89571,-118.05067,LOS ANGELES,NORWALK,-118.04788982,33.89427512
7060863,2015,2015-10-10,9550,2015-08-17,1910,20392,NA,1,2,9,1900,0,3,5,NA,2,003,TURNBULL CANYON RD,LOS ROBLES AV,0,NA,Y,A,-,N,NA,NA,NA,NA,NA,NA,NA,NA,NA,Y,3,0,2,2,A,-,17,21451,A,N,A,C,A,A,H,-,B,A,0,NA,NA,NA,NA,Y,NA,A,01,0,2,0,0,0,0,0,0,0,-,-,34.00797,-117.97982,LOS ANGELES,UNINCORPORATED,-117.97979003,34.00814002
7060864,2015,2015-10-10,9550,2015-08-18,1215,16237,NA,2,1,9,1900,0,3,5,NA,2,003,LAS LOMITAS DR,SHEFFORD ST,0,NA,Y,A,-,N,NA,NA,NA,NA,NA,NA,NA,NA,NA,Y,4,0,2,2,A,-,12,22450,A,N,D,C,A,A,H,-,A,A,0,NA,NA,NA,NA,Y,NA,D,22,0,0,2,0,0,0,0,0,0,-,-,34.00021,-117.9797,LOS ANGELES,UNINCORPORATED,-117.97990013,34.00051007
7060869,2015,2015-10-27,1900,2015-10-13,0900,510585,2313,2,5,5,1919,0,0,0,NA,0,230T,GRIDLEY RD,SOUTH ST,0,NA,Y,A,-,N,NA,NA,NA,NA,NA,NA,NA,NA,NA,Y,4,0,2,2,A,-,12,21453,A,N,D,C,A,A,H,-,A,A,0,NA,NA,NA,NA,Y,NA,A,01,0,0,2,0,0,0,0,0,0,-,-,NA,NA,LOS ANGELES,CERRITOS,-118.09097007,33.85850002
7060870,2015,2017-01-28,1900,2015-10-13,1429,451343,2316,2,5,5,1919,0,0,0,NA,0,230T,CARMENITA RD,RT 91,0,NA,Y,A,-,Y,LA,7,91,-,R,20.558,R,4,W,Y,4,0,2,2,A,-,12,21453,A,N,D,C,A,A,H,-,A,A,0,NA,NA,NA,NA,Y,NA,-,-,0,0,2,0,0,0,0,0,0,-,WF,NA,NA,LOS ANGELES,CERRITOS,-118.04476652,33.86326562
7060871,2015,2015-10-27,1900,2015-10-14,1040,510585,2313,3,5,5,1919,0,0,0,NA,0,230T,STUDEBAKER RD,SOUTH ST,27,S,N,A,-,N,NA,NA,NA,NA,NA,NA,NA,NA,NA,Y,4,0,2,2,A,-,03,22350,NA,N,A,C,A,A,H,-,A,A,0,NA,NA,NA,NA,Y,NA,A,01,0,0,2,0,0,0,0,0,0,-,-,NA,NA,LOS ANGELES,CERRITOS,-118.09967,33.85826596
7060872,2015,2015-10-27,1900,2015-10-06,1552,523207,2313,2,5,5,1919,0,0,0,NA,0,230T,DELAMO BL,MAPES AV,6,E,N,A,-,N,NA,NA,NA,NA,NA,NA,NA,NA,NA,N,4,0,1,2,A,-,05,21650,1,N,D,G,A,A,H,-,A,A,0,NA,Y,NA,NA,Y,NA,L,04,0,0,1,0,0,0,1,0,0,-,-,NA,NA,LOS ANGELES,CERRITOS,-118.08901028,33.84602
7060909,2015,2015-10-09,1900,2015-08-29,1030,600695,1351,6,5,5,1935,0,0,0,NA,0,135B,CARSON ST,BELSHIRE AV,0,NA,Y,A,-,N,NA,NA,NA,NA,NA,NA,NA,NA,NA,Y,4,0,1,2,A,-,12,21453,A,N,C,C,A,A,H,-,A,D,0,NA,NA,NA,NA,Y,NA,A,07,0,0,1,0,0,0,0,0,0,-,-,NA,NA,LOS ANGELES,LAKEWOOD,-118.06986003,33.83155011
7060910,2015,2015-10-09,1900,2015-08-22,1440,528296,COMPT,6,5,5,1952,0,0,0,NA,0,136A,SAN JOSE AV,SOMERSET BL,75,S,N,A,-,N,NA,NA,NA,NA,NA,NA,NA,NA,NA,N,4,0,1,2,A,-,10,21954,B,M,G,B,D,A,H,-,A,D,0,Y,NA,NA,NA,Y,NA,A,01,0,0,1,0,1,0,0,0,0,-,-,NA,NA,LOS ANGELES,PARAMOUNT,-118.18182975,33.89610433
7060911,2015,2015-10-09,1900,2015-08-21,2056,547282,1335,5,5,5,1908,0,0,0,NA,0,133T1,DOWNEY AV,PARK ST,0,NA,Y,A,-,N,NA,NA,NA,NA,NA,NA,NA,NA,NA,Y,4,0,2,3,A,-,09,21801,A,N,D,C,A,A,H,-,C,-,0,NA,NA,NA,NA,Y,NA,A,01,0,0,2,0,0,0,0,0,0,-,-,NA,NA,LOS ANGELES,BELLFLOWER,-118.15131003,33.87835006
7060917,2015,2017-01-28,1929,2015-09-28,2317,195,1,1,5,3,1929,0,0,0,NA,0,NA,PACIFIC COAST HWY,AVIATION BL,0,NA,Y,A,-,Y,LA,7,1,-,-,21.181,I,5,N,N,4,0,1,2,A,-,08,22107,NA,F,B,C,A,A,H,-,C,A,0,NA,NA,NA,NA,Y,NA,A,NA,0,0,1,0,0,0,0,0,0,-,-,NA,NA,LOS ANGELES,HERMOSA BEACH,-118.39234279,33.8626164
7060941,2015,2017-01-14,9530,2015-09-23,0950,20935,NA,3,1,7,1942,0,1,1,NA,2,200,RT 105,VERMONT AV,253,E,N,A,-,Y,LA,7,105,-,R,6.81,H,-,W,Y,4,0,2,3,A,-,03,22350,NA,F,C,C,A,A,H,-,A,D,1,NA,NA,NA,NA,Y,NA,A,01,0,0,2,0,0,0,0,0,0,-,-,33.9288,-118.291,LOS ANGELES,LOS ANGELES,-118.29070408,33.92889328
7060942,2015,2015-10-17,9530,2015-09-26,1800,20776,NA,6,2,9,1900,0,3,5,NA,2,001,SLAUSON AV,MIRAMONTE BL,400,NA,N,A,-,N,NA,NA,NA,NA,NA,NA,NA,NA,NA,Y,4,0,1,2,A,-,07,21658,A,N,D,C,A,A,H,-,A,D,0,NA,NA,NA,NA,Y,NA,A,07,0,0,1,0,0,0,0,0,0,-,-,33.98939,-118.24438,LOS ANGELES,UNINCORPORATED,-118.24534013,33.98930003