CASE_ID,ACCIDENT_YEAR,PROC_DATE,JURIS,COLLISION_DATE,COLLISION_TIME,OFFICER_ID,REPORTING_DISTRICT,DAY_OF_WEEK,CHP_SHIFT,POPULATION,CNTY_CITY_LOC,SPECIAL_COND,BEAT_TYPE,CHP_BEAT_TYPE,CITY_DIVISION_LAPD,CHP_BEAT_CLASS,BEAT_NUMBER,PRIMARY_RD,SECONDARY_RD,DISTANCE,DIRECTION,INTERSECTION,WEATHER_1,WEATHER_2,STATE_HWY_IND,CALTRANS_COUNTY,CALTRANS_DISTRICT,STATE_ROUTE,ROUTE_SUFFIX,POSTMILE_PREFIX,POSTMILE,LOCATION_TYPE,RAMP_INTERSECTION,SIDE_OF_HWY,TOW_AWAY,COLLISION_SEVERITY,NUMBER_KILLED,NUMBER_INJURED,PARTY_COUNT,PRIMARY_COLL_FACTOR,PCF_CODE_OF_VIOL,PCF_VIOL_CATEGORY,PCF_VIOLATION,PCF_VIOL_SUBSECTION,HIT_AND_RUN,TYPE_OF_COLLISION,MVIW,PED_ACTION,ROAD_SURFACE,ROAD_COND_1,ROAD_COND_2,LIGHTING,CONTROL_DEVICE,CHP_ROAD_TYPE,PEDESTRIAN_ACCIDENT,BICYCLE_ACCIDENT,MOTORCYCLE_ACCIDENT,TRUCK_ACCIDENT,NOT_PRIVATE_PROPERTY,ALCOHOL_INVOLVED,STWD_VEHTYPE_AT_FAULT,CHP_VEHTYPE_AT_FAULT,COUNT_SEVERE_INJ,COUNT_VISIBLE_INJ,COUNT_COMPLAINT_PAIN,COUNT_PED_KILLED,COUNT_PED_INJURED,COUNT_BICYCLIST_KILLED,COUNT_BICYCLIST_INJURED,COUNT_MC_KILLED,COUNT_MC_INJURED,PRIMARY_RAMP,SECONDARY_RAMP,LATITUDE,LONGITUDE,COUNTY,CITY,POINT_X,POINT_Y
7063959,2015,2015-11-20,1942,2015-11-07,0915,26608,0378,6,5,7,1942,0,0,0,C,0,25MQ15,FIGUEROA ST,EXPOSITION BL,0,NA,Y,A,-,N,NA,NA,NA,NA,NA,NA,NA,NA,NA,N,4,0,1,2,A,-,09,21801,A,N,H,G,A,A,H,-,A,A,0,NA,Y,NA,NA,Y,NA,A,01,0,0,1,0,0,0,1,0,0,-,-,NA,NA,LOS ANGELES,LOS ANGELES,-118.28242006,34.01815005
7063960,2015,2015-11-20,1942,2015-11-08,0840,41681,558,7,5,7,1942,0,0,0,NA,0,5A25,HARBOR BL,SWINFORD ST,40,S,N,A,-,N,NA,NA,NA,NA,NA,NA,NA,NA,NA,Y,3,0,1,2,A,-,01,23152,A,N,A,C,A,A,H,-,A,A,0,NA,NA,NA,NA,Y,Y,A,07,0,1,0,0,0,0,0,0,0,-,-,NA,NA,LOS ANGELES,LOS ANGELES,-118.28050938,33.74853877
7063966,2015,2015-11-13,1900,2015-09-07,1920,434609,0814,1,5,4,1960,0,0,0,NA,0,81T2,ARROW HWY,BONITA AV,0,NA,Y,A,-,N,NA,NA,NA,NA,NA,NA,NA,NA,NA,N,3,0,1,2,A,-,12,21453,A,N,-,A,A,A,H,-,A,A,0,NA,NA,Y,NA,Y,NA,A,01,0,1,0,0,0,0,0,0,1,-,-,NA,NA,LOS ANGELES,SAN DIMAS,-117.81948011,34.1062201
7063968,2015,2015-11-13,1900,2015-09-02,2015,434609,0812,3,5,4,1960,0,0,0,NA,0,81T2,BONITA AV,ACACIA ST,0,W,N,A,-,N,NA,NA,NA,NA,NA,NA,NA,NA,NA,Y,2,0,1,2,A,-,11,21954,A,N,G,B,D,A,-,-,C,D,0,Y,NA,NA,NA,Y,Y,N,60,1,0,0,0,1,0,0,0,0,-,-,NA,NA,LOS ANGELES,SAN DIMAS,-117.81367007,34.10668007
7063982,2015,2015-11-12,1900,2015-10-20,1730,280587,0814,2,5,4,1960,0,0,0,NA,0,081,BONITA AV,CATARACT AV,0,NA,Y,A,-,N,NA,NA,NA,NA,NA,NA,NA,NA,NA,Y,3,0,2,2,A,-,12,22450,NA,N,D,C,A,A,H,-,B,A,0,NA,NA,NA,NA,Y,NA,-,NA,0,1,1,0,0,0,0,0,0,-,-,NA,NA,LOS ANGELES,SAN DIMAS,-117.81148001,34.10675004
7063983,2015,2015-11-12,1900,2015-10-18,0912,475312,0814,7,5,4,1960,0,0,0,NA,0,81K1,BADILLO ST,VALLEY CENTER AV,0,NA,Y,A,-,N,NA,NA,NA,NA,NA,NA,NA,NA,NA,Y,4,0,1,2,A,-,12,21453,A,N,D,C,A,A,H,-,A,A,0,NA,NA,NA,NA,Y,NA,A,01,0,0,1,0,0,0,0,0,0,-,-,NA,NA,LOS ANGELES,SAN DIMAS,-117.83764004,34.09745008
7064085,2015,2015-10-28,1924,2015-08-07,1705,113639,G26,5,5,5,1924,0,0,0,NA,0,8L51S,NORMANDIE AV,MARINE AV,18,N,N,A,-,N,NA,NA,NA,NA,NA,NA,NA,NA,NA,N,4,0,2,3,A,-,03,22350,NA,N,C,C,A,A,H,-,A,A,0,NA,NA,NA,NA,Y,NA,A,01,0,0,2,0,0,0,0,0,0,-,-,NA,NA,LOS ANGELES,GARDENA,-118.30045,33.89469937
7064086,2015,2015-10-29,1953,2015-10-18,1131,5033,PASAD,7,5,6,1953,0,0,0,NA,0,001,CALIFORNIA BL,RAYMOND AV,200,E,N,B,-,N,NA,NA,NA,NA,NA,NA,NA,NA,NA,Y,2,0,2,1,A,-,01,23153,A,N,D,F,A,A,H,-,A,A,0,NA,NA,NA,NA,Y,Y,A,01,1,0,1,0,0,0,0,0,0,-,-,NA,NA,LOS ANGELES,PASADENA,-118.14815046,34.1358
7064087,2015,2015-10-27,1900,2015-10-04,0005,510899,2617,7,5,6,1950,0,0,0,NA,0,263T1,50TH ST WEST,AVENUE N,250,S,N,A,-,N,NA,NA,NA,NA,NA,NA,NA,NA,NA,Y,3,0,2,2,A,-,07,21658,A,N,D,C,A,A,H,-,C,D,0,NA,NA,NA,NA,Y,NA,A,01,0,1,1,0,0,0,0,0,0,-,-,NA,NA,LOS ANGELES,PALMDALE,-118.2188909,34.63017983
7064089,2015,2015-10-29,1975,2015-07-31,2355,353,NA,5,5,6,1975,0,0,0,NA,0,006,AMAR RD,NOGALES AV,0,NA,Y,A,-,N,NA,NA,NA,NA,NA,NA,NA,NA,NA,Y,3,0,1,2,A,-,11,21954,A,N,G,B,D,A,H,-,C,A,0,Y,NA,NA,NA,Y,NA,N,60,0,1,0,0,1,0,0,0,0,-,-,NA,NA,LOS ANGELES,WEST COVINA,-117.89573009,34.02760001
7064091,2015,2015-10-30,1900,2015-07-03,1031,532457,1334,5,5,5,1908,0,0,0,NA,0,133T2D,BELLFLOWER BL,PARK ST,0,NA,Y,A,-,N,NA,NA,NA,NA,NA,NA,NA,NA,NA,Y,4,0,1,2,A,-,09,21801,A,N,D,C,A,A,H,-,A,A,0,NA,NA,NA,NA,Y,NA,A,01,0,0,1,0,0,0,0,0,0,-,-,NA,NA,LOS ANGELES,BELLFLOWER,-118.12526001,33.87844004
7064097,2015,2015-11-23,1948,2015-05-24,0931,356,1948,7,5,5,1948,0,0,0,NA,0,NA,GARVEY AV,GARFIELD AV,6,W,-,A,-,N,NA,NA,NA,NA,NA,NA,NA,NA,NA,N,3,0,1,2,A,-,10,21950,A,N,G,B,B,A,H,-,A,A,0,Y,NA,NA,NA,Y,NA,A,01,0,1,0,0,1,0,0,0,0,-,-,NA,NA,LOS ANGELES,MONTEREY PARK,-118.12283975,34.06254934
7064101,2015,2015-11-16,1942,2015-11-01,1940,25907,1565,7,5,7,1942,0,0,0,O,0,21TL65,VALLEY SPRING PL,VALLEY SPRING LN,316,W,N,B,-,N,NA,NA,NA,NA,NA,NA,NA,NA,NA,N,2,0,1,2,A,-,11,21954,A,F,A,B,E,-,H,-,C,D,0,Y,NA,NA,NA,Y,NA,N,60,1,0,0,0,1,0,0,0,0,-,-,NA,NA,LOS ANGELES,LOS ANGELES,-118.37354134,34.14787648
7064119,2015,2015-11-13,1948,2015-06-08,0106,388,1948,1,5,5,1948,0,0,0,NA,0,008,S ORANGE AV,GRAVES AV,16,S,N,A,-,N,NA,NA,NA,NA,NA,NA,NA,NA,NA,Y,3,0,2,2,A,-,01,23153,A,N,D,C,A,A,H,-,C,B,0,NA,NA,NA,NA,Y,Y,-,NA,0,1,1,0,0,0,0,0,0,-,-,NA,NA,LOS ANGELES,MONTEREY PARK,-118.11241308,34.0552775
7064125,2015,2015-11-13,1900,2015-09-14,2015,528243,1327,1,5,5,1935,0,0,0,NA,0,135B,CARSON ST,PIONEER BL,80,W,N,A,-,N,NA,NA,NA,NA,NA,NA,NA,NA,NA,Y,4,0,1,3,A,-,07,21658,A,N,C,C,A,A,H,-,C,A,0,NA,NA,NA,NA,Y,NA,A,01,0,0,1,0,0,0,0,0,0,-,-,NA,NA,LOS ANGELES,LAKEWOOD,-118.08217285,33.83152
7064126,2015,2015-11-14,1900,2015-10-10,1245,455303,1510,6,5,5,1954,0,0,0,NA,0,151T1,WHITTIER BL,LEXINGTON RD,54,W,N,A,-,N,NA,NA,NA,NA,NA,NA,NA,NA,NA,Y,4,0,1,3,A,-,03,22350,A,N,C,C,A,A,H,-,A,A,0,NA,NA,NA,NA,Y,NA,A,07,0,0,1,0,0,0,0,0,0,-,-,NA,NA,LOS ANGELES,PICO RIVERA,-118.0872571,34.00271931
7064127,2015,2015-11-14,1900,2015-10-01,0820,447574,1514,4,5,5,1954,0,0,0,NA,0,151T1,ROSEMEAD BL,WHITTIER BL,60,S,N,A,-,N,NA,NA,NA,NA,NA,NA,NA,NA,NA,N,4,0,2,4,A,-,21,22106,NA,N,C,C,A,A,H,-,A,A,0,NA,NA,NA,NA,Y,NA,A,01,0,0,2,0,0,0,0,0,0,-,-,NA,NA,LOS ANGELES,PICO RIVERA,-118.08400411,34.00115672
7064128,2015,2015-11-13,1900,2015-08-28,0348,460890,NA,5,5,5,1954,0,0,0,NA,0,151T3,BEVERLY BL,LINDSEY AV,30,W,N,A,-,N,NA,NA,NA,NA,NA,NA,NA,NA,NA,Y,4,0,1,1,A,-,03,22350,NA,N,E,I,A,A,H,-,C,D,0,NA,NA,NA,NA,Y,NA,-,NA,0,0,1,0,0,0,0,0,0,-,-,NA,NA,LOS ANGELES,PICO RIVERA,-118.07822361,34.00951626
7064145,2015,2015-11-23,1948,2015-05-09,0836,423,ALH,6,5,5,1948,0,0,0,NA,0,003,W RIGGIN ST,ISABELLA AV,0,NA,Y,A,-,N,NA,NA,NA,NA,NA,NA,NA,NA,NA,Y,3,0,1,2,A,-,09,21802,A,N,D,C,A,A,H,-,A,A,0,NA,NA,NA,NA,Y,NA,A,07,0,1,0,0,0,0,0,0,0,-,-,NA,NA,LOS ANGELES,MONTEREY PARK,-118.13158002,34.03671007
7064148,2015,2015-11-23,1948,2015-05-12,1217,356,1948,2,5,5,1948,0,0,0,NA,0,NA,ATLANTIC BL,1ST ST,600,S,N,A,-,N,NA,NA,NA,NA,NA,NA,NA,NA,NA,N,4,0,1,2,A,-,03,22350,NA,N,C,C,A,A,H,-,A,A,0,NA,NA,NA,NA,Y,NA,A,08,0,0,1,0,0,0,0,0,0,-,-,NA,NA,LOS ANGELES,MONTEREY PARK,-118.14972638,34.03547019
7064175,2015,2015-12-01,1948,2015-08-07,1036,450,1901,5,5,5,1948,0,0,0,NA,0,004,GARVEY AV,CASUDA CANYON DR,0,NA,Y,A,-,N,NA,NA,NA,NA,NA,NA,NA,NA,NA,Y,3,0,1,2,A,-,12,21453,A,N,D,C,A,A,H,-,A,A,0,NA,NA,NA,NA,Y,NA,-,NA,0,1,0,0,0,0,0,0,0,-,-,NA,NA,LOS ANGELES,MONTEREY PARK,-118.15266002,34.06226002
7064197,2015,2015-11-13,1972,2015-10-21,1410,18059,NA,3,5,6,1972,0,0,0,NA,0,NA,CRENSHAW,DEL AMO,40,N,N,A,-,N,NA,NA,NA,NA,NA,NA,NA,NA,NA,N,4,0,1,3,A,-,03,22350,NA,N,C,C,A,A,H,-,A,A,0,NA,NA,NA,NA,Y,NA,A,NA,0,0,1,0,0,0,0,0,0,-,-,NA,NA,LOS ANGELES,TORRANCE,-118.32887,33.84709971
7064198,2015,2015-11-06,1972,2015-10-01,1623,18450,NA,4,5,6,1972,0,0,0,NA,0,NA,SEPULVEDA BL,MAPLE AV,60,W,N,A,-,N,NA,NA,NA,NA,NA,NA,NA,NA,NA,N,4,0,1,2,A,-,04,21703,NA,M,C,C,A,A,H,-,A,A,0,NA,NA,NA,NA,Y,NA,A,NA,0,0,1,0,0,0,0,0,0,-,-,NA,NA,LOS ANGELES,TORRANCE,-118.34005223,33.82421662
7064199,2015,2015-11-13,1972,2015-10-23,0805,14197,NA,5,5,6,1972,0,0,0,NA,0,NA,SEPULVEDA BL,PENNSYLVANIA,60,E,N,A,-,N,NA,NA,NA,NA,NA,NA,NA,NA,NA,N,4,0,1,2,A,-,04,21703,NA,N,C,C,A,A,H,-,A,A,0,NA,NA,NA,NA,Y,NA,A,NA,0,0,1,0,0,0,0,0,0,-,-,NA,NA,LOS ANGELES,TORRANCE,-118.32515853,33.82114072
7064200,2015,2017-02-02,1972,2015-10-23,1803,19522,NA,5,5,6,1972,0,0,0,NA,0,NA,HAWTHORNE BL,182ND ST,530,S,N,A,-,Y,LA,7,107,-,-,4.09,H,-,S,Y,4,0,1,3,A,-,03,22350,NA,N,C,C,A,A,H,-,C,D,0,NA,NA,NA,NA,Y,NA,A,NA,0,0,1,0,0,0,0,0,0,-,-,NA,NA,LOS ANGELES,TORRANCE,-118.35266368,33.86405423
7064204,2015,2015-11-10,1948,2015-07-04,1126,423,ALH,6,5,5,1948,0,0,0,NA,0,003,SOUTH ATLANTIC BL,NEWMARK AV,70,S,N,A,-,N,NA,NA,NA,NA,NA,NA,NA,NA,NA,N,4,0,1,3,A,-,03,22350,NA,N,C,C,A,A,H,-,A,D,0,NA,NA,NA,NA,Y,NA,A,07,0,0,1,0,0,0,0,0,0,-,-,NA,NA,LOS ANGELES,MONTEREY PARK,-118.13364048,34.05958881
7064226,2015,2015-12-09,9535,2015-09-28,1705,020816,NA,1,2,9,1900,0,3,5,NA,2,001,FLORAL DR,GAGE AV,0,NA,Y,A,-,N,NA,NA,NA,NA,NA,NA,NA,NA,NA,N,3,0,1,2,A,-,03,22350,NA,N,H,G,A,A,H,-,A,D,0,NA,Y,NA,NA,Y,NA,A,07,0,1,0,0,0,0,1,0,0,-,-,34.04368,-118.18464,LOS ANGELES,UNINCORPORATED,-118.1846701,34.04369006
7064227,2015,2015-11-13,9535,2015-09-13,1400,20943,NA,7,2,9,1900,0,3,5,NA,2,001,GAGE AV,CESAR E CHAVEZ AV,355,S,N,A,-,N,NA,NA,NA,NA,NA,NA,NA,NA,NA,N,4,0,1,2,A,-,17,22517,NA,N,G,B,A,A,H,-,A,D,0,NA,NA,NA,NA,Y,NA,E,22,0,0,1,0,0,0,0,0,0,-,-,34.03926,-118.18472,LOS ANGELES,UNINCORPORATED,-118.18465,34.0395465
7064228,2015,2017-01-14,9535,2015-09-18,1650,14473,NA,5,2,5,1947,0,1,3,NA,2,600,RT 60,GERHART AV,150,E,N,A,-,Y,LA,7,60,-,R,4.78,H,-,E,N,4,0,1,2,A,-,03,22350,NA,N,C,C,A,A,H,-,A,D,1,NA,NA,NA,NA,Y,NA,A,01,0,0,1,0,0,0,0,0,0,-,-,34.03296,-118.14478,LOS ANGELES,MONTEBELLO,-118.14470081,34.03304814
7064253,2015,2015-11-10,1942,2015-08-11,1620,40574,0515,2,5,7,1942,0,0,0,E,0,18A26,PACIFIC COAST HWY,AVALON BL,0,NA,Y,A,-,N,NA,NA,NA,NA,NA,NA,NA,NA,NA,N,4,0,1,2,A,-,03,22350,NA,F,C,C,A,A,H,-,A,A,0,NA,NA,NA,NA,Y,NA,-,99,0,0,1,0,0,0,0,0,0,-,-,NA,NA,LOS ANGELES,LOS ANGELES,-118.26332003,33.79116011
7064254,2015,2015-11-10,1942,2015-08-07,1800,38644,0528,5,5,7,1942,0,0,0,E,0,5A24,L ST,SANFORD AV,20,E,N,A,-,N,NA,NA,NA,NA,NA,NA,NA,NA,NA,N,4,0,1,2,A,-,03,22350,NA,N,A,E,A,A,H,-,A,A,0,NA,NA,NA,NA,Y,NA,A,01,0,0,1,0,0,0,0,0,0,-,-,NA,NA,LOS ANGELES,LOS ANGELES,-118.25069442,33.78738319
7064255,2015,2015-11-10,1942,2015-08-07,1230,40233,0529,5,5,7,1942,0,0,0,E,0,5A17,ANAHEIM ST,LAKME AV,30,W,N,A,-,N,NA,NA,NA,NA,NA,NA,NA,NA,NA,N,3,0,1,2,A,-,21,22106,NA,N,B,C,A,A,H,-,A,D,0,NA,NA,Y,NA,Y,NA,A,08,0,1,0,0,0,0,0,0,1,-,-,NA,NA,LOS ANGELES,LOS ANGELES,-118.25996836,33.78011516
7064256,2015,2015-11-10,1942,2015-08-16,0450,40602,0501,7,5,7,1942,0,0,0,E,0,523,182ND ST,HOOVER ST,50,W,N,A,-,N,NA,NA,NA,NA,NA,NA,NA,NA,NA,N,4,0,1,2,A,-,04,21703,NA,F,C,D,A,A,H,-,C,D,0,NA,NA,NA,NA,Y,Y,-,99,0,0,1,0,0,0,0,0,0,-,-,NA,NA,LOS ANGELES,LOS ANGELES,-118.2860101,33.86975131
7064261,2015,2017-01-26,9535,2015-09-09,1457,18655,NA,3,2,4,1907,0,1,1,NA,2,073,RT 710,SLAUSON AV,250,S,N,A,-,Y,LA,7,710,-,-,20.98,H,-,S,Y,4,0,1,2,A,-,03,22350,NA,N,C,C,A,A,H,-,A,D,1,NA,NA,Y,NA,Y,NA,C,02,0,0,1,0,0,0,0,0,1,-,-,33.98351,-118.16855,LOS ANGELES,BELL,-118.16948087,33.98601084
7064262,2015,2017-01-14,9535,2015-09-19,1100,19540,NA,6,1,3,1914,0,1,1,NA,2,500,RT 5,SIMMINS,100,S,N,A,-,Y,LA,7,5,-,-,11.02,H,-,N,Y,3,0,1,2,A,-,04,21703,NA,N,C,C,A,A,H,-,A,D,1,NA,NA,Y,NA,Y,NA,C,02,0,1,0,0,0,0,0,0,1,-,-,33.99071,-118.14025,LOS ANGELES,COMMERCE,-118.13887759,33.98907153
7064263,2015,2015-11-16,9535,2015-09-23,1100,13259,NA,3,1,9,1900,0,1,3,NA,2,066,RT 164,RT 60,8,N,N,A,-,N,NA,NA,164,NA,NA,NA,NA,NA,NA,Y,4,0,2,2,A,-,03,22350,NA,N,C,C,A,A,H,-,A,A,0,NA,NA,NA,NA,Y,NA,A,01,0,0,2,0,0,0,0,0,0,-,-,34.04334,-118.06438,LOS ANGELES,UNINCORPORATED,-118.06437917,34.04334
7064264,2015,2017-01-19,9535,2015-09-29,0613,17416,NA,2,1,6,1922,0,1,1,NA,2,401,RT 10,DURFEE AV,350,W,N,A,-,Y,LA,7,10,-,-,30.44,H,-,W,Y,2,0,1,2,A,-,03,22350,NA,N,C,C,A,A,H,-,B,D,6,NA,NA,Y,NA,Y,NA,C,02,1,0,0,0,0,0,0,0,1,-,-,34.06488,-118.92271,LOS ANGELES,EL MONTE,-118.01224894,34.06475117
7064265,2015,2015-11-06,1900,2015-10-22,0715,510585,2313,4,5,5,1919,0,0,0,NA,0,230T,SOUTH ST,STUDEBAKER RD,42,E,N,A,-,N,NA,NA,NA,NA,NA,NA,NA,NA,NA,Y,4,0,1,3,A,-,03,22350,NA,N,C,C,A,A,H,-,A,A,0,NA,NA,NA,NA,Y,NA,A,01,0,0,1,0,0,0,0,0,0,-,-,NA,NA,LOS ANGELES,CERRITOS,-118.09953196,33.85834
7064269,2015,2017-01-14,9535,2015-09-08,1510,13989,NA,2,2,5,1959,0,1,3,NA,2,621,RT 60,SAN GABRIEL BL,200,W,N,A,-,Y,LA,7,60,-,-,11.26,H,-,W,N,4,0,1,2,A,-,03,22350,NA,N,C,C,A,A,H,-,A,D,1,NA,NA,NA,NA,Y,NA,A,01,0,0,1,0,0,0,0,0,0,-,-,34.03865,-118.08359,LOS ANGELES,ROSEMEAD,-118.0341741,34.03675317
7064270,2015,2017-01-19,9535,2015-09-21,0849,17148,NA,1,1,5,1959,0,1,1,NA,2,401,RT 10,ROSEMEAD BL,100,W,N,A,-,Y,LA,7,10,-,-,26.82,H,-,W,Y,4,0,1,2,A,-,03,22350,NA,N,C,C,A,A,H,-,A,D,0,NA,NA,NA,NA,Y,NA,A,08,0,0,1,0,0,0,0,0,0,-,-,34.07223,-118.07345,LOS ANGELES,ROSEMEAD,-118.07367121,34.07240275
7064271,2015,2017-01-19,9535,2015-09-24,1925,17722,NA,4,2,6,1922,0,1,1,NA,2,400,RT 10,SANTA ANA AV,200,E,N,A,-,Y,LA,7,10,-,-,28.81,R,1,E,N,4,0,1,2,A,-,03,22350,NA,N,C,C,A,A,H,-,C,A,6,NA,NA,NA,NA,Y,NA,A,01,0,0,1,0,0,0,0,0,0,FR,-,34.06824,-118.04029,LOS ANGELES,EL MONTE,-118.04002193,34.06838898
7064272,2015,2017-01-14,9535,2015-09-04,1345,12125,NA,5,1,3,1914,0,1,1,NA,2,501,RT 5,ARIZONA AV,700,S,N,A,-,Y,LA,7,5,-,-,13.43,H,-,S,N,3,0,1,2,A,-,07,21658,A,N,B,C,A,A,H,-,A,D,1,NA,NA,Y,NA,Y,NA,A,07,0,1,0,0,0,0,0,0,1,-,-,34.01402,-118.16737,LOS ANGELES,COMMERCE,-118.16747089,34.01407845
7064273,2015,2017-01-13,9535,2015-09-12,1125,17148,NA,6,1,9,1900,0,1,3,NA,2,066,RT 164,RT 60,1960,N,N,A,-,Y,LA,7,164,-,-,3.748,I,5,N,Y,3,0,4,2,A,-,09,21801,A,N,D,C,A,A,H,-,A,D,0,NA,NA,NA,NA,Y,NA,A,01,0,3,1,0,0,0,0,0,0,-,-,NA,NA,LOS ANGELES,UNINCORPORATED,-118.06421272,34.04726831
7064274,2015,2017-01-14,9535,2015-09-17,0850,12767,NA,4,1,5,1947,0,1,3,NA,2,621,RT 60,MARKLAND DR,1584,E,N,A,-,Y,LA,7,60,-,R,6.63,H,-,W,N,4,0,1,2,A,-,03,22350,NA,N,C,C,A,A,H,-,A,D,1,NA,NA,NA,NA,Y,NA,A,01,0,0,1,0,0,0,0,0,0,-,-,34.03359,-118.11243,LOS ANGELES,MONTEBELLO,-118.11249781,34.03348911
7064275,2015,2017-01-14,9535,2015-09-23,0600,12952,NA,3,1,3,1968,0,1,3,NA,2,620,RT 60,PECK AV,925,E,N,A,-,Y,LA,7,60,-,-,11.22,H,-,E,N,4,0,2,3,A,-,03,22350,NA,N,C,C,A,A,H,-,A,D,1,NA,NA,NA,NA,Y,NA,A,01,0,0,2,0,0,0,0,0,0,-,-,34.03674,-118.03528,LOS ANGELES,SOUTH EL MONTE,-118.0351489,34.03672465
7064276,2015,2015-11-14,9535,2015-09-24,0755,19626,NA,4,1,9,1900,0,3,5,NA,2,001,S ALY CITY TERRACE DR,HAZARD AV,15,E,N,A,-,N,NA,NA,NA,NA,NA,NA,NA,NA,NA,N,3,0,1,2,A,-,11,21954,A,N,G,B,E,A,H,-,A,D,0,Y,NA,NA,NA,Y,NA,N,60,0,1,0,0,1,0,0,0,0,-,-,34.05453,-118.17845,LOS ANGELES,UNINCORPORATED,-118.178964,34.055634
7064277,2015,2017-01-14,9535,2015-09-26,1907,20818,NA,6,2,5,1947,0,1,3,NA,2,600,RT 60,FINDLAY AV,700,W,N,A,-,Y,LA,7,60,-,R,5.03,H,-,E,N,4,0,1,3,A,-,08,22107,NA,N,G,B,E,A,H,-,D,D,1,Y,NA,NA,NA,Y,NA,A,01,0,0,1,0,1,0,0,0,0,-,-,34.03287,-118.14025,LOS ANGELES,MONTEBELLO,-118.14034897,34.03296279
7064278,2015,2015-11-16,9535,2015-09-18,2230,19839,NA,5,3,9,1900,0,2,4,NA,2,022,OLYMPIC BL,ATLANTIC BL,0,NA,Y,A,-,N,NA,NA,NA,NA,NA,NA,NA,NA,NA,Y,3,0,2,3,A,-,03,22350,NA,N,C,C,A,A,H,-,C,A,0,NA,NA,NA,NA,Y,NA,A,01,0,1,1,0,0,0,0,0,0,-,-,34.01622,-118.15855,LOS ANGELES,UNINCORPORATED,-118.15854004,34.01630001
7064279,2015,2015-11-16,9535,2015-09-12,2336,20859,NA,6,3,9,1900,0,3,5,NA,2,007,DOWNEY RD,BANDINI BL,0,NA,Y,A,-,N,NA,NA,NA,NA,NA,NA,NA,NA,NA,Y,2,0,1,2,A,-,12,21453,A,N,D,C,A,A,H,-,C,A,0,NA,NA,Y,NA,Y,NA,C,02,1,0,0,0,0,0,0,0,1,-,-,34.00825,-118.20412,LOS ANGELES,UNINCORPORATED,-118.2049901,34.00863005
7064299,2015,2015-11-05,1900,2015-09-29,1850,525409,2911,2,5,4,1974,0,0,0,NA,0,291K2,COUNTY HOLLOW DR,SUNSET VISTA RD,45,S,N,A,-,N,NA,NA,NA,NA,NA,NA,NA,NA,NA,N,4,0,1,2,A,-,05,21650,1,N,A,G,A,A,H,-,B,D,0,NA,Y,NA,NA,Y,NA,L,04,0,0,1,0,0,0,1,0,0,-,-,NA,NA,LOS ANGELES,WALNUT,-117.86109908,34.04091869
7064301,2015,2015-11-06,9550,2015-09-24,1520,18854,NA,4,2,9,1900,0,2,4,NA,1,051,FULLERTON RD,COLIMA RD,75,N,N,A,-,N,NA,NA,NA,NA,NA,NA,NA,NA,NA,N,4,0,1,2,A,-,03,22350,NA,N,C,C,A,A,H,-,A,D,0,NA,NA,NA,NA,Y,NA,A,01,0,0,1,0,0,0,0,0,0,-,-,33.98873,-117.90574,LOS ANGELES,UNINCORPORATED,-117.90567317,33.98856513
7064302,2015,2017-01-19,9550,2015-09-24,1525,14312,NA,4,2,9,1900,0,1,3,NA,2,600,RT 60,7TH AV,100,E,N,A,-,Y,LA,7,60,-,-,14.32,H,-,E,Y,4,0,2,4,A,-,03,22350,NA,N,C,C,A,A,H,-,A,D,1,NA,NA,NA,NA,Y,NA,D,22,0,0,2,0,0,0,0,0,0,-,-,34.01863,-117.98739,LOS ANGELES,UNINCORPORATED,-117.98776673,34.01894108
7064303,2015,2015-11-05,9530,2015-09-09,1345,16109,NA,3,1,9,1900,0,3,5,NA,2,004,PUNTA DEL ESTE DR,GARONA DR,25,N,N,A,-,N,NA,NA,NA,NA,NA,NA,NA,NA,NA,Y,3,0,2,1,A,-,08,22107,NA,F,E,I,A,A,H,-,A,D,0,NA,NA,NA,NA,Y,NA,A,01,0,2,0,0,0,0,0,0,0,-,-,NA,NA,LOS ANGELES,UNINCORPORATED,-117.95377019,33.98494388
7064304,2015,2017-01-20,9575,2015-09-24,1730,19754,NA,4,2,6,1953,0,1,1,NA,2,064,RT 210,LOS ROBLES AV,10,W,N,A,-,Y,LA,7,210,-,R,25.81,H,-,W,Y,4,0,2,4,A,-,03,22350,NA,N,C,C,A,A,H,-,A,D,1,NA,NA,NA,NA,Y,NA,D,22,0,0,2,0,0,0,0,0,0,-,-,34.15268,-118.14292,LOS ANGELES,PASADENA,-118.14140664,34.15201595
7064325,2015,2015-10-13,1948,2015-09-20,1945,437,1948,7,5,5,1948,0,0,0,NA,0,004,FLORAL DR,GARFIELD AV,1,E,N,A,-,N,NA,NA,NA,NA,NA,NA,NA,NA,NA,N,3,0,1,2,A,-,17,21200,A,N,D,G,A,A,H,-,C,D,0,NA,Y,NA,NA,Y,NA,L,04,0,1,0,0,0,0,1,0,0,-,-,NA,NA,LOS ANGELES,MONTEREY PARK,-118.13025,34.03782