CASE_ID,ACCIDENT_YEAR,PROC_DATE,JURIS,COLLISION_DATE,COLLISION_TIME,OFFICER_ID,REPORTING_DISTRICT,DAY_OF_WEEK,CHP_SHIFT,POPULATION,CNTY_CITY_LOC,SPECIAL_COND,BEAT_TYPE,CHP_BEAT_TYPE,CITY_DIVISION_LAPD,CHP_BEAT_CLASS,BEAT_NUMBER,PRIMARY_RD,SECONDARY_RD,DISTANCE,DIRECTION,INTERSECTION,WEATHER_1,WEATHER_2,STATE_HWY_IND,CALTRANS_COUNTY,CALTRANS_DISTRICT,STATE_ROUTE,ROUTE_SUFFIX,POSTMILE_PREFIX,POSTMILE,LOCATION_TYPE,RAMP_INTERSECTION,SIDE_OF_HWY,TOW_AWAY,COLLISION_SEVERITY,NUMBER_KILLED,NUMBER_INJURED,PARTY_COUNT,PRIMARY_COLL_FACTOR,PCF_CODE_OF_VIOL,PCF_VIOL_CATEGORY,PCF_VIOLATION,PCF_VIOL_SUBSECTION,HIT_AND_RUN,TYPE_OF_COLLISION,MVIW,PED_ACTION,ROAD_SURFACE,ROAD_COND_1,ROAD_COND_2,LIGHTING,CONTROL_DEVICE,CHP_ROAD_TYPE,PEDESTRIAN_ACCIDENT,BICYCLE_ACCIDENT,MOTORCYCLE_ACCIDENT,TRUCK_ACCIDENT,NOT_PRIVATE_PROPERTY,ALCOHOL_INVOLVED,STWD_VEHTYPE_AT_FAULT,CHP_VEHTYPE_AT_FAULT,COUNT_SEVERE_INJ,COUNT_VISIBLE_INJ,COUNT_COMPLAINT_PAIN,COUNT_PED_KILLED,COUNT_PED_INJURED,COUNT_BICYCLIST_KILLED,COUNT_BICYCLIST_INJURED,COUNT_MC_KILLED,COUNT_MC_INJURED,PRIMARY_RAMP,SECONDARY_RAMP,LATITUDE,LONGITUDE,COUNTY,CITY,POINT_X,POINT_Y
7064636,2015,2017-01-21,9590,2015-07-03,0115,020298,NA,5,3,7,1942,0,1,1,NA,2,052,RT 110,WASHINGTON BL,350,S,N,A,-,Y,LA,7,110,-,-,21.17,H,-,N,Y,3,0,1,2,A,-,01,23152,A,N,B,C,A,A,H,-,D,D,1,NA,NA,NA,NA,Y,Y,D,22,0,1,0,0,0,0,0,0,0,-,-,34.03415,-118.27433,LOS ANGELES,LOS ANGELES,-118.27441964,34.03449899
7064638,2015,2017-01-19,9535,2015-08-13,0720,15632,NA,4,1,5,1959,0,1,1,NA,2,401,RT 10,SAN GABRIEL BL,100,W,N,A,-,Y,LA,7,10,-,-,25.82,H,-,W,N,4,0,1,2,A,-,03,22350,NA,N,C,C,A,A,H,-,A,D,0,NA,NA,NA,NA,Y,NA,A,01,0,0,1,0,0,0,0,0,0,-,-,34.0721,-118.091,LOS ANGELES,ROSEMEAD,-118.09110408,34.0722009
7064640,2015,2017-01-13,9535,2015-08-11,1050,17789,NA,2,1,9,1900,0,1,3,NA,2,066,RT 164,ROSEMEAD BL,0,NA,Y,A,-,Y,LA,7,164,-,-,3.25,I,5,N,Y,4,0,1,4,A,-,12,21453,A,N,D,C,A,A,H,-,A,A,0,NA,NA,NA,NA,Y,NA,A,01,0,0,1,0,0,0,0,0,0,-,EF,34.22571,-118.35236,LOS ANGELES,UNINCORPORATED,-118.06419443,34.03997215
7064644,2015,2016-12-08,9590,2015-04-26,1829,20788,NA,7,2,7,1942,0,1,2,NA,2,071,RT 101,MISSION RD,500,N,N,A,-,Y,LA,7,101,-,-,0.13,H,-,S,Y,3,0,2,3,A,-,08,22107,NA,N,E,I,A,A,H,-,A,D,1,NA,NA,NA,NA,Y,NA,A,01,0,1,1,0,0,0,0,0,0,-,-,34.05293,-118.22787,LOS ANGELES,LOS ANGELES,-118.22945376,34.0531205
7064646,2015,2015-09-18,1942,2015-09-02,1600,40141,1557,3,5,7,1942,0,0,0,O,0,19TL76,MAGNOLIA BL,RIVERTON AV,150,W,N,A,-,N,NA,NA,NA,NA,NA,NA,NA,NA,NA,N,4,0,1,2,A,-,08,22107,NA,F,C,C,A,A,H,-,A,D,0,NA,NA,NA,NA,Y,NA,-,99,0,0,1,0,0,0,0,0,0,-,-,NA,NA,LOS ANGELES,LOS ANGELES,-118.36643481,34.164891
7064653,2015,2015-09-21,1942,2015-09-05,1040,34251,0649,6,5,7,1942,0,0,0,F,0,8TL83,HOLLYWOOD BL,WINONA BL,40,E,N,A,-,N,NA,NA,NA,NA,NA,NA,NA,NA,NA,Y,4,0,1,2,A,-,03,22350,NA,N,B,E,A,A,H,-,A,A,0,NA,NA,NA,NA,Y,NA,A,08,0,0,1,0,0,0,0,0,0,-,-,NA,NA,LOS ANGELES,LOS ANGELES,-118.30205812,34.10175
7064654,2015,2015-09-21,1942,2015-09-06,1440,32565,0645,7,5,7,1942,0,0,0,F,0,20TL56,HOLLYWOOD BL,ORANGE DR,7,E,N,A,-,N,NA,NA,NA,NA,NA,NA,NA,NA,NA,N,3,0,1,2,A,-,11,21456,B,N,G,B,B,A,H,-,A,A,0,Y,NA,NA,NA,Y,NA,N,60,0,1,0,0,1,0,0,0,0,-,-,NA,NA,LOS ANGELES,LOS ANGELES,-118.34169692,34.10154
7064656,2015,2015-09-21,1942,2015-09-10,1745,40164,721,4,5,7,1942,0,0,0,NA,0,8TL26,3RD ST,LA PEER DR,40,E,N,A,-,N,NA,NA,NA,NA,NA,NA,NA,NA,NA,Y,3,0,1,2,A,-,03,22350,NA,N,C,E,A,A,H,-,A,D,0,NA,NA,NA,NA,Y,NA,A,01,0,1,0,0,0,0,0,0,0,-,-,NA,NA,LOS ANGELES,LOS ANGELES,-118.3866782,34.07361275
7064665,2015,2015-10-01,1942,2015-09-07,0345,40826,0615,1,5,7,1942,0,0,0,F,0,6A77,LAKE HOLLYWOOD DR,WONDER VIEW DR,200,S,N,A,-,N,NA,NA,NA,NA,NA,NA,NA,NA,NA,N,4,0,1,1,A,-,03,22350,NA,N,-,I,A,A,H,-,C,-,0,NA,NA,NA,NA,Y,NA,-,NA,0,0,1,0,0,0,0,0,0,-,-,NA,NA,LOS ANGELES,LOS ANGELES,-118.33842,34.13215
7064666,2015,2015-09-21,1942,2015-09-05,0730,41943,HWD,6,5,7,1942,0,0,0,NA,0,6A31,HIGHLAND AV,SUNSET BL,10,N,N,A,-,N,NA,NA,NA,NA,NA,NA,NA,NA,NA,N,3,0,1,2,A,-,11,21456,B,N,G,B,B,A,H,-,A,A,0,Y,NA,NA,NA,Y,NA,N,60,0,1,0,0,1,0,0,0,0,-,-,NA,NA,LOS ANGELES,LOS ANGELES,-118.33866048,34.09799742
7064667,2015,2015-09-21,1942,2015-09-09,1225,31668,666,3,5,7,1942,0,0,0,NA,0,8TL35,SANTA MONICA BL,CAHUENGA BL,50,W,N,A,-,N,NA,NA,NA,NA,NA,NA,NA,NA,NA,N,4,0,1,2,A,-,03,22350,NA,F,C,C,A,A,H,-,A,D,0,NA,NA,NA,NA,Y,NA,A,01,0,0,1,0,0,0,0,0,0,-,-,NA,NA,LOS ANGELES,LOS ANGELES,-118.32903483,34.09074
7064668,2015,2015-09-21,1942,2015-09-05,1940,40826,0676,6,5,7,1942,0,0,0,F,0,6A79,MELROSE AV,GOWER ST,0,NA,Y,A,-,N,NA,NA,NA,NA,NA,NA,NA,NA,NA,N,4,0,1,2,A,-,03,22350,NA,F,B,C,A,A,H,-,C,A,0,NA,NA,NA,NA,Y,NA,-,99,0,0,1,0,0,0,0,0,0,-,-,NA,NA,LOS ANGELES,LOS ANGELES,-118.32272001,34.08349004
7064673,2015,2015-09-23,1900,2015-09-03,0810,472724,0633,4,5,6,1985,0,0,0,NA,0,61T1,GOLDEN VALLEY RD,CANYON GATE RD,127,W,N,A,-,N,NA,NA,NA,NA,NA,NA,NA,NA,NA,Y,2,0,5,4,A,-,03,22350,NA,N,C,C,A,A,H,-,A,D,0,NA,NA,NA,NA,Y,NA,A,01,1,0,4,0,0,0,0,0,0,-,-,NA,NA,LOS ANGELES,SANTA CLARITA,-118.47828228,34.39555746
7064674,2015,2015-09-23,1900,2015-09-02,1820,514681,0641,3,5,6,1985,0,0,0,NA,0,64T1,BOUQUET CANYON RD,SUSAN BETH WY,0,NA,Y,A,-,N,NA,NA,NA,NA,NA,NA,NA,NA,NA,Y,3,0,1,2,A,-,09,21801,A,N,D,C,A,A,H,-,A,A,0,NA,NA,NA,NA,Y,NA,A,01,0,1,0,0,0,0,0,0,0,-,-,NA,NA,LOS ANGELES,SANTA CLARITA,-118.51031012,34.44322007
7064675,2015,2015-09-23,1900,2015-09-10,0820,442391,0461,4,5,4,1936,0,0,0,NA,0,46T1,TACUBA DR,GABBETT DR,267,E,N,B,-,N,NA,NA,NA,NA,NA,NA,NA,NA,NA,Y,3,0,1,3,A,-,08,22107,NA,N,C,E,A,A,H,-,A,D,0,NA,NA,NA,NA,Y,NA,A,01,0,1,0,0,0,0,0,0,0,-,-,NA,NA,LOS ANGELES,LA MIRADA,-118.01824066,33.91359
7064676,2015,2015-09-22,1900,2015-09-08,0930,442391,0466,2,5,4,1936,0,0,0,NA,0,4LT1,ALONDA BL,VALLEYVIEW AV,427,E,N,A,-,N,NA,NA,NA,NA,NA,NA,NA,NA,NA,N,3,0,1,1,A,-,08,22107,NA,N,E,I,A,A,H,-,A,D,0,NA,NA,Y,NA,Y,NA,C,02,0,1,0,0,0,0,0,0,1,-,-,NA,NA,LOS ANGELES,LA MIRADA,-118.02766933,33.88802903
7064677,2015,2016-12-17,9550,2015-06-28,1840,20014,NA,7,2,6,1949,0,1,1,NA,2,500,RT 5,SILVERBOW AV,500,N,N,A,-,Y,LA,7,5,-,-,4.06,H,-,N,Y,4,0,1,2,A,-,03,22350,NA,N,C,C,A,A,H,-,A,D,1,NA,NA,NA,NA,Y,NA,A,01,0,0,1,0,0,0,0,0,0,-,-,33.90866,-118.06853,LOS ANGELES,NORWALK,-118.06877397,33.90879386
7064717,2015,2017-01-10,9545,2015-08-14,0145,20521,NA,5,3,6,1950,0,1,3,NA,2,031,RT 14,VINCENT SUMMIT,1584,S,N,A,-,Y,LA,7,14,-,R,54.21,H,-,S,Y,4,0,2,1,A,-,01,23152,A,N,E,I,A,A,H,-,C,D,1,NA,NA,NA,NA,Y,Y,A,01,0,0,2,0,0,0,0,0,0,-,-,34.50752,-118.11353,LOS ANGELES,PALMDALE,-118.11410205,34.50640327
7064718,2015,2017-01-12,9545,2015-08-15,2255,19345,NA,6,3,9,1900,0,1,3,NA,1,042,RT 138,LONGVIEW RD,800,E,N,A,-,Y,LA,7,138,-,-,60.32,H,-,W,Y,4,0,1,2,A,-,01,23152,A,N,C,C,A,A,H,-,C,D,0,NA,NA,NA,NA,Y,Y,A,07,0,0,1,0,0,0,0,0,0,-,-,34.50654,-117.8957,LOS ANGELES,UNINCORPORATED,-117.89417128,34.50644817
7064719,2015,2017-01-14,9575,2015-08-12,0300,20492,NA,3,3,7,1942,0,1,3,NA,2,041,RT 134,FIGUEROA ST,11,E,N,A,-,Y,LA,7,134,-,R,11.44,H,-,E,Y,3,0,1,2,A,-,03,22350,NA,N,D,C,A,A,H,-,C,D,1,NA,NA,NA,NA,Y,NA,A,01,0,1,0,0,0,0,0,0,0,-,-,34.14323,-118.18681,LOS ANGELES,LOS ANGELES,-118.18553664,34.14273285
7064726,2015,2015-09-23,1900,2015-09-04,1730,489533,0458,5,5,6,1949,0,0,0,NA,0,45T1,PIONEER BL,ALONDA BL,235,S,N,A,-,N,NA,NA,NA,NA,NA,NA,NA,NA,NA,Y,4,0,1,2,A,-,07,21658,A,N,B,C,A,A,H,-,A,A,0,NA,NA,NA,NA,Y,NA,A,01,0,0,1,0,0,0,0,0,0,-,-,NA,NA,LOS ANGELES,NORWALK,-118.08251,33.88705563
7064727,2015,2015-09-23,1900,2015-09-05,2305,483167,0463,6,5,4,1936,0,0,0,NA,0,46T2,SANTA GERTRUDES AV,IMPERIAL HWY,254,S,N,A,-,N,NA,NA,NA,NA,NA,NA,NA,NA,NA,Y,4,0,1,2,A,-,08,22100,A,N,D,C,A,A,H,-,C,D,0,NA,NA,NA,NA,Y,NA,A,01,0,0,1,0,0,0,0,0,0,-,-,NA,NA,LOS ANGELES,LA MIRADA,-117.99436,33.91658359
7064728,2015,2015-09-23,1900,2015-09-08,1655,466734,0467,2,5,4,1936,0,0,0,NA,0,46T1P,BEACH BL,HILLSBORO DR,25,N,N,A,-,N,NA,NA,NA,NA,NA,NA,NA,NA,NA,Y,4,0,3,3,A,-,04,21703,NA,N,C,C,A,A,H,-,A,D,0,NA,NA,NA,NA,Y,NA,A,01,0,0,3,0,0,0,0,0,0,-,-,NA,NA,LOS ANGELES,LA MIRADA,-117.97788049,33.90866472
7064730,2015,2017-01-10,9545,2015-07-24,0300,018342,NA,5,3,9,1900,0,1,3,NA,2,031,RT 14,WARD RD,83,N,N,A,-,Y,LA,7,14,-,-,46.78,H,-,N,Y,4,0,2,2,D,-,00,NA,NA,M,E,C,A,A,H,-,C,D,1,NA,NA,NA,NA,Y,NA,-,-,0,0,2,0,0,0,0,0,0,-,-,34.50018,-118.22717,LOS ANGELES,UNINCORPORATED,-118.22785042,34.50041646
7064753,2014,2015-09-18,1926,2014-03-31,1231,0620,NA,1,5,5,1926,0,0,0,NA,0,004,GLADSTONE ST,BURNABY DR,21,E,N,A,-,N,NA,NA,NA,NA,NA,NA,NA,NA,NA,Y,4,0,1,4,A,-,03,22350,NA,N,C,C,A,A,H,-,A,D,0,NA,NA,NA,NA,Y,NA,A,01,0,0,1,0,0,0,0,0,0,-,-,NA,NA,LOS ANGELES,GLENDORA,-117.84369079,34.1139307
7064756,2014,2015-09-18,1926,2014-09-17,1620,7450,NA,3,5,5,1926,0,0,0,NA,0,004,GLADSTONE ST,SUNFLOWER AV,15,E,N,A,-,N,NA,NA,NA,NA,NA,NA,NA,NA,NA,N,4,0,1,2,A,-,03,22350,NA,N,C,C,A,A,H,-,A,A,0,NA,NA,NA,NA,Y,NA,A,01,0,0,1,0,0,0,0,0,0,-,-,NA,NA,LOS ANGELES,GLENDORA,-117.84632056,34.11393
7064765,2014,2015-09-18,1926,2014-03-21,1130,0466,NA,5,5,5,1926,0,0,0,NA,0,003,AMELIA,CLUB VISTA,131,S,N,A,-,N,NA,NA,NA,NA,NA,NA,NA,NA,NA,Y,2,0,1,1,A,-,03,22350,NA,N,E,I,A,A,H,-,A,D,0,NA,NA,Y,NA,Y,NA,C,03,1,0,0,0,0,0,0,0,1,-,-,NA,NA,LOS ANGELES,GLENDORA,-117.82046930999999,34.13471111
7064766,2014,2015-09-18,1926,2014-03-21,0815,7897,NA,5,5,5,1926,0,0,0,NA,0,002,GLADSTONE ST,BENDER AV,140,W,N,B,-,N,NA,NA,NA,NA,NA,NA,NA,NA,NA,N,3,0,1,2,A,-,05,21202,A,N,D,G,A,A,H,-,A,D,0,NA,Y,NA,NA,Y,NA,L,04,0,1,0,0,0,0,1,0,0,-,-,NA,NA,LOS ANGELES,GLENDORA,-117.87033139,34.11394436
7064767,2014,2015-09-18,1926,2014-03-06,1217,7450,NA,4,5,5,1926,0,0,0,NA,0,003,FOOTHILL BL,CULLEN AV,0,NA,Y,A,-,N,NA,NA,NA,NA,NA,NA,NA,NA,NA,Y,3,0,1,2,A,-,12,21453,A,N,D,C,A,A,H,-,A,A,0,NA,NA,NA,NA,Y,NA,A,08,0,1,0,0,0,0,0,0,0,-,-,NA,NA,LOS ANGELES,GLENDORA,-117.85933003,34.13604011
7064768,2014,2015-09-18,1926,2014-03-09,2027,5248,NA,7,5,5,1926,0,0,0,NA,0,002,DAWSON AV,GLENDORA AV,0,NA,Y,A,-,N,NA,NA,NA,NA,NA,NA,NA,NA,NA,N,4,0,1,2,A,-,10,21950,A,N,G,B,B,A,H,-,D,D,0,Y,NA,NA,NA,Y,NA,A,01,0,0,1,0,1,0,0,0,0,-,-,NA,NA,LOS ANGELES,GLENDORA,-117.86441007,34.11754009
7064773,2015,2016-07-19,1942,2015-09-05,1440,41210,0805,6,5,7,1942,0,0,0,H,0,6T2,SEPULVEDA BL,CHURCH LN,18,N,N,A,-,N,NA,NA,NA,NA,NA,NA,NA,NA,NA,Y,2,0,1,1,A,-,03,22350,NA,N,E,I,A,A,H,-,A,A,0,NA,NA,NA,NA,Y,NA,A,01,1,0,0,0,0,0,0,0,0,-,-,NA,NA,LOS ANGELES,LOS ANGELES,-118.4683649,34.07568482
7064774,2015,2015-09-21,1942,2015-09-03,1750,41203,0883,4,5,7,1942,0,0,0,H,0,8A12,PICO,PONTIUS AV,0,NA,Y,A,-,N,NA,NA,NA,NA,NA,NA,NA,NA,NA,N,3,0,1,2,A,-,10,21950,A,N,G,B,B,A,H,-,A,D,0,Y,NA,NA,NA,Y,NA,A,01,0,1,0,0,1,0,0,0,0,-,-,NA,NA,LOS ANGELES,LOS ANGELES,-118.43617005,34.03647004
7064776,2015,2015-09-21,1942,2015-09-08,1820,24475,0898,2,5,7,1942,0,0,0,H,0,6T7,ROBERTSON BL,NATIONAL BL,20,N,N,A,-,N,NA,NA,NA,NA,NA,NA,NA,NA,NA,Y,4,0,1,2,A,-,09,21801,A,N,D,C,A,A,H,-,A,A,0,NA,NA,NA,NA,Y,NA,A,01,0,0,1,0,0,0,0,0,0,-,-,NA,NA,LOS ANGELES,LOS ANGELES,-118.39089002,34.03128885
7064777,2015,2015-09-22,1942,2015-09-09,0750,31387,773,3,5,7,1942,0,0,0,NA,0,6T7,WASHINGTON BL,CLYDE AV,20,E,N,A,-,N,NA,NA,NA,NA,NA,NA,NA,NA,NA,Y,4,0,2,2,A,-,09,21802,A,N,A,C,A,A,H,-,A,A,0,NA,NA,NA,NA,Y,NA,A,01,0,0,2,0,0,0,0,0,0,-,-,NA,NA,LOS ANGELES,LOS ANGELES,-118.36570351,34.03634824
7064778,2015,2015-09-22,1942,2015-09-09,1630,37613,0765,3,5,7,1942,0,0,0,G,0,14TL54,SAN VICENTE BL,LA BREA AV,0,NA,Y,A,-,N,NA,NA,NA,NA,NA,NA,NA,NA,NA,Y,4,0,1,2,A,-,03,22350,NA,N,C,C,A,A,H,-,A,A,0,NA,NA,NA,NA,Y,NA,A,07,0,0,1,0,0,0,0,0,0,-,-,NA,NA,LOS ANGELES,LOS ANGELES,-118.34422002,34.05035003
7064779,2015,2015-09-22,1942,2015-09-08,1850,38590,743,2,5,7,1942,0,0,0,NA,0,7T23W3,OLYMPIC BL,SIERRA BONITA AV,100,W,N,A,-,N,NA,NA,NA,NA,NA,NA,NA,NA,NA,N,4,0,1,5,A,-,03,22350,NA,N,C,C,A,A,H,-,A,D,0,NA,NA,NA,NA,Y,NA,A,01,0,0,1,0,0,0,0,0,0,-,-,NA,NA,LOS ANGELES,LOS ANGELES,-118.35628933,34.05744969
7064780,2015,2015-09-22,1942,2015-09-03,0905,32565,0743,4,5,7,1942,0,0,0,G,0,20TL55,OLYMPIC BL,STANLEY AV,17,W,N,B,-,N,NA,NA,NA,NA,NA,NA,NA,NA,NA,Y,3,0,1,2,A,-,06,21755,NA,N,D,C,A,A,H,-,A,A,0,NA,NA,Y,NA,Y,NA,C,03,0,1,0,0,0,0,0,0,1,-,-,NA,NA,LOS ANGELES,LOS ANGELES,-118.358146,34.05750138
7064785,2015,2015-09-22,1967,2015-09-01,2157,107,911,2,5,2,1967,0,0,0,NA,0,NORTH,ORANGE AV,SPRING,0,NA,Y,A,-,N,NA,NA,NA,NA,NA,NA,NA,NA,NA,Y,4,0,1,2,A,-,09,21801,A,N,D,C,A,A,H,-,C,A,0,NA,NA,NA,NA,Y,NA,A,01,0,0,1,0,0,0,0,0,0,-,-,NA,NA,LOS ANGELES,SIGNAL HILL,-118.17631013,33.81168011
7064793,2015,2015-09-17,9550,2015-06-27,2353,20597,NA,6,3,9,1900,0,3,5,NA,2,003,VALENCIA AV,MARWOOD ST,141,S,N,A,-,N,NA,NA,NA,NA,NA,NA,NA,NA,NA,Y,4,0,2,4,A,-,08,22107,NA,N,C,E,A,A,H,-,C,D,0,NA,NA,NA,NA,Y,Y,A,01,0,0,2,0,0,0,0,0,0,-,-,34.01758,-117.97666,LOS ANGELES,UNINCORPORATED,-117.97696855,34.01713056
7064794,2015,2016-12-17,9550,2015-06-28,0220,20861,NA,7,3,3,1964,0,1,1,NA,2,500,RT 5,FLORENCE AV,400,N,N,A,-,Y,LA,7,5,-,-,6.46,H,-,S,Y,4,0,3,4,A,-,01,23152,A,N,C,A,A,A,H,-,C,D,1,NA,NA,NA,NA,Y,Y,A,01,0,0,3,0,0,0,0,0,0,-,-,33.93702,-118.09395,LOS ANGELES,SANTA FE SPRINGS,-118.093472,33.93628688
7064795,2015,2015-09-17,9550,2015-06-28,1025,20741,NA,7,1,9,1900,0,2,4,NA,1,032,GALE AV,TURNBULL CANYON RD,0,NA,Y,A,-,N,NA,NA,NA,NA,NA,NA,NA,NA,NA,Y,4,0,2,4,A,-,12,21453,A,N,D,C,A,A,H,-,A,A,0,NA,NA,NA,NA,Y,NA,A,01,0,0,2,0,0,0,0,0,0,-,-,34.01499,-117.97584,LOS ANGELES,UNINCORPORATED,-117.9758,34.01494009
7064796,2015,2017-01-03,9550,2015-06-30,1640,21054,NA,2,2,9,1900,0,1,3,NA,2,600,RT 60,7TH AV,125,E,N,B,-,Y,LA,7,60,-,-,14.32,H,-,E,Y,4,0,1,3,A,-,03,22350,NA,N,C,C,A,A,H,-,A,D,1,NA,NA,NA,Y,Y,NA,F,26,0,0,1,0,0,0,0,0,0,-,-,34.01863,-117.98769,LOS ANGELES,UNINCORPORATED,-117.98776673,34.01894108
7064817,2015,2017-01-10,9545,2015-07-22,1735,018033,NA,3,2,9,1900,0,1,3,NA,2,011,RT 14,AVENUE H,2222,N,N,A,-,Y,LA,7,14,-,R,70.41,H,-,S,Y,4,0,1,1,A,-,08,22107,NA,N,E,I,A,A,H,-,A,D,1,NA,NA,NA,NA,Y,NA,A,07,0,0,1,0,0,0,0,0,0,-,-,34.72572,-118.1705,LOS ANGELES,UNINCORPORATED,-118.17044256,34.72478149
7064835,2015,2017-01-14,9590,2015-07-05,2045,20753,NA,7,2,7,1942,0,1,1,NA,2,041,RT 5,CESAR CHAVEZ AV,400,S,N,A,-,Y,LA,7,5,-,-,17.98,H,-,S,Y,4,0,1,3,A,-,03,22350,NA,N,C,C,A,A,H,-,A,D,1,NA,NA,NA,NA,Y,NA,A,01,0,0,1,0,0,0,0,0,0,-,-,34.0435,-118.21707,LOS ANGELES,LOS ANGELES,-118.21444891,34.0484684
7064844,2015,2017-01-28,9590,2015-07-02,1955,20951,NA,4,2,7,1942,0,1,2,NA,2,072,RT 101,LANKERSHIM BL,1040,S,N,A,-,Y,LA,7,101,-,-,10.14,H,-,N,Y,4,0,1,6,A,-,03,22350,NA,N,B,C,A,A,H,-,A,D,1,NA,NA,NA,NA,Y,NA,A,07,0,0,1,0,0,0,0,0,0,-,-,34.13591,-118.36005,LOS ANGELES,LOS ANGELES,-118.35995196,34.13579532
7064861,2015,2015-09-21,1928,2015-07-18,1357,378,517,6,5,5,1928,0,0,0,NA,0,0H3,132ND ST,ROSELLE AV,0,NA,Y,B,C,N,NA,NA,NA,NA,NA,NA,NA,NA,NA,N,4,0,1,2,A,-,03,22350,NA,N,D,C,A,B,H,-,A,D,0,NA,NA,Y,NA,Y,NA,C,02,0,0,1,0,0,0,0,0,1,-,-,NA,NA,LOS ANGELES,HAWTHORNE,-118.34282004,33.91281006
7064873,2015,2015-09-16,9545,2015-07-15,2220,16124,NA,3,3,9,1900,0,3,5,NA,2,004,PALMDALE BL,110TH ST EAST,8976,E,N,A,-,N,NA,NA,NA,NA,NA,NA,NA,NA,NA,Y,2,0,4,2,A,-,06,21751,NA,N,A,C,A,A,H,-,D,D,0,NA,NA,NA,NA,Y,NA,A,01,1,2,1,0,0,0,0,0,0,-,-,34.57998,-117.90397,LOS ANGELES,UNINCORPORATED,-117.90428347,34.5799395
7064874,2015,2017-01-10,9545,2015-07-16,0700,15351,NA,4,1,9,1900,0,1,3,NA,2,031,RT 14,SIERRA HWY,1584,N,N,A,-,Y,LA,7,14,-,R,52.65,H,-,S,Y,3,0,1,1,A,-,08,22107,NA,N,E,J,A,A,H,-,A,D,1,NA,NA,NA,NA,Y,NA,A,01,0,1,0,0,0,0,0,0,0,-,-,34.49106,-118.13296,LOS ANGELES,UNINCORPORATED,-118.13313541,34.4909082
7064875,2015,2017-01-10,9545,2015-07-13,0050,19345,NA,1,3,9,1900,0,1,3,NA,2,031,RT 14,SANTIAGO RD,2640,S,N,A,-,Y,LA,7,14,-,R,50.17,H,-,S,Y,3,0,1,1,A,-,01,23152,A,N,E,I,A,A,H,-,D,D,1,NA,NA,NA,NA,Y,Y,A,01,0,1,0,0,0,0,0,0,0,-,-,34.49313,-118.17102,LOS ANGELES,UNINCORPORATED,-118.1718019,34.49334526
7064876,2015,2017-01-10,9545,2015-07-12,1050,19295,NA,7,1,9,1900,0,1,3,NA,2,021,RT 14,10TH ST WEST,5,N,N,A,-,Y,LA,7,14,-,R,61.897,R,1,S,N,4,0,1,2,A,-,03,22350,NA,N,-,C,A,A,H,-,A,A,1,NA,NA,NA,NA,Y,NA,A,07,0,0,1,0,0,0,0,0,0,TO,-,34.60494,-118.14793,LOS ANGELES,UNINCORPORATED,-118.14941326,34.60655681
7064881,2015,2017-01-14,9530,2015-07-28,1130,19857,NA,2,1,7,1942,0,1,1,NA,2,200,RT 105,AVALON BL,70,E,N,A,-,Y,LA,7,105,-,R,8.33,H,-,W,Y,2,0,1,2,A,-,03,22350,NA,N,C,C,A,A,H,-,A,D,1,NA,NA,NA,NA,Y,NA,D,22,1,0,0,0,0,0,0,0,0,-,-,33.92756,-118.26488,LOS ANGELES,LOS ANGELES,-118.26417,33.92765051
7064882,2015,2017-01-11,9530,2015-07-27,0800,19778,NA,1,1,9,1900,0,1,1,NA,2,120,RT 110,RT 405,350,N,N,A,-,Y,LA,7,110,-,-,8.84,H,-,S,N,4,0,1,2,A,-,03,22350,NA,N,C,C,A,A,H,-,A,D,1,NA,NA,NA,NA,Y,NA,D,22,0,0,1,0,0,0,0,0,0,-,-,33.85843,-118.28446,LOS ANGELES,UNINCORPORATED,-118.28474974,33.85797005
7064884,2015,2017-01-26,9530,2015-07-18,1500,21038,NA,6,2,7,1941,0,1,1,NA,2,071,RT 710,DEL AMO BL,230,N,N,C,-,Y,LA,7,710,-,-,10.88,H,-,S,Y,4,0,1,2,A,-,03,22350,NA,N,B,C,A,B,H,-,A,D,1,NA,NA,NA,NA,Y,NA,D,22,0,0,1,0,0,0,0,0,0,-,-,33.84695,-118.20556,LOS ANGELES,LONG BEACH,-118.20555954,33.84750875
7064918,2015,2017-01-21,9590,2015-07-10,1505,21072,NA,5,2,7,1942,0,1,1,NA,2,052,RT 110,28TH ST,50,S,N,A,-,Y,LA,7,110,-,-,20.57,H,-,N,Y,4,0,1,2,A,-,03,22350,NA,N,C,C,A,A,H,-,A,D,1,NA,NA,NA,NA,Y,NA,A,01,0,0,1,0,0,0,0,0,0,-,-,34.02549,-118.27756,LOS ANGELES,LOS ANGELES,-118.27536965,34.02576677
7064935,2015,2017-01-12,9545,2015-07-29,1905,018033,NA,3,2,9,1900,0,1,3,NA,1,012,RT 138,45TH ST WEST,365,W,N,A,-,Y,LA,7,138,-,-,34.55,H,-,E,Y,4,0,1,1,C,-,18,NA,NA,N,E,I,A,A,H,-,A,D,0,NA,NA,NA,NA,Y,NA,-,-,0,0,1,0,0,0,0,0,0,-,-,34.77648,-118.21237,LOS ANGELES,UNINCORPORATED,-118.21140994,34.77656725