CASE_ID,ACCIDENT_YEAR,PROC_DATE,JURIS,COLLISION_DATE,COLLISION_TIME,OFFICER_ID,REPORTING_DISTRICT,DAY_OF_WEEK,CHP_SHIFT,POPULATION,CNTY_CITY_LOC,SPECIAL_COND,BEAT_TYPE,CHP_BEAT_TYPE,CITY_DIVISION_LAPD,CHP_BEAT_CLASS,BEAT_NUMBER,PRIMARY_RD,SECONDARY_RD,DISTANCE,DIRECTION,INTERSECTION,WEATHER_1,WEATHER_2,STATE_HWY_IND,CALTRANS_COUNTY,CALTRANS_DISTRICT,STATE_ROUTE,ROUTE_SUFFIX,POSTMILE_PREFIX,POSTMILE,LOCATION_TYPE,RAMP_INTERSECTION,SIDE_OF_HWY,TOW_AWAY,COLLISION_SEVERITY,NUMBER_KILLED,NUMBER_INJURED,PARTY_COUNT,PRIMARY_COLL_FACTOR,PCF_CODE_OF_VIOL,PCF_VIOL_CATEGORY,PCF_VIOLATION,PCF_VIOL_SUBSECTION,HIT_AND_RUN,TYPE_OF_COLLISION,MVIW,PED_ACTION,ROAD_SURFACE,ROAD_COND_1,ROAD_COND_2,LIGHTING,CONTROL_DEVICE,CHP_ROAD_TYPE,PEDESTRIAN_ACCIDENT,BICYCLE_ACCIDENT,MOTORCYCLE_ACCIDENT,TRUCK_ACCIDENT,NOT_PRIVATE_PROPERTY,ALCOHOL_INVOLVED,STWD_VEHTYPE_AT_FAULT,CHP_VEHTYPE_AT_FAULT,COUNT_SEVERE_INJ,COUNT_VISIBLE_INJ,COUNT_COMPLAINT_PAIN,COUNT_PED_KILLED,COUNT_PED_INJURED,COUNT_BICYCLIST_KILLED,COUNT_BICYCLIST_INJURED,COUNT_MC_KILLED,COUNT_MC_INJURED,PRIMARY_RAMP,SECONDARY_RAMP,LATITUDE,LONGITUDE,COUNTY,CITY,POINT_X,POINT_Y
7065203,2015,2017-01-26,9530,2015-08-14,1130,18745,NA,5,1,7,1941,0,1,1,NA,2,071,RT 710,DEL AMO BL,350,N,N,A,-,Y,LA,7,710,-,-,10.91,H,-,S,Y,4,0,2,2,A,-,03,22350,NA,N,C,C,A,A,H,-,A,D,1,NA,NA,NA,NA,Y,NA,A,01,0,0,2,0,0,0,0,0,0,-,-,33.84787,-118.20546,LOS ANGELES,LONG BEACH,-118.20552951,33.84795201
7065204,2015,2017-01-09,9530,2015-08-14,1105,19412,NA,5,1,2,1967,0,1,1,NA,2,420,RT 405,WALNUT AV,100,N,N,A,-,Y,LA,7,405,-,-,5.309,R,1,S,N,4,0,1,2,A,-,03,22350,NA,N,C,C,A,A,H,-,A,D,1,NA,NA,Y,NA,Y,NA,C,02,0,0,1,0,0,0,0,0,1,TO,-,33.81407,-118.17358,LOS ANGELES,SIGNAL HILL,-118.17499785,33.81421247
7065209,2015,2017-01-21,9530,2015-07-22,1650,21089,NA,3,2,7,1942,0,1,1,NA,2,120,RT 110,PACIFIC COAST HWY,1530,N,N,A,-,Y,LA,7,110,-,-,4.38,H,-,S,Y,4,0,1,3,A,-,03,22350,NA,N,C,C,A,A,H,-,A,D,1,NA,NA,Y,NA,Y,NA,A,01,0,0,1,0,0,0,0,0,0,-,-,33.79453,-118.28454,LOS ANGELES,LOS ANGELES,-118.28447517,33.79462399
7065210,2015,2017-01-09,9530,2015-07-23,1440,20935,NA,4,2,6,1972,0,1,1,NA,2,400,RT 405,REDONDO BEACH BL,900,N,N,A,-,Y,LA,7,405,-,-,17.09,H,-,N,Y,3,0,1,1,A,-,03,22350,NA,N,F,A,A,A,H,-,A,D,1,NA,NA,Y,NA,Y,NA,C,02,0,1,0,0,0,0,0,0,1,-,-,33.8791,-118.3466,LOS ANGELES,TORRANCE,-118.34663619,33.87927964
7065211,2015,2015-09-19,9530,2015-07-22,1315,20935,NA,3,1,9,1900,0,3,5,NA,2,001,FIRESTONE BL,ALAMEDA ST,0,NA,Y,B,-,N,NA,NA,NA,NA,NA,NA,NA,NA,NA,Y,4,0,1,2,A,-,09,21801,A,N,D,C,A,A,H,-,A,A,0,NA,NA,NA,NA,Y,NA,A,01,0,0,1,0,0,0,0,0,0,-,-,33.9575,-118.2305,LOS ANGELES,UNINCORPORATED,-118.23108008,33.95779008
7065212,2015,2017-01-11,9530,2015-07-18,1745,20868,NA,6,2,9,1900,0,1,1,NA,2,120,RT 110,SEPULVEDA BL,75,S,N,C,-,Y,LA,7,110,-,-,5.408,R,2,N,Y,3,0,2,2,A,-,07,21658,A,N,B,C,A,B,H,-,A,D,1,NA,NA,NA,NA,Y,Y,-,99,0,1,1,0,0,0,0,0,0,FR,-,33.825920000000004,-118.20507,LOS ANGELES,UNINCORPORATED,-118.28770287,33.80816441
7065213,2015,2016-12-21,9530,2015-07-29,1028,21010,NA,3,1,7,1942,0,1,1,NA,2,400,RT 405,NORMANDIE AV,1056,S,N,A,-,Y,LA,7,405,-,-,13.63,H,-,S,Y,3,0,1,1,C,-,18,NA,NA,N,F,A,A,A,H,-,A,D,1,NA,NA,NA,NA,Y,NA,-,-,0,1,0,0,0,0,0,0,0,-,-,33.859610000000004,-118.29426,LOS ANGELES,LOS ANGELES,-118.29556659,33.85972854
7065214,2015,2017-01-26,9530,2015-07-26,1028,20624,NA,7,1,7,1941,0,1,1,NA,2,071,RT 710,DEL AMO BL,1584,N,N,A,-,Y,LA,7,710,-,-,11.28,H,-,N,Y,3,0,1,3,A,-,03,22350,NA,N,C,C,A,A,H,-,A,D,1,NA,NA,NA,NA,Y,NA,A,01,0,1,0,0,0,0,0,0,0,-,-,33.85316,-118.20465,LOS ANGELES,LONG BEACH,-118.20457918,33.85313793
7065215,2015,2017-01-11,9530,2015-07-29,2310,20687,NA,3,3,9,1900,0,1,1,NA,2,120,RT 110,LOMITA BL,37,N,N,A,-,Y,LA,7,110,-,-,4.67,H,-,N,Y,4,0,4,2,A,-,08,22107,NA,N,E,I,A,A,H,-,C,D,1,NA,NA,NA,NA,Y,NA,A,01,0,0,4,0,0,0,0,0,0,-,-,33.79827,-118.28679,LOS ANGELES,UNINCORPORATED,-118.28691683,33.79799269
7065216,2015,2017-01-23,9530,2015-07-24,1557,21007,NA,5,2,5,1943,0,1,1,NA,2,210,RT 105,LONG BEACH BL,570,E,N,A,-,Y,LA,7,105,-,-,11.72,H,-,E,N,4,0,1,2,A,-,03,22350,NA,N,C,C,A,A,H,-,A,D,6,NA,NA,NA,NA,Y,NA,A,08,0,0,1,0,0,0,0,0,0,-,-,33.92388,-118.2081,LOS ANGELES,LYNWOOD,-118.20745145,33.92359429
7065224,2015,2017-01-21,9590,2015-07-05,1355,20169,1359,7,1,7,1942,0,1,1,NA,2,010,RT 110,VIA MARISOL,75,S,N,A,-,Y,LA,7,110,-,-,28.36,H,-,S,N,4,0,1,2,A,-,08,22107,NA,N,E,I,A,A,H,-,A,D,1,NA,NA,NA,NA,Y,NA,A,01,0,0,1,0,0,0,0,0,0,-,-,34.10376,-118.19134,LOS ANGELES,LOS ANGELES,-118.19153859,34.1037547
7065230,2015,2017-01-25,9535,2015-07-11,1245,19626,NA,6,1,6,1922,0,1,1,NA,2,401,RT 10,SANTA ANITA AV,1056,E,N,A,-,Y,LA,7,10,-,-,28.96,H,-,W,N,4,0,1,4,A,-,03,22350,NA,N,C,C,A,A,H,-,A,D,6,NA,NA,NA,NA,Y,NA,A,07,0,0,1,0,0,0,0,0,0,-,-,34.06842,-118.0384,LOS ANGELES,EL MONTE,-118.0373887,34.0682728
7065231,2015,2017-01-17,9565,2015-07-30,0920,16545,NA,4,1,7,1942,0,1,1,NA,2,061,RT 405,HOWARD HUGHES,500,N,N,B,-,Y,LA,7,405,-,-,24.86,H,-,N,Y,4,0,1,2,C,-,18,NA,NA,N,C,C,A,A,H,-,A,D,1,NA,NA,NA,NA,Y,NA,-,-,0,0,1,0,0,0,0,0,0,-,-,33.97489,-118.39418,LOS ANGELES,LOS ANGELES,-118.38648894,33.97637335
7065232,2015,2017-01-17,9565,2015-07-28,1330,16545,NA,2,1,7,1942,0,1,1,NA,2,061,RT 405,SEPULVEDA BL,1000,S,N,A,-,Y,LA,7,405,-,-,25.27,H,-,N,N,4,0,4,2,A,-,03,22350,NA,N,C,C,A,A,H,-,A,D,1,NA,NA,NA,NA,Y,NA,A,01,0,0,4,0,0,0,0,0,0,-,-,33.98345,-118.39481,LOS ANGELES,LOS ANGELES,-118.39245126,33.9795543
7065253,2015,2017-01-10,9545,2015-07-29,1145,18058,NA,3,1,9,1900,0,1,3,NA,2,031,RT 14,MOUNTAIN SPRINGS RD,800,N,N,A,-,Y,LA,7,14,-,R,53.95,H,-,N,Y,4,0,1,1,A,-,08,22107,NA,N,E,I,A,A,H,-,A,D,1,NA,NA,NA,NA,Y,NA,A,07,0,0,1,0,0,0,0,0,0,-,-,34.50394,-118.11626,LOS ANGELES,UNINCORPORATED,-118.11684545,34.50360928
7065254,2015,2017-01-10,9545,2015-07-30,1405,20960,NA,4,2,9,1900,0,1,3,NA,2,031,RT 14,SANTIAGO RD,2640,N,N,C,-,Y,LA,7,14,-,R,51.37,H,-,S,Y,4,0,1,1,A,-,03,22350,NA,N,H,A,A,B,H,-,A,D,1,NA,NA,NA,NA,Y,NA,A,01,0,0,1,0,0,0,0,0,0,-,-,34.48567,-118.15345,LOS ANGELES,UNINCORPORATED,-118.15336369,34.48558763
7065256,2015,2015-09-15,9545,2015-07-27,1240,19295,NA,1,1,9,1900,0,3,5,NA,2,003,ANGELES FOREST HWY,MOUNT EMMA RD,2640,S,N,A,-,N,NA,NA,NA,NA,NA,NA,NA,NA,NA,Y,4,0,1,1,A,-,03,22350,NA,N,F,A,A,A,H,-,A,D,0,NA,NA,NA,NA,Y,NA,A,01,0,0,1,0,0,0,0,0,0,-,-,34.43543,-118.08969,LOS ANGELES,UNINCORPORATED,-118.09600598,34.44131661
7065257,2015,2017-01-27,9590,2015-07-06,1400,16692,NA,1,2,7,1942,0,1,2,NA,2,071,RT 101,ALVARADO ST,75,S,N,A,-,Y,LA,7,101,-,-,2.85,H,-,S,N,4,0,1,2,A,-,03,22350,NA,N,C,C,A,A,H,-,A,D,1,NA,NA,NA,NA,Y,NA,A,01,0,0,1,0,0,0,0,0,0,-,-,34.0717,-118.26667,LOS ANGELES,LOS ANGELES,-118.26668666,34.07183938
7065258,2015,2017-01-21,9590,2015-07-06,2032,21040,NA,1,2,7,1942,0,1,1,NA,2,053,RT 110,23RD ST,20,N,N,A,-,Y,LA,7,110,-,-,20.94,H,-,S,Y,3,0,1,1,C,-,18,NA,NA,N,E,J,A,A,H,-,D,D,1,NA,NA,NA,NA,Y,NA,-,-,0,1,0,0,0,0,0,0,0,-,-,34.0274,-118.2747,LOS ANGELES,LOS ANGELES,-118.27462185,34.0311188
7065259,2015,2017-01-21,9590,2015-07-06,0223,20697,NA,1,3,7,1942,0,1,1,NA,2,051,RT 110,MARTIN LUTHER KING JR BL,1,S,N,A,-,Y,LA,7,110,-,-,19.49,H,-,S,Y,4,0,1,1,A,-,01,23152,A,N,E,J,A,A,H,-,C,D,1,NA,NA,NA,NA,Y,NA,A,07,0,0,1,0,0,0,0,0,0,-,-,34.01097,-118.28119,LOS ANGELES,LOS ANGELES,-118.28112141,34.01126265
7065260,2015,2015-09-15,9545,2015-07-29,1704,20960,NA,3,2,9,1900,0,3,5,NA,2,003,SANTIAGO RD,SOLEDAD CANYON RD,215,W,N,A,-,N,NA,NA,NA,NA,NA,NA,NA,NA,NA,Y,4,0,3,1,A,-,08,22107,NA,N,F,A,A,A,H,-,A,D,0,NA,NA,NA,NA,Y,NA,A,07,0,0,3,0,0,0,0,0,0,-,-,34.48016,-118.16736,LOS ANGELES,UNINCORPORATED,-118.17089,34.47594
7065261,2015,2017-01-11,9530,2015-07-25,0215,20868,NA,6,3,9,1900,0,1,1,NA,2,120,RT 110,SEPULVEDA BL,1200,N,N,A,-,Y,LA,7,110,-,-,5.7,H,-,S,Y,3,0,2,2,A,-,03,22350,NA,N,C,C,A,A,H,-,E,D,1,NA,NA,NA,NA,Y,NA,D,22,0,1,1,0,0,0,0,0,0,-,-,33.8128,-118.2875,LOS ANGELES,UNINCORPORATED,-118.28743203,33.81241831
7065262,2015,2017-01-14,9530,2015-07-24,1830,20923,NA,5,2,9,1900,0,1,1,NA,2,210,RT 105,CENTRAL AV,800,E,N,A,-,Y,LA,7,105,-,R,9.09,H,-,E,Y,4,0,1,2,A,-,03,22350,NA,N,C,C,A,A,H,-,A,D,6,NA,NA,Y,NA,Y,NA,C,02,0,0,1,0,0,0,0,0,1,-,-,33.9282,-118.2505,LOS ANGELES,UNINCORPORATED,-118.2511115,33.92834321
7065263,2015,2017-01-17,9530,2015-07-15,1245,20159,NA,3,1,7,1941,0,1,1,NA,2,420,RT 405,ATLANTIC AV,483,E,N,A,-,Y,LA,7,405,-,-,6,H,-,S,N,4,0,1,1,A,-,08,22107,NA,N,E,I,A,A,H,-,A,D,1,NA,NA,NA,NA,Y,NA,A,01,0,0,1,0,0,0,0,0,0,-,-,33.81461,-118.18365,LOS ANGELES,LONG BEACH,-118.18382621,33.81479933
7065264,2015,2017-01-14,9530,2015-07-17,2207,20714,NA,5,3,7,1941,0,1,1,NA,2,072,RT 710,RT 405,50,S,N,A,-,Y,LA,7,710,-,-,9.305,R,2,N,Y,4,0,1,1,A,-,01,23152,F,N,E,I,A,A,H,-,C,D,1,NA,NA,NA,NA,Y,Y,A,01,0,0,1,0,0,0,0,0,0,TO,-,33.82549,-118.20671,LOS ANGELES,LONG BEACH,-118.20702852,33.82496904
7065265,2015,2017-01-17,9530,2015-07-22,1555,21030,NA,3,2,7,1941,0,1,1,NA,2,420,RT 405,PACIFIC AV,1056,S,N,A,-,Y,LA,7,405,-,-,6.46,H,-,S,N,4,0,1,3,A,-,01,23152,NA,M,C,C,A,A,H,-,A,D,1,NA,NA,NA,NA,Y,NA,A,01,0,0,1,0,0,0,0,0,0,-,-,33.8159,-118.1867,LOS ANGELES,LONG BEACH,-118.19064818,33.81837707
7065266,2015,2016-12-21,9530,2015-07-26,0110,20718,NA,7,3,5,1977,0,1,1,NA,2,410,RT 405,ALAMEDA ST,1153,N,N,A,-,Y,LA,7,405,-,-,8.96,H,-,S,Y,2,0,3,3,A,-,01,23152,A,N,B,C,A,A,H,-,D,D,1,NA,NA,NA,NA,Y,Y,A,07,1,1,1,0,0,0,0,0,0,-,-,33.82543,-118.231,LOS ANGELES,CARSON,-118.23103154,33.82558119
7065267,2015,2017-01-09,9530,2015-07-16,1634,20096,NA,4,2,6,1972,0,1,1,NA,2,400,RT 405,ARTESIA BL,261,N,N,A,-,Y,LA,7,405,-,-,16.7,H,-,S,Y,4,0,1,2,A,-,21,22106,NA,N,C,C,A,A,H,-,A,D,1,NA,NA,NA,NA,Y,NA,A,01,0,0,1,0,0,0,0,0,0,-,-,33.87355,-118.34292,LOS ANGELES,TORRANCE,-118.34342438,33.87441611
7065268,2015,2017-01-26,9530,2015-07-22,0650,19778,NA,3,1,7,1941,0,1,1,NA,2,072,RT 710,RT 405,200,N,N,A,-,Y,LA,7,710,-,-,9.45,H,-,S,N,3,0,1,2,A,-,07,21658,A,N,E,I,A,A,H,-,A,D,1,NA,NA,Y,NA,Y,NA,A,01,0,1,0,0,0,0,0,0,1,-,-,33.8298,-118.20869,LOS ANGELES,LONG BEACH,-118.20775967,33.82704816
7065281,2015,2017-01-26,9530,2015-07-22,1810,20141,NA,3,2,7,1942,0,1,3,NA,2,310,RT 91,MAIN ST,50,E,N,A,-,Y,LA,7,91,-,R,6.8,H,-,E,Y,3,0,1,1,A,-,03,22350,NA,N,F,A,A,A,H,-,A,D,1,NA,NA,Y,NA,Y,NA,C,02,0,1,0,0,0,0,0,0,1,-,-,33.87248,-118.2782,LOS ANGELES,LOS ANGELES,-118.2770635,33.87261216
7065282,2015,2017-01-12,9530,2015-07-21,1645,21062,NA,2,2,7,1942,0,1,3,NA,2,310,RT 91,VERMONT AV,100,E,N,A,-,Y,LA,7,91,-,-,6.03,H,-,W,N,4,0,1,2,A,-,21,22106,NA,N,C,C,A,A,H,-,A,A,1,NA,NA,NA,NA,Y,NA,A,01,0,0,1,0,0,0,0,0,0,-,-,33.8728,-118.2907,LOS ANGELES,LOS ANGELES,-118.29058931,33.87287436
7065284,2015,2016-07-19,9545,2015-07-24,0637,19414,NA,5,1,9,1900,0,3,5,NA,2,004,PEARBLOSSOM HWY,SIERRA HWY,2640,N,N,A,-,N,NA,NA,NA,NA,NA,NA,NA,NA,NA,Y,4,0,1,2,A,-,03,22350,NA,N,C,C,A,A,H,-,A,D,0,NA,NA,NA,NA,Y,NA,A,01,0,0,1,0,0,0,0,0,0,-,-,34.52732,-118.09304,LOS ANGELES,UNINCORPORATED,-118.09239133,34.52789255
7065293,2015,2015-09-24,9530,2015-08-14,1410,18745,NA,5,2,9,1900,0,3,5,NA,2,004,DEL AMO BL,SANTA FE AV,15,W,N,A,-,N,NA,NA,NA,NA,NA,NA,NA,NA,NA,Y,4,0,1,2,A,-,03,22350,NA,N,C,C,A,A,H,-,A,D,0,NA,NA,NA,NA,Y,NA,D,22,0,0,1,0,0,0,0,0,0,-,-,33.84658,-118.21201,LOS ANGELES,UNINCORPORATED,-118.2117693,33.84657054
7065294,2015,2017-01-09,9530,2015-08-16,1850,020868,NA,7,2,7,1941,0,1,1,NA,2,430,RT 405,WOODRUFF AV,500,N,N,A,-,Y,LA,7,405,-,-,1.87,H,-,N,N,2,0,1,3,A,-,07,21658,A,N,B,C,A,A,H,-,A,D,1,NA,NA,Y,NA,Y,NA,C,02,1,0,0,0,0,0,0,0,1,-,-,33.8028,-118.1192,LOS ANGELES,LONG BEACH,-118.1182359,33.80274354
7065305,2015,2015-09-19,9530,2015-08-18,1550,014661,NA,2,2,9,1900,0,3,5,NA,2,004,ALAMEDA ST,SANTA FE AV,1056,S,N,A,-,N,NA,NA,NA,NA,NA,NA,NA,NA,NA,N,4,0,1,2,A,-,03,22350,NA,N,C,C,A,A,H,-,A,D,0,NA,NA,NA,NA,Y,NA,D,22,0,0,1,0,0,0,0,0,0,-,-,33.854,-118.2175,LOS ANGELES,UNINCORPORATED,-118.21760339,33.85451864
7065306,2015,2016-12-21,9530,2015-08-13,1700,21089,NA,4,2,9,1900,0,1,1,NA,2,410,RT 405,MAIN ST,950,S,N,A,-,Y,LA,7,405,-,-,12.42,H,-,S,Y,4,0,1,2,A,-,03,22350,NA,N,C,C,A,A,H,-,A,D,1,NA,NA,NA,NA,Y,NA,A,01,0,0,1,0,0,0,0,0,0,-,-,33.85128,-118.2779,LOS ANGELES,UNINCORPORATED,-118.27811354,33.85152607
7065307,2015,2015-09-19,9530,2015-08-19,1130,20938,NA,3,1,6,1972,0,1,1,NA,2,400,RT 405,CRENSHAW BL,36,N,N,A,-,Y,NA,NA,405,NA,NA,NA,NA,NA,NA,Y,4,0,1,2,A,-,03,22350,NA,N,C,C,A,A,H,-,A,D,0,NA,NA,NA,NA,Y,NA,A,01,0,0,1,0,0,0,0,0,0,-,-,33.8674,-118.3353,LOS ANGELES,TORRANCE,-118.33531439,33.86734973
7065308,2015,2016-12-21,9530,2015-08-18,0630,20935,NA,2,1,5,1956,0,1,1,NA,2,400,RT 405,MARINE,200,S,N,B,-,Y,LA,7,405,-,-,18.57,H,-,N,Y,4,0,1,2,A,-,03,22350,NA,N,C,C,A,A,H,-,A,D,1,NA,NA,NA,NA,Y,NA,A,01,0,0,1,0,0,0,0,0,0,-,-,33.894,-118.3656,LOS ANGELES,REDONDO BEACH,-118.3653132,33.89389668
7065313,2015,2017-01-19,9535,2015-07-21,1755,19706,NA,2,2,6,1922,0,1,1,NA,2,400,RT 10,RT 605,1000,W,N,A,-,Y,LA,7,10,-,-,30.77,H,-,E,N,4,0,1,2,A,-,03,22350,NA,M,C,C,A,A,H,-,A,D,1,NA,NA,NA,NA,Y,NA,A,01,0,0,1,0,0,0,0,0,0,-,-,34.06401,-118.00675,LOS ANGELES,EL MONTE,-118.00682096,34.06408358
7065314,2015,2017-01-25,9535,2015-07-23,0815,19121,NA,4,1,5,1901,0,1,1,NA,2,421,RT 10,ATLANTIC BL,1150,W,N,A,-,Y,LA,7,10,-,-,23.11,H,-,W,N,4,0,2,3,A,-,04,21703,NA,N,C,C,A,A,H,-,A,D,1,NA,NA,NA,NA,Y,NA,A,01,0,0,2,0,0,0,0,0,0,-,-,34.07161,-118.1417,LOS ANGELES,ALHAMBRA,-118.13828155,34.07162639
7065315,2015,2017-01-25,9535,2015-07-28,1740,20818,NA,2,2,5,1959,0,1,1,NA,2,401,RT 10,TEMPLE CITY BL,1200,W,N,A,-,Y,LA,7,10,-,-,27.39,H,-,W,N,4,0,1,3,A,-,03,22350,NA,M,C,C,A,A,H,-,A,D,0,NA,NA,NA,NA,Y,NA,A,01,0,0,1,0,0,0,0,0,0,-,-,34.7267,-118.06272,LOS ANGELES,ROSEMEAD,-118.06380629,34.07251749
7065321,2015,2017-01-26,9530,2015-07-15,1600,21062,NA,3,2,7,1941,0,1,1,NA,2,071,RT 710,RT 405,675,N,N,A,-,Y,LA,7,710,-,-,9.54,H,-,S,Y,3,0,1,2,A,-,07,21658,A,N,B,C,A,A,H,-,A,D,1,NA,NA,Y,NA,Y,NA,A,01,0,1,0,0,0,0,0,0,1,-,-,33.8286,-118.2082,LOS ANGELES,LONG BEACH,-118.20812165,33.82832124
7065322,2015,2017-01-23,9530,2015-07-27,0815,19857,NA,1,1,5,1943,0,1,1,NA,2,210,RT 105,ALAMEDA ST,100,E,N,A,-,Y,LA,7,105,-,-,10.61,H,-,W,N,4,0,1,2,A,-,03,22350,NA,N,C,C,A,A,H,-,A,D,0,NA,NA,NA,NA,Y,NA,A,01,0,0,1,0,0,0,0,0,0,-,-,33.92898,-118.23303,LOS ANGELES,LYNWOOD,-118.22506994,33.9297263
7065323,2015,2017-01-17,9530,2015-07-12,0400,20923,NA,7,3,7,1942,0,1,1,NA,2,200,RT 105,RT 110,100,W,N,A,-,Y,LA,7,105,-,R,7.196,R,2,E,Y,3,0,1,3,A,-,03,22350,NA,N,C,C,A,A,H,-,E,D,1,NA,NA,NA,NA,Y,NA,-,NA,0,1,0,0,0,0,0,0,0,TO,-,33.9294,-118.2803,LOS ANGELES,LOS ANGELES,-118.28391369,33.92853394
7065324,2015,2017-01-26,9530,2015-07-14,0640,19778,NA,2,1,7,1941,0,1,1,NA,2,072,RT 710,RT 405,500,N,N,A,-,Y,LA,7,710,-,-,9.94,H,-,N,N,4,0,1,3,A,-,07,21658,A,N,C,C,A,A,H,-,A,D,1,NA,NA,NA,NA,Y,Y,-,99,0,0,1,0,0,0,0,0,0,-,-,33.84691,-118.20686,LOS ANGELES,LONG BEACH,-118.20869723,33.83399568
7065329,2015,2017-01-21,9530,2015-08-21,1042,21007,NA,5,1,7,1942,0,1,1,NA,2,110,RT 110,CENTURY BL,250,S,N,A,-,Y,LA,7,110,-,-,14.92,H,-,S,Y,4,0,2,1,A,-,08,22107,NA,N,E,I,A,A,H,-,A,D,1,NA,NA,NA,NA,Y,NA,A,01,0,0,2,0,0,0,0,0,0,-,-,33.94483,-118.28015,LOS ANGELES,LOS ANGELES,-118.27997681,33.94484705
7065330,2015,2016-12-21,9530,2015-08-18,1620,19050,NA,2,2,5,1977,0,1,1,NA,2,410,RT 405,WILMINGTON AV,800,S,N,A,-,Y,LA,7,405,-,-,9.27,H,-,S,N,4,0,1,2,A,-,03,22350,NA,N,C,C,A,A,H,-,A,D,1,NA,NA,NA,NA,Y,NA,A,01,0,0,1,0,0,0,0,0,0,-,-,33.4942,-118.146,LOS ANGELES,CARSON,-118.23641912,33.82576477
7065331,2015,2015-09-17,9530,2015-08-10,1510,18270,NA,1,2,9,1900,0,3,5,NA,2,002,MONA BL,126TH ST,0,NA,Y,A,-,N,NA,NA,NA,NA,NA,NA,NA,NA,NA,Y,4,0,1,2,A,-,09,21801,A,N,D,C,A,A,H,-,A,A,0,NA,NA,NA,NA,Y,NA,A,07,0,0,1,0,0,0,0,0,0,-,-,33.91801,-118.22751,LOS ANGELES,UNINCORPORATED,-118.22755013,33.91800003
7065332,2015,2015-09-17,9530,2015-08-19,1720,20388,NA,3,2,9,1900,0,3,5,NA,2,001,SEVILLE AV,HOPE ST,20,S,N,A,-,N,NA,NA,NA,NA,NA,NA,NA,NA,NA,Y,4,0,1,2,A,-,03,22350,NA,N,C,C,A,A,H,-,A,A,0,NA,NA,NA,NA,Y,NA,A,07,0,0,1,0,0,0,0,0,0,-,-,33.96968,-118.2229,LOS ANGELES,UNINCORPORATED,-118.22244066,33.96964515
7065341,2015,2017-01-17,9565,2015-08-05,1518,20349,NA,3,2,7,1942,0,1,1,NA,2,063,RT 405,SANTA MONICA BL,100,S,N,A,-,Y,LA,7,405,-,-,30.84,H,-,S,N,4,0,1,2,A,-,07,21658,A,N,B,C,A,A,H,-,A,D,1,NA,NA,NA,NA,Y,NA,D,22,0,0,1,0,0,0,0,0,0,-,-,34.04678,-118.44658,LOS ANGELES,LOS ANGELES,-118.44655341,34.0466572
7065342,2015,2017-01-09,9565,2015-08-11,1645,17713,NA,2,2,6,1933,0,1,1,NA,2,060,RT 405,FLORENCE AV,500,S,N,A,-,Y,LA,7,405,-,-,23.776,R,1,S,Y,4,0,1,3,A,-,03,22350,NA,N,C,C,A,A,H,-,A,D,1,NA,NA,NA,NA,Y,NA,D,22,0,0,1,0,0,0,0,0,0,TO,-,33.96618,-118.37136,LOS ANGELES,INGLEWOOD,-118.3715592,33.96766284
7065343,2015,2015-09-17,9545,2015-08-03,0710,19006,NA,1,1,9,1900,0,3,5,NA,2,004,AVENUE T,116TH ST E,0,NA,Y,A,-,N,NA,NA,NA,NA,NA,NA,NA,NA,NA,Y,4,0,1,2,A,-,05,21752,D,N,D,C,A,A,H,-,A,D,0,NA,NA,NA,NA,Y,NA,D,22,0,0,1,0,0,0,0,0,0,-,-,34.54282,-117.9229,LOS ANGELES,UNINCORPORATED,-117.92287011,34.54280011
7065344,2015,2015-09-17,9545,2015-08-12,1525,19872,NA,3,2,6,1992,1,4,S,NA,2,901,15TH ST WEST,AVENUE 1,50,S,N,A,-,N,NA,NA,NA,NA,NA,NA,NA,NA,NA,N,4,0,1,1,C,-,18,NA,NA,N,H,A,A,A,H,-,A,D,0,NA,NA,NA,NA,Y,NA,-,-,0,0,1,0,0,0,0,0,0,-,-,34.70244,-118.16023,LOS ANGELES,LANCASTER,-118.15704377,34.704273
7065349,2015,2017-01-09,9530,2015-07-31,1520,21089,NA,5,2,4,1939,0,1,1,NA,2,400,RT 405,REDONDO BEACH BL,1267,N,N,A,-,Y,LA,7,405,-,-,17.16,H,-,S,N,4,0,1,2,A,-,08,22107,NA,N,D,C,A,A,H,-,A,D,1,NA,NA,NA,NA,Y,NA,A,07,0,0,1,0,0,0,0,0,0,-,-,33.88005,-118.34755,LOS ANGELES,LAWNDALE,-118.34756069,33.88014673