CASE_ID,ACCIDENT_YEAR,PROC_DATE,JURIS,COLLISION_DATE,COLLISION_TIME,OFFICER_ID,REPORTING_DISTRICT,DAY_OF_WEEK,CHP_SHIFT,POPULATION,CNTY_CITY_LOC,SPECIAL_COND,BEAT_TYPE,CHP_BEAT_TYPE,CITY_DIVISION_LAPD,CHP_BEAT_CLASS,BEAT_NUMBER,PRIMARY_RD,SECONDARY_RD,DISTANCE,DIRECTION,INTERSECTION,WEATHER_1,WEATHER_2,STATE_HWY_IND,CALTRANS_COUNTY,CALTRANS_DISTRICT,STATE_ROUTE,ROUTE_SUFFIX,POSTMILE_PREFIX,POSTMILE,LOCATION_TYPE,RAMP_INTERSECTION,SIDE_OF_HWY,TOW_AWAY,COLLISION_SEVERITY,NUMBER_KILLED,NUMBER_INJURED,PARTY_COUNT,PRIMARY_COLL_FACTOR,PCF_CODE_OF_VIOL,PCF_VIOL_CATEGORY,PCF_VIOLATION,PCF_VIOL_SUBSECTION,HIT_AND_RUN,TYPE_OF_COLLISION,MVIW,PED_ACTION,ROAD_SURFACE,ROAD_COND_1,ROAD_COND_2,LIGHTING,CONTROL_DEVICE,CHP_ROAD_TYPE,PEDESTRIAN_ACCIDENT,BICYCLE_ACCIDENT,MOTORCYCLE_ACCIDENT,TRUCK_ACCIDENT,NOT_PRIVATE_PROPERTY,ALCOHOL_INVOLVED,STWD_VEHTYPE_AT_FAULT,CHP_VEHTYPE_AT_FAULT,COUNT_SEVERE_INJ,COUNT_VISIBLE_INJ,COUNT_COMPLAINT_PAIN,COUNT_PED_KILLED,COUNT_PED_INJURED,COUNT_BICYCLIST_KILLED,COUNT_BICYCLIST_INJURED,COUNT_MC_KILLED,COUNT_MC_INJURED,PRIMARY_RAMP,SECONDARY_RAMP,LATITUDE,LONGITUDE,COUNTY,CITY,POINT_X,POINT_Y
7066950,2015,2015-09-23,1924,2015-05-10,1727,111361,48,7,5,5,1924,0,0,0,NA,0,8M2,GARDENA BL,VERMONT AV,4,W,N,A,-,N,NA,NA,NA,NA,NA,NA,NA,NA,NA,N,3,0,1,2,A,-,10,21950,A,N,G,B,B,A,H,-,A,A,0,Y,NA,NA,NA,Y,NA,A,01,0,1,0,0,1,0,0,0,0,-,-,NA,NA,LOS ANGELES,GARDENA,-118.29132315,33.88159
7066951,2015,2015-09-23,1924,2015-05-15,2233,115237,35,5,5,5,1924,0,0,0,NA,0,004,MARINE AV,BUDLONG AV,248,E,N,B,-,N,NA,NA,NA,NA,NA,NA,NA,NA,NA,N,4,0,1,2,D,-,00,NA,NA,N,D,C,A,A,H,-,C,D,0,NA,NA,NA,NA,Y,Y,-,-,0,0,1,0,0,0,0,0,0,-,-,NA,NA,LOS ANGELES,GARDENA,-118.29528438,33.89464107
7066952,2015,2016-06-02,1924,2015-05-14,0737,109389,NA,4,5,5,1924,0,0,0,NA,0,8L7D,135TH ST,CRENSHAW BL,0,NA,Y,A,-,N,NA,NA,NA,NA,NA,NA,NA,NA,NA,Y,4,0,1,2,A,-,09,21801,A,M,D,C,A,A,-,-,A,A,0,NA,NA,NA,NA,Y,NA,A,01,0,0,1,0,0,0,0,0,0,-,-,NA,NA,LOS ANGELES,GARDENA,-118.32645007,33.90920003
7066969,2015,2015-09-19,9535,2015-07-05,1735,20387,NA,7,2,9,1900,0,3,5,NA,2,001,POMEROY AV,DITMAN AV,50,E,N,A,-,N,NA,NA,NA,NA,NA,NA,NA,NA,NA,N,3,0,1,2,A,-,01,23152,F,M,C,E,A,A,H,-,A,D,0,NA,NA,NA,NA,Y,Y,A,01,0,1,0,0,0,0,0,0,0,-,-,34.05112,-118.18991,LOS ANGELES,UNINCORPORATED,-118.18993601,34.05110705
7066972,2015,2015-09-19,9535,2015-07-18,0620,19626,NA,6,1,9,1900,0,3,5,NA,2,006,DEL MAR AV,REDDING AV,0,NA,Y,A,-,N,NA,NA,NA,NA,NA,NA,NA,NA,NA,N,4,0,1,2,A,-,09,21802,A,N,D,C,A,A,H,-,A,D,0,NA,NA,NA,NA,Y,NA,A,08,0,0,1,0,0,0,0,0,0,-,-,34.05149,-118.09959,LOS ANGELES,UNINCORPORATED,-118.09958006,34.05159005
7066997,2014,2015-09-18,1926,2014-09-29,2046,5541,NA,1,5,5,1926,0,0,0,NA,0,002,GRAND AV,MAUNA LOA AV,0,NA,Y,A,-,N,NA,NA,NA,NA,NA,NA,NA,NA,NA,N,3,0,1,2,A,-,12,21453,A,N,H,G,A,A,-,-,C,A,0,NA,Y,NA,NA,Y,NA,A,01,0,1,0,0,0,0,1,0,0,-,-,NA,NA,LOS ANGELES,GLENDORA,-117.87273003,34.12509007
7066998,2014,2015-09-18,1926,2014-09-06,1319,5137,NA,6,5,5,1926,0,0,0,NA,0,001,RT 66,GLENDORA AV,295,W,N,A,-,N,NA,NA,NA,NA,NA,NA,NA,NA,NA,Y,3,0,1,2,A,-,08,22107,NA,N,D,D,A,A,H,-,A,D,0,NA,NA,Y,NA,Y,NA,A,01,0,1,0,0,0,0,0,0,1,-,-,NA,NA,LOS ANGELES,GLENDORA,-117.86381,34.12881
7066999,2014,2015-09-18,1926,2014-09-11,1703,7570,NA,4,5,5,1926,0,0,0,NA,0,002,RT 66,BARRANCA,0,NA,Y,A,-,N,NA,NA,NA,NA,NA,NA,NA,NA,NA,N,3,0,1,2,A,-,05,21650,1,N,H,G,A,A,H,-,A,A,0,NA,Y,NA,NA,Y,NA,L,04,0,1,0,0,0,0,1,0,0,-,-,NA,NA,LOS ANGELES,GLENDORA,-117.88135008,34.1287901
7067000,2014,2015-09-18,1926,2014-09-12,1435,8104,NA,5,5,5,1926,0,0,0,NA,0,001,BARRANCA AV,CARROLL AV,322,S,N,A,-,N,NA,NA,NA,NA,NA,NA,NA,NA,NA,N,3,0,1,2,A,-,11,21950,B,N,G,B,F,A,H,-,A,-,0,Y,NA,NA,NA,Y,NA,N,60,0,1,0,0,1,0,0,0,0,-,-,NA,NA,LOS ANGELES,GLENDORA,-117.88135,34.13333736
7067011,2014,2015-09-18,1926,2014-03-04,1011,0620,NA,2,5,5,1926,0,0,0,NA,0,002,GRAND AV,BASELINE RD,0,NA,Y,B,-,N,NA,NA,NA,NA,NA,NA,NA,NA,NA,N,3,0,1,2,A,-,12,21453,A,N,D,C,A,A,H,-,A,A,0,NA,NA,NA,NA,Y,NA,A,07,0,1,0,0,0,0,0,0,0,-,-,NA,NA,LOS ANGELES,GLENDORA,-117.87275006,34.12148003
7067017,2014,2015-09-18,1926,2014-03-25,1525,7570,NA,2,5,5,1926,0,0,0,NA,0,003,RT 66,GLENWOOD,150,W,N,A,-,N,NA,NA,NA,NA,NA,NA,NA,NA,NA,Y,4,0,1,3,A,-,03,22350,NA,N,C,C,A,A,H,-,A,A,0,NA,NA,NA,NA,Y,NA,A,01,0,0,1,0,0,0,0,0,0,-,-,NA,NA,LOS ANGELES,GLENDORA,-117.85338446,34.12883
7067018,2014,2015-09-18,1926,2014-03-19,1041,0620,NA,3,5,5,1926,0,0,0,NA,0,001,RT 66,SANTA FE,0,NA,Y,A,-,N,NA,NA,NA,NA,NA,NA,NA,NA,NA,Y,4,0,1,2,A,-,09,21801,A,N,D,C,A,A,H,-,A,D,0,NA,NA,NA,NA,Y,NA,A,01,0,0,1,0,0,0,0,0,0,-,-,NA,NA,LOS ANGELES,GLENDORA,-117.86620003,34.12880007
7067019,2014,2015-09-18,1926,2014-03-13,1615,7897,NA,4,5,5,1926,0,0,0,NA,0,001,ADA AV,GLENDORA AV,0,NA,Y,A,-,N,NA,NA,NA,NA,NA,NA,NA,NA,NA,Y,4,0,2,2,D,-,00,NA,NA,N,D,C,A,A,H,-,A,D,0,NA,NA,NA,NA,Y,NA,-,-,0,0,2,0,0,0,0,0,0,-,-,NA,NA,LOS ANGELES,GLENDORA,-117.86547009,34.13237005
7067029,2015,2015-09-23,1942,2015-09-11,1540,39096,1999,5,5,7,1942,0,0,0,NA,0,10TL34,WOODMAN AV,STRATHERN ST,0,NA,Y,-,-,N,NA,NA,NA,NA,NA,NA,NA,NA,NA,Y,3,0,2,2,A,-,09,21801,A,N,D,C,A,A,H,-,A,A,0,NA,NA,NA,NA,Y,NA,A,01,0,2,0,0,0,0,0,0,0,-,-,NA,NA,LOS ANGELES,LOS ANGELES,-118.43114004,34.21565009
7067030,2015,2015-09-23,1942,2015-09-04,1810,41771,1987,5,5,7,1942,0,0,0,NA,0,19X74,CHASE ST,WOODMAN AV,300,W,N,A,-,N,NA,NA,NA,NA,NA,NA,NA,NA,NA,N,3,0,1,2,A,-,04,21703,NA,N,C,C,A,A,H,-,A,D,0,NA,NA,NA,NA,Y,NA,-,NA,0,1,0,0,0,0,0,0,0,-,-,NA,NA,LOS ANGELES,LOS ANGELES,-118.43522348,34.22750542
7067031,2015,2015-09-23,1942,2015-09-07,1605,39956,1901,1,5,7,1942,0,0,0,NA,0,MISN,FOOTHILL BL,BALBOA BL,200,E,N,A,-,N,NA,NA,NA,NA,NA,NA,NA,NA,NA,Y,4,0,1,2,A,-,08,22107,NA,N,D,C,A,A,H,-,A,D,0,NA,NA,NA,NA,Y,NA,A,01,0,0,1,0,0,0,0,0,0,-,-,NA,NA,LOS ANGELES,LOS ANGELES,-118.49525451,34.32125242
7067032,2015,2015-09-23,1942,2015-09-08,1520,39864,1934,2,5,7,1942,0,0,0,NA,0,19A75,INDIAN HILLS RD,RINALDI ST,0,NA,Y,A,-,N,NA,NA,NA,NA,NA,NA,NA,NA,NA,N,3,0,1,2,A,-,10,21950,A,N,G,B,B,A,H,-,A,A,0,Y,NA,NA,NA,Y,NA,-,NA,0,1,0,0,1,0,0,0,0,-,-,NA,NA,LOS ANGELES,LOS ANGELES,-118.45892007,34.27902008
7067034,2015,2015-09-23,1942,2015-09-14,1745,40003,1846,1,5,7,1942,0,0,0,R,0,18T39,ALVARO ST,114TH ST,50,N,N,A,-,N,NA,NA,NA,NA,NA,NA,NA,NA,NA,N,3,0,1,2,A,-,21,22106,NA,N,B,C,A,A,H,-,A,D,0,NA,NA,Y,NA,Y,Y,A,01,0,1,0,0,0,0,0,0,1,-,-,NA,NA,LOS ANGELES,LOS ANGELES,-118.25323745,33.93111711
7067036,2015,2015-09-23,1900,2015-09-03,1810,279901,2920,4,5,5,1990,0,0,0,NA,0,292K1,DIAMOND BAR BL,HIGHLAND VALLEY RD,1584,S,N,A,-,N,NA,NA,NA,NA,NA,NA,NA,NA,NA,Y,4,0,1,2,A,-,09,21804,A,N,D,C,A,A,H,-,A,D,0,NA,NA,NA,NA,Y,NA,A,07,0,0,1,0,0,0,0,0,0,-,-,NA,NA,LOS ANGELES,DIAMOND BAR,-117.80845032,34.03275111
7067041,2015,2015-09-22,1900,2015-09-01,0700,236790,1127,2,5,6,1992,0,0,0,NA,0,111T2,30TH ST WEST,LANCASTER BL,0,NA,Y,A,-,N,NA,NA,NA,NA,NA,NA,NA,NA,NA,Y,3,0,2,2,A,-,09,21801,A,N,D,C,A,A,H,-,A,A,0,NA,NA,NA,NA,Y,NA,A,07,0,1,1,0,0,0,0,0,0,-,-,NA,NA,LOS ANGELES,LANCASTER,-118.1838301,34.6967201
7067052,2015,2015-09-22,1931,2015-09-02,1847,5304,1931,3,5,5,1931,0,0,0,NA,0,001,GAGE AV,ALBANY ST,27,W,N,A,-,N,NA,NA,NA,NA,NA,NA,NA,NA,NA,Y,3,0,1,2,A,-,10,21950,A,N,A,B,B,A,H,-,A,D,0,Y,NA,NA,NA,Y,NA,A,07,0,1,0,0,1,0,0,0,0,-,-,NA,NA,LOS ANGELES,HUNTINGTON PARK,-118.23266888,33.98164
7067093,2015,2015-09-24,1942,2015-09-06,0345,41135,NA,7,5,7,1942,0,0,0,NA,0,15A67,HAZELTINE AV,VALERIO ST,7,S,N,A,-,N,NA,NA,NA,NA,NA,NA,NA,NA,NA,Y,2,0,3,2,A,-,12,21453,NA,N,D,C,A,A,H,-,C,A,0,NA,NA,NA,NA,Y,Y,A,01,1,0,2,0,0,0,0,0,0,-,-,NA,NA,LOS ANGELES,LOS ANGELES,-118.43998938,34.20480081
7067094,2015,2015-09-24,1942,2015-09-05,2300,37304,2103,6,5,7,1942,0,0,0,NA,0,21T65,ROSCOE BL,SHOUP AV,45,W,N,A,-,N,NA,NA,NA,NA,NA,NA,NA,NA,NA,N,4,0,1,2,A,-,01,23152,A,N,C,C,A,A,H,-,C,A,0,NA,NA,NA,NA,Y,Y,A,01,0,0,1,0,0,0,0,0,0,-,-,NA,NA,LOS ANGELES,LOS ANGELES,-118.6148586,34.21950833
7067096,2015,2015-09-24,1942,2015-09-07,0130,27792,1761,1,5,7,1942,0,0,0,Q,0,10T35,PLUMMER ST,CANOGA AV,525,W,N,A,-,N,NA,NA,NA,NA,NA,NA,NA,NA,NA,Y,2,0,1,1,A,-,03,22350,NA,N,F,A,A,A,H,-,C,D,0,NA,NA,Y,NA,Y,NA,C,02,1,0,0,0,0,0,0,0,1,-,-,NA,NA,LOS ANGELES,LOS ANGELES,-118.59935389,34.24273
7067097,2015,2017-01-13,1942,2015-09-01,1300,40141,1553,2,5,7,1942,0,0,0,O,0,19TL76,RIVERSIDE DR,KRAFT,0,NA,Y,A,-,Y,LA,7,170,-,R,14.972,R,4,S,N,4,0,3,3,A,-,12,21453,A,N,D,C,A,A,H,-,A,A,0,NA,NA,NA,NA,Y,NA,-,-,0,0,3,0,0,0,0,0,0,-,-,NA,NA,LOS ANGELES,LOS ANGELES,-118.38040514,34.15938434
7067099,2015,2015-09-25,1951,2015-09-07,1627,746,NA,1,5,3,1951,0,0,0,NA,0,002,PALOS VERDES DR W,VIA ANITA,0,NA,Y,A,-,N,NA,NA,NA,NA,NA,NA,NA,NA,NA,Y,2,0,1,2,A,-,03,22350,NA,N,D,C,A,A,H,-,A,A,0,NA,NA,Y,NA,Y,NA,C,02,1,0,0,0,0,0,0,0,1,-,-,NA,NA,LOS ANGELES,PALOS VERDES EST,-118.39056013,33.80379003
7067100,2015,2015-09-28,1942,2015-09-01,0735,39021,1557,2,5,7,1942,0,0,0,O,0,9TL55,MAGNOLIA BL,WILLOWCREST AV,0,NA,Y,A,-,N,NA,NA,NA,NA,NA,NA,NA,NA,NA,Y,3,0,3,2,A,-,09,21802,A,N,D,C,A,A,H,-,A,D,0,NA,NA,NA,NA,Y,NA,A,01,0,3,0,0,0,0,0,0,0,-,-,NA,NA,LOS ANGELES,LOS ANGELES,-118.36269005,34.16490009
7067110,2015,2015-09-23,1955,2015-09-01,1736,30060,0008,2,5,6,1955,0,0,0,NA,0,001,GAREY AV,PASADENA ST,55,N,N,A,-,N,NA,NA,NA,NA,NA,NA,NA,NA,NA,N,4,0,1,2,A,-,09,21801,A,M,D,C,A,A,H,-,A,D,0,NA,NA,NA,NA,Y,NA,A,08,0,0,1,0,0,0,0,0,0,-,-,NA,NA,LOS ANGELES,POMONA,-117.75038735,34.06363063
7067111,2015,2015-09-23,1955,2015-09-04,1409,40094,0006,5,5,6,1955,0,0,0,NA,0,001,MONTEREY AV,MAIN ST,150,W,N,A,-,N,NA,NA,NA,NA,NA,NA,NA,NA,NA,N,4,0,2,2,A,-,03,22350,NA,N,C,C,A,A,H,-,A,D,0,NA,NA,NA,NA,Y,NA,A,08,0,0,2,0,0,0,0,0,0,-,-,NA,NA,LOS ANGELES,POMONA,-117.75292389,34.06046094
7067112,2015,2015-09-23,1955,2015-09-03,2035,41456,0057,4,5,6,1955,0,0,0,NA,0,001,RIDGEWAY ST,DUPONT ST,330,E,N,A,-,N,NA,NA,NA,NA,NA,NA,NA,NA,NA,N,4,0,1,2,A,-,03,22350,NA,N,C,C,A,A,H,-,C,A,0,NA,NA,NA,NA,Y,NA,A,01,0,0,1,0,0,0,0,0,0,-,-,NA,NA,LOS ANGELES,POMONA,NA,NA
7067115,2015,2015-09-22,1942,2015-09-08,2140,39624,1497,2,5,7,1942,0,0,0,N,0,8739,CENTURY BL,GLASGOW PL,62,N,N,A,-,N,NA,NA,NA,NA,NA,NA,NA,NA,NA,N,4,0,1,2,A,-,03,22350,NA,F,C,C,A,A,H,-,C,A,0,NA,NA,NA,NA,Y,NA,-,99,0,0,1,0,0,0,0,0,0,-,-,NA,NA,LOS ANGELES,LOS ANGELES,-118.37132677,33.94545848
7067141,2015,2015-09-22,1942,2015-09-05,1430,36083,0724,6,5,7,1942,0,0,0,G,0,6T2,BEVERLY BL,FAIRFAX AV,0,NA,Y,A,-,N,NA,NA,NA,NA,NA,NA,NA,NA,NA,Y,4,0,1,2,A,-,09,21801,A,N,A,C,A,A,H,-,A,A,0,NA,NA,NA,NA,Y,NA,A,01,0,0,1,0,0,0,0,0,0,-,-,NA,NA,LOS ANGELES,LOS ANGELES,-118.3614601,34.07610002
7067142,2015,2015-09-22,1942,2015-09-09,0820,38007,0721,3,5,7,1942,0,0,0,G,0,14T47,BURTON WY,WETHERLY DR,20,E,N,A,-,N,NA,NA,NA,NA,NA,NA,NA,NA,NA,N,4,0,1,2,A,-,03,22350,NA,N,C,C,A,A,H,-,A,D,0,NA,NA,NA,NA,Y,NA,A,01,0,0,1,0,0,0,0,0,0,-,-,NA,NA,LOS ANGELES,LOS ANGELES,-118.38866408,34.07233
7067143,2015,2015-09-22,1942,2015-09-06,1100,38374,0762,7,5,7,1942,0,0,0,G,0,6T2W4,LA CIENEGA BL,AIRDROME ST,479,S,N,A,-,N,NA,NA,NA,NA,NA,NA,NA,NA,NA,N,4,0,1,2,A,-,04,21703,NA,F,C,C,A,A,H,-,A,D,0,NA,NA,NA,NA,Y,NA,-,99,0,0,1,0,0,0,0,0,0,-,-,NA,NA,LOS ANGELES,LOS ANGELES,-118.37651978,34.04581081
7067144,2015,2015-09-22,1942,2015-09-10,1035,31668,833,4,5,7,1942,0,0,0,NA,0,8TL35,WILSHIRE BL,GLENDON AV,200,E,N,A,-,N,NA,NA,NA,NA,NA,NA,NA,NA,NA,N,4,0,2,2,A,-,05,21651,A,F,B,C,A,A,H,-,A,D,0,NA,NA,NA,NA,Y,NA,A,01,0,0,2,0,0,0,0,0,0,-,-,NA,NA,LOS ANGELES,LOS ANGELES,-118.44190316,34.05932962
7067153,2015,2015-09-25,1942,2015-09-01,1710,36336,1583,2,5,7,1942,0,0,0,O,0,15TL42,MOORPARK ST,RADFORD AV,150,W,N,A,-,N,NA,NA,NA,NA,NA,NA,NA,NA,NA,Y,3,0,2,2,A,-,08,22107,NA,N,D,C,A,A,H,-,A,D,0,NA,NA,NA,NA,Y,NA,A,01,0,2,0,0,0,0,0,0,0,-,-,NA,NA,LOS ANGELES,LOS ANGELES,-118.3925848,34.15037813
7067154,2015,2015-09-25,1942,2015-09-01,1400,40398,1794,2,5,7,1942,0,0,0,Q,0,21TL62,PARTHENIA ST,RESEDA BL,0,NA,Y,A,-,N,NA,NA,NA,NA,NA,NA,NA,NA,NA,Y,3,0,2,2,A,-,09,21453,C,N,D,C,A,A,H,-,A,A,0,NA,NA,NA,NA,Y,NA,A,01,0,2,0,0,0,0,0,0,0,-,-,NA,NA,LOS ANGELES,LOS ANGELES,-118.53609002,34.228250009999996
7067155,2015,2015-09-25,1942,2015-09-01,1640,26319,1782,2,5,7,1942,0,0,0,Q,0,19TL74,CORBIN AV,NORDHOFF ST,230,S,N,A,-,N,NA,NA,NA,NA,NA,NA,NA,NA,NA,Y,3,0,1,2,A,-,08,22107,NA,N,B,C,A,A,H,-,A,D,0,NA,NA,NA,NA,Y,NA,A,01,0,1,0,0,0,0,0,0,0,-,-,NA,NA,LOS ANGELES,LOS ANGELES,-118.56230889,34.23484911
7067156,2015,2015-09-30,1942,2015-09-01,1645,40398,1764,2,5,7,1942,0,0,0,Q,0,21TL62,TAMPA AV,DEVONSHIRE ST,0,NA,Y,-,-,N,NA,NA,NA,NA,NA,NA,NA,NA,NA,Y,2,0,1,2,A,-,09,21801,A,N,D,C,A,-,-,-,-,A,0,NA,NA,Y,NA,Y,NA,A,01,1,0,0,0,0,0,0,0,1,-,-,NA,NA,LOS ANGELES,LOS ANGELES,-118.55361002,34.25726
7067161,2015,2015-09-24,1941,2015-09-02,2022,5854,NA,3,5,7,1941,0,0,0,NA,0,NA,7TH ST,ORANGE AV,0,NA,Y,A,-,N,NA,NA,NA,NA,NA,NA,NA,NA,NA,N,3,0,1,2,A,-,08,22107,NA,N,G,G,A,A,H,-,C,A,0,NA,Y,NA,NA,Y,NA,A,NA,0,1,0,0,0,0,1,0,0,-,-,NA,NA,LOS ANGELES,LONG BEACH,-118.17638011,33.7753401
7067162,2015,2015-09-24,1941,2015-09-03,2025,6066,NA,4,5,7,1941,0,0,0,NA,0,NA,PALO VERDE,REDINA ST,4,S,N,A,-,N,NA,NA,NA,NA,NA,NA,NA,NA,NA,N,2,0,1,2,A,-,11,21453,D,N,G,-,A,A,H,-,C,A,0,NA,NA,NA,NA,Y,NA,N,NA,1,0,0,0,0,0,0,0,0,-,-,NA,NA,LOS ANGELES,LONG BEACH,-118.10797009,33.78671903
7067163,2015,2015-09-25,1941,2015-09-01,1614,6059,NA,2,5,7,1941,0,0,0,NA,0,NA,WALNUT AV,56TH ST,0,NA,Y,A,-,N,NA,NA,NA,NA,NA,NA,NA,NA,NA,Y,4,0,1,3,A,-,09,21802,A,N,D,C,A,A,H,-,A,D,0,NA,NA,NA,NA,Y,NA,A,NA,0,0,1,0,0,0,0,0,0,-,-,NA,NA,LOS ANGELES,LONG BEACH,-118.17349006,33.85764003
7067164,2015,2015-09-25,1941,2015-09-02,1429,4046,NA,3,5,7,1941,0,0,0,NA,0,NA,ATLANTIC,CARSON,20,N,N,A,-,N,NA,NA,NA,NA,NA,NA,NA,NA,NA,Y,4,0,1,2,A,-,03,22350,NA,N,C,C,A,A,H,-,A,A,0,NA,NA,NA,NA,Y,NA,D,NA,0,0,1,0,0,0,0,0,0,-,-,NA,NA,LOS ANGELES,LONG BEACH,-118.18507,33.83180485
7067165,2015,2015-09-24,1941,2015-09-03,1330,5407,NA,4,5,7,1941,0,0,0,NA,0,NA,COVER ST,SCHAUFELE AV,0,NA,Y,A,-,N,NA,NA,NA,NA,NA,NA,NA,NA,NA,Y,3,0,2,2,A,-,09,21802,A,N,D,C,A,A,H,-,A,A,0,NA,NA,Y,NA,Y,NA,C,02,0,1,1,0,0,0,0,0,1,-,-,NA,NA,LOS ANGELES,LONG BEACH,-118.14800013,33.82772011
7067166,2015,2015-09-24,1942,2015-09-05,1415,39575,1506,6,5,7,1942,0,0,0,O,0,35EL11,VINELAND AV,SHERMAN WY,688,S,N,A,-,N,NA,NA,NA,NA,NA,NA,NA,NA,NA,Y,2,0,1,2,A,-,17,22517,NA,N,E,G,A,A,H,-,A,D,0,NA,Y,NA,NA,Y,NA,A,07,1,0,0,0,0,0,1,0,0,-,-,NA,NA,LOS ANGELES,LOS ANGELES,-118.37032,34.19929301
7067167,2015,2015-09-25,1941,2015-09-02,2120,5356,NA,3,5,7,1941,0,0,0,NA,0,NA,LONG BEACH BL,SAN ANTONIO,96,N,N,A,-,N,NA,NA,NA,NA,NA,NA,NA,NA,NA,N,4,0,1,2,A,-,08,22107,NA,N,D,J,A,A,H,-,C,A,0,NA,NA,Y,NA,Y,NA,A,NA,0,0,1,0,0,0,0,0,1,-,-,NA,NA,LOS ANGELES,LONG BEACH,-118.18943449,33.83477755
7067168,2015,2015-09-30,1941,2015-09-03,1642,5737,NA,4,5,7,1941,0,0,0,NA,0,NA,BROADWAY,ORANGE,0,NA,Y,A,-,N,NA,NA,NA,NA,NA,NA,NA,NA,NA,Y,3,0,1,2,A,-,12,21453,A,N,D,C,A,A,H,-,A,A,0,NA,NA,NA,NA,Y,NA,A,NA,0,1,0,0,0,0,0,0,0,-,-,NA,NA,LOS ANGELES,LONG BEACH,-118.17684006,33.7684501
7067177,2015,2015-09-24,1941,2015-09-01,1510,10013,NA,2,5,7,1941,0,0,0,NA,0,NA,LAKEWOOD BL,OUTER TRAFFIC CIR,250,N,N,A,-,N,NA,NA,NA,NA,NA,NA,NA,NA,NA,N,4,0,1,2,A,-,21,22106,NA,N,G,B,D,A,H,-,A,D,0,Y,NA,NA,NA,Y,NA,A,NA,0,0,1,0,1,0,0,0,0,-,-,NA,NA,LOS ANGELES,LONG BEACH,-118.14257949,33.79220035
7067178,2015,2015-09-30,1941,2015-09-02,2014,5737,NA,3,5,7,1941,0,0,0,NA,0,NA,QUEENS WY,FORK,120,S,N,A,-,N,NA,NA,NA,NA,NA,NA,NA,NA,NA,Y,4,0,3,2,A,-,03,22350,NA,N,A,C,A,A,H,-,C,D,0,NA,NA,NA,NA,Y,Y,A,NA,0,0,3,0,0,0,0,0,0,-,-,NA,NA,LOS ANGELES,LONG BEACH,NA,NA
7067179,2015,2015-09-28,1941,2015-09-02,1800,5737,NA,3,5,7,1941,0,0,0,NA,0,NA,10TH,MAGNOLIA,0,NA,Y,-,-,N,NA,NA,NA,NA,NA,NA,NA,NA,NA,N,4,0,1,2,A,-,10,21950,A,N,-,-,-,-,-,-,-,-,0,Y,NA,NA,NA,Y,NA,-,NA,0,0,1,0,1,0,0,0,0,-,-,NA,NA,LOS ANGELES,LONG BEACH,-118.19804003,33.77898007
7067180,2015,2015-09-30,1941,2015-09-01,2207,5737,NA,2,5,7,1941,0,0,0,NA,0,NA,10TH,LONG BEACH BL,0,NA,Y,A,-,N,NA,NA,NA,NA,NA,NA,NA,NA,NA,N,4,0,1,2,A,-,03,22350,NA,N,C,C,A,A,H,-,C,A,0,NA,NA,NA,NA,Y,NA,A,NA,0,0,1,0,0,0,0,0,0,-,-,NA,NA,LOS ANGELES,LONG BEACH,-118.18948,33.77897012
7067181,2015,2015-09-28,1942,2015-09-04,1125,37737,1745,5,5,7,1942,0,0,0,Q,0,10TL37,BALBOA BL,KINGSBURY ST,145,S,N,A,-,N,NA,NA,NA,NA,NA,NA,NA,NA,NA,Y,4,0,1,2,C,-,18,NA,NA,N,B,C,A,A,H,-,A,D,0,NA,NA,NA,NA,Y,NA,-,-,0,0,1,0,0,0,0,0,0,-,-,NA,NA,LOS ANGELES,LOS ANGELES,-118.50227168,34.26317227
7067182,2015,2015-09-28,1942,2015-09-05,1025,39021,1723,6,5,7,1942,0,0,0,Q,0,9TL55,DE SOTO AV,RINALDI ST,300,S,N,A,-,N,NA,NA,NA,NA,NA,NA,NA,NA,NA,Y,3,0,1,2,A,-,07,21658,A,N,B,C,A,A,H,-,A,D,0,NA,NA,NA,NA,Y,NA,A,01,0,1,0,0,0,0,0,0,0,-,-,NA,NA,LOS ANGELES,LOS ANGELES,-118.58858,34.26919702
7067183,2015,2015-09-28,1942,2015-09-07,1104,39021,1788,1,5,7,1942,0,0,0,Q,0,9TL55,BALBOA BL,NORDHOFF ST,125,N,N,A,-,N,NA,NA,NA,NA,NA,NA,NA,NA,NA,Y,3,0,6,2,A,-,09,21804,A,N,A,C,A,A,H,-,A,D,0,NA,NA,NA,NA,Y,NA,A,07,0,1,5,0,0,0,0,0,0,-,-,NA,NA,LOS ANGELES,LOS ANGELES,-118.50250143,34.23606281
7067184,2015,2015-09-28,1942,2015-09-05,1240,37737,1772,6,5,7,1942,0,0,0,Q,0,10TL37,PLUMMER ST,OAKDALE AV,40,E,N,A,-,N,NA,NA,NA,NA,NA,NA,NA,NA,NA,Y,4,0,3,3,A,-,03,22350,NA,N,C,C,A,A,H,-,A,D,0,NA,NA,NA,NA,Y,NA,A,01,0,0,3,0,0,0,0,0,0,-,-,NA,NA,LOS ANGELES,LOS ANGELES,-118.56674787,34.24273
7067189,2015,2015-09-23,1942,2015-09-08,1640,34482,0911,2,5,7,1942,0,0,0,I,0,35M68,SEPULVEDA BL,VANOWEN ST,500,S,N,A,-,N,NA,NA,NA,NA,NA,NA,NA,NA,NA,N,4,0,1,2,A,-,03,22350,NA,F,C,C,A,A,H,-,A,D,0,NA,NA,NA,NA,Y,NA,-,99,0,0,1,0,0,0,0,0,0,-,-,NA,NA,LOS ANGELES,LOS ANGELES,-118.46619,34.19254858
7067190,2015,2017-03-29,1942,2015-09-12,0620,37676,1972,6,5,7,1942,0,0,0,NA,0,9T55,NORDHOFF ST,NOBLE AV,0,NA,Y,A,-,N,NA,NA,NA,NA,NA,NA,NA,NA,NA,Y,1,1,0,2,A,-,09,21801,A,F,D,C,A,A,H,-,B,A,0,NA,NA,Y,NA,Y,NA,-,99,0,0,0,0,0,0,0,1,0,-,-,NA,NA,LOS ANGELES,LOS ANGELES,-118.46097004,34.2354801