CASE_ID,ACCIDENT_YEAR,PROC_DATE,JURIS,COLLISION_DATE,COLLISION_TIME,OFFICER_ID,REPORTING_DISTRICT,DAY_OF_WEEK,CHP_SHIFT,POPULATION,CNTY_CITY_LOC,SPECIAL_COND,BEAT_TYPE,CHP_BEAT_TYPE,CITY_DIVISION_LAPD,CHP_BEAT_CLASS,BEAT_NUMBER,PRIMARY_RD,SECONDARY_RD,DISTANCE,DIRECTION,INTERSECTION,WEATHER_1,WEATHER_2,STATE_HWY_IND,CALTRANS_COUNTY,CALTRANS_DISTRICT,STATE_ROUTE,ROUTE_SUFFIX,POSTMILE_PREFIX,POSTMILE,LOCATION_TYPE,RAMP_INTERSECTION,SIDE_OF_HWY,TOW_AWAY,COLLISION_SEVERITY,NUMBER_KILLED,NUMBER_INJURED,PARTY_COUNT,PRIMARY_COLL_FACTOR,PCF_CODE_OF_VIOL,PCF_VIOL_CATEGORY,PCF_VIOLATION,PCF_VIOL_SUBSECTION,HIT_AND_RUN,TYPE_OF_COLLISION,MVIW,PED_ACTION,ROAD_SURFACE,ROAD_COND_1,ROAD_COND_2,LIGHTING,CONTROL_DEVICE,CHP_ROAD_TYPE,PEDESTRIAN_ACCIDENT,BICYCLE_ACCIDENT,MOTORCYCLE_ACCIDENT,TRUCK_ACCIDENT,NOT_PRIVATE_PROPERTY,ALCOHOL_INVOLVED,STWD_VEHTYPE_AT_FAULT,CHP_VEHTYPE_AT_FAULT,COUNT_SEVERE_INJ,COUNT_VISIBLE_INJ,COUNT_COMPLAINT_PAIN,COUNT_PED_KILLED,COUNT_PED_INJURED,COUNT_BICYCLIST_KILLED,COUNT_BICYCLIST_INJURED,COUNT_MC_KILLED,COUNT_MC_INJURED,PRIMARY_RAMP,SECONDARY_RAMP,LATITUDE,LONGITUDE,COUNTY,CITY,POINT_X,POINT_Y
7067507,2015,2015-09-23,1942,2015-09-13,1240,40811,1999,7,5,7,1942,0,0,0,NA,0,21TL64,ROSCOE BL,WOODMAN AV,350,E,N,A,-,N,NA,NA,NA,NA,NA,NA,NA,NA,NA,N,4,0,2,2,A,-,04,21703,NA,N,C,C,A,A,H,-,A,D,0,NA,NA,NA,NA,Y,NA,A,01,0,0,2,0,0,0,0,0,0,-,-,NA,NA,LOS ANGELES,LOS ANGELES,-118.43159431,34.22167931
7067508,2015,2015-09-30,1942,2015-09-09,1640,34332,1902,3,5,7,1942,0,0,0,NA,0,16T25,FOOTHILL BL,GLENOAKS BL,844,E,N,A,-,N,NA,NA,NA,NA,NA,NA,NA,NA,NA,Y,2,0,1,1,A,-,03,22350,NA,N,-,-,A,C,A,-,A,-,0,NA,NA,Y,NA,Y,NA,C,02,1,0,0,0,0,0,0,0,1,-,-,NA,NA,LOS ANGELES,LOS ANGELES,-118.46670561,34.32312969
7067515,2015,2015-09-23,1900,2015-08-30,1615,509580,0612,7,5,6,1985,0,0,0,NA,0,61T1,SOLEDAD CANYON RD,WHITES CANYON RD,280,E,N,A,-,N,NA,NA,NA,NA,NA,NA,NA,NA,NA,Y,4,0,2,2,A,-,09,21804,A,N,D,C,A,A,H,-,A,A,0,NA,NA,NA,NA,Y,NA,A,01,0,0,2,0,0,0,0,0,0,-,-,NA,NA,LOS ANGELES,SANTA CLARITA,-118.47124327,34.41572
7067516,2015,2015-09-23,1900,2015-08-31,0148,528221,0652,1,5,6,1985,0,0,0,NA,0,61T1,VIA PRINCESSA,LOST CANYON RD,165,N,N,A,-,N,NA,NA,NA,NA,NA,NA,NA,NA,NA,Y,3,0,1,1,A,-,03,22350,NA,N,E,I,A,A,H,-,C,A,0,NA,NA,NA,NA,Y,NA,A,01,0,1,0,0,0,0,0,0,0,-,-,NA,NA,LOS ANGELES,SANTA CLARITA,-118.45334936,34.40130706
7067517,2015,2015-09-23,1900,2015-08-24,1855,509580,0639,1,5,6,1985,0,0,0,NA,0,61T1,JAKES WY,FAHREN CT,16,E,N,A,-,N,NA,NA,NA,NA,NA,NA,NA,NA,NA,N,4,0,1,2,A,-,10,21950,A,N,G,B,B,A,H,-,A,A,0,Y,NA,NA,NA,Y,NA,A,01,0,0,1,0,1,0,0,0,0,-,-,NA,NA,LOS ANGELES,SANTA CLARITA,-118.45753898,34.40988225
7067518,2015,2017-01-13,1900,2015-08-25,0820,472724,0617,2,5,6,1985,0,0,0,NA,0,61T1,SIERRA HWY,RT 14,0,NA,Y,A,-,Y,LA,7,14,-,R,28.501,R,4,S,Y,2,0,1,3,A,-,09,21802,A,N,D,C,A,A,H,-,A,A,0,NA,NA,NA,NA,Y,NA,A,01,1,0,0,0,0,0,0,0,0,-,SF,NA,NA,LOS ANGELES,SANTA CLARITA,-118.492867,34.37998
7067520,2015,2015-09-23,1900,2015-08-28,0755,542860,0641,5,5,6,1985,0,0,0,NA,0,64T1,PEPPER PL,CYPRESS PL,0,NA,Y,A,-,N,NA,NA,NA,NA,NA,NA,NA,NA,NA,N,4,0,1,2,A,-,10,21950,A,N,G,B,B,A,H,-,A,D,0,Y,NA,NA,NA,Y,NA,A,08,0,0,1,0,1,0,0,0,0,-,-,NA,NA,LOS ANGELES,SANTA CLARITA,-118.52748012,34.47147003
7067521,2015,2015-09-28,1941,2015-09-08,0952,6263,NA,2,5,7,1941,0,0,0,NA,0,NA,CHERRY AV,ANAHEIM ST,80,S,N,A,-,N,NA,NA,NA,NA,NA,NA,NA,NA,NA,Y,4,0,1,2,A,-,00,14601,1,N,D,C,A,A,H,-,A,D,0,NA,NA,NA,NA,Y,NA,A,NA,0,0,1,0,0,0,0,0,0,-,-,NA,NA,LOS ANGELES,LONG BEACH,-118.16766,33.78239062
7067525,2015,2015-09-22,1942,2015-09-09,1115,37613,1438,3,5,7,1942,0,0,0,N,0,14TL54,PALMS BL,GLENDON AV,80,W,N,A,-,N,NA,NA,NA,NA,NA,NA,NA,NA,NA,N,3,0,1,2,A,-,00,21760,C,N,B,G,A,A,H,-,A,D,0,NA,Y,NA,NA,Y,NA,A,07,0,1,0,0,0,0,1,0,0,-,-,NA,NA,LOS ANGELES,LOS ANGELES,-118.41408191,34.02330165
7067526,2015,2015-09-22,1942,2015-09-07,1150,41859,1441,1,5,7,1942,0,0,0,N,0,14A49,PALAWAN WY,WASHINGTON BL,0,NA,Y,A,-,N,NA,NA,NA,NA,NA,NA,NA,NA,NA,N,4,0,1,2,A,-,03,22350,NA,N,C,C,A,A,H,-,A,D,0,NA,NA,NA,NA,Y,NA,A,01,0,0,1,0,0,0,0,0,0,-,-,NA,NA,LOS ANGELES,LOS ANGELES,-118.45867013,33.98412007
7067527,2015,2015-09-22,1942,2015-09-08,1945,39651,1409,2,5,7,1942,0,0,0,N,0,6T7,VENICE BL,BAGLEY AV,0,NA,Y,A,-,N,NA,NA,NA,NA,NA,NA,NA,NA,NA,N,4,0,1,2,A,-,03,22350,NA,N,C,C,A,A,H,-,C,A,0,NA,NA,NA,NA,Y,NA,A,01,0,0,1,0,0,0,0,0,0,-,-,NA,NA,LOS ANGELES,LOS ANGELES,-118.39516008,34.02553003
7067528,2015,2015-09-22,1942,2015-09-08,0900,40707,1407,2,5,7,1942,0,0,0,N,0,14A13,REGENT ST,CLARINGTON AV,0,NA,Y,A,-,N,NA,NA,NA,NA,NA,NA,NA,NA,NA,Y,3,0,1,2,A,-,12,22450,NA,N,D,C,A,A,H,-,A,D,0,NA,NA,NA,NA,Y,NA,A,08,0,1,0,0,0,0,0,0,0,-,-,NA,NA,LOS ANGELES,LOS ANGELES,-118.40213011,34.02482002
7067533,2015,2015-09-22,1942,2015-09-04,1050,32333,1406,5,5,7,1942,0,0,0,N,0,14A27,PALMS BL,MENTONE AV,0,NA,Y,A,-,N,NA,NA,NA,NA,NA,NA,NA,NA,NA,N,4,0,1,2,A,-,09,21802,A,N,D,C,A,A,H,-,A,D,0,NA,NA,NA,NA,Y,NA,A,01,0,0,1,0,0,0,0,0,0,-,-,NA,NA,LOS ANGELES,LOS ANGELES,-118.40965,34.02582011
7067534,2015,2015-09-22,1942,2015-09-02,0840,34251,1477,3,5,7,1942,0,0,0,N,0,8TL83,LA TIJERA BL,AIRPORT BL,0,NA,Y,B,-,N,NA,NA,NA,NA,NA,NA,NA,NA,NA,Y,3,0,1,2,A,-,12,21453,A,N,A,C,A,A,H,-,A,A,0,NA,NA,NA,NA,Y,NA,-,-,0,1,0,0,0,0,0,0,0,-,-,NA,NA,LOS ANGELES,LOS ANGELES,-118.38530012,33.96531001
7067535,2015,2015-09-22,1942,2015-09-06,0424,41837,1462,7,5,7,1942,0,0,0,N,0,14A67,CULVER BL,NICHOLSON ST,0,NA,Y,A,-,N,NA,NA,NA,NA,NA,NA,NA,NA,NA,Y,4,0,1,1,A,-,03,22350,NA,N,E,I,A,A,H,-,C,A,0,NA,NA,NA,NA,Y,NA,A,01,0,0,1,0,0,0,0,0,0,-,-,NA,NA,LOS ANGELES,LOS ANGELES,-118.44491006,33.96171006
7067536,2015,2015-09-22,1942,2015-09-03,1600,41977,1469,4,5,7,1942,0,0,0,N,0,14A27,CENTINELLA AV,LA TIJERA BL,400,W,N,A,-,N,NA,NA,NA,NA,NA,NA,NA,NA,NA,N,4,0,1,3,A,-,08,22107,NA,N,D,C,A,A,H,-,A,D,0,NA,NA,NA,NA,Y,Y,A,01,0,0,1,0,0,0,0,0,0,-,-,NA,NA,LOS ANGELES,LOS ANGELES,-118.37314394,33.97724124
7067539,2015,2015-09-21,1955,2015-08-24,2018,30538,0018,1,5,6,1955,0,0,0,NA,0,002,INDIAN HILL BL,SAN BERNARDINO AV,300,N,N,A,-,N,NA,NA,NA,NA,NA,NA,NA,NA,NA,Y,4,0,1,2,A,-,03,22350,NA,F,C,C,A,A,H,-,C,A,0,NA,NA,NA,NA,Y,NA,A,01,0,0,1,0,0,0,0,0,0,-,-,NA,NA,LOS ANGELES,POMONA,-117.71925335,34.07670226
7067540,2015,2017-01-04,1955,2015-08-08,1115,42193,75,6,5,6,1955,0,0,0,NA,0,005,RT 71,OLD POMONA RD,2640,N,N,A,-,Y,LA,7,71,-,-,2.77,H,-,S,N,4,0,1,3,A,-,03,22350,NA,N,C,C,A,A,H,-,A,D,0,NA,NA,NA,NA,Y,NA,A,07,0,0,1,0,0,0,0,0,0,-,-,NA,NA,LOS ANGELES,POMONA,-117.76809364,34.04105917
7067561,2015,2015-09-25,1900,2015-09-08,1812,546182,1127,2,5,6,1992,0,0,0,NA,0,111T1,30TH ST W,AVENUE J,35,S,N,A,-,N,NA,NA,NA,NA,NA,NA,NA,NA,NA,Y,4,0,1,2,C,-,18,NA,NA,N,C,C,A,A,H,-,A,A,0,NA,NA,NA,NA,Y,NA,-,-,0,0,1,0,0,0,0,0,0,-,-,NA,NA,LOS ANGELES,LANCASTER,-118.18382726,34.68927405
7067585,2015,2015-09-22,1942,2015-09-12,1030,33836,1415,6,5,7,1942,0,0,0,N,0,20T55,ROSE ST,WALGROVE AV,100,W,N,A,-,N,NA,NA,NA,NA,NA,NA,NA,NA,NA,Y,4,0,1,2,A,-,17,22109,NA,N,C,C,A,A,H,-,A,D,0,NA,NA,NA,NA,Y,NA,A,07,0,0,1,0,0,0,0,0,0,-,-,NA,NA,LOS ANGELES,LOS ANGELES,-118.45505778,34.00810261
7067586,2015,2015-09-22,1942,2015-09-10,1430,38007,1443,4,5,7,1942,0,0,0,N,0,14T47,WALGROVE AV,ZANJA ST,0,NA,Y,A,-,N,NA,NA,NA,NA,NA,NA,NA,NA,NA,N,3,0,1,2,A,-,10,21950,A,F,G,B,B,A,H,-,A,A,0,Y,NA,NA,NA,Y,NA,-,99,0,1,0,0,1,0,0,0,0,-,-,NA,NA,LOS ANGELES,LOS ANGELES,-118.44437,33.99464001
7067587,2015,2015-09-22,1942,2015-09-07,1705,40628,1479,1,5,7,1942,0,0,0,N,0,7TL38,LA TIJERA BL,74TH ST,0,NA,Y,A,-,N,NA,NA,NA,NA,NA,NA,NA,NA,NA,Y,4,0,1,2,A,-,21,22106,NA,N,D,C,A,A,H,-,A,A,0,NA,NA,NA,NA,Y,NA,A,07,0,0,1,0,0,0,0,0,0,-,-,NA,NA,LOS ANGELES,LOS ANGELES,-118.37942001,33.97055001
7067588,2015,2015-09-22,1942,2015-09-02,0600,34251,1458,3,5,7,1942,0,0,0,N,0,8TL83,CULVER BL,CORINTH AV,150,W,N,B,-,N,NA,NA,NA,NA,NA,NA,NA,NA,NA,Y,4,0,2,2,A,-,03,22350,NA,N,C,C,A,A,H,-,B,A,0,NA,NA,NA,NA,Y,NA,A,01,0,0,2,0,0,0,0,0,0,-,-,NA,NA,LOS ANGELES,LOS ANGELES,-118.41280514,34.00152829
7067595,2015,2015-09-28,1931,2015-09-02,2050,5248,1931,3,5,5,1931,0,0,0,NA,0,TWO,E 60TH ST,CORONA AV,75,W,N,A,-,N,NA,NA,NA,NA,NA,NA,NA,NA,NA,N,4,0,1,2,A,-,07,21658,A,N,D,G,A,A,H,-,C,-,0,NA,Y,NA,NA,Y,NA,L,04,0,0,1,0,0,0,1,0,0,-,-,NA,NA,LOS ANGELES,HUNTINGTON PARK,-118.19495511,33.98623474
7067596,2015,2015-09-28,1931,2015-09-01,0745,5195,1931,2,5,5,1931,0,0,0,NA,0,002,MAYWOOD AV,61ST PL,0,NA,Y,A,-,N,NA,NA,NA,NA,NA,NA,NA,NA,NA,N,3,0,1,3,A,-,08,22107,NA,F,B,G,A,A,H,-,A,D,0,NA,Y,NA,NA,Y,Y,A,01,0,1,0,0,0,0,1,0,0,-,-,NA,NA,LOS ANGELES,HUNTINGTON PARK,-118.20264002,33.98429006
7067607,2015,2015-09-23,1924,2015-05-27,1644,111361,36,3,5,5,1924,0,0,0,NA,0,8M2,WESTERN AV,158TH ST,8,S,N,-,-,N,NA,NA,NA,NA,NA,NA,NA,NA,NA,N,3,0,1,2,A,-,12,21453,A,N,H,J,A,A,H,-,A,A,0,NA,NA,Y,NA,Y,NA,C,02,0,1,0,0,0,0,0,0,1,-,-,NA,NA,LOS ANGELES,GARDENA,-118.30916,33.88738806
7067608,2015,2015-09-23,1924,2015-05-29,1939,115237,26,5,5,5,1924,0,0,0,NA,0,004,NORMANDIE AV,MARINE AV,225,N,N,A,-,N,NA,NA,NA,NA,NA,NA,NA,NA,NA,N,4,0,1,2,A,-,09,21804,A,N,D,C,A,A,H,-,B,D,0,NA,NA,NA,NA,Y,NA,A,07,0,0,1,0,0,0,0,0,0,-,-,NA,NA,LOS ANGELES,GARDENA,-118.30044865,33.89526709
7067613,2015,2015-09-21,1924,2015-04-29,1459,111229,34,3,5,5,1924,0,0,0,NA,0,8M1,MARINE AV,KINGSLEY DR,26,E,N,A,-,N,NA,NA,NA,NA,NA,NA,NA,NA,NA,Y,4,0,2,2,A,-,04,21703,NA,N,C,C,A,A,-,-,A,D,0,NA,NA,NA,NA,Y,NA,A,01,0,0,2,0,0,0,0,0,0,-,-,NA,NA,LOS ANGELES,GARDENA,-118.30362449,33.89464
7067614,2015,2015-09-21,1924,2015-04-28,0700,115299,G27,2,5,5,1924,0,0,0,NA,0,004,VERMONT AV,149TH ST,0,NA,Y,A,-,N,NA,NA,NA,NA,NA,NA,NA,NA,NA,Y,4,0,1,2,A,-,09,21802,A,N,D,D,A,A,H,-,A,A,0,NA,NA,NA,NA,Y,NA,A,01,0,0,1,0,0,0,0,0,0,-,-,NA,NA,LOS ANGELES,GARDENA,-118.29197008,33.89675009
7067615,2015,2015-09-21,1924,2015-04-27,1737,112602,3,1,5,5,1924,0,0,0,NA,0,8T2,130TH ST,NORMANDIE AV,0,NA,Y,A,-,N,NA,NA,NA,NA,NA,NA,NA,NA,NA,Y,4,0,2,4,A,-,09,21802,A,N,D,C,A,A,H,-,A,D,0,NA,NA,NA,NA,Y,NA,A,01,0,0,2,0,0,0,0,0,0,-,-,NA,NA,LOS ANGELES,GARDENA,-118.30041004,33.91452011
7067616,2015,2015-09-21,1924,2015-04-26,1843,112602,48,7,5,5,1924,0,0,0,NA,0,8T2,BUDLONG AV,163RD ST,0,NA,Y,A,-,N,NA,NA,NA,NA,NA,NA,NA,NA,NA,Y,4,0,1,2,A,-,12,22450,A,N,D,C,A,A,H,-,A,D,0,NA,NA,NA,NA,Y,NA,A,01,0,0,1,0,0,0,0,0,0,-,-,NA,NA,LOS ANGELES,GARDENA,-118.29575008,33.88328011
7067621,2015,2015-09-25,1924,2015-06-11,1416,111250,43,4,5,5,1924,0,0,0,NA,0,8METRO,NORMANDIE AV,ARTESIA BL,151,N,N,A,-,N,NA,NA,NA,NA,NA,NA,NA,NA,NA,Y,2,0,1,2,A,-,08,22102,NA,N,D,C,A,A,H,-,A,D,0,NA,NA,Y,NA,Y,NA,A,01,1,0,0,0,0,0,0,0,1,-,-,NA,NA,LOS ANGELES,GARDENA,-118.29892897,33.87344376
7067622,2015,2015-09-25,1924,2015-06-11,0855,109241,48,4,5,5,1924,0,0,0,NA,0,8L51D,167TH ST,VERMONT AV,165,W,N,A,-,N,NA,NA,NA,NA,NA,NA,NA,NA,NA,N,4,0,1,2,A,-,09,21804,A,N,H,G,A,A,H,-,A,D,0,NA,Y,NA,NA,Y,NA,L,04,0,0,1,0,0,0,1,0,0,-,-,NA,NA,LOS ANGELES,GARDENA,-118.29178226,33.87977508
7067623,2015,2015-09-25,1924,2015-06-09,1303,111361,25,2,5,5,1924,0,0,0,NA,0,8M2,HALLDALE AV,MARINE AV,0,NA,Y,A,-,N,NA,NA,NA,NA,NA,NA,NA,NA,NA,Y,4,0,1,2,A,-,09,21802,A,N,D,C,A,A,H,-,A,A,0,NA,NA,NA,NA,Y,NA,A,07,0,0,1,0,0,0,0,0,0,-,-,NA,NA,LOS ANGELES,GARDENA,-118.30263002,33.89464011
7067624,2015,2015-09-25,1924,2015-06-05,1442,111229,G32,5,5,5,1924,0,0,0,NA,0,8M1,WESTERN AV,154TH PL,17,N,N,B,-,N,NA,NA,NA,NA,NA,NA,NA,NA,NA,Y,3,0,1,6,A,-,03,22350,NA,N,D,C,A,A,H,-,A,D,0,NA,NA,NA,NA,Y,NA,A,01,0,1,0,0,0,0,0,0,0,-,-,NA,NA,LOS ANGELES,GARDENA,-118.30915,33.89104663
7067632,2015,2015-09-22,1924,2015-06-01,1310,105094,34,1,5,5,1924,0,0,0,NA,0,8L2D,REDONDO BEACH BL,DENKER AV,15,W,N,A,-,N,NA,NA,NA,NA,NA,NA,NA,NA,NA,N,3,0,2,3,A,-,10,21950,A,M,G,B,B,A,H,-,A,A,0,Y,NA,NA,NA,Y,NA,A,01,0,2,0,0,2,0,0,0,0,-,-,NA,NA,LOS ANGELES,GARDENA,-118.30475603,33.8899352
7067645,2015,2015-09-21,1942,2015-09-05,0325,37613,1464,6,5,7,1942,0,0,0,N,0,8T35,BLUFF CREEK DR,ARTISANS WY,65,E,N,A,-,N,NA,NA,NA,NA,NA,NA,NA,NA,NA,Y,4,0,1,1,A,-,01,23152,A,N,E,I,A,A,H,-,C,D,0,NA,NA,NA,NA,Y,Y,A,01,0,0,1,0,0,0,0,0,0,-,-,NA,NA,LOS ANGELES,LOS ANGELES,-118.40224262,33.98196908
7067666,2015,2015-09-30,1941,2015-09-11,0705,5839,NA,5,5,7,1941,0,0,0,NA,0,NA,SPRING ST,ATLANTIC AV,0,NA,Y,A,-,N,NA,NA,NA,NA,NA,NA,NA,NA,NA,Y,4,0,2,2,A,-,09,21801,A,N,D,C,A,A,H,-,A,A,0,NA,NA,NA,NA,Y,NA,A,NA,0,0,2,0,0,0,0,0,0,-,-,NA,NA,LOS ANGELES,LONG BEACH,-118.18503012,33.81169004
7067667,2015,2015-09-30,1942,2015-09-10,1200,39473,2145,4,5,7,1942,0,0,0,NA,0,21TL67,TOPANGA CANYON BL,VICTORY BL,300,N,N,A,-,N,NA,NA,NA,NA,NA,NA,NA,NA,NA,Y,4,0,2,2,A,-,08,22107,NA,N,A,C,A,A,H,-,A,A,0,NA,NA,NA,NA,Y,NA,A,01,0,0,2,0,0,0,0,0,0,-,-,NA,NA,LOS ANGELES,LOS ANGELES,-118.60589,34.187743
7067668,2015,2015-09-26,1941,2015-09-12,0525,1031,NA,6,5,7,1941,0,0,0,NA,0,NA,2ND ST,BONITO AV,45,W,N,A,-,N,NA,NA,NA,NA,NA,NA,NA,NA,NA,Y,4,0,1,9,A,-,01,23152,NA,N,C,E,A,A,H,-,C,D,0,NA,NA,NA,NA,Y,Y,A,NA,0,0,1,0,0,0,0,0,0,-,-,NA,NA,LOS ANGELES,LONG BEACH,-118.18068535,33.76836221
7067669,2015,2015-09-23,1942,2015-09-14,1610,38503,5TL27,1,5,7,1942,0,0,0,NA,0,1207,VERMONT AV,47TH ST,20,S,N,B,-,N,NA,NA,NA,NA,NA,NA,NA,NA,NA,N,4,0,1,2,A,-,03,22350,NA,F,C,C,A,A,D,-,A,A,0,NA,NA,NA,NA,Y,NA,-,99,0,0,1,0,0,0,0,0,0,-,-,NA,NA,LOS ANGELES,LOS ANGELES,-118.291538,34.000447
7067705,2015,2015-09-23,1942,2015-09-10,0755,37700,1412,4,5,7,1942,0,0,0,N,0,14T47,PACIFIC AV,ROSE CT,3,S,N,A,-,N,NA,NA,NA,NA,NA,NA,NA,NA,NA,Y,3,0,1,2,A,-,09,21804,A,N,D,G,A,A,H,-,A,D,0,NA,Y,NA,NA,Y,NA,L,04,0,1,0,0,0,0,1,0,0,-,-,NA,NA,LOS ANGELES,LOS ANGELES,-118.47836459,33.99535311
7067717,2015,2015-09-23,1942,2015-09-13,1725,40628,1444,7,5,7,1942,0,0,0,N,0,14TL54,WASHINGTON BL,MARR ST,44,E,N,A,-,N,NA,NA,NA,NA,NA,NA,NA,NA,NA,N,3,0,2,3,A,-,01,23152,A,N,C,C,A,A,H,-,A,D,0,NA,NA,NA,NA,Y,Y,A,01,0,1,1,0,0,0,0,0,0,-,-,NA,NA,LOS ANGELES,LOS ANGELES,-118.45297284,33.98771101
7067721,2015,2015-09-23,1942,2015-09-11,1940,41688,1454,5,5,7,1942,0,0,0,N,0,14A11,MINDANAO WY,LINCOLN BL,125,E,N,A,-,N,NA,NA,NA,NA,NA,NA,NA,NA,NA,N,4,0,1,2,A,-,08,22107,NA,N,D,C,A,A,H,-,C,A,0,NA,NA,Y,NA,Y,NA,A,01,0,0,1,0,0,0,0,0,1,-,-,NA,NA,LOS ANGELES,LOS ANGELES,-118.43876898,33.98082168
7067722,2015,2016-07-19,1942,2015-09-08,0825,35279,1494,2,5,7,1942,0,0,0,N,0,6MQ52,IMPERIAL HWY,PERSHING DR,1584,E,N,A,-,N,NA,NA,NA,NA,NA,NA,NA,NA,NA,Y,4,0,1,2,A,-,03,22350,NA,N,B,I,A,A,H,-,A,D,0,NA,NA,NA,NA,Y,NA,A,07,0,0,1,0,0,0,0,0,0,-,-,NA,NA,LOS ANGELES,LOS ANGELES,-118.42412867,33.93145096
7067723,2015,2015-09-23,1942,2015-09-10,1000,38282,1435,4,5,7,1942,0,0,0,N,0,20TL59,MCLAUGHLIN AV,VICTORIA AV,240,S,N,A,-,N,NA,NA,NA,NA,NA,NA,NA,NA,NA,N,3,0,1,2,C,-,18,NA,NA,N,H,G,A,A,H,-,A,D,0,NA,Y,NA,NA,Y,NA,-,-,0,1,0,0,0,0,1,0,0,-,-,NA,NA,LOS ANGELES,LOS ANGELES,-118.42573489,34.01004598
7067724,2015,2015-09-23,1942,2015-09-04,1825,31255,1477,5,5,7,1942,0,0,0,N,0,8TL26,LA TIJERA BL,MANCHESTER AV,0,NA,Y,A,-,N,NA,NA,NA,NA,NA,NA,NA,NA,NA,Y,3,0,3,2,A,-,09,21801,A,N,D,C,A,A,H,-,A,A,0,NA,NA,NA,NA,Y,NA,A,07,0,1,2,0,0,0,0,0,0,-,-,NA,NA,LOS ANGELES,LOS ANGELES,-118.39151009,33.95980002
7067733,2015,2015-09-21,1924,2015-04-26,1513,111361,16,7,5,5,1924,0,0,0,NA,0,8M2,ROSECRANS AV,WESTERN AV,162,E,N,A,-,N,NA,NA,NA,NA,NA,NA,NA,NA,NA,Y,3,0,1,2,A,-,07,21658,A,N,B,C,A,A,H,-,A,D,0,NA,NA,Y,NA,Y,NA,C,03,0,1,0,0,0,0,0,0,1,-,-,NA,NA,LOS ANGELES,GARDENA,-118.30859716,33.90193
7067734,2015,2015-09-21,1924,2015-04-29,1529,111229,20,3,5,5,1924,0,0,0,NA,0,8M1,ROSECRANS AV,VAN NESS AV,0,NA,Y,A,-,N,NA,NA,NA,NA,NA,NA,NA,NA,NA,Y,3,0,2,3,A,-,12,21453,A,N,D,D,A,A,H,-,A,A,0,NA,NA,NA,NA,Y,NA,A,01,0,2,0,0,0,0,0,0,0,-,-,NA,NA,LOS ANGELES,GARDENA,-118.31787008,33.90192005
7067757,2015,2015-09-24,1942,2015-09-02,1645,34264,1654,3,5,7,1942,0,0,0,P,0,16X82,BRANFORD ST,SAN FERNANDO RD,600,E,N,A,-,N,NA,NA,NA,NA,NA,NA,NA,NA,NA,N,3,0,1,2,A,-,11,21954,A,N,G,B,D,A,H,-,A,D,0,Y,NA,NA,NA,Y,Y,N,60,0,1,0,0,1,0,0,0,0,-,-,NA,NA,LOS ANGELES,LOS ANGELES,-118.40170027,34.2493251
7067758,2015,2015-09-28,1942,2015-09-09,0050,36336,1525,3,5,7,1942,0,0,0,O,0,15T45,LANKERSHIM BL,KITTRIDGE ST,30,N,N,A,-,N,NA,NA,NA,NA,NA,NA,NA,NA,NA,N,3,0,1,1,B,-,22,NA,NA,N,E,I,A,A,H,-,C,D,0,NA,Y,NA,NA,Y,NA,L,04,0,1,0,0,0,0,1,0,0,-,-,NA,NA,LOS ANGELES,LOS ANGELES,-118.38779832,34.19037227
7067759,2015,2015-09-24,1942,2015-09-10,2345,37304,1583,4,5,7,1942,0,0,0,O,0,21TL65,VENTURA BL,COLFAX AV,228,W,N,A,-,N,NA,NA,NA,NA,NA,NA,NA,NA,NA,Y,3,0,1,3,A,-,01,23152,A,N,B,E,A,A,H,-,C,D,0,NA,NA,NA,NA,Y,Y,A,01,0,1,0,0,0,0,0,0,0,-,-,NA,NA,LOS ANGELES,LOS ANGELES,-118.38839852,34.14157651
7067760,2015,2015-09-24,1942,2015-09-07,1205,34599,1681,1,5,7,1942,0,0,0,P,0,10TL38,WEBB AV,REDBANK ST,21,S,N,A,-,N,NA,NA,NA,NA,NA,NA,NA,NA,NA,N,3,0,1,2,A,-,09,21804,A,N,D,G,A,A,H,-,A,A,0,NA,Y,NA,NA,Y,NA,L,04,0,1,0,0,0,0,1,0,0,-,-,NA,NA,LOS ANGELES,LOS ANGELES,-118.3958137,34.22451713
7067776,2015,2015-09-26,1972,2015-08-25,2303,19997,NA,2,5,6,1972,0,0,0,NA,0,NA,TORRANCE BL,SARTORI AV,0,NA,Y,A,-,N,NA,NA,NA,NA,NA,NA,NA,NA,NA,N,4,0,1,2,A,-,11,21456,B,N,G,B,B,A,H,-,C,A,0,Y,NA,NA,NA,Y,NA,N,NA,0,0,1,0,1,0,0,0,0,-,-,NA,NA,LOS ANGELES,TORRANCE,-118.31707004,33.83631009
7067779,2015,2015-09-22,1942,2015-08-16,1210,38995,1656,7,5,7,1942,0,0,0,P,0,9TL56,FOOTHILL BL,FLORALITA AV,36,E,N,A,-,N,NA,NA,NA,NA,NA,NA,NA,NA,NA,Y,2,0,1,2,A,-,05,21651,B,N,A,C,A,A,H,-,A,A,0,NA,NA,Y,NA,Y,NA,A,01,1,0,0,0,0,0,0,0,1,-,-,NA,NA,LOS ANGELES,LOS ANGELES,-118.31832112,34.25969771
7067789,2015,2015-09-28,1942,2015-09-13,1340,39217,1743,7,5,7,1942,0,0,0,Q,0,21TL62,RESEDA BL,CHATSWORTH ST,0,NA,Y,A,-,N,NA,NA,NA,NA,NA,NA,NA,NA,NA,Y,3,0,1,2,A,-,12,21453,A,N,D,C,A,A,H,-,A,A,0,NA,NA,NA,NA,Y,NA,-,-,0,1,0,0,0,0,0,0,0,-,-,NA,NA,LOS ANGELES,LOS ANGELES,-118.53611002,34.26454011