CASE_ID,ACCIDENT_YEAR,PROC_DATE,JURIS,COLLISION_DATE,COLLISION_TIME,OFFICER_ID,REPORTING_DISTRICT,DAY_OF_WEEK,CHP_SHIFT,POPULATION,CNTY_CITY_LOC,SPECIAL_COND,BEAT_TYPE,CHP_BEAT_TYPE,CITY_DIVISION_LAPD,CHP_BEAT_CLASS,BEAT_NUMBER,PRIMARY_RD,SECONDARY_RD,DISTANCE,DIRECTION,INTERSECTION,WEATHER_1,WEATHER_2,STATE_HWY_IND,CALTRANS_COUNTY,CALTRANS_DISTRICT,STATE_ROUTE,ROUTE_SUFFIX,POSTMILE_PREFIX,POSTMILE,LOCATION_TYPE,RAMP_INTERSECTION,SIDE_OF_HWY,TOW_AWAY,COLLISION_SEVERITY,NUMBER_KILLED,NUMBER_INJURED,PARTY_COUNT,PRIMARY_COLL_FACTOR,PCF_CODE_OF_VIOL,PCF_VIOL_CATEGORY,PCF_VIOLATION,PCF_VIOL_SUBSECTION,HIT_AND_RUN,TYPE_OF_COLLISION,MVIW,PED_ACTION,ROAD_SURFACE,ROAD_COND_1,ROAD_COND_2,LIGHTING,CONTROL_DEVICE,CHP_ROAD_TYPE,PEDESTRIAN_ACCIDENT,BICYCLE_ACCIDENT,MOTORCYCLE_ACCIDENT,TRUCK_ACCIDENT,NOT_PRIVATE_PROPERTY,ALCOHOL_INVOLVED,STWD_VEHTYPE_AT_FAULT,CHP_VEHTYPE_AT_FAULT,COUNT_SEVERE_INJ,COUNT_VISIBLE_INJ,COUNT_COMPLAINT_PAIN,COUNT_PED_KILLED,COUNT_PED_INJURED,COUNT_BICYCLIST_KILLED,COUNT_BICYCLIST_INJURED,COUNT_MC_KILLED,COUNT_MC_INJURED,PRIMARY_RAMP,SECONDARY_RAMP,LATITUDE,LONGITUDE,COUNTY,CITY,POINT_X,POINT_Y
7070063,2015,2015-09-21,1900,2015-08-30,0755,455303,1510,7,5,5,1954,0,0,0,NA,0,151T1,PARAMOUNT BL,WHITTIER BL,29.5,N,N,A,-,N,NA,NA,NA,NA,NA,NA,NA,NA,NA,Y,4,0,1,3,A,-,12,21453,A,N,D,C,A,A,H,-,A,A,0,NA,NA,NA,NA,Y,NA,D,22,0,0,1,0,0,0,0,0,0,-,-,NA,NA,LOS ANGELES,PICO RIVERA,-118.08865266,34.00344467
7070070,2015,2015-09-21,1942,2015-08-25,1000,32973,0499,2,5,7,1942,0,0,0,D,0,11TL32,OLYMPIC BL,CALZONA ST,0,NA,Y,B,-,N,NA,NA,NA,NA,NA,NA,NA,NA,NA,N,4,0,1,2,A,-,09,21801,A,N,D,C,A,A,H,-,A,D,0,NA,NA,NA,NA,Y,NA,D,22,0,0,1,0,0,0,0,0,0,-,-,NA,NA,LOS ANGELES,LOS ANGELES,-118.19672008,34.01884001
7070077,2015,2015-09-21,1973,2015-08-02,1233,645,1973,7,5,1,1973,0,0,0,NA,0,0A1,25TH ST,SANTA FE AV,0,NA,Y,A,-,N,NA,NA,NA,NA,NA,NA,NA,NA,NA,Y,3,0,3,2,A,-,12,21453,A,N,D,C,A,A,H,-,A,A,0,NA,NA,NA,NA,Y,NA,A,01,0,2,1,0,0,0,0,0,0,-,-,NA,NA,LOS ANGELES,VERNON,-118.23035008,34.01451004
7070084,2015,2015-09-19,1973,2015-08-20,2315,537,1973,4,5,1,1973,0,0,0,NA,0,003,LOMA VISTA AV,DISTRICT BL,0,NA,Y,A,-,N,NA,NA,NA,NA,NA,NA,NA,NA,NA,N,3,0,1,2,A,-,08,22107,NA,N,D,G,A,A,H,-,D,A,0,NA,Y,NA,NA,Y,NA,-,NA,0,1,0,0,0,0,1,0,0,-,-,NA,NA,LOS ANGELES,VERNON,-118.19740011,33.99968006
7070088,2015,2015-09-19,1973,2015-08-16,0835,623,1973,7,5,1,1973,0,0,0,NA,0,2L5,ATLANTIC BL,DISTRICT BL,0,NA,Y,A,-,N,NA,NA,NA,NA,NA,NA,NA,NA,NA,N,3,0,1,2,A,-,08,22107,NA,F,B,C,A,A,H,-,A,A,0,NA,NA,NA,NA,Y,NA,A,01,0,1,0,0,0,0,0,0,0,-,-,NA,NA,LOS ANGELES,VERNON,-118.18291005,33.9936801
7070091,2015,2015-09-19,1942,2015-08-22,1555,40325,1127,6,5,7,1942,0,0,0,K,0,13T22,YORK BL,AVE 57,0,NA,Y,A,-,N,NA,NA,NA,NA,NA,NA,NA,NA,NA,Y,3,0,1,2,A,-,09,21801,A,N,D,C,A,A,H,-,A,A,0,NA,NA,NA,NA,Y,NA,A,01,0,1,0,0,0,0,0,0,0,-,-,NA,NA,LOS ANGELES,LOS ANGELES,-118.19371007,34.11887006
7070092,2015,2015-09-19,1973,2015-08-13,1725,608,1973,4,5,1,1973,0,0,0,NA,0,AREA1,PACIFIC BL,FRUITLAND AV,0,NA,Y,A,-,N,NA,NA,NA,NA,NA,NA,NA,NA,NA,Y,3,0,1,3,-,-,-,NA,NA,N,D,C,A,A,H,-,A,A,0,NA,NA,NA,NA,Y,NA,-,-,0,1,0,0,0,0,0,0,0,-,-,NA,NA,LOS ANGELES,VERNON,-118.22527007,33.9963201
7070095,2015,2015-09-19,1942,2015-08-15,1140,39550,1113,6,5,7,1942,0,0,0,K,0,11A1,COLORADO BL,COLLEGE VIEW AV,0,NA,Y,A,-,N,NA,NA,NA,NA,NA,NA,NA,NA,NA,N,3,0,1,2,A,-,05,21650,NA,N,A,G,A,A,H,-,A,D,0,NA,Y,NA,NA,Y,NA,L,04,0,1,0,0,0,0,1,0,0,-,-,NA,NA,LOS ANGELES,LOS ANGELES,-118.22104006000001,34.14132003
7070099,2015,2015-09-19,1942,2015-08-30,2120,39876,1143,7,5,7,1942,0,0,0,K,0,4T43,HYPERION AV,ROWENA AV,0,NA,Y,A,-,N,NA,NA,NA,NA,NA,NA,NA,NA,NA,N,4,0,1,2,A,-,01,23152,A,N,C,C,A,A,H,-,C,A,0,NA,NA,NA,NA,Y,Y,A,01,0,0,1,0,0,0,0,0,0,-,-,NA,NA,LOS ANGELES,LOS ANGELES,-118.27133006,34.10922009
7070103,2015,2015-09-19,1942,2015-08-20,2215,39889,1124,4,5,7,1942,0,0,0,K,0,1T11,FLETCHER AV,SAN FERNANDO RD,0,NA,Y,A,-,N,NA,NA,NA,NA,NA,NA,NA,NA,NA,Y,4,0,1,2,A,-,09,21801,A,N,D,C,A,A,H,-,A,A,0,NA,NA,NA,NA,Y,NA,A,01,0,0,1,0,0,0,0,0,0,-,-,NA,NA,LOS ANGELES,LOS ANGELES,-118.2458701,34.11488005
7070107,2015,2015-09-19,1942,2015-08-20,2040,39586,1181,4,5,7,1942,0,0,0,K,0,1T11,MONTANA ST,GLENDALE BL,0,NA,Y,A,-,N,NA,NA,NA,NA,NA,NA,NA,NA,NA,N,4,0,1,2,A,-,08,22107,NA,N,D,C,A,A,H,-,C,A,0,NA,NA,NA,NA,Y,NA,A,07,0,0,1,0,0,0,0,0,0,-,-,NA,NA,LOS ANGELES,LOS ANGELES,-118.2602701,34.07984008
7070111,2015,2015-09-19,1942,2015-08-31,2035,39586,0201,1,5,7,1942,0,0,0,B,0,13T53,VERMONT AV,MELROSE AV,0,NA,Y,A,-,N,NA,NA,NA,NA,NA,NA,NA,NA,NA,Y,4,0,2,2,A,-,12,21453,A,N,D,C,A,A,H,-,C,A,0,NA,NA,NA,NA,Y,NA,A,01,0,0,2,0,0,0,0,0,0,-,-,NA,NA,LOS ANGELES,LOS ANGELES,-118.29171012,34.08358003
7070115,2015,2017-01-11,1942,2015-08-25,0935,31152,0171,2,5,7,1942,0,0,0,A,0,11TL25,JAMES M WOOD BL,GEORGIA ST,0,NA,Y,A,-,Y,LA,7,110,-,-,22.394,R,4,N,Y,3,0,1,2,A,-,08,22100,B,N,B,C,A,A,H,-,A,A,0,NA,NA,NA,NA,Y,NA,A,01,0,1,0,0,0,0,0,0,0,-,-,NA,NA,LOS ANGELES,LOS ANGELES,-118.26481682,34.04891701
7070119,2015,2015-09-19,1942,2015-08-29,1020,39761,0154,6,5,7,1942,0,0,0,A,0,11TL21,5TH ST,SPRING ST,0,NA,Y,A,-,N,NA,NA,NA,NA,NA,NA,NA,NA,NA,N,4,0,1,2,A,-,10,21950,A,N,G,B,B,A,H,-,A,A,0,Y,NA,NA,NA,Y,NA,A,01,0,0,1,0,1,0,0,0,0,-,-,NA,NA,LOS ANGELES,LOS ANGELES,-118.24963003,34.04739001
7070120,2015,2015-09-19,1942,2015-08-29,1500,36571,1822,6,5,7,1942,0,0,0,R,0,12T41,CENTURY BL,SPRING ST,0,NA,Y,A,-,N,NA,NA,NA,NA,NA,NA,NA,NA,NA,Y,3,0,6,3,A,-,03,22350,NA,N,A,C,A,A,H,-,A,A,0,NA,NA,NA,NA,Y,NA,A,07,0,2,4,0,0,0,0,0,0,-,-,NA,NA,LOS ANGELES,LOS ANGELES,-118.27622003,33.94556003
7070123,2015,2015-09-19,1942,2015-08-31,1612,36698,0157,1,5,7,1942,0,0,0,A,0,4TL4W5,SAN PEDRO ST,7TH ST,0,NA,Y,A,-,N,NA,NA,NA,NA,NA,NA,NA,NA,NA,Y,4,0,1,2,A,-,10,21950,A,N,G,B,B,A,H,-,A,A,0,Y,NA,NA,NA,Y,NA,A,01,0,0,1,0,1,0,0,0,0,-,-,NA,NA,LOS ANGELES,LOS ANGELES,-118.24678007,34.04070008
7070124,2015,2015-09-19,1942,2015-08-17,1555,40440,1881,1,5,7,1942,0,0,0,R,0,3T57,REDONDO BEACH BL,ORCHARD AV,0,NA,Y,A,-,N,NA,NA,NA,NA,NA,NA,NA,NA,NA,Y,3,0,1,2,A,-,09,21801,A,N,D,C,A,A,H,-,A,A,0,NA,NA,NA,NA,Y,NA,A,01,0,1,0,0,0,0,0,0,0,-,-,NA,NA,LOS ANGELES,LOS ANGELES,-118.28833006,33.89258002
7070127,2015,2015-09-19,1942,2015-08-28,2110,41966,0152,5,5,7,1942,0,0,0,A,0,1H35,5TH ST,FIGUEROA AV,0,NA,Y,A,-,N,NA,NA,NA,NA,NA,NA,NA,NA,NA,N,3,0,1,2,A,-,05,21650,1,N,B,G,A,A,H,-,C,A,0,NA,Y,NA,NA,Y,NA,L,04,0,1,0,0,0,0,1,0,0,-,-,NA,NA,LOS ANGELES,LOS ANGELES,-118.25712004,34.05228002
7070128,2015,2016-07-19,1913,2015-08-07,1252,3886,04,5,5,4,1913,0,0,0,NA,0,001,INDIAN HILL BL,SAN JOSE AV,0,NA,Y,A,-,N,NA,NA,NA,NA,NA,NA,NA,NA,NA,N,4,0,1,2,A,-,10,21950,A,N,G,B,B,A,H,-,A,A,0,Y,NA,NA,NA,Y,NA,A,08,0,0,1,0,1,0,0,0,0,-,-,NA,NA,LOS ANGELES,CLAREMONT,-117.7193601,34.08321009
7070131,2015,2015-09-19,1942,2015-08-08,1740,34426,1343,6,5,7,1942,0,0,0,M,0,2TL28,AVALON BL,37TH ST,0,NA,Y,A,-,N,NA,NA,NA,NA,NA,NA,NA,NA,NA,N,4,0,1,2,A,-,08,22107,NA,F,D,G,A,A,H,-,A,D,0,NA,Y,NA,NA,Y,Y,-,99,0,0,1,0,0,0,1,0,0,-,-,NA,NA,LOS ANGELES,LOS ANGELES,-118.26526007,34.01281003
7070132,2015,2015-09-19,1913,2015-08-29,0225,3845,09,6,5,4,1913,0,0,0,NA,0,001,INDIAN HILL BL,1ST ST,0,NA,Y,A,-,N,NA,NA,NA,NA,NA,NA,NA,NA,NA,Y,4,0,4,2,A,-,09,21801,A,N,A,C,A,A,H,-,C,A,0,NA,NA,NA,NA,Y,NA,A,01,0,0,4,0,0,0,0,0,0,-,-,NA,NA,LOS ANGELES,CLAREMONT,-117.71931007,34.09467011
7070135,2015,2015-09-19,1942,2015-08-15,0805,40008,1351,6,5,7,1942,0,0,0,M,0,13TL55,S BROADWAY,E 41ST PL,0,NA,Y,A,-,N,NA,NA,NA,NA,NA,NA,NA,NA,NA,N,4,0,4,2,A,-,03,22350,NA,N,C,C,A,A,H,-,A,-,0,NA,NA,NA,NA,Y,NA,A,07,0,0,4,0,0,0,0,0,0,-,-,NA,NA,LOS ANGELES,LOS ANGELES,-118.27837013,34.00826009
7070136,2015,2015-09-19,1942,2015-08-29,0950,38124,0408,6,5,7,1942,0,0,0,D,0,2TL15,HUNTINGTON DR,ROSEMEAD AV,0,NA,Y,A,-,N,NA,NA,NA,NA,NA,NA,NA,NA,NA,N,3,0,4,2,A,-,09,21801,A,N,D,C,A,A,H,-,A,-,0,NA,NA,NA,NA,Y,NA,A,07,0,1,3,0,0,0,0,0,0,-,-,NA,NA,LOS ANGELES,LOS ANGELES,-118.17597009,34.08722005
7070139,2015,2015-09-19,1942,2015-08-16,2145,41019,1309,7,5,7,1942,0,0,0,M,0,11TL21,SANTA FE AV,HUNTER ST,0,NA,Y,A,-,N,NA,NA,NA,NA,NA,NA,NA,NA,NA,Y,3,0,2,2,A,-,09,21804,A,N,D,C,A,A,H,-,C,D,0,NA,NA,NA,NA,Y,NA,A,01,0,1,1,0,0,0,0,0,0,-,-,NA,NA,LOS ANGELES,LOS ANGELES,-118.22993011,34.02762004
7070140,2015,2015-09-19,1942,2015-08-30,1400,36698,0402,7,5,7,1942,0,0,0,D,0,4TL4W5,GRIFFIN AV,AVENUE 39,775,S,N,A,-,N,NA,NA,NA,NA,NA,NA,NA,NA,NA,Y,3,0,2,5,A,-,01,23152,A,N,B,E,A,A,H,-,A,D,0,NA,NA,NA,NA,Y,Y,A,07,0,2,0,0,0,0,0,0,0,-,-,NA,NA,LOS ANGELES,LOS ANGELES,-118.20822818,34.08716091
7070143,2015,2015-09-19,1942,2015-08-23,1645,40325,1353,7,5,7,1942,0,0,0,M,0,1TL24,VERNON AV,CENTRAL AV,0,NA,Y,A,-,N,NA,NA,NA,NA,NA,NA,NA,NA,NA,Y,4,0,1,2,A,-,09,21801,A,N,D,A,A,A,H,-,A,A,0,NA,NA,NA,NA,Y,NA,A,01,0,0,1,0,0,0,0,0,0,-,-,NA,NA,LOS ANGELES,LOS ANGELES,-118.25649004,34.00393001
7070144,2015,2015-09-19,1942,2015-08-24,1305,30715,0477,1,5,7,1942,0,0,0,D,0,4A97,SOTO ST,7TH ST,0,NA,Y,A,-,N,NA,NA,NA,NA,NA,NA,NA,NA,NA,Y,4,0,2,2,A,-,09,21801,A,N,A,C,A,A,H,-,A,A,0,NA,NA,NA,NA,Y,NA,A,01,0,0,2,0,0,0,0,0,0,-,-,NA,NA,LOS ANGELES,LOS ANGELES,-118.21698007,34.03230006
7070147,2015,2015-09-19,1942,2015-08-17,1840,41019,1367,1,5,7,1942,0,0,0,M,0,2T15,COMPTON AV,48TH ST,0,NA,Y,A,-,N,NA,NA,NA,NA,NA,NA,NA,NA,NA,Y,4,0,1,2,A,-,09,21801,A,N,D,C,A,A,H,-,A,D,0,NA,NA,NA,NA,Y,NA,A,08,0,0,1,0,0,0,0,0,0,-,-,NA,NA,LOS ANGELES,LOS ANGELES,-118.24779008,34.00020008
7070148,2015,2015-09-19,1942,2015-08-24,1105,40008,0212,1,5,7,1942,0,0,0,B,0,13TL55,N VERMONT AV,E MELROSE AV,0,NA,Y,A,-,N,NA,NA,NA,NA,NA,NA,NA,NA,NA,N,4,0,2,2,A,-,09,21801,A,N,D,C,A,A,H,-,A,A,0,NA,NA,NA,NA,Y,NA,A,07,0,0,2,0,0,0,0,0,0,-,-,NA,NA,LOS ANGELES,LOS ANGELES,-118.29171012,34.08358003
7070151,2015,2015-09-19,1942,2015-08-18,0700,31324,1341,2,5,7,1942,0,0,0,M,0,11TL32,JEFFERSON BL,HOPE ST,0,NA,Y,B,-,N,NA,NA,NA,NA,NA,NA,NA,NA,NA,N,3,0,1,2,A,-,12,21453,A,N,D,G,A,A,H,-,A,A,0,NA,Y,NA,NA,Y,NA,-,-,0,1,0,0,0,0,1,0,0,-,-,NA,NA,LOS ANGELES,LOS ANGELES,-118.27765007000001,34.02091006
7070152,2015,2015-09-19,1942,2015-08-18,1800,41979,235,2,5,7,1942,0,0,0,NA,0,2A75,2ND ST,CORONADO,0,NA,Y,A,-,N,NA,NA,NA,NA,NA,NA,NA,NA,NA,Y,4,0,2,2,A,-,06,21750,NA,N,B,C,A,A,H,-,A,-,0,NA,NA,NA,NA,Y,NA,A,01,0,0,2,0,0,0,0,0,0,-,-,NA,NA,LOS ANGELES,LOS ANGELES,-118.27658006,34.06798004
7070155,2015,2015-09-19,1942,2015-08-18,1820,40325,0497,2,5,7,1942,0,0,0,D,0,13TL22,EVERGREEN AV,11TH ST,0,NA,Y,A,-,N,NA,NA,NA,NA,NA,NA,NA,NA,NA,Y,4,0,2,2,A,-,09,21802,A,N,D,C,A,A,H,-,A,A,0,NA,NA,NA,NA,Y,NA,A,01,0,0,2,0,0,0,0,0,0,-,-,NA,NA,LOS ANGELES,LOS ANGELES,-118.21455004,34.020980110000004
7070156,2015,2015-09-19,1942,2015-08-20,1610,40643,1107,4,5,7,1942,0,0,0,K,0,11TL32,N AVE 57,FALLSTON ST,0,NA,Y,A,-,N,NA,NA,NA,NA,NA,NA,NA,NA,NA,N,2,0,1,2,A,-,03,22350,NA,N,D,G,A,A,H,-,A,D,0,NA,Y,NA,NA,Y,NA,L,04,1,0,0,0,0,0,1,0,0,-,-,NA,NA,LOS ANGELES,LOS ANGELES,-118.19343005,34.12379005
7070164,2015,2016-07-20,1942,2015-08-28,1020,08906,1494,5,5,7,1942,0,0,0,N,0,5M37,IMPERIAL HWY,IMPERIAL,7,S,N,A,-,N,NA,NA,NA,NA,NA,NA,NA,NA,NA,Y,4,0,1,2,A,-,03,22350,NA,N,B,C,A,A,H,-,A,D,0,NA,NA,Y,Y,Y,NA,C,02,0,0,1,0,0,0,0,0,1,-,-,NA,NA,LOS ANGELES,LOS ANGELES,-118.23159791,34.03818088
7070176,2015,2015-09-19,1942,2015-08-29,1440,36083,1443,6,5,7,1942,0,0,0,N,0,6T2,WALGROVE AV,VENICE BL,228,S,N,A,-,N,NA,NA,NA,NA,NA,NA,NA,NA,NA,Y,3,0,1,3,A,-,01,23152,A,N,B,E,A,A,H,-,A,D,0,NA,NA,NA,NA,Y,Y,A,01,0,1,0,0,0,0,0,0,0,-,-,NA,NA,LOS ANGELES,LOS ANGELES,-118.44603219,33.99677959
7070184,2015,2015-11-12,1942,2015-08-27,1800,39623,0676,4,5,7,1942,0,0,0,F,0,6A48-W,VINE ST,MELROSE,0,NA,Y,A,-,N,NA,NA,NA,NA,NA,NA,NA,NA,NA,N,4,0,1,3,A,-,03,22350,NA,F,C,C,A,A,H,-,A,D,0,NA,NA,NA,NA,Y,NA,-,99,0,0,1,0,0,0,0,0,0,-,-,NA,NA,LOS ANGELES,LOS ANGELES,-118.32661003,34.08350005
7070188,2015,2015-09-21,1942,2015-08-28,1625,37966,0643,5,5,7,1942,0,0,0,F,0,6TL2,HOLLYWOOD BL,LA BREA AV,60,E,N,A,-,N,NA,NA,NA,NA,NA,NA,NA,NA,NA,N,4,0,1,2,A,-,03,22350,NA,N,C,C,A,A,H,-,A,D,0,NA,NA,NA,Y,Y,NA,F,27,0,0,1,0,0,0,0,0,0,-,-,NA,NA,LOS ANGELES,LOS ANGELES,-118.34502482,34.10157321
7070189,2015,2015-09-24,1900,2015-08-15,2230,438154,1418,6,5,1,1932,0,0,0,NA,0,141T1,AZUSA AV,RAILROAD ST,460,S,N,A,-,N,NA,NA,NA,NA,NA,NA,NA,NA,NA,Y,4,0,2,3,A,-,07,21658,A,N,E,I,A,A,H,-,C,D,0,NA,NA,NA,NA,Y,NA,D,22,0,0,2,0,0,0,0,0,0,-,-,NA,NA,LOS ANGELES,INDUSTRY,-117.93054594,34.0026356
7070196,2015,2015-09-19,1942,2015-09-15,0300,41053,1347,2,5,7,1942,0,0,0,M,0,13A63W,VERNON,HONDURAS,21,W,N,A,-,N,NA,NA,NA,NA,NA,NA,NA,NA,NA,Y,3,0,1,3,A,-,03,22350,NA,M,B,E,A,A,-,-,C,A,0,NA,NA,NA,NA,Y,NA,A,07,0,1,0,0,0,0,0,0,0,-,-,NA,NA,LOS ANGELES,LOS ANGELES,-118.24417913,34.00392121
7070223,2015,2016-07-26,1942,2015-08-28,0810,26103,626,5,5,7,1942,0,0,0,NA,0,3L90,CAHUENGA BL,RT 101,10560,N,N,A,-,N,NA,NA,NA,NA,NA,NA,NA,NA,NA,NA,4,0,1,2,A,-,07,21658,A,N,C,C,A,A,H,-,A,-,0,NA,NA,NA,NA,Y,NA,-,99,0,0,1,0,0,0,0,0,0,-,-,NA,NA,LOS ANGELES,LOS ANGELES,-118.34677,34.12904
7070228,2015,2015-09-24,1942,2015-09-04,2015,41019,0265,5,5,7,1942,0,0,0,B,0,13T53,ALVARADO ST,7TH ST,210,S,N,A,-,N,NA,NA,NA,NA,NA,NA,NA,NA,NA,N,2,0,1,2,A,-,07,21658,A,N,D,G,A,A,H,-,C,D,0,NA,Y,NA,NA,Y,NA,L,04,1,0,0,0,0,0,1,0,0,-,-,NA,NA,LOS ANGELES,LOS ANGELES,-118.277155,34.055958
7070240,2015,2015-09-21,1942,2015-08-28,1955,41657,185,5,5,7,1942,0,0,0,R,0,1A85,BROADWAY,12TH ST,0,NA,Y,A,-,N,NA,NA,NA,NA,NA,NA,NA,NA,NA,Y,3,0,1,3,A,-,17,21657,NA,F,D,C,A,A,H,-,C,A,0,NA,NA,NA,NA,Y,NA,D,22,0,1,0,0,0,0,0,0,0,-,-,NA,NA,LOS ANGELES,LOS ANGELES,-118.26028,34.03815
7070323,2015,2015-10-09,1942,2015-09-03,2010,36814,0195,4,5,7,1942,0,0,0,A,0,1T11,HILL ST,VENICE BL,0,NA,Y,A,-,N,NA,NA,NA,NA,NA,NA,NA,NA,NA,N,4,0,1,2,A,-,09,21804,A,N,A,G,A,A,H,-,C,-,0,NA,Y,NA,NA,Y,Y,L,04,0,0,1,0,0,0,1,0,0,-,-,NA,NA,LOS ANGELES,LOS ANGELES,-118.26456004,34.03472011
7070331,2015,2015-09-24,1942,2015-09-07,2150,41056,1242,1,5,7,1942,0,0,0,L,0,3T5,65TH PL,VAN NESS AV,0,NA,Y,A,-,N,NA,NA,NA,NA,NA,NA,NA,NA,NA,Y,3,0,1,4,A,-,12,22450,A,F,D,C,A,A,H,-,C,A,0,NA,NA,NA,NA,Y,NA,A,07,0,1,0,0,0,0,0,0,0,-,-,NA,NA,LOS ANGELES,LOS ANGELES,-118.31772001,33.98000005
7070339,2015,2015-09-24,1942,2015-09-05,2010,41056,1273,6,5,7,1942,0,0,0,L,0,3TL5,WESTERN AV,88TH ST,10,S,N,A,-,N,NA,NA,NA,NA,NA,NA,NA,NA,NA,N,3,0,1,2,A,-,10,21950,A,N,G,B,B,A,H,-,C,-,0,Y,NA,NA,NA,Y,NA,A,07,0,1,0,0,1,0,0,0,0,-,-,NA,NA,LOS ANGELES,LOS ANGELES,-118.309013,33.95814
7070340,2015,2015-10-21,1953,2015-09-01,1313,9296,NA,2,5,6,1953,0,0,0,NA,0,NA,FOOTHILL BL,BELLA VISTA,50,W,N,A,-,N,NA,NA,NA,NA,NA,NA,NA,NA,NA,Y,4,0,2,2,A,-,09,21804,A,N,D,C,A,A,H,-,A,D,0,NA,NA,NA,NA,Y,NA,-,NA,0,0,2,0,0,0,0,0,0,-,-,NA,NA,LOS ANGELES,PASADENA,-118.09678489,34.1498383
7070343,2015,2015-10-14,1942,2015-09-04,1945,35936,1268,5,5,7,1942,0,0,0,L,0,12T41,MAIN ST,MANCHESTER AV,14,N,N,A,-,N,NA,NA,NA,NA,NA,NA,NA,NA,NA,N,3,0,2,3,A,-,12,21453,A,N,G,B,B,A,H,-,C,A,0,Y,NA,NA,NA,Y,NA,A,01,0,1,1,0,1,0,0,0,0,-,-,NA,NA,LOS ANGELES,LOS ANGELES,-118.27388,33.9601284
7070355,2015,2015-09-24,1942,2015-09-01,1205,38444,1204,2,5,7,1942,0,0,0,L,0,3TL5,47TH ST,BUDLONG AV,10,E,N,A,-,N,NA,NA,NA,NA,NA,NA,NA,NA,NA,N,3,0,1,2,A,-,06,21750,NA,N,D,C,A,A,H,-,A,D,0,NA,NA,Y,NA,Y,NA,O,05,0,1,0,0,0,0,0,0,1,-,-,NA,NA,LOS ANGELES,LOS ANGELES,-118.29634707,34.00061
7070363,2015,2015-10-05,1942,2015-09-01,0805,31288,1231,2,5,7,1942,0,0,0,L,0,18T23,SLAUSON AV,VERDUN AV,0,NA,Y,A,-,N,NA,NA,NA,NA,NA,NA,NA,NA,NA,Y,3,0,8,2,A,-,09,21802,A,N,D,C,A,A,H,-,A,D,0,NA,NA,NA,NA,Y,NA,A,07,0,2,6,0,0,0,0,0,0,-,-,NA,NA,LOS ANGELES,LOS ANGELES,-118.3461401,33.98893011
7070367,2015,2015-09-24,1942,2015-09-05,0910,27259,1205,6,5,7,1942,0,0,0,L,0,12T41,NORMANDIE AV,50TH ST,100,S,N,A,-,N,NA,NA,NA,NA,NA,NA,NA,NA,NA,N,4,0,1,2,A,-,21,22106,NA,N,B,C,A,A,H,-,A,A,0,NA,NA,NA,NA,Y,NA,A,01,0,0,1,0,0,0,0,0,0,-,-,NA,NA,LOS ANGELES,LOS ANGELES,-118.30017,33.99795574
7070375,2015,2015-09-24,1942,2015-09-05,1450,39317,1822,6,5,7,1942,0,0,0,R,0,12T73,102ND ST,GRAND AV,30,W,N,A,-,N,NA,NA,NA,NA,NA,NA,NA,NA,NA,N,3,0,1,2,A,-,11,21954,A,F,D,B,D,A,H,-,A,D,0,Y,NA,NA,NA,Y,NA,N,60,0,1,0,0,1,0,0,0,0,-,-,NA,NA,LOS ANGELES,LOS ANGELES,-118.2806687,33.94372859
7070403,2015,2016-07-19,1913,2015-08-22,1715,3612,70,6,5,4,1913,0,0,0,NA,0,004,FERGUS FALLS,MOUNT BALDY RD,12,N,N,A,-,N,NA,NA,NA,NA,NA,NA,NA,NA,NA,Y,2,0,2,2,A,-,09,21804,A,N,D,C,A,A,H,-,A,D,0,NA,NA,Y,NA,Y,Y,A,01,2,0,0,0,0,0,0,0,2,-,-,NA,NA,LOS ANGELES,CLAREMONT,-117.6868739,34.15329695
7070407,2015,2016-07-20,1913,2015-08-05,0856,3830,73,3,5,4,1913,0,0,0,NA,0,004,BASELINE RD,RT 210,263,W,N,A,-,N,NA,NA,NA,NA,NA,NA,NA,NA,NA,Y,3,0,1,2,A,-,03,22350,NA,N,C,C,A,A,H,-,A,D,0,NA,NA,NA,NA,Y,NA,A,01,0,1,0,0,0,0,0,0,0,-,WF,NA,NA,LOS ANGELES,CLAREMONT,-117.69763658,34.1216
7070411,2015,2015-09-21,1942,2015-08-22,1015,31814,1801,6,5,7,1942,0,0,0,R,0,12TL41,90TH ST,BARING CROSS RD,12,N,N,A,-,N,NA,NA,NA,NA,NA,NA,NA,NA,NA,Y,4,0,1,1,A,-,03,22350,A,N,E,I,A,A,H,-,A,D,0,NA,NA,NA,NA,Y,NA,A,01,0,0,1,0,0,0,0,0,0,-,-,NA,NA,LOS ANGELES,LOS ANGELES,-118.28934,33.95505
7070417,2015,2015-09-18,1900,2015-08-28,1300,290645,1416,5,5,1,1932,0,0,0,NA,0,141T3,ALBATROSS RD,ALMAHURST RD,0,NA,Y,A,-,N,NA,NA,NA,NA,NA,NA,NA,NA,NA,Y,4,0,1,2,A,-,09,21802,A,N,D,C,A,A,H,-,A,A,0,NA,NA,NA,NA,Y,NA,A,01,0,0,1,0,0,0,0,0,0,-,-,NA,NA,LOS ANGELES,INDUSTRY,-117.92411012,33.99199011
7070420,2015,2015-09-21,1944,2015-08-30,2055,329,SOUTH,7,5,4,1944,0,0,0,NA,0,001,MANHATTAN BEACH BL,REDONDO AV,22,W,N,A,-,N,NA,NA,NA,NA,NA,NA,NA,NA,NA,Y,4,0,1,1,A,-,01,23152,A,N,E,I,A,A,G,-,C,A,0,NA,NA,NA,NA,Y,Y,A,01,0,0,1,0,0,0,0,0,0,-,-,NA,NA,LOS ANGELES,MANHATTAN BEACH,-118.38314234,33.88728125