CASE_ID,ACCIDENT_YEAR,PROC_DATE,JURIS,COLLISION_DATE,COLLISION_TIME,OFFICER_ID,REPORTING_DISTRICT,DAY_OF_WEEK,CHP_SHIFT,POPULATION,CNTY_CITY_LOC,SPECIAL_COND,BEAT_TYPE,CHP_BEAT_TYPE,CITY_DIVISION_LAPD,CHP_BEAT_CLASS,BEAT_NUMBER,PRIMARY_RD,SECONDARY_RD,DISTANCE,DIRECTION,INTERSECTION,WEATHER_1,WEATHER_2,STATE_HWY_IND,CALTRANS_COUNTY,CALTRANS_DISTRICT,STATE_ROUTE,ROUTE_SUFFIX,POSTMILE_PREFIX,POSTMILE,LOCATION_TYPE,RAMP_INTERSECTION,SIDE_OF_HWY,TOW_AWAY,COLLISION_SEVERITY,NUMBER_KILLED,NUMBER_INJURED,PARTY_COUNT,PRIMARY_COLL_FACTOR,PCF_CODE_OF_VIOL,PCF_VIOL_CATEGORY,PCF_VIOLATION,PCF_VIOL_SUBSECTION,HIT_AND_RUN,TYPE_OF_COLLISION,MVIW,PED_ACTION,ROAD_SURFACE,ROAD_COND_1,ROAD_COND_2,LIGHTING,CONTROL_DEVICE,CHP_ROAD_TYPE,PEDESTRIAN_ACCIDENT,BICYCLE_ACCIDENT,MOTORCYCLE_ACCIDENT,TRUCK_ACCIDENT,NOT_PRIVATE_PROPERTY,ALCOHOL_INVOLVED,STWD_VEHTYPE_AT_FAULT,CHP_VEHTYPE_AT_FAULT,COUNT_SEVERE_INJ,COUNT_VISIBLE_INJ,COUNT_COMPLAINT_PAIN,COUNT_PED_KILLED,COUNT_PED_INJURED,COUNT_BICYCLIST_KILLED,COUNT_BICYCLIST_INJURED,COUNT_MC_KILLED,COUNT_MC_INJURED,PRIMARY_RAMP,SECONDARY_RAMP,LATITUDE,LONGITUDE,COUNTY,CITY,POINT_X,POINT_Y
7072225,2015,2017-01-10,9545,2015-08-17,0900,15351,NA,1,1,9,1900,0,1,3,NA,2,011,RT 14,AVENUE A,1584,S,N,A,-,Y,LA,7,14,-,R,76.71,H,-,N,Y,3,0,1,2,A,-,03,22350,NA,N,C,C,A,A,H,-,A,D,1,NA,NA,NA,NA,Y,NA,A,01,0,1,0,0,0,0,0,0,0,-,-,34.81365,-118.17054,LOS ANGELES,UNINCORPORATED,-118.17038798,34.81617235
7072229,2015,2017-01-10,9545,2015-08-10,0515,12653,NA,1,3,9,1900,0,1,3,NA,2,031,RT 14,SIERRA HWY,528,N,N,A,-,Y,LA,7,14,-,R,53.13,H,-,N,Y,3,0,1,3,A,-,01,23152,A,M,C,C,A,A,H,-,D,D,1,NA,NA,NA,NA,Y,Y,A,01,0,1,0,0,0,0,0,0,0,-,-,34.49395,-118.12589,LOS ANGELES,UNINCORPORATED,-118.12591577,34.49405735
7072230,2015,2015-09-17,9545,2015-08-07,1737,19414,NA,5,2,9,1900,0,3,5,NA,2,004,AVENUE T,87TH ST EAST,40,E,N,A,-,N,NA,NA,NA,NA,NA,NA,NA,NA,NA,Y,4,0,1,2,A,-,03,22350,NA,N,C,C,A,A,H,-,A,A,0,NA,NA,NA,Y,Y,NA,D,22,0,0,1,0,0,0,0,0,0,-,-,34.54294,-117.97463,LOS ANGELES,UNINCORPORATED,-117.97469747,34.54291
7072233,2015,2017-01-12,9545,2015-07-15,0745,15351,NA,3,1,9,1900,0,3,5,NA,2,004,RT 138,87TH ST EAST,296,W,N,A,-,Y,LA,7,138,-,-,55.15,H,-,W,Y,4,0,1,2,A,-,03,22350,NA,N,C,C,A,A,H,-,A,D,0,NA,NA,NA,NA,Y,NA,D,22,0,0,1,0,0,0,0,0,0,-,-,34.52112,-117.97608,LOS ANGELES,UNINCORPORATED,-117.97593718,34.52112792
7072234,2015,2015-09-17,9545,2015-08-13,0855,15351,NA,4,1,9,1900,0,3,5,NA,2,002,AVENUE S,GUYON AV,35,W,N,A,-,N,NA,NA,NA,NA,NA,NA,NA,NA,NA,Y,3,0,3,2,A,-,03,22350,NA,N,C,C,A,A,H,-,A,D,0,NA,NA,NA,Y,Y,NA,A,01,0,3,0,0,0,0,0,0,0,-,-,34.55793,-118.13591,LOS ANGELES,UNINCORPORATED,-118.13582599,34.55792138
7072241,2015,2015-09-17,1942,2015-08-24,1630,41210,0763,1,5,7,1942,0,0,0,G,0,7T38,PICO BL,S CURSON AV,0,NA,Y,A,-,N,NA,NA,NA,NA,NA,NA,NA,NA,NA,Y,3,0,1,2,A,-,09,21801,A,N,A,C,A,A,H,-,A,A,0,NA,NA,NA,NA,Y,NA,A,01,0,1,0,0,0,0,0,0,0,-,-,NA,NA,LOS ANGELES,LOS ANGELES,-118.36001006,34.04982008
7072242,2015,2015-09-16,1942,2015-09-08,1030,36755,1583,2,5,7,1942,0,0,0,O,0,16TL23,VENTURA BL,CARPENTER,210,W,N,A,-,N,NA,NA,NA,NA,NA,NA,NA,NA,NA,Y,4,0,1,2,A,-,07,21658,A,N,B,C,A,A,H,-,A,D,0,NA,NA,NA,Y,Y,NA,A,01,0,0,1,0,0,0,0,0,0,-,-,NA,NA,LOS ANGELES,LOS ANGELES,-118.39139137,34.14295591
7072245,2015,2015-09-16,1942,2015-09-03,1505,38354,0906,4,5,7,1942,0,0,0,I,0,16TL28,SATICOY ST,REMMET AV,159,E,N,A,-,N,NA,NA,NA,NA,NA,NA,NA,NA,NA,Y,3,0,4,2,A,-,03,22350,NA,N,C,C,A,A,H,-,A,D,0,NA,NA,NA,NA,Y,NA,A,01,0,1,3,0,0,0,0,0,0,-,-,NA,NA,LOS ANGELES,LOS ANGELES,-118.59978499,34.20832
7072249,2015,2017-01-04,1900,2015-08-06,1832,547282,1335,4,5,5,1908,0,0,0,NA,0,133T1,RT 19,ARTESIA BL,400,N,N,A,-,Y,LA,7,19,-,-,6.01,H,-,S,N,4,0,7,2,A,-,07,21658,A,N,D,C,A,A,H,-,A,-,0,NA,NA,NA,NA,Y,NA,I,11,0,0,7,0,0,0,0,0,0,-,-,NA,NA,LOS ANGELES,BELLFLOWER,-118.14269845,33.87652562
7072257,2015,2015-09-22,1918,2015-07-23,1810,1118,080,4,5,4,1918,0,0,0,NA,0,2TL25,OVERLAND AV,WASHINGTON BL,0,NA,Y,A,-,N,NA,NA,NA,NA,NA,NA,NA,NA,NA,N,4,0,1,2,A,-,11,21950,B,N,G,B,B,A,H,-,A,A,0,Y,NA,NA,NA,Y,NA,N,60,0,0,1,0,1,0,0,0,0,-,-,34.01695,-118.40526,LOS ANGELES,CULVER CITY,-118.40549002,34.01684002
7072263,2015,2016-12-21,9530,2015-08-10,0520,20938,NA,1,3,5,1977,0,1,1,NA,2,410,RT 405,MAIN ST,53,S,N,A,-,Y,LA,7,405,-,-,12.51,H,-,N,Y,2,0,3,4,A,-,01,23152,A,N,B,C,A,A,H,-,C,A,1,NA,NA,NA,Y,Y,Y,A,07,1,1,1,0,0,0,0,0,0,-,-,33.5174,-118.1642,LOS ANGELES,CARSON,-118.27908358,33.85250137
7072286,2015,2015-09-25,1942,2015-07-10,0917,20169,NA,5,5,7,1942,0,0,0,NA,0,NA,SAN PEDRO ST,16TH ST,0,NA,Y,A,-,N,NA,NA,NA,NA,NA,NA,NA,NA,NA,Y,4,0,1,2,A,-,12,21453,A,N,D,C,A,A,H,-,A,A,0,NA,NA,NA,NA,Y,Y,A,01,0,0,1,0,0,0,0,0,0,-,-,34.02985,-118.25612,LOS ANGELES,LOS ANGELES,-118.25595005,34.02987009
7072296,2015,2017-01-23,9575,2015-09-01,1605,17852,NA,2,2,5,1902,0,1,1,NA,2,065,RT 210,BALDWIN AV,900,E,N,A,-,Y,LA,7,210,-,R,31.05,H,-,E,Y,4,0,1,2,A,-,03,22350,NA,N,C,C,A,A,H,-,A,D,1,NA,NA,NA,Y,Y,NA,F,25,0,0,1,0,0,0,0,0,0,-,-,34.14903,-118.04292,LOS ANGELES,ARCADIA,-118.04636982,34.14870393
7072308,2015,2017-01-13,9575,2015-09-07,1325,19538,NA,1,1,7,1942,0,1,3,NA,2,043,RT 134,LA RIVER,400,E,N,A,-,Y,LA,7,134,-,R,5.86,H,-,W,Y,4,0,1,2,A,-,07,21658,A,N,B,C,A,A,H,-,A,D,1,NA,NA,NA,NA,Y,NA,A,01,0,0,1,0,0,0,0,0,0,-,-,34.15352,-118.27751,LOS ANGELES,LOS ANGELES,-118.27657615,34.15366346
7072323,2015,2015-10-06,1900,2015-09-15,1900,536813,0617,2,5,6,1985,0,0,0,NA,0,63T1,SIERRA HWY,WHISPERING LEAVES DR,0,NA,Y,A,-,N,NA,NA,NA,NA,NA,NA,NA,NA,NA,N,4,0,1,2,B,-,22,NA,NA,N,D,C,A,A,H,-,C,A,0,NA,NA,NA,NA,Y,NA,J,43,0,0,1,0,0,0,0,0,0,-,-,NA,NA,LOS ANGELES,SANTA CLARITA,-118.46941005,34.40263007
7072324,2015,2015-10-05,1942,2015-08-28,0753,41965,1445,5,5,7,1942,0,0,0,N,0,14A73,CENTINELLA BL,WASHINGTON BL,50,N,N,A,-,N,NA,NA,NA,NA,NA,NA,NA,NA,NA,Y,3,0,1,2,A,-,03,22350,NA,N,C,C,A,A,H,-,A,A,0,NA,NA,NA,Y,Y,NA,A,01,0,1,0,0,0,0,0,0,0,-,-,NA,NA,LOS ANGELES,LOS ANGELES,-118.43040386,33.99953803
7072325,2015,2015-09-29,1942,2015-08-23,2145,41019,0195,7,5,7,1942,0,0,0,A,0,4T43,MAIN ST,16TH ST,0,NA,Y,A,-,N,NA,NA,NA,NA,NA,NA,NA,NA,NA,Y,3,0,4,2,A,-,03,22350,NA,N,D,C,A,A,H,-,C,A,0,NA,NA,NA,NA,Y,NA,-,-,0,1,3,0,0,0,0,0,0,-,-,NA,NA,LOS ANGELES,LOS ANGELES,-118.26256002,34.03360004
7072352,2015,2016-12-21,9530,2015-08-25,2120,20307,NA,2,2,2,1967,0,1,1,NA,2,420,RT 405,ORANGE AV,500,N,N,A,-,Y,LA,7,405,-,-,5.48,H,-,S,Y,4,0,1,2,A,-,08,22107,NA,N,B,C,A,A,H,-,C,D,1,NA,NA,NA,Y,Y,NA,A,01,0,0,1,0,0,0,0,0,0,-,-,33.81411,-118.17751,LOS ANGELES,SIGNAL HILL,-118.17795551,33.81421206
7072356,2015,2017-01-17,9540,2015-08-24,0519,19900,NA,1,3,6,1985,0,1,1,NA,2,510,RT 5,FISHER CANYON,658,N,N,A,-,Y,LA,7,5,-,R,8.12,H,-,N,Y,4,0,1,1,A,-,08,22107,NA,N,E,I,A,A,H,-,A,D,3,NA,NA,NA,Y,Y,NA,F,26,0,0,1,0,0,0,0,0,0,-,-,34.59127,-118.71157,LOS ANGELES,SANTA CLARITA,-118.10926503,33.95616257
7072359,2015,2017-01-11,9530,2015-07-12,0330,20793,NA,7,3,9,1900,0,1,1,NA,2,120,RT 110,223RD ST,1193,N,N,A,-,Y,LA,7,110,-,-,6.75,H,-,N,Y,2,0,6,13,A,-,03,22350,NA,N,C,C,E,A,H,-,D,D,1,Y,NA,Y,NA,Y,NA,-,99,2,1,3,0,1,0,0,0,1,-,-,33.82482,-118.28726,LOS ANGELES,UNINCORPORATED,-118.28725818,33.82781983
7072360,2015,2017-01-26,9535,2015-08-17,1503,20033,NA,1,2,5,1943,0,1,1,NA,2,074,RT 710,RT 105,2500,N,N,A,-,Y,LA,7,710,-,R,16.19,H,-,N,Y,4,0,2,3,A,-,03,22350,NA,N,C,C,A,A,H,-,A,D,1,NA,NA,NA,Y,Y,NA,G,25,0,0,2,0,0,0,0,0,0,-,-,33.92161,-118.17796,LOS ANGELES,LYNWOOD,-118.17844769,33.91991935
7072362,2015,2015-10-19,1920,2015-09-01,1627,12035,NA,2,5,6,1920,0,0,0,NA,0,006,STEWART AND GRAY RD,BROOKSHIRE AV,0,NA,Y,A,-,N,NA,NA,NA,NA,NA,NA,NA,NA,NA,N,4,0,1,2,A,-,10,21950,A,N,G,B,B,A,H,-,A,A,0,Y,NA,NA,NA,Y,NA,I,20,0,0,1,0,1,0,0,0,0,-,-,NA,NA,LOS ANGELES,DOWNEY,-118.13534001,33.93070008
7072367,2015,2015-10-08,9530,2015-09-11,0920,2103,NA,5,1,9,1900,0,3,5,NA,2,004,DEL AMO BL,SANTA FE AV,0,NA,Y,A,-,N,NA,NA,NA,NA,NA,NA,NA,NA,NA,Y,4,0,1,2,A,-,09,21801,A,N,D,C,A,A,H,-,A,A,0,NA,NA,NA,Y,Y,NA,G,26,0,0,1,0,0,0,0,0,0,-,-,33.8466,-118.2118,LOS ANGELES,UNINCORPORATED,-118.2117201,33.84657005
7072374,2015,2017-01-13,9530,2015-09-14,0627,21062,NA,1,1,7,1941,0,1,1,NA,2,420,RT 405,CALIFORNIA AV,720,S,N,B,-,Y,LA,7,405,-,-,5.462,R,2,N,Y,4,0,1,3,A,-,08,22107,NA,N,B,C,A,A,H,-,A,D,1,NA,NA,NA,Y,Y,NA,A,01,0,0,1,0,0,0,0,0,0,-,-,33.8144,-118.1779,LOS ANGELES,LONG BEACH,-118.1776135,33.81439784
7072380,2015,2017-01-28,9540,2015-08-21,0210,18208,NA,5,3,9,1900,0,1,1,NA,2,506,RT 5,LOWER CROSS,5280,N,N,A,-,Y,LA,7,5,-,R,60.97,H,-,N,Y,4,0,1,1,A,-,08,22107,NA,N,E,I,A,A,H,-,D,D,1,NA,NA,NA,Y,Y,NA,G,25,0,0,1,0,0,0,0,0,0,-,-,34.51477,-118.63572,LOS ANGELES,UNINCORPORATED,-118.63707851,34.51392957
7072384,2015,2017-01-17,9540,2015-08-15,1810,19298,NA,6,2,9,1900,0,1,1,NA,2,509,RT 5,TEMPLIN HWY,2112,S,N,A,-,Y,LA,7,5,-,R,65.52,H,-,S,Y,3,0,1,1,A,-,03,22350,NA,N,E,I,A,A,H,-,A,D,1,NA,NA,NA,NA,Y,NA,D,22,0,1,0,0,0,0,0,0,0,-,-,34.56342,-118.68415,LOS ANGELES,UNINCORPORATED,-118.68397829,34.56359169
7072386,2015,2017-01-26,9535,2015-08-05,0015,20825,NA,3,3,4,1907,0,1,1,NA,2,072,RT 710,CLARA ST,2080,S,N,A,-,Y,LA,7,710,-,-,19.01,H,-,N,Y,2,0,5,3,A,-,01,23152,A,N,E,J,A,A,D,-,C,A,1,NA,NA,NA,Y,Y,Y,A,01,1,0,4,0,0,0,0,0,0,-,-,33.95797,-118.17039,LOS ANGELES,BELL,-118.17030707,33.95803529
7072387,2015,2015-10-08,9535,2015-07-10,1430,17722,NA,5,2,6,1922,1,4,S,NA,2,901,SANTA ANITA AV,WEAVER AV,0,NA,Y,A,-,N,NA,NA,NA,NA,NA,NA,NA,NA,NA,N,4,0,1,2,A,-,09,21801,A,N,D,C,A,A,H,-,A,D,0,NA,NA,NA,NA,Y,NA,H,14,0,0,1,0,0,0,0,0,0,-,-,34.05471,-118.04237,LOS ANGELES,EL MONTE,-118.04241005,34.05481006
7072389,2015,2017-01-20,9575,2015-09-02,0440,20729,NA,3,3,6,1953,0,1,1,NA,2,063,RT 210,ORANGE GROVE BL,325,W,N,A,-,Y,LA,7,210,-,R,24.59,H,-,E,Y,3,0,1,3,A,-,21,22106,NA,N,B,C,A,A,H,-,C,D,6,NA,NA,NA,Y,Y,NA,G,25,0,1,0,0,0,0,0,0,0,-,-,34.15489,-118.15787,LOS ANGELES,PASADENA,-118.1575122,34.15477423
7072390,2015,2017-01-23,9535,2015-08-01,1325,17148,NA,6,1,5,1906,0,1,1,NA,2,650,RT 605,WALNUT CREEK,75,S,N,A,-,Y,LA,7,605,-,R,19.73,H,-,N,Y,4,0,2,4,A,-,03,22350,NA,N,C,C,A,A,H,-,A,D,1,NA,NA,NA,NA,Y,NA,D,22,0,0,2,0,0,0,0,0,0,-,-,34.06022,-118.00096,LOS ANGELES,BALDWIN PARK,-118.00181197,34.05853959
7072391,2015,2017-01-25,9535,2015-08-18,0920,15632,NA,2,1,5,1959,0,1,1,NA,2,401,RT 10,SAN GABRIEL BL,1000,W,N,B,-,Y,LA,7,10,-,-,25.65,H,-,W,Y,4,0,2,3,A,-,03,22350,NA,N,C,C,A,A,H,-,A,D,0,NA,NA,NA,Y,Y,NA,F,26,0,0,2,0,0,0,0,0,0,-,-,34.07208,-118.094,LOS ANGELES,ROSEMEAD,-118.09406798,34.0721597
7072396,2015,2017-01-10,9540,2015-09-04,1106,19317,NA,5,1,9,1900,0,1,3,NA,2,146,RT 14,AGUA DULCE CYN RD,5280,S,N,A,-,Y,LA,7,14,-,-,38.77,H,-,N,Y,4,0,1,2,A,-,03,22350,NA,N,C,C,A,A,H,-,A,D,1,NA,NA,NA,Y,Y,NA,A,01,0,0,1,0,0,0,0,0,0,-,-,34.45858,-118.34599,LOS ANGELES,UNINCORPORATED,-118.34469015,34.45945642
7072420,2015,2017-01-13,1900,2015-08-24,1737,520726,0531,1,5,5,1959,0,0,0,NA,0,53T1AM,RT 164,DE ADALENA ST,36,S,N,A,-,Y,LA,7,164,-,-,5.92,H,-,N,Y,4,0,1,2,A,-,03,22350,NA,N,C,C,A,A,H,-,A,D,0,NA,NA,NA,NA,Y,NA,D,22,0,0,1,0,0,0,0,0,0,-,-,NA,NA,LOS ANGELES,ROSEMEAD,-118.07303338,34.07654228
7072421,2015,2015-09-19,1900,2015-08-22,0930,526292,0562,6,5,3,1968,0,0,0,NA,0,55/AM,TYLER AV,THIENES AV,43,E,N,A,-,N,NA,NA,NA,NA,NA,NA,NA,NA,NA,Y,4,0,1,3,A,-,08,22107,NA,N,C,E,A,A,H,-,A,D,0,NA,NA,NA,NA,Y,NA,A,01,0,0,1,0,0,0,0,0,0,-,-,NA,NA,LOS ANGELES,SOUTH EL MONTE,-118.03987864,34.04920235
7072422,2015,2015-09-21,1946,2015-07-18,0822,P39,NA,6,5,4,1946,0,0,0,NA,0,001,FOOTHILL BL,SHAMROCK,21,E,N,B,-,N,NA,NA,NA,NA,NA,NA,NA,NA,NA,Y,4,0,2,3,A,-,12,21453,A,N,A,C,A,A,H,-,A,A,0,NA,NA,NA,NA,Y,NA,D,22,0,0,2,0,0,0,0,0,0,-,-,NA,NA,LOS ANGELES,MONROVIA,-117.99061075,34.15149046
7072424,2015,2015-09-21,1946,2015-07-03,1453,P20,NA,5,5,4,1946,0,0,0,NA,0,002,MAGNOLIA,OLIVE,0,NA,Y,-,-,N,NA,NA,NA,NA,NA,NA,NA,NA,NA,Y,3,0,3,2,A,-,09,21802,A,N,D,C,A,-,-,-,A,D,0,NA,NA,NA,NA,Y,NA,A,01,0,1,2,0,0,0,0,0,0,-,-,NA,NA,LOS ANGELES,MONROVIA,-118.00530005,34.14476009
7072457,2015,2015-09-22,1942,2015-08-19,1548,38354,0933,3,5,7,1942,0,0,0,I,0,16TL28,VICTORY BL,VAN NUYS BL,46,W,N,A,-,N,NA,NA,NA,NA,NA,NA,NA,NA,NA,N,4,0,1,2,D,-,00,NA,NA,N,G,B,F,A,H,-,A,D,0,Y,NA,NA,NA,Y,NA,-,-,0,0,1,0,1,0,0,0,0,-,-,NA,NA,LOS ANGELES,LOS ANGELES,-118.44889183,34.18667
7072458,2015,2015-09-22,1942,2015-08-30,1010,38349,909,7,5,7,1942,0,0,0,NA,0,10TL35,WOODMAN AV,WYANDOTTE ST,100,S,N,A,-,N,NA,NA,NA,NA,NA,NA,NA,NA,NA,Y,4,0,1,2,A,-,09,21801,A,N,D,C,A,A,H,-,A,D,0,NA,NA,NA,NA,Y,NA,D,22,0,0,1,0,0,0,0,0,0,-,-,NA,NA,LOS ANGELES,LOS ANGELES,-118.43126,34.20278571
7072459,2015,2015-09-19,1942,2015-08-30,1440,40165,0914,7,5,7,1942,0,0,0,I,0,15TL42,SEPULVEDA BL,HART ST,262,S,N,A,-,N,NA,NA,NA,NA,NA,NA,NA,NA,NA,Y,3,0,2,8,A,-,07,21658,A,N,B,C,A,A,H,-,A,D,0,NA,NA,NA,NA,Y,NA,A,01,0,1,1,0,0,0,0,0,0,-,-,NA,NA,LOS ANGELES,LOS ANGELES,-118.4662,34.196811340000004
7072461,2015,2015-09-22,1942,2015-08-26,1230,33779,0984,3,5,7,1942,0,0,0,I,0,15TL44,VAN NUYS BL,BENEFIT ST,0,NA,Y,A,-,N,NA,NA,NA,NA,NA,NA,NA,NA,NA,Y,4,0,1,2,A,-,08,22107,NA,N,D,C,A,A,H,-,A,A,0,NA,NA,Y,Y,Y,NA,F,26,0,0,1,0,0,0,0,0,1,-,-,NA,NA,LOS ANGELES,LOS ANGELES,-118.44913013,34.14906003
7072463,2015,2015-09-19,1942,2015-08-16,2010,36336,1969,7,5,7,1942,0,0,0,NA,0,15TL45,ARLETA AV,KAGEL CANYON ST,340,N,N,A,-,N,NA,NA,NA,NA,NA,NA,NA,NA,NA,Y,3,0,2,2,A,-,01,23153,A,N,C,C,A,A,H,-,C,D,0,NA,NA,NA,NA,Y,Y,D,22,0,1,1,0,0,0,0,0,0,-,-,NA,NA,LOS ANGELES,LOS ANGELES,-118.42997508,34.24573774
7072473,2015,2015-09-22,1969,2015-08-21,1800,10165,PATRO,5,5,5,1969,0,0,0,NA,0,003,CALIFORNIA AV,DR GLENN T SEABORG WY,0,NA,Y,A,-,N,NA,NA,NA,NA,NA,NA,NA,NA,NA,Y,4,0,6,6,A,-,03,22350,NA,N,C,C,A,A,H,-,A,D,0,NA,NA,NA,NA,Y,NA,D,22,0,0,6,0,0,0,0,0,0,-,-,NA,NA,LOS ANGELES,SOUTH GATE,-118.20593001,33.95532011
7072474,2015,2015-09-22,1969,2015-08-21,0735,10171,TRAFF,5,5,5,1969,0,0,0,NA,0,001,WISCONSIN AV,ALAMEDA AV,0,NA,Y,A,-,N,NA,NA,NA,NA,NA,NA,NA,NA,NA,Y,4,0,4,2,A,-,09,21802,A,N,D,C,A,A,H,-,A,A,0,NA,NA,NA,NA,Y,NA,D,22,0,0,4,0,0,0,0,0,0,-,-,NA,NA,LOS ANGELES,SOUTH GATE,-118.22778009,33.94504006
7072478,2015,2015-09-26,1969,2015-09-02,0539,10195,PATRO,3,5,5,1969,0,0,0,NA,0,004,FIRESTONE BL,KAUFFMAN AV,0,NA,Y,A,-,N,NA,NA,NA,NA,NA,NA,NA,NA,NA,Y,3,0,1,1,A,-,08,22107,NA,N,A,I,A,A,H,-,C,D,0,NA,NA,NA,NA,Y,NA,D,22,0,1,0,0,0,0,0,0,0,-,-,NA,NA,LOS ANGELES,SOUTH GATE,-118.18899012,33.95246002
7072482,2015,2015-09-19,1942,2015-08-20,0215,41149,1763,4,5,7,1942,0,0,0,Q,0,19A85,VINTAGE ST,LUBAO AV,80,W,N,A,-,N,NA,NA,NA,NA,NA,NA,NA,NA,NA,N,4,0,1,2,D,-,00,NA,NA,F,G,B,E,A,H,-,C,D,0,Y,NA,NA,NA,Y,NA,-,-,0,0,1,0,1,0,0,0,0,-,-,NA,NA,LOS ANGELES,LOS ANGELES,-118.56914426,34.25179678
7072483,2015,2015-09-19,1942,2015-08-21,0825,38996,0989,5,5,7,1942,0,0,0,I,0,10TL39,MOORPARK ST,ALLOTT AV,110,E,N,B,-,N,NA,NA,NA,NA,NA,NA,NA,NA,NA,Y,3,0,1,3,A,-,03,22350,NA,N,C,C,A,A,H,-,A,D,0,NA,NA,NA,NA,Y,NA,A,01,0,1,0,0,0,0,0,0,0,-,-,NA,NA,LOS ANGELES,LOS ANGELES,-118.42760709,34.15035
7072484,2015,2015-09-19,1942,2015-08-29,0805,36257,0937,6,5,7,1942,0,0,0,I,0,15TL45,WOODMAN AV,BESSEMER ST,86,N,N,A,-,N,NA,NA,NA,NA,NA,NA,NA,NA,NA,Y,3,0,2,3,A,-,08,22107,NA,N,A,E,A,A,H,-,A,D,0,NA,NA,NA,NA,Y,NA,A,01,0,2,0,0,0,0,0,0,0,-,-,NA,NA,LOS ANGELES,LOS ANGELES,-118.43125,34.18145589
7072485,2015,2015-09-19,1942,2015-08-28,1050,40290,0941,5,5,7,1942,0,0,0,I,0,15TL47,VAN NUYS BL,OXNARD BL,0,NA,Y,A,-,N,NA,NA,NA,NA,NA,NA,NA,NA,NA,Y,4,0,1,2,A,-,09,21801,A,N,H,C,A,A,H,-,A,A,0,NA,NA,NA,NA,Y,NA,A,07,0,0,1,0,0,0,0,0,0,-,-,NA,NA,LOS ANGELES,LOS ANGELES,-118.44874003,34.17940007
7072486,2015,2015-09-19,1942,2015-08-27,0730,38326,0935,4,5,7,1942,0,0,0,I,0,15TL43,VAN NUYS,FRIAR ST,0,NA,Y,A,-,N,NA,NA,NA,NA,NA,NA,NA,NA,NA,Y,3,0,3,2,A,-,12,21453,A,N,D,C,A,A,H,-,A,A,0,NA,NA,NA,NA,Y,NA,A,01,0,1,2,0,0,0,0,0,0,-,-,NA,NA,LOS ANGELES,LOS ANGELES,-118.44873006,34.18568005
7072487,2015,2015-09-19,1942,2015-08-22,1410,39510,932,6,5,7,1942,0,0,0,NA,0,9A23,SEPULVEDA BL,VICTORY BL,300,N,N,A,-,N,NA,NA,NA,NA,NA,NA,NA,NA,NA,N,4,0,1,2,D,-,00,NA,NA,N,G,B,F,A,H,-,A,A,0,Y,NA,NA,NA,Y,NA,-,-,0,0,1,0,1,0,0,0,0,-,-,NA,NA,LOS ANGELES,LOS ANGELES,-118.46617,34.18748289
7072488,2015,2015-09-19,1942,2015-08-25,1240,38471,0935,2,5,7,1942,0,0,0,I,0,16TL25,SYLMAR AV,SYLVAN ST,0,NA,Y,A,-,N,NA,NA,NA,NA,NA,NA,NA,NA,NA,N,4,0,1,2,A,-,11,21950,B,N,A,B,C,A,H,-,A,A,0,Y,NA,NA,NA,Y,NA,N,60,0,0,1,0,1,0,0,0,0,-,-,NA,NA,LOS ANGELES,LOS ANGELES,-118.4465301,34.18466009
7072489,2015,2017-01-28,1942,2015-08-22,0310,41626,0969,6,5,7,1942,0,0,0,I,0,9A89W3,COLDWATER CANYON AV,RT 101,0,NA,Y,A,-,Y,LA,7,101,-,-,13.765,R,4,N,Y,3,0,1,2,A,-,12,21453,A,N,-,C,A,A,-,-,C,A,0,NA,NA,NA,NA,Y,NA,A,01,0,1,0,0,0,0,0,0,0,-,NO,NA,NA,LOS ANGELES,LOS ANGELES,-118.41167648,34.15682323
7072490,2015,2015-09-19,1942,2015-08-22,1445,41625,0929,6,5,7,1942,0,0,0,I,0,9A37,VICTORY BL,FULTON AV,100,E,N,A,-,N,NA,NA,NA,NA,NA,NA,NA,NA,NA,Y,4,0,1,2,A,-,09,21804,A,N,B,C,A,A,H,-,A,B,0,NA,NA,NA,NA,Y,NA,A,07,0,0,1,0,0,0,0,0,0,-,-,NA,NA,LOS ANGELES,LOS ANGELES,-118.42216994,34.18668
7072491,2015,2015-09-19,1942,2015-08-24,1445,37552,0909,1,5,7,1942,0,0,0,I,0,9X14,SHERMAN WY,RANCHITO AV,0,NA,Y,A,-,N,NA,NA,NA,NA,NA,NA,NA,NA,NA,N,4,0,2,2,A,-,12,21453,A,N,B,C,A,A,H,-,A,A,0,NA,NA,NA,NA,Y,NA,A,07,0,0,2,0,0,0,0,0,0,-,-,NA,NA,LOS ANGELES,LOS ANGELES,-118.43561004,34.2012001
7072492,2015,2015-09-19,1942,2015-08-23,1835,38354,0969,7,5,7,1942,0,0,0,I,0,16TL28,WHITSETT AV,RIVERSIDE DR,0,NA,Y,A,-,N,NA,NA,NA,NA,NA,NA,NA,NA,NA,Y,3,0,2,2,A,-,12,21453,A,N,D,C,A,A,H,-,A,A,0,NA,NA,NA,NA,Y,NA,A,01,0,1,1,0,0,0,0,0,0,-,-,NA,NA,LOS ANGELES,LOS ANGELES,-118.40526013,34.15761012