CASE_ID,ACCIDENT_YEAR,PROC_DATE,JURIS,COLLISION_DATE,COLLISION_TIME,OFFICER_ID,REPORTING_DISTRICT,DAY_OF_WEEK,CHP_SHIFT,POPULATION,CNTY_CITY_LOC,SPECIAL_COND,BEAT_TYPE,CHP_BEAT_TYPE,CITY_DIVISION_LAPD,CHP_BEAT_CLASS,BEAT_NUMBER,PRIMARY_RD,SECONDARY_RD,DISTANCE,DIRECTION,INTERSECTION,WEATHER_1,WEATHER_2,STATE_HWY_IND,CALTRANS_COUNTY,CALTRANS_DISTRICT,STATE_ROUTE,ROUTE_SUFFIX,POSTMILE_PREFIX,POSTMILE,LOCATION_TYPE,RAMP_INTERSECTION,SIDE_OF_HWY,TOW_AWAY,COLLISION_SEVERITY,NUMBER_KILLED,NUMBER_INJURED,PARTY_COUNT,PRIMARY_COLL_FACTOR,PCF_CODE_OF_VIOL,PCF_VIOL_CATEGORY,PCF_VIOLATION,PCF_VIOL_SUBSECTION,HIT_AND_RUN,TYPE_OF_COLLISION,MVIW,PED_ACTION,ROAD_SURFACE,ROAD_COND_1,ROAD_COND_2,LIGHTING,CONTROL_DEVICE,CHP_ROAD_TYPE,PEDESTRIAN_ACCIDENT,BICYCLE_ACCIDENT,MOTORCYCLE_ACCIDENT,TRUCK_ACCIDENT,NOT_PRIVATE_PROPERTY,ALCOHOL_INVOLVED,STWD_VEHTYPE_AT_FAULT,CHP_VEHTYPE_AT_FAULT,COUNT_SEVERE_INJ,COUNT_VISIBLE_INJ,COUNT_COMPLAINT_PAIN,COUNT_PED_KILLED,COUNT_PED_INJURED,COUNT_BICYCLIST_KILLED,COUNT_BICYCLIST_INJURED,COUNT_MC_KILLED,COUNT_MC_INJURED,PRIMARY_RAMP,SECONDARY_RAMP,LATITUDE,LONGITUDE,COUNTY,CITY,POINT_X,POINT_Y
7073589,2015,2015-09-23,1900,2015-08-24,1702,480759,0643,1,5,6,1985,0,0,0,NA,0,64T1,BOUQUET CANYON RD,VALENCIA BL,0,NA,Y,A,-,N,NA,NA,NA,NA,NA,NA,NA,NA,NA,Y,4,0,2,2,A,-,01,23152,A,M,C,C,A,A,H,-,A,A,0,NA,NA,NA,NA,Y,Y,A,07,0,0,2,0,0,0,0,0,0,-,-,NA,NA,LOS ANGELES,SANTA CLARITA,-118.54110003,34.42258007
7073593,2015,2017-01-13,1900,2015-08-29,1825,437700,0617,6,5,6,1985,0,0,0,NA,0,61T1,SIERRA HWY,RT 14,0,NA,Y,A,-,Y,LA,7,14,-,R,30.49,R,4,N,Y,4,0,1,2,A,-,12,21453,A,N,D,C,A,A,H,-,A,A,0,NA,NA,NA,NA,Y,NA,D,22,0,0,1,0,0,0,0,0,0,-,-,NA,NA,LOS ANGELES,SANTA CLARITA,-118.46088641,34.39911989
7073673,2015,2015-09-25,1924,2015-05-22,1723,111229,NA,5,5,5,1924,0,0,0,NA,0,NA,REDONDO BEACH BL,CRENSHAW BL,60,E,N,B,-,N,NA,NA,NA,NA,NA,NA,NA,NA,NA,Y,4,0,1,2,C,-,18,NA,NA,N,C,C,A,A,H,-,A,A,0,NA,NA,NA,NA,Y,NA,-,-,0,0,1,0,0,0,0,0,0,-,-,NA,NA,LOS ANGELES,GARDENA,-118.32634616,33.88295975
7073677,2015,2015-09-25,1924,2015-05-17,0016,115237,43,7,5,5,1924,0,0,0,NA,0,006,ARTESIA BL,NORMANDIE AV,60,W,N,A,-,N,NA,NA,NA,NA,NA,NA,NA,NA,NA,N,4,0,1,2,A,-,01,23152,A,N,C,C,A,A,H,-,C,A,0,NA,NA,NA,NA,Y,Y,A,07,0,0,1,0,0,0,0,0,0,-,-,NA,NA,LOS ANGELES,GARDENA,-118.29914728,33.87303
7073746,2015,2016-01-11,1900,2015-08-18,0839,101944,0451,2,5,6,1949,0,0,0,NA,0,43T11D,STUDEBAKER RD,FIRESTONE BL,35,W,N,A,-,N,NA,NA,NA,NA,NA,NA,NA,NA,NA,N,4,0,1,2,A,-,03,22350,NA,N,C,C,A,A,H,-,A,A,0,NA,NA,NA,NA,Y,NA,A,07,0,0,1,0,0,0,0,0,0,-,-,NA,NA,LOS ANGELES,NORWALK,-118.09932,33.9222
7073777,2015,2015-10-06,1955,2015-09-04,0030,30150,NA,5,5,6,1955,0,0,0,NA,0,004,MISSION BL,ELM ST,27,W,N,A,-,N,NA,NA,NA,NA,NA,NA,NA,NA,NA,Y,3,0,1,2,A,-,03,22350,NA,N,D,C,A,A,H,-,C,A,0,NA,NA,NA,Y,Y,NA,D,23,0,1,0,0,0,0,0,0,0,-,-,NA,NA,LOS ANGELES,POMONA,-117.74686885,34.05519722
7073781,2015,2017-02-03,1955,2015-09-05,1611,41900,0088,6,5,6,1955,0,0,0,NA,0,004,S RESERVOIR ST,RT 60,25,N,N,A,-,Y,SBD,8,60,-,R,0.052,R,4,E,N,4,0,2,2,A,-,03,22350,NA,M,C,C,A,A,H,-,A,A,0,NA,NA,NA,NA,Y,NA,D,22,0,0,2,0,0,0,0,0,0,-,EO,NA,NA,LOS ANGELES,POMONA,-117.72859099,34.02508523
7073805,2015,2015-09-28,1942,2015-09-04,2320,36607,1842,5,5,7,1942,0,0,0,R,0,3TL5,109TH PL,MAIN ST,0,NA,Y,A,-,N,NA,NA,NA,NA,NA,NA,NA,NA,NA,N,4,0,1,2,A,-,09,21801,A,N,D,C,A,A,H,-,C,D,0,NA,NA,NA,NA,Y,NA,A,01,0,0,1,0,0,0,0,0,0,-,-,NA,NA,LOS ANGELES,LOS ANGELES,-118.2738901,33.93654007
7074004,2015,2016-01-25,1942,2015-09-14,0705,31387,647,1,5,7,1942,0,0,0,NA,0,6T7,SUNSET BL,GORDON ST,0,NA,Y,B,-,N,NA,NA,NA,NA,NA,NA,NA,NA,NA,Y,4,0,2,2,A,-,12,21453,A,N,A,C,A,A,H,-,A,A,0,NA,NA,NA,NA,Y,NA,A,01,0,0,2,0,0,0,0,0,0,-,-,NA,NA,LOS ANGELES,LOS ANGELES,-118.32013006,34.09802006
7074014,2015,2015-09-25,1942,2015-09-07,2010,36589,2046,1,5,7,1942,0,0,0,NA,0,6T7,JAMES M WOOD BL,NEW HAMPSHIRE AV,100,W,N,A,-,N,NA,NA,NA,NA,NA,NA,NA,NA,NA,Y,3,0,1,4,A,-,03,22350,NA,N,C,E,A,A,H,-,C,D,0,NA,NA,NA,NA,Y,NA,D,22,0,1,0,0,0,0,0,0,0,-,-,NA,NA,LOS ANGELES,LOS ANGELES,-118.293217,34.055946
7074018,2015,2015-09-25,1942,2015-09-10,1220,32565,2038,4,5,7,1942,0,0,0,NA,0,20T56,VERMONT AV,WILSHIRE BL,63,N,N,B,-,N,NA,NA,NA,NA,NA,NA,NA,NA,NA,N,2,0,1,2,A,-,11,21955,NA,N,G,B,D,A,H,-,A,A,0,Y,NA,NA,NA,Y,NA,N,60,1,0,0,0,1,0,0,0,0,-,-,NA,NA,LOS ANGELES,LOS ANGELES,-118.29167506,34.06197273
7074022,2015,2015-09-25,1942,2015-09-01,1615,40164,882,2,5,7,1942,0,0,0,NA,0,8TL26,CORINTH AV,LA GRANGE AV,50,S,N,A,-,N,NA,NA,NA,NA,NA,NA,NA,NA,NA,N,3,0,1,2,C,-,18,NA,NA,N,H,G,A,A,H,-,A,D,0,NA,Y,NA,NA,Y,NA,-,-,0,1,0,0,0,0,1,0,0,-,-,NA,NA,LOS ANGELES,LOS ANGELES,-118.44456268,34.04029934
7074034,2015,2015-09-25,1942,2015-09-11,0740,34251,0737,5,5,7,1942,0,0,0,G,0,7TL23,S LA BREA AV,W 6TH ST,0,NA,Y,A,-,N,NA,NA,NA,NA,NA,NA,NA,NA,NA,Y,3,0,6,4,A,-,12,21453,A,N,D,C,A,A,H,-,A,A,0,NA,NA,NA,NA,Y,NA,A,08,0,1,5,0,0,0,0,0,0,-,-,NA,NA,LOS ANGELES,LOS ANGELES,-118.34402007,34.06491001
7074042,2015,2015-10-07,1942,2015-08-31,1355,36571,0396,1,5,7,1942,0,0,0,C,0,5T21,41ST ST,HOOVER ST,250,E,N,A,-,N,NA,NA,NA,NA,NA,NA,NA,NA,NA,N,4,0,1,2,A,-,00,20015,A,N,C,C,A,A,H,-,A,D,0,NA,NA,NA,NA,Y,NA,-,-,0,0,1,0,0,0,0,0,0,-,-,NA,NA,LOS ANGELES,LOS ANGELES,-118.28640669,34.00964185
7074054,2015,2015-10-09,1942,2015-09-11,1205,40237,0362,5,5,7,1942,0,0,0,C,0,3A63,NICOLET AV,COCO AV,0,NA,Y,A,-,N,NA,NA,NA,NA,NA,NA,NA,NA,NA,N,4,0,4,2,A,-,08,22107,NA,N,B,C,A,A,H,-,A,D,0,NA,NA,NA,NA,Y,NA,A,01,0,0,4,0,0,0,0,0,0,-,-,NA,NA,LOS ANGELES,LOS ANGELES,-118.35132003,34.01282009
7074058,2015,2015-09-25,1942,2015-08-31,0845,31288,0394,1,5,7,1942,0,0,0,C,0,3T5,VERNON AV,VAN NESS,0,NA,Y,A,-,N,NA,NA,NA,NA,NA,NA,NA,NA,NA,Y,3,0,3,3,A,-,09,21802,A,N,D,C,A,A,H,-,A,D,0,NA,NA,NA,NA,Y,NA,A,07,0,1,2,0,0,0,0,0,0,-,-,NA,NA,LOS ANGELES,LOS ANGELES,-118.31714013,34.00370001
7074062,2015,2015-09-25,1942,2015-08-31,0810,31288,0319,1,5,7,1942,0,0,0,C,0,3T5,FIGUEROA,ADAMS BL,300,N,N,A,-,N,NA,NA,NA,NA,NA,NA,NA,NA,NA,N,4,0,1,2,A,-,08,22102,NA,N,B,C,A,A,H,-,A,D,0,NA,NA,NA,NA,Y,NA,D,22,0,0,1,0,0,0,0,0,0,-,-,NA,NA,LOS ANGELES,LOS ANGELES,-118.27555795,34.02888727
7074078,2015,2015-09-25,1942,2015-09-06,1910,40869,522,7,5,7,1942,0,0,0,NA,0,3T57,ANAHEIM ST,MCDONALD AV,0,NA,Y,A,-,N,NA,NA,NA,NA,NA,NA,NA,NA,NA,Y,3,0,1,2,A,-,03,22350,NA,F,C,E,A,A,H,-,A,D,0,NA,NA,NA,NA,Y,NA,A,01,0,1,0,0,0,0,0,0,0,-,-,NA,NA,LOS ANGELES,LOS ANGELES,-118.27159003,33.77948007
7074122,2015,2015-10-12,1934,2015-08-24,1146,777,NA,1,5,1,1934,0,0,0,NA,0,001,ARROW HWY,RIVERGRADE RD,0,NA,Y,A,-,N,NA,NA,NA,NA,NA,NA,NA,NA,NA,Y,4,0,1,2,D,-,00,NA,NA,N,D,C,A,A,H,-,A,A,0,NA,NA,NA,NA,Y,NA,-,-,0,0,1,0,0,0,0,0,0,-,-,NA,NA,LOS ANGELES,IRWINDALE,-117.96664001,34.10999006
7074131,2015,2015-09-25,1942,2015-09-05,0355,33599,O375,6,5,7,1942,0,0,0,NA,0,12T41,CIMMARON ST,MIDDLETON PL,70,N,N,A,-,N,NA,NA,NA,NA,NA,NA,NA,NA,NA,N,3,0,1,4,A,-,05,21650,NA,N,B,E,A,A,H,-,C,D,0,NA,NA,NA,NA,Y,NA,D,22,0,1,0,0,0,0,0,0,0,-,-,NA,NA,LOS ANGELES,LOS ANGELES,-118.3161,34.01573198
7074135,2015,2015-09-26,1941,2015-09-11,0655,5839,NA,5,5,7,1941,0,0,0,NA,0,NA,ANAHEIM ST,MAGNOLIA AV,158,W,N,A,-,N,NA,NA,NA,NA,NA,NA,NA,NA,NA,Y,3,0,2,2,A,-,03,22350,NA,N,C,C,A,A,H,-,A,D,0,NA,NA,NA,NA,Y,NA,A,NA,0,1,1,0,0,0,0,0,0,-,-,NA,NA,LOS ANGELES,LONG BEACH,-118.19854889,33.78260096
7074177,2015,2015-09-28,1934,2015-08-02,1146,777,EASTD,7,5,1,1934,0,0,0,NA,0,001,MERIDIAN AV,BATEMAN AV,0,NA,Y,A,-,N,NA,NA,NA,NA,NA,NA,NA,NA,NA,Y,4,0,1,2,A,-,08,22107,NA,N,D,C,A,A,H,-,A,D,0,NA,NA,NA,NA,Y,NA,A,08,0,0,1,0,0,0,0,0,0,-,-,NA,NA,LOS ANGELES,IRWINDALE,-117.98515008,34.12134002
7074179,2014,2015-09-26,1926,2014-10-16,1945,SG0544,NA,4,5,5,1926,0,0,0,NA,0,004,GLADSTONE,LONE HILL,47,W,N,A,-,N,NA,NA,NA,NA,NA,NA,NA,NA,NA,N,4,0,1,2,A,-,09,21804,A,N,D,C,A,A,H,-,C,A,0,NA,NA,NA,NA,Y,NA,A,01,0,0,1,0,0,0,0,0,0,-,-,NA,NA,LOS ANGELES,GLENDORA,-117.8291449,34.11394
7074181,2015,2016-07-19,1934,2015-08-05,1710,778,1934,3,5,1,1934,0,0,0,NA,0,001,ARROW HWY,EDISON POLE #4768327E,28,W,N,A,-,N,NA,NA,NA,NA,NA,NA,NA,NA,NA,Y,3,0,1,2,A,-,08,22107,NA,N,D,C,A,A,H,-,A,D,0,NA,NA,NA,NA,Y,NA,A,01,0,1,0,0,0,0,0,0,0,-,-,NA,NA,LOS ANGELES,IRWINDALE,NA,NA
7074369,2015,2017-01-04,1900,2015-08-26,2001,548800,1335,3,5,5,1908,0,0,0,NA,0,133T2,LAKEWOOD BL,ROSE ST,29,S,N,A,-,Y,LA,7,19,-,-,5.52,H,-,S,Y,4,0,1,3,A,-,03,22350,NA,N,C,C,A,A,H,-,D,D,0,NA,NA,NA,NA,Y,NA,A,01,0,0,1,0,0,0,0,0,0,-,-,NA,NA,LOS ANGELES,BELLFLOWER,-118.14264759,33.86943132
7074466,2015,2016-01-06,1922,2015-08-10,0809,588,NA,1,5,6,1922,0,0,0,NA,0,NA,MAXSON RD,RAMONA BL,500,S,N,A,-,N,NA,NA,NA,NA,NA,NA,NA,NA,NA,Y,4,0,3,3,A,-,09,21804,A,N,D,C,A,A,H,-,A,D,0,NA,NA,NA,NA,Y,NA,A,01,0,0,3,0,0,0,0,0,0,-,-,NA,NA,LOS ANGELES,EL MONTE,-118.00829967,34.07464671
7074472,2015,2016-02-03,1942,2015-08-31,1200,36713,1531,1,5,7,1942,0,0,0,O,0,15A43,OXNARD ST,WILKINSON AV,0,NA,Y,A,-,N,NA,NA,NA,NA,NA,NA,NA,NA,NA,NA,4,0,1,2,A,-,08,22100,5,N,-,C,A,A,H,-,A,D,0,NA,NA,NA,NA,Y,NA,A,01,0,0,1,0,0,0,0,0,0,-,-,NA,NA,LOS ANGELES,LOS ANGELES,-118.40409012,34.17941005
7074476,2015,2016-01-06,1942,2015-08-31,0400,41779,2189,1,5,7,1942,0,0,0,NA,0,21A5,VENTURA BL,QUAKERTOWN AV,68,W,N,A,-,N,NA,NA,NA,NA,NA,NA,NA,NA,NA,Y,3,0,1,2,A,-,03,22350,NA,N,C,C,A,A,H,-,C,A,0,NA,NA,NA,NA,Y,Y,A,01,0,1,0,0,0,0,0,0,0,-,-,NA,NA,LOS ANGELES,LOS ANGELES,-118.57002613,34.17129623
7074480,2015,2016-07-19,1942,2015-08-24,1630,38264,1699,1,5,7,1942,0,0,0,P,0,0W2,HOLLYWOOD WY,LULL ST,10,N,N,A,-,N,NA,NA,NA,NA,NA,NA,NA,NA,NA,N,4,0,1,2,A,-,04,21703,NA,N,C,C,A,A,H,-,A,D,0,NA,NA,NA,NA,Y,NA,-,NA,0,0,1,0,0,0,0,0,0,-,-,NA,NA,LOS ANGELES,LOS ANGELES,-118.34855937,34.20940742
7074486,2015,2016-01-27,1941,2015-08-30,1010,6268,NA,7,5,7,1941,0,0,0,NA,0,NA,MARKET ST,OLIVE AV,0,NA,Y,A,-,N,NA,NA,NA,NA,NA,NA,NA,NA,NA,Y,4,0,2,2,A,-,-,NA,NA,N,D,C,A,A,H,-,A,D,0,NA,NA,NA,NA,Y,NA,A,NA,0,0,2,0,0,0,0,0,0,-,-,NA,NA,LOS ANGELES,LONG BEACH,-118.18316003,33.8543501
7074494,2015,2016-07-19,1941,2015-08-21,1524,10128,NA,5,5,7,1941,0,0,0,NA,0,NA,DEL AMO BL,GARDENIA AV,0,NA,Y,A,-,N,NA,NA,NA,NA,NA,NA,NA,NA,NA,NA,4,0,1,2,A,-,09,21801,A,N,D,C,A,A,H,-,A,D,0,NA,NA,NA,NA,Y,NA,A,NA,0,0,1,0,0,0,0,0,0,-,-,NA,NA,LOS ANGELES,LONG BEACH,-118.16923,33.84703007
7074641,2015,2015-09-30,1900,2015-08-26,0834,517776,0975,3,5,4,1979,0,0,0,NA,0,96A,CRESCENT HEIGHTS BL,NORTON AV,0,NA,Y,A,-,N,NA,NA,NA,NA,NA,NA,NA,NA,NA,Y,3,0,1,2,A,-,08,22107,NA,N,D,C,A,A,H,-,A,D,0,NA,NA,NA,NA,Y,NA,A,01,0,1,0,0,0,0,0,0,0,-,-,NA,NA,LOS ANGELES,WEST HOLLYWOOD,-118.36595008,34.09176008
7074645,2015,2015-09-25,1900,2015-09-14,1524,600122,1192,1,5,6,1992,0,0,0,NA,0,111T2,AVENUE J,20TH ST WEST,455,W,N,B,-,N,NA,NA,NA,NA,NA,NA,NA,NA,NA,Y,4,0,2,2,A,-,09,21801,A,N,D,C,A,A,H,-,A,D,0,NA,NA,NA,NA,Y,NA,D,22,0,0,2,0,0,0,0,0,0,-,-,NA,NA,LOS ANGELES,LANCASTER,-118.16717044,34.68942
7074649,2015,2016-07-19,1900,2015-09-09,0750,532040,1137,3,5,6,1992,0,0,0,NA,0,111T2,AVENUE K,22ND ST EAST,410,W,N,A,-,N,NA,NA,NA,NA,NA,NA,NA,NA,NA,Y,4,0,3,2,A,-,03,22350,NA,N,C,C,A,A,H,-,A,A,0,NA,NA,NA,NA,Y,NA,A,01,0,0,3,0,0,0,0,0,0,-,-,NA,NA,LOS ANGELES,LANCASTER,-118.09155057,34.67511398
7074653,2015,2015-10-12,1900,2015-09-12,1011,529699,1135,6,5,6,1992,0,0,0,NA,0,1135,10TH ST E,LANCASTER BL,0,NA,Y,A,-,N,NA,NA,NA,NA,NA,NA,NA,NA,NA,Y,4,0,1,2,A,-,12,21453,A,N,D,C,A,A,H,-,A,A,0,NA,NA,NA,NA,Y,NA,D,22,0,0,1,0,0,0,0,0,0,-,-,NA,NA,LOS ANGELES,LANCASTER,-118.11265006000001,34.69685002
7074661,2015,2015-10-20,1900,2015-09-14,0941,236790,1125,1,5,6,1992,0,0,0,NA,0,112T2,LANCASTER BL,17TH ST WEST,0,NA,Y,A,-,N,NA,NA,NA,NA,NA,NA,NA,NA,NA,Y,3,0,1,2,A,-,08,21460,5,N,D,C,A,A,H,-,A,D,0,NA,NA,NA,Y,Y,NA,A,01,0,1,0,0,0,0,0,0,0,-,-,NA,NA,LOS ANGELES,LANCASTER,-118.16135008,34.69673009
7074662,2015,2015-09-23,1900,2015-08-22,2310,510899,2608,6,5,6,1950,0,0,0,NA,0,264T1,30TH ST EAST,PALMDALE BL,556,S,N,A,-,N,NA,NA,NA,NA,NA,NA,NA,NA,NA,N,4,0,1,2,A,-,09,21804,A,N,D,C,A,A,H,-,C,D,0,NA,NA,NA,NA,Y,NA,A,01,0,0,1,0,0,0,0,0,0,-,-,NA,NA,LOS ANGELES,PALMDALE,-118.07625,34.57869556
7074678,2015,2016-07-20,1900,2015-08-28,1650,513111,2612,5,5,6,1950,0,0,0,NA,0,262T1,RANCHO VISTA BL,20TH ST WEST,0,NA,Y,A,-,N,NA,NA,NA,NA,NA,NA,NA,NA,NA,Y,3,0,1,2,A,-,09,21801,A,N,D,A,A,A,H,-,A,A,0,NA,NA,NA,NA,Y,NA,D,22,0,1,0,0,0,0,0,0,0,-,-,NA,NA,LOS ANGELES,PALMDALE,-118.16548,34.60174
7074682,2015,2015-10-21,1900,2015-09-06,0007,522763,2607,7,5,6,1950,0,0,0,NA,0,263T1,47TH ST EAST,AVENUE S,1320,N,N,A,-,N,NA,NA,NA,NA,NA,NA,NA,NA,NA,Y,3,0,1,2,A,-,08,22107,NA,N,B,E,A,A,H,-,C,D,0,NA,NA,NA,Y,Y,NA,A,01,0,1,0,0,0,0,0,0,0,-,-,NA,NA,LOS ANGELES,PALMDALE,-118.04515298,34.56171605
7074686,2015,2015-09-24,1900,2015-09-03,0722,253807,2619,4,5,6,1950,0,0,0,NA,0,261T1,AVENUE N,10TH ST WEST,0,NA,Y,A,-,N,NA,NA,NA,NA,NA,NA,NA,NA,NA,Y,4,0,1,2,A,-,09,21801,A,N,D,C,A,A,H,-,A,A,0,NA,NA,NA,NA,Y,NA,A,01,0,0,1,0,0,0,0,0,0,-,-,NA,NA,LOS ANGELES,PALMDALE,-118.1477,34.63121008
7074688,2015,2015-11-06,9535,2015-06-28,0250,20813,NA,7,3,9,1900,0,3,5,NA,2,002,4TH ST,ROWAN AV,82,E,N,A,-,N,NA,NA,NA,NA,NA,NA,NA,NA,NA,N,3,0,1,1,A,-,01,23152,A,M,E,I,A,A,H,-,C,D,0,NA,NA,NA,NA,Y,Y,A,01,0,1,0,0,0,0,0,0,0,-,-,NA,NA,LOS ANGELES,UNINCORPORATED,-118.18713991,34.03226
7074706,2015,2017-01-12,1900,2015-08-31,1128,491337,2610,1,5,6,1950,0,0,0,NA,0,262T1,RT 138,JEANETTE ST,69,E,N,A,-,Y,LA,7,138,-,-,45.37,H,-,E,Y,3,0,3,4,A,-,03,22350,NA,N,C,C,A,A,H,-,A,A,0,NA,NA,NA,NA,Y,NA,A,01,0,3,0,0,0,0,0,0,0,-,-,NA,NA,LOS ANGELES,PALMDALE,-118.10002444,34.57965566
7074710,2015,2015-09-23,1947,2015-08-18,1817,1374,NA,2,5,5,1947,0,0,0,NA,0,00B,WEST BEVERLY BL,N 18TH ST,50,W,N,A,-,N,NA,NA,NA,NA,NA,NA,NA,NA,NA,N,3,0,1,2,A,-,06,21750,NA,N,B,G,A,A,H,-,A,A,0,NA,Y,NA,NA,Y,NA,L,04,0,1,0,0,0,0,1,0,0,-,-,NA,NA,LOS ANGELES,MONTEBELLO,-118.11832858,34.01972688
7074726,2015,2016-01-14,1942,2015-09-03,0135,38833,2155,4,5,7,1942,0,0,0,NA,0,21X56,TOPANGA CANYON BL,VICTORY BL,69,S,N,A,-,N,NA,NA,NA,NA,NA,NA,NA,NA,NA,Y,4,0,1,2,A,-,01,23152,A,N,A,E,A,A,D,-,C,D,0,NA,NA,NA,Y,Y,Y,A,01,0,0,1,0,0,0,0,0,0,-,-,NA,NA,LOS ANGELES,LOS ANGELES,-118.60589,34.18673071
7074763,2015,2015-09-28,1942,2015-08-28,2250,39971,1719,5,5,7,1942,0,0,0,Q,0,21T65,LINDLEY AV,CHASE ST,40,N,N,A,-,N,NA,NA,NA,NA,NA,NA,NA,NA,NA,Y,3,0,2,2,A,-,01,23153,A,N,A,C,A,A,H,-,C,A,0,NA,NA,NA,NA,Y,Y,D,22,0,1,1,0,0,0,0,0,0,-,-,NA,NA,LOS ANGELES,LOS ANGELES,-118.52734804,34.22469971
7074767,2015,2015-09-28,1942,2015-08-26,0730,38326,1621,3,5,7,1942,0,0,0,P,0,15TL43,PAXTON ST,HADDON,10,E,N,A,-,N,NA,NA,NA,NA,NA,NA,NA,NA,NA,N,4,0,1,2,A,-,10,21950,A,N,G,B,B,A,H,-,A,A,0,Y,NA,NA,NA,Y,NA,D,22,0,0,1,0,1,0,0,0,0,-,-,NA,NA,LOS ANGELES,LOS ANGELES,-118.43514474,34.26714768
7074771,2015,2017-01-28,1942,2015-09-11,2240,38980,1977,5,5,7,1942,0,0,0,NA,0,9T53,OSBORNE ST,SNOWDEN AV,300,E,N,A,-,N,NA,NA,NA,NA,NA,NA,NA,NA,NA,Y,4,0,2,4,A,-,03,22350,NA,F,D,C,A,A,H,-,C,D,0,NA,NA,NA,NA,Y,NA,A,01,0,0,2,0,0,0,0,0,0,-,-,NA,NA,LOS ANGELES,LOS ANGELES,-118.43657193,34.2344095
7074775,2015,2015-09-28,1942,2015-09-15,1650,38687,1969,2,5,7,1942,0,0,0,NA,0,35Q42,ARLETA AV,KAGEL CANYON ST,45,N,N,A,-,N,NA,NA,NA,NA,NA,NA,NA,NA,NA,Y,4,0,1,2,A,-,01,23152,A,F,C,C,A,A,H,-,A,D,0,NA,NA,NA,NA,Y,Y,A,01,0,0,1,0,0,0,0,0,0,-,-,NA,NA,LOS ANGELES,LOS ANGELES,-118.42932861,34.24513235
7074779,2015,2015-09-28,1942,2015-09-07,1245,34599,1621,1,5,7,1942,0,0,0,P,0,10TL38,LAUREL CANYON BL,PAXTON AV,417,S,N,A,-,N,NA,NA,NA,NA,NA,NA,NA,NA,NA,N,3,0,2,3,A,-,03,22350,NA,N,C,C,A,A,H,-,A,-,0,NA,NA,NA,NA,Y,NA,D,22,0,1,1,0,0,0,0,0,0,-,-,NA,NA,LOS ANGELES,LOS ANGELES,-118.43751884,34.26389804
7074780,2015,2015-09-30,1942,2015-03-27,0943,NA,NA,5,5,7,1942,0,0,0,NA,0,8METRO,WESTERN AV,SEPULVEDA BL,200,N,N,A,-,N,NA,NA,NA,NA,NA,NA,NA,NA,NA,N,4,0,2,2,A,-,08,22107,NA,N,D,C,A,A,H,-,A,D,0,NA,NA,NA,NA,Y,NA,A,01,0,0,2,0,0,0,0,0,0,-,-,NA,NA,LOS ANGELES,LOS ANGELES,-118.30887997,33.81763847
7074783,2015,2015-09-28,1942,2015-09-04,1535,30947,1551,5,5,7,1942,0,0,0,O,0,9A23,WHITSETT AV,RIVERSIDE DR,80,S,N,A,-,N,NA,NA,NA,NA,NA,NA,NA,NA,NA,Y,4,0,4,2,A,-,03,22350,NA,N,C,C,A,A,H,-,A,D,0,NA,NA,NA,NA,Y,NA,A,01,0,0,4,0,0,0,0,0,0,-,-,NA,NA,LOS ANGELES,LOS ANGELES,-118.40526,34.15739057
7074784,2015,2015-09-25,1924,2015-04-23,1818,115237,20,4,5,5,1924,0,0,0,NA,0,003,CRENSHAW BL,147TH ST,645,S,N,A,-,N,NA,NA,NA,NA,NA,NA,NA,NA,NA,N,4,0,1,2,A,-,03,22350,NA,N,C,C,A,A,H,-,A,D,0,NA,NA,NA,NA,Y,NA,A,01,0,0,1,0,0,0,0,0,0,-,-,NA,NA,LOS ANGELES,GARDENA,-118.32654,33.89652097
7074787,2015,2015-09-28,1942,2015-09-10,2025,40207,1527,4,5,7,1942,0,0,0,O,0,17T13,TUJUNGA,KITTRIDGE ST,140,N,N,A,-,N,NA,NA,NA,NA,NA,NA,NA,NA,NA,Y,3,0,2,3,A,-,01,23152,A,N,A,E,A,A,H,-,C,A,0,NA,NA,NA,NA,Y,Y,D,22,0,1,1,0,0,0,0,0,0,-,-,NA,NA,LOS ANGELES,LOS ANGELES,-118.37904,34.19069398
7074799,2015,2015-09-28,1942,2015-09-04,0720,38939,1943,5,5,7,1942,0,0,0,NA,0,19A79,CHATSWORTH ST,SEPULVEDA BL,0,NA,Y,A,-,N,NA,NA,NA,NA,NA,NA,NA,NA,NA,Y,4,0,1,2,A,-,12,21453,A,N,B,C,A,A,-,-,A,A,0,NA,NA,NA,NA,Y,NA,D,22,0,0,1,0,0,0,0,0,0,-,-,NA,NA,LOS ANGELES,LOS ANGELES,-118.46740007,34.26456009
7074830,2015,2016-02-02,1941,2015-09-08,1938,5208,NA,2,5,7,1941,0,0,0,NA,0,NA,VIA ORO,VIA ORO AV 4035,0,NA,N,A,-,N,NA,NA,NA,NA,NA,NA,NA,NA,NA,N,3,0,1,3,A,-,08,22102,NA,F,B,G,A,A,H,-,B,D,0,NA,Y,NA,NA,Y,NA,A,NA,0,1,0,0,0,0,1,0,0,-,-,NA,NA,LOS ANGELES,LONG BEACH,-118.211819,33.8342
7074857,2015,2016-01-21,1941,2015-09-09,0806,6185,NA,3,5,7,1941,0,0,0,NA,0,NA,SPRING ST,CHESTNUT,150,E,N,A,-,N,NA,NA,NA,NA,NA,NA,NA,NA,NA,Y,4,0,2,3,A,-,03,22350,NA,N,C,C,A,A,H,-,A,A,0,NA,NA,NA,NA,Y,NA,A,NA,0,0,2,0,0,0,0,0,0,-,-,NA,NA,LOS ANGELES,LONG BEACH,-118.19543733,33.81166088