CASE_ID,ACCIDENT_YEAR,PROC_DATE,JURIS,COLLISION_DATE,COLLISION_TIME,OFFICER_ID,REPORTING_DISTRICT,DAY_OF_WEEK,CHP_SHIFT,POPULATION,CNTY_CITY_LOC,SPECIAL_COND,BEAT_TYPE,CHP_BEAT_TYPE,CITY_DIVISION_LAPD,CHP_BEAT_CLASS,BEAT_NUMBER,PRIMARY_RD,SECONDARY_RD,DISTANCE,DIRECTION,INTERSECTION,WEATHER_1,WEATHER_2,STATE_HWY_IND,CALTRANS_COUNTY,CALTRANS_DISTRICT,STATE_ROUTE,ROUTE_SUFFIX,POSTMILE_PREFIX,POSTMILE,LOCATION_TYPE,RAMP_INTERSECTION,SIDE_OF_HWY,TOW_AWAY,COLLISION_SEVERITY,NUMBER_KILLED,NUMBER_INJURED,PARTY_COUNT,PRIMARY_COLL_FACTOR,PCF_CODE_OF_VIOL,PCF_VIOL_CATEGORY,PCF_VIOLATION,PCF_VIOL_SUBSECTION,HIT_AND_RUN,TYPE_OF_COLLISION,MVIW,PED_ACTION,ROAD_SURFACE,ROAD_COND_1,ROAD_COND_2,LIGHTING,CONTROL_DEVICE,CHP_ROAD_TYPE,PEDESTRIAN_ACCIDENT,BICYCLE_ACCIDENT,MOTORCYCLE_ACCIDENT,TRUCK_ACCIDENT,NOT_PRIVATE_PROPERTY,ALCOHOL_INVOLVED,STWD_VEHTYPE_AT_FAULT,CHP_VEHTYPE_AT_FAULT,COUNT_SEVERE_INJ,COUNT_VISIBLE_INJ,COUNT_COMPLAINT_PAIN,COUNT_PED_KILLED,COUNT_PED_INJURED,COUNT_BICYCLIST_KILLED,COUNT_BICYCLIST_INJURED,COUNT_MC_KILLED,COUNT_MC_INJURED,PRIMARY_RAMP,SECONDARY_RAMP,LATITUDE,LONGITUDE,COUNTY,CITY,POINT_X,POINT_Y
7074874,2015,2016-01-21,1941,2015-09-13,1032,10135,NA,7,5,7,1941,0,0,0,NA,0,NA,1ST ST,ALAMITOS,3,W,N,A,-,N,NA,NA,NA,NA,NA,NA,NA,NA,NA,N,4,0,1,2,A,-,05,21650,NA,N,D,G,A,A,H,-,A,D,0,NA,Y,NA,NA,Y,NA,L,NA,0,0,1,0,0,0,1,0,0,-,-,NA,NA,LOS ANGELES,LONG BEACH,-118.18259,33.76752
7074965,2015,2016-01-22,1941,2015-09-08,0204,5889,NA,2,5,7,1941,0,0,0,NA,0,NA,34TH ST,CASPIAN,0,NA,Y,A,-,N,NA,NA,NA,NA,NA,NA,NA,NA,NA,N,4,0,1,1,A,-,08,22107,NA,N,E,I,A,A,H,-,C,A,0,NA,NA,NA,NA,Y,NA,A,NA,0,0,1,0,0,0,0,0,0,-,-,NA,NA,LOS ANGELES,LONG BEACH,-118.21277007,33.81888002
7074969,2015,2015-10-20,1942,2015-08-15,0550,38912,0489,6,5,7,1942,0,0,0,D,0,4A97,8TH ST,SOTO AV,0,NA,-,A,-,N,NA,NA,NA,NA,NA,NA,NA,NA,NA,N,4,0,1,2,A,-,00,21450,NA,N,D,G,A,A,H,-,A,A,0,NA,Y,NA,NA,Y,NA,L,04,0,0,1,0,0,0,1,0,0,-,-,NA,NA,LOS ANGELES,LOS ANGELES,-118.21943003,34.02808008
7074973,2015,2015-09-25,1942,2015-09-01,1545,40325,0438,2,5,7,1942,0,0,0,D,0,11TL32,ALHAMBRA AV,ENDICOTT ST,2,E,N,A,-,N,NA,NA,NA,NA,NA,NA,NA,NA,NA,Y,3,0,3,3,A,-,01,23152,A,N,B,C,A,A,H,-,A,A,0,NA,NA,NA,Y,Y,Y,F,26,0,2,1,0,0,0,0,0,0,-,-,NA,NA,LOS ANGELES,LOS ANGELES,-118.17110534,34.07462388
7074981,2015,2015-10-08,1942,2015-09-01,0820,36238,0445,2,5,7,1942,0,0,0,D,0,4TL43,BRITTANIA ST,MARENGO ST,1,S,N,A,-,N,NA,NA,NA,NA,NA,NA,NA,NA,NA,N,3,0,1,2,A,-,10,21950,A,N,G,B,B,A,H,-,A,A,0,Y,NA,NA,Y,Y,NA,F,27,0,1,0,0,1,0,0,0,0,-,-,NA,NA,LOS ANGELES,LOS ANGELES,-118.20842147,34.05706755
7074985,2015,2015-09-25,1942,2015-09-04,1720,40643,0401,5,5,7,1942,0,0,0,D,0,2TL28,GRIFFIN AV,AVENUE 41,30,N,N,A,-,N,NA,NA,NA,NA,NA,NA,NA,NA,NA,N,4,0,1,3,A,-,08,22107,NA,N,C,E,A,A,H,-,A,D,0,NA,NA,NA,Y,Y,NA,A,07,0,0,1,0,0,0,0,0,0,-,-,NA,NA,LOS ANGELES,LOS ANGELES,-118.20528585,34.09033883
7074993,2015,2015-09-25,1942,2015-09-08,0740,37398,1127,2,5,7,1942,0,0,0,K,0,11T32,YORK BL,FIGUEROA ST,85,W,N,A,-,N,NA,NA,NA,NA,NA,NA,NA,NA,NA,N,4,0,2,2,A,-,04,21703,NA,N,C,C,A,A,H,-,A,D,0,NA,NA,NA,NA,Y,NA,D,22,0,0,2,0,0,0,0,0,0,-,-,NA,NA,LOS ANGELES,LOS ANGELES,-118.18453612,34.11566612
7075010,2015,2016-01-28,1941,2015-09-08,1735,5145,NA,2,5,7,1941,0,0,0,NA,0,NA,WILLOW ST,CASPIAN AV,0,NA,Y,A,-,N,NA,NA,NA,NA,NA,NA,NA,NA,NA,Y,4,0,1,5,A,-,03,22350,NA,N,C,C,A,A,H,-,A,A,0,NA,NA,NA,NA,Y,NA,A,NA,0,0,1,0,0,0,0,0,0,-,-,NA,NA,LOS ANGELES,LONG BEACH,-118.21219002,33.80439001
7075097,2015,2016-01-07,1947,2015-08-01,1152,NA,NA,6,5,5,1947,0,0,0,NA,0,00F,MONTEBELLO BL,PLAZA DR,0,NA,Y,A,-,N,NA,NA,NA,NA,NA,NA,NA,NA,NA,Y,3,0,3,3,A,-,12,21453,A,N,D,C,A,A,H,-,A,A,0,NA,NA,NA,NA,Y,NA,A,01,0,1,2,0,0,0,0,0,0,-,-,NA,NA,LOS ANGELES,MONTEBELLO,-118.08131006,34.03433003
7075138,2015,2017-02-14,1900,2015-08-16,2111,517840,2607,7,5,6,1950,0,0,0,NA,0,264T1,AVENUE S,50TH ST EAST,0,NA,Y,A,-,N,NA,NA,NA,NA,NA,NA,NA,NA,NA,Y,4,0,1,2,A,-,04,21703,NA,M,C,C,A,A,H,-,C,D,0,NA,NA,NA,NA,Y,NA,A,01,0,0,1,0,0,0,0,0,0,-,-,NA,NA,LOS ANGELES,PALMDALE,-118.04077011,34.55812008
7075145,2015,2016-01-07,1942,2015-08-26,2030,39889,0266,3,5,7,1942,0,0,0,B,0,NA,BURLINGTON AV,JAMES M WOOD BL,5,S,N,A,-,N,NA,NA,NA,NA,NA,NA,NA,NA,NA,N,4,0,1,2,A,-,05,21650,NA,F,D,G,A,A,H,-,C,A,0,NA,Y,NA,NA,Y,NA,L,04,0,0,1,0,0,0,1,0,0,-,-,NA,NA,LOS ANGELES,LOS ANGELES,-118.27549,34.05187
7075214,2015,2015-10-10,1934,2015-04-14,1431,452,1934,2,5,1,1934,0,0,0,NA,0,003,LIVE OAK AV,LONGDEN AV,453,E,N,A,-,NA,NA,NA,NA,NA,NA,NA,NA,NA,NA,NA,4,0,2,2,A,-,09,21801,A,N,D,C,A,A,H,-,A,A,0,NA,NA,NA,NA,Y,NA,D,23,0,0,2,0,0,0,0,0,0,-,-,NA,NA,LOS ANGELES,IRWINDALE,-117.9974108,34.1121812
7075218,2015,2015-10-10,1934,2015-04-22,2022,745,1934,3,5,1,1934,0,0,0,NA,0,NA,CYPRESS ST,SO CAL EDISON POLE #2309262E,4,W,N,A,-,N,NA,NA,NA,NA,NA,NA,NA,NA,NA,Y,4,0,2,4,A,-,-,NA,NA,N,D,C,A,A,H,-,C,A,0,NA,NA,NA,NA,Y,NA,A,01,0,0,2,0,0,0,0,0,0,-,-,NA,NA,LOS ANGELES,IRWINDALE,NA,NA
7075250,2015,2015-10-10,1934,2015-03-03,1812,779,1934,2,5,1,1934,0,0,0,NA,0,001,MYRTLE AV,LONGDEN AV,0,NA,Y,A,-,N,NA,NA,NA,NA,NA,NA,NA,NA,NA,Y,4,0,3,2,A,-,09,21801,A,N,D,C,A,A,H,-,C,A,0,NA,NA,NA,NA,Y,NA,D,22,0,0,3,0,0,0,0,0,0,-,-,NA,NA,LOS ANGELES,IRWINDALE,-118.00309008,34.11364002
7075262,2015,2015-10-09,1934,2015-07-23,1355,778,1934,4,5,1,1934,0,0,0,NA,0,001,ARROW HWY,RIVERGRADE RD,318,W,N,A,-,N,NA,NA,NA,NA,NA,NA,NA,NA,NA,Y,4,0,1,2,A,-,08,22102,NA,N,D,C,A,A,H,-,A,D,0,NA,NA,NA,NA,Y,NA,I,11,0,0,1,0,0,0,0,0,0,-,-,NA,NA,LOS ANGELES,IRWINDALE,-117.96740503,34.11058594
7075266,2015,2015-10-07,1934,2015-05-04,1446,777,NA,1,5,1,1934,0,0,0,NA,0,001,IRWINDALE AV,SALVATIERRA ST,0,NA,Y,A,-,N,NA,NA,NA,NA,NA,NA,NA,NA,NA,N,4,0,5,2,A,-,08,22107,NA,N,D,C,A,A,H,-,A,D,0,NA,NA,NA,NA,Y,NA,D,22,0,0,5,0,0,0,0,0,0,-,-,NA,NA,LOS ANGELES,IRWINDALE,-117.93422008,34.10869006
7075270,2015,2015-10-07,1934,2015-05-17,1527,779,1934,7,5,1,1934,0,0,0,NA,0,001,ARROW HWY,EDISON,41,W,N,A,-,N,NA,NA,NA,NA,NA,NA,NA,NA,NA,N,4,0,2,2,A,-,03,22350,NA,N,C,C,A,A,H,-,A,A,0,NA,NA,NA,NA,Y,NA,D,22,0,0,2,0,0,0,0,0,0,-,-,NA,NA,LOS ANGELES,IRWINDALE,NA,NA
7075276,2015,2015-10-10,1934,2015-06-28,0701,779,NA,7,5,1,1934,0,0,0,NA,0,NA,CYPRESS AV,IRWINDALE AV,5280,E,N,A,-,N,NA,NA,NA,NA,NA,NA,NA,NA,NA,Y,4,0,2,3,A,-,03,22350,NA,N,C,C,A,A,H,-,A,D,0,NA,NA,NA,NA,Y,NA,D,22,0,0,2,0,0,0,0,0,0,-,-,NA,NA,LOS ANGELES,IRWINDALE,-117.91681556,34.09583597
7075365,2015,2015-10-03,1942,2015-09-15,1210,37700,0808,2,5,7,1942,0,0,0,H,0,14T47,BENEDICT CANYON DR,WALLINGFORD DR,39,N,N,B,-,N,NA,NA,NA,NA,NA,NA,NA,NA,NA,Y,4,0,1,2,A,-,03,22350,NA,N,D,C,A,B,H,-,A,D,0,NA,NA,NA,NA,Y,NA,D,22,0,0,1,0,0,0,0,0,0,-,-,NA,NA,LOS ANGELES,LOS ANGELES,-118.434485,34.12276167
7075377,2015,2015-10-14,1942,2015-09-15,1830,38273,0941,2,5,7,1942,0,0,0,I,0,9T53,KESTER AV,OXNARD ST,500,N,N,A,-,N,NA,NA,NA,NA,NA,NA,NA,NA,NA,N,4,0,1,2,A,-,04,21703,NA,N,C,C,A,A,H,-,C,D,0,NA,NA,NA,Y,Y,NA,F,26,0,0,1,0,0,0,0,0,0,-,-,NA,NA,LOS ANGELES,LOS ANGELES,-118.45743,34.18076085
7075381,2015,2015-10-14,1942,2015-09-09,1040,33504,1752,3,5,7,1942,0,0,0,Q,0,9TL57,DE SOTO AV,VINTAGE ST,64,S,N,A,-,N,NA,NA,NA,NA,NA,NA,NA,NA,NA,Y,4,0,1,3,A,-,07,21658,A,F,B,C,A,A,H,-,A,D,0,NA,NA,NA,Y,Y,NA,G,27,0,0,1,0,0,0,0,0,0,-,-,NA,NA,LOS ANGELES,LOS ANGELES,-118.58856634,34.25164446
7075385,2015,2015-10-03,1942,2015-09-16,1820,34561,1611,3,5,7,1942,0,0,0,P,0,16T23,SAN FERNANDO RD,DESMOND ST,0,NA,Y,A,-,N,NA,NA,NA,NA,NA,NA,NA,NA,NA,Y,4,0,2,2,A,-,01,23152,A,F,D,C,A,A,H,-,A,A,0,NA,NA,NA,NA,Y,Y,D,22,0,0,2,0,0,0,0,0,0,-,-,NA,NA,LOS ANGELES,LOS ANGELES,-118.43094001,34.27444004
7075389,2015,2015-10-03,1942,2015-09-05,1935,31652,0919,6,5,7,1942,0,0,0,I,0,19T73,WOODMAN AV,WYANDOTTE ST,175,S,N,A,-,N,NA,NA,NA,NA,NA,NA,NA,NA,NA,Y,3,0,2,2,A,-,09,21804,A,N,D,C,A,A,H,-,C,D,0,NA,NA,NA,NA,Y,NA,D,22,0,1,1,0,0,0,0,0,0,-,-,NA,NA,LOS ANGELES,LOS ANGELES,-118.43125986,34.20258
7075393,2015,2015-10-03,1942,2015-09-09,0735,38326,0946,3,5,7,1942,0,0,0,I,0,157L43,BURBANK BL,RANCHITO AV,6,N,N,A,-,N,NA,NA,NA,NA,NA,NA,NA,NA,NA,N,4,0,1,2,A,-,09,21804,A,N,D,G,A,A,H,-,A,A,0,NA,Y,NA,NA,Y,NA,L,04,0,0,1,0,0,0,1,0,0,-,-,NA,NA,LOS ANGELES,LOS ANGELES,-118.43563,34.17212
7075396,2015,2015-10-31,1934,2015-06-01,0227,778,1934,1,5,1,1934,0,0,0,NA,0,001,ARROW HWY,AVENIDA BARBOSA,136,E,N,A,-,N,NA,NA,NA,NA,NA,NA,NA,NA,NA,Y,3,0,1,1,A,-,07,21658,A,N,E,I,A,A,H,-,C,D,0,NA,NA,NA,NA,Y,NA,A,01,0,1,0,0,0,0,0,0,0,-,-,NA,NA,LOS ANGELES,IRWINDALE,-117.98239806,34.114312580000004
7075397,2015,2015-10-03,1942,2015-09-09,0820,38349,0915,3,5,7,1942,0,0,0,I,0,10TL35,VAN NUYS BL,VANOWEN ST,45,N,N,A,-,N,NA,NA,NA,NA,NA,NA,NA,NA,NA,Y,3,0,1,2,A,-,09,21804,NA,N,D,G,A,A,H,-,A,-,0,NA,Y,NA,NA,Y,NA,D,22,0,1,0,0,0,0,1,0,0,-,-,NA,NA,LOS ANGELES,LOS ANGELES,-118.44874,34.19403343
7075401,2015,2015-10-03,1942,2015-09-07,1635,34599,0914,1,5,7,1942,0,0,0,I,0,10TL38,VANOWEN ST,KESTER AV,0,NA,Y,A,-,N,NA,NA,NA,NA,NA,NA,NA,NA,NA,N,4,0,3,2,A,-,09,21801,A,N,A,C,A,A,H,-,A,A,0,NA,NA,NA,NA,Y,NA,D,22,0,0,3,0,0,0,0,0,0,-,-,NA,NA,LOS ANGELES,LOS ANGELES,-118.45744003,34.19392004
7075422,2015,2015-10-03,1942,2015-09-16,1811,40506,2023,3,5,7,1942,0,0,0,NA,0,20A88,3RD ST,HARVARD BL,0,NA,Y,A,-,N,NA,NA,NA,NA,NA,NA,NA,NA,NA,N,4,0,1,2,A,-,09,21801,A,N,B,C,A,A,H,-,A,D,0,NA,NA,NA,NA,Y,NA,D,22,0,0,1,0,0,0,0,0,0,-,-,NA,NA,LOS ANGELES,LOS ANGELES,-118.30415011,34.0690001
7075426,2015,2015-10-03,1942,2015-09-16,1410,37715,0759,3,5,7,1942,0,0,0,G,0,8T26W4,PICO BL,CRENSHAW BL,30,W,N,A,-,N,NA,NA,NA,NA,NA,NA,NA,NA,NA,Y,4,0,3,4,A,-,03,22350,NA,F,A,C,A,A,H,-,A,A,0,NA,NA,NA,NA,Y,NA,-,99,0,0,3,0,0,0,0,0,0,-,-,NA,NA,LOS ANGELES,LOS ANGELES,-118.32679822,34.04783921
7075443,2015,2015-10-08,1900,2015-09-16,1200,525042,2221,3,5,3,1994,0,0,0,NA,0,222T1,KANAN RD,CANWOOD ST,0,NA,Y,A,-,N,NA,NA,NA,NA,NA,NA,NA,NA,NA,Y,4,0,1,2,A,-,12,21453,A,N,D,C,A,A,H,-,A,A,0,NA,NA,NA,NA,Y,NA,A,08,0,0,1,0,0,0,0,0,0,-,-,NA,NA,LOS ANGELES,AGOURA HILLS,-118.76108011,34.14698002
7075445,2015,2015-10-12,1975,2015-08-28,1344,671,NA,5,5,6,1975,0,0,0,NA,0,005,SOUTH AZUSA AV,S AZUSA AV 2453,0,NA,N,A,-,N,NA,NA,NA,NA,NA,NA,NA,NA,NA,Y,4,0,1,2,A,-,03,22350,NA,N,D,C,A,A,H,-,A,D,0,NA,NA,NA,NA,Y,NA,-,NA,0,0,1,0,0,0,0,0,0,-,-,NA,NA,LOS ANGELES,WEST COVINA,-117.914526,34.032008
7075447,2015,2016-12-22,1900,2015-09-19,2305,507736,1012,6,5,3,1995,0,0,0,NA,0,101A,RT 1,WESTWARD BEACH RD,528,S,N,A,-,Y,LA,7,1,-,-,54.81,H,-,S,Y,3,0,2,2,A,-,08,22102,NA,N,D,C,A,A,H,-,C,D,0,NA,NA,NA,NA,Y,NA,D,22,0,1,1,0,0,0,0,0,0,-,-,NA,NA,LOS ANGELES,MALIBU,-118.81492741,34.01815585
7075461,2015,2015-10-17,1975,2015-09-09,0952,353,NA,3,5,6,1975,0,0,0,NA,0,001,SAN BERNARDINO RD,AZUSA CANYON RD,21,E,N,A,-,N,NA,NA,NA,NA,NA,NA,NA,NA,NA,Y,4,0,1,2,A,-,03,22350,NA,N,C,C,A,A,H,-,A,A,0,NA,NA,NA,NA,Y,NA,A,07,0,0,1,0,0,0,0,0,0,-,-,NA,NA,LOS ANGELES,WEST COVINA,-117.9430109,34.09012692
7075478,2015,2015-10-17,1931,2015-09-16,1841,5277,NA,3,5,5,1931,0,0,0,NA,0,NA,NEWELL ST,GAGE ST,3456,N,N,A,-,N,NA,NA,NA,NA,NA,NA,NA,NA,NA,N,3,0,1,4,A,-,08,22107,NA,M,C,E,A,A,H,-,B,D,0,NA,NA,NA,NA,Y,NA,A,01,0,1,0,0,0,0,0,0,0,-,-,NA,NA,LOS ANGELES,HUNTINGTON PARK,-118.20853,33.98354
7075587,2015,2017-01-21,9530,2015-08-25,1550,020930,NA,2,2,7,1942,0,1,1,NA,2,110,RT 110,ROSECRANS AV,300,N,N,A,-,Y,LA,7,110,-,-,11.95,H,-,S,Y,4,0,1,4,A,-,03,22350,NA,M,C,C,A,A,H,-,A,D,1,NA,NA,NA,NA,Y,NA,-,99,0,0,1,0,0,0,0,0,0,-,-,33.9078,-118.2868,LOS ANGELES,LOS ANGELES,-118.28673787,33.90298877
7075681,2015,2017-01-09,9530,2015-09-10,0915,20956,NA,4,1,6,1972,0,1,1,NA,2,400,RT 405,ARTESIA BL,1056,N,N,B,-,Y,LA,7,405,-,-,16.8,H,-,N,Y,4,0,1,2,A,-,03,22350,NA,N,C,C,A,A,H,-,A,D,1,NA,NA,NA,NA,Y,NA,A,01,0,0,1,0,0,0,0,0,0,-,-,33.52317,-118.20387,LOS ANGELES,TORRANCE,-118.34406271,33.87569228
7075683,2015,2017-01-21,9530,2015-09-09,0730,020956,NA,3,1,7,1942,0,1,1,NA,2,110,RT 110,RT 91,1056,N,N,A,-,Y,LA,7,110,-,-,10.09,H,-,N,Y,4,0,1,2,A,-,03,22350,NA,N,C,C,A,A,H,-,A,D,1,NA,NA,NA,NA,Y,Y,A,01,0,0,1,0,0,0,0,0,0,-,-,33.52351,-118.17519,LOS ANGELES,LOS ANGELES,-118.28482629,33.87597948
7075740,2015,2017-01-14,9530,2015-09-08,1015,20956,NA,2,1,7,1942,0,1,1,NA,2,200,RT 105,VERMONT AV,350,E,N,A,-,Y,LA,7,105,-,R,6.83,H,-,W,N,4,0,1,2,A,-,03,22350,NA,N,C,C,A,A,H,-,A,D,1,NA,NA,NA,NA,Y,NA,A,01,0,0,1,0,0,0,0,0,0,-,-,33.55438,-118.17251,LOS ANGELES,LOS ANGELES,-118.29035331,33.92889014
7075750,2015,2017-01-23,9530,2015-09-02,1617,18278,NA,3,2,5,1943,0,1,1,NA,2,210,RT 105,GERTRUDE AV,220,E,N,A,-,Y,LA,7,105,-,-,12.36,H,-,W,Y,3,0,1,2,A,-,07,21658,A,N,C,C,A,A,-,-,A,D,6,NA,NA,Y,NA,Y,NA,-,99,0,1,0,0,0,0,0,0,1,-,-,33.92021,-118.199,LOS ANGELES,LYNWOOD,-118.19732273,33.91952404
7075768,2015,2016-01-20,9530,2015-09-17,1415,20930,NA,4,2,9,1900,0,3,5,NA,2,006,VERMONT AV,SEPULVEDA BL,5,S,N,A,-,N,NA,NA,NA,NA,NA,NA,NA,NA,NA,N,4,0,2,3,A,-,03,22350,NA,N,C,C,A,A,H,-,A,D,0,NA,NA,NA,NA,Y,NA,A,01,0,0,2,0,0,0,0,0,0,-,-,33.81,-118.2905,LOS ANGELES,UNINCORPORATED,-118.29041,33.81024629
7075828,2015,2016-01-20,9530,2015-09-04,0715,18745,NA,5,1,9,1900,0,3,5,NA,2,004,E ANA ST,REYES AV,1114,E,N,B,-,N,NA,NA,NA,NA,NA,NA,NA,NA,NA,N,4,0,2,2,A,-,08,22102,NA,N,D,C,A,A,H,-,A,D,0,NA,NA,NA,NA,Y,NA,A,01,0,0,2,0,0,0,0,0,0,-,-,33.86118,-118.20824,LOS ANGELES,UNINCORPORATED,-118.20852493,33.86107827
7075873,2015,2017-01-04,1976,2015-09-11,1433,279,1976,5,5,5,1976,0,0,0,NA,0,002,PICKERING AV,WHITTIER BL,12,N,N,A,-,Y,LA,7,72,-,-,4.28,I,6,N,Y,4,0,1,2,A,-,03,22350,NA,N,C,C,A,A,H,-,A,A,0,NA,NA,NA,NA,Y,NA,A,01,0,0,1,0,0,0,0,0,0,-,-,NA,NA,LOS ANGELES,WHITTIER,-118.04160557,33.96818243
7075877,2015,2015-10-06,1976,2015-09-08,0917,862,NA,2,5,5,1976,0,0,0,NA,0,001,BEVERLY BL,PALM AV,195,W,N,A,-,N,NA,NA,NA,NA,NA,NA,NA,NA,NA,N,3,0,1,2,A,-,11,21955,NA,N,G,B,D,A,H,-,A,A,0,Y,NA,NA,NA,Y,NA,N,60,0,1,0,0,1,0,0,0,0,-,-,NA,NA,LOS ANGELES,WHITTIER,-118.05471258,33.99770551
7075893,2015,2015-10-07,1976,2015-09-09,0738,590,NA,3,5,5,1976,0,0,0,NA,0,NA,MILLS AV,CARNELL ST,160,S,N,A,-,N,NA,NA,NA,NA,NA,NA,NA,NA,NA,Y,4,0,2,3,A,-,03,22350,NA,N,C,C,A,A,H,-,A,D,0,NA,NA,NA,NA,Y,NA,A,01,0,0,2,0,0,0,0,0,0,-,-,NA,NA,LOS ANGELES,WHITTIER,-118.01736832,33.94746971
7075911,2015,2017-01-17,9535,2015-07-26,0005,20814,NA,7,3,5,1952,0,1,1,NA,2,105,RT 105,RT 710,1000,E,N,A,-,Y,LA,7,105,-,R,13.985,R,2,W,Y,4,0,1,1,A,-,08,22107,NA,N,E,I,A,A,H,-,C,D,7,NA,NA,NA,NA,Y,NA,A,08,0,0,1,0,0,0,0,0,0,TO,-,33.91181,-118.17459,LOS ANGELES,PARAMOUNT,-118.17111553,33.91125669
7075913,2015,2017-01-04,1976,2015-08-28,1456,509,NA,5,5,5,1976,0,0,0,NA,0,NA,WHITTIER BL,FRIENDS AV,30,W,N,A,-,Y,LA,7,72,-,-,3.73,H,-,S,N,4,0,1,3,A,-,03,22350,NA,N,C,C,A,A,H,-,A,A,0,NA,NA,NA,NA,Y,NA,A,01,0,0,1,0,0,0,0,0,0,-,-,NA,NA,LOS ANGELES,WHITTIER,-118.0338986,33.96373556
7075924,2015,2015-10-09,1972,2015-09-12,0710,16610,NA,6,5,6,1972,0,0,0,NA,0,NA,CRENSHAW BL,ROLLING HILLS RD,0,NA,Y,B,-,N,NA,NA,NA,NA,NA,NA,NA,NA,NA,Y,4,0,1,2,A,-,12,21453,A,N,D,C,A,A,H,-,A,A,0,NA,NA,NA,NA,Y,NA,-,-,0,0,1,0,0,0,0,0,0,-,-,NA,NA,LOS ANGELES,TORRANCE,-118.34080009,33.78838008
7075928,2015,2015-10-06,1972,2015-09-12,1539,18874,NA,6,5,6,1972,0,0,0,NA,0,NA,TORRANCE BL,HENRIETTA ST,0,NA,Y,B,-,N,NA,NA,NA,NA,NA,NA,NA,NA,NA,Y,4,0,2,2,A,-,12,21453,A,N,A,C,A,A,H,-,A,A,0,NA,NA,NA,NA,Y,NA,A,NA,0,0,2,0,0,0,0,0,0,-,-,NA,NA,LOS ANGELES,TORRANCE,-118.37110003,33.83757006
7075932,2015,2015-10-06,1972,2015-09-10,0753,18450,NA,4,5,6,1972,0,0,0,NA,0,NA,CRENSHAW BL,ARTESIA,550,S,N,A,-,N,NA,NA,NA,NA,NA,NA,NA,NA,NA,Y,4,0,2,2,A,-,09,21801,A,N,D,C,A,A,H,-,A,D,0,NA,NA,NA,NA,Y,NA,A,NA,0,0,2,0,0,0,0,0,0,-,-,NA,NA,LOS ANGELES,TORRANCE,-118.32649,33.87141152
7075936,2015,2015-10-06,1972,2015-09-10,1533,17649,NA,4,5,6,1972,0,0,0,NA,0,NA,REYNOLDS DR,TORRANCE BL,97,N,N,A,-,N,NA,NA,NA,NA,NA,NA,NA,NA,NA,Y,4,0,2,2,D,-,00,NA,NA,N,B,C,A,A,H,-,A,D,0,NA,NA,NA,NA,Y,NA,-,-,0,0,2,0,0,0,0,0,0,-,-,NA,NA,LOS ANGELES,TORRANCE,-118.36403,33.83783605
7075939,2015,2015-10-07,1902,2015-09-18,0800,699,12,5,5,5,1902,0,0,0,NA,0,003,HUNTINGTON DR,SANTA CLARA AV,0,NA,Y,A,-,N,NA,NA,NA,NA,NA,NA,NA,NA,NA,Y,4,0,1,2,D,-,00,NA,NA,N,A,C,A,A,H,-,A,A,0,NA,NA,NA,NA,Y,NA,-,-,0,0,1,0,0,0,0,0,0,-,-,NA,NA,LOS ANGELES,ARCADIA,-118.03526012,34.13999005
7075940,2015,2017-01-13,1972,2015-09-06,1253,17624,NA,7,5,6,1972,0,0,0,NA,0,NA,HAWTHORNE,HALISON,0,NA,Y,A,-,Y,LA,7,107,-,-,3.212,I,6,N,N,4,0,1,2,A,-,05,21202,A,N,D,G,A,A,H,-,A,A,0,NA,Y,NA,NA,Y,NA,L,NA,0,0,1,0,0,0,1,0,0,-,-,NA,NA,LOS ANGELES,TORRANCE,-118.3536053,33.85153107
7075943,2015,2015-10-07,1902,2015-09-15,1013,535,12,2,5,5,1902,0,0,0,NA,0,003,SANTA ANITA AV,COLORADO BL,0,NA,Y,B,-,N,NA,NA,NA,NA,NA,NA,NA,NA,NA,Y,3,0,2,2,A,-,09,21800,D,N,D,C,A,B,H,-,A,B,0,NA,NA,NA,NA,Y,NA,A,01,0,1,1,0,0,0,0,0,0,-,-,NA,NA,LOS ANGELES,ARCADIA,-118.03161002,34.14549003
7075944,2015,2015-10-06,1972,2015-09-09,1526,17649,NA,3,5,6,1972,0,0,0,NA,0,NA,MADRONA AV,SPENCER AV,0,NA,Y,A,-,N,NA,NA,NA,NA,NA,NA,NA,NA,NA,Y,4,0,1,1,A,-,08,22107,NA,N,E,J,A,A,H,-,A,A,0,NA,NA,NA,NA,Y,NA,A,NA,0,0,1,0,0,0,0,0,0,-,-,NA,NA,LOS ANGELES,TORRANCE,-118.34483004,33.84511006
7075948,2015,2016-12-22,1972,2015-09-14,0740,14197,NA,1,5,6,1972,0,0,0,NA,0,NA,WESTERN AV,235TH ST,0,NA,Y,A,-,Y,LA,7,213,-,-,6.699,I,5,S,Y,4,0,2,2,A,-,09,21802,A,N,D,C,A,A,H,-,A,A,0,NA,NA,NA,NA,Y,NA,A,NA,0,0,2,0,0,0,0,0,0,-,-,NA,NA,LOS ANGELES,TORRANCE,-118.30894959,33.81290074
7075952,2015,2015-10-06,1972,2015-09-13,0820,19323,NA,7,5,6,1972,0,0,0,NA,0,NA,ARLINGTON AV,POST AV,0,NA,Y,A,-,N,NA,NA,NA,NA,NA,NA,NA,NA,NA,N,4,0,1,2,A,-,12,22450,A,N,D,C,A,A,H,-,A,A,0,NA,NA,Y,NA,Y,NA,C,NA,0,0,1,0,0,0,0,0,1,-,-,NA,NA,LOS ANGELES,TORRANCE,-118.31963006,33.83366001