CASE_ID,ACCIDENT_YEAR,PROC_DATE,JURIS,COLLISION_DATE,COLLISION_TIME,OFFICER_ID,REPORTING_DISTRICT,DAY_OF_WEEK,CHP_SHIFT,POPULATION,CNTY_CITY_LOC,SPECIAL_COND,BEAT_TYPE,CHP_BEAT_TYPE,CITY_DIVISION_LAPD,CHP_BEAT_CLASS,BEAT_NUMBER,PRIMARY_RD,SECONDARY_RD,DISTANCE,DIRECTION,INTERSECTION,WEATHER_1,WEATHER_2,STATE_HWY_IND,CALTRANS_COUNTY,CALTRANS_DISTRICT,STATE_ROUTE,ROUTE_SUFFIX,POSTMILE_PREFIX,POSTMILE,LOCATION_TYPE,RAMP_INTERSECTION,SIDE_OF_HWY,TOW_AWAY,COLLISION_SEVERITY,NUMBER_KILLED,NUMBER_INJURED,PARTY_COUNT,PRIMARY_COLL_FACTOR,PCF_CODE_OF_VIOL,PCF_VIOL_CATEGORY,PCF_VIOLATION,PCF_VIOL_SUBSECTION,HIT_AND_RUN,TYPE_OF_COLLISION,MVIW,PED_ACTION,ROAD_SURFACE,ROAD_COND_1,ROAD_COND_2,LIGHTING,CONTROL_DEVICE,CHP_ROAD_TYPE,PEDESTRIAN_ACCIDENT,BICYCLE_ACCIDENT,MOTORCYCLE_ACCIDENT,TRUCK_ACCIDENT,NOT_PRIVATE_PROPERTY,ALCOHOL_INVOLVED,STWD_VEHTYPE_AT_FAULT,CHP_VEHTYPE_AT_FAULT,COUNT_SEVERE_INJ,COUNT_VISIBLE_INJ,COUNT_COMPLAINT_PAIN,COUNT_PED_KILLED,COUNT_PED_INJURED,COUNT_BICYCLIST_KILLED,COUNT_BICYCLIST_INJURED,COUNT_MC_KILLED,COUNT_MC_INJURED,PRIMARY_RAMP,SECONDARY_RAMP,LATITUDE,LONGITUDE,COUNTY,CITY,POINT_X,POINT_Y
7078574,2015,2015-09-28,1900,2015-09-13,0700,516691,2846,7,5,5,1915,0,0,0,NA,0,2SZT1,COMPTON BL,BULLIS RD,0,NA,Y,A,-,N,NA,NA,NA,NA,NA,NA,NA,NA,NA,N,3,0,2,2,A,-,09,21801,A,N,A,C,A,A,H,-,A,A,0,NA,NA,NA,NA,Y,NA,A,07,0,1,1,0,0,0,0,0,0,-,-,NA,NA,LOS ANGELES,COMPTON,-118.20660002,33.89602005
7078576,2015,2015-09-25,1942,2015-09-03,1855,37908,0456,4,5,7,1942,0,0,0,D,0,4A3,CITY VIEW AV,SOTO ST,0,NA,Y,A,-,N,NA,NA,NA,NA,NA,NA,NA,NA,NA,Y,3,0,2,2,A,-,09,21801,A,N,-,C,A,A,H,-,A,D,0,NA,NA,NA,NA,Y,NA,A,01,0,1,1,0,0,0,0,0,0,-,-,NA,NA,LOS ANGELES,LOS ANGELES,-118.20535006,34.05068005
7078579,2015,2015-09-25,1941,2015-09-09,1230,5695,NA,3,5,7,1941,0,0,0,NA,0,NA,BELLFLOWER BL,ATHERTON ST,0,NA,Y,A,-,N,NA,NA,NA,NA,NA,NA,NA,NA,NA,N,4,0,1,2,A,-,03,22350,NA,N,C,C,A,A,H,-,A,A,0,NA,NA,NA,NA,Y,Y,A,NA,0,0,1,0,0,0,0,0,0,-,-,NA,NA,LOS ANGELES,LONG BEACH,-118.12471012,33.78850001
7078580,2015,2015-09-24,1942,2015-09-04,1820,36607,0519,5,5,7,1942,0,0,0,E,0,3TL5,ALAMEDA ST,YOUNG ST,70,N,N,A,-,N,NA,NA,NA,NA,NA,NA,NA,NA,NA,Y,2,0,1,1,A,-,03,22350,NA,N,E,I,A,A,H,-,A,D,0,NA,NA,Y,NA,Y,NA,C,02,1,0,0,0,0,0,0,0,1,-,-,NA,NA,LOS ANGELES,LOS ANGELES,-118.24255598,33.7866666
7078582,2015,2015-09-24,1900,2015-09-08,1100,516691,2821,2,5,5,1915,0,0,0,NA,0,282T1,OAKS ST,ALAMEDA ST,123,E,N,A,-,N,NA,NA,NA,NA,NA,NA,NA,NA,NA,Y,4,0,1,1,A,-,08,22107,NA,N,A,I,A,A,H,-,A,A,0,NA,NA,NA,NA,Y,NA,A,01,0,0,1,0,0,0,0,0,0,-,-,NA,NA,LOS ANGELES,COMPTON,-118.2215292,33.90906588
7078584,2015,2017-01-28,1942,2015-09-14,0755,36571,503,1,5,7,1942,0,0,0,NA,0,3TL5,PACIFIC COAST HWY,MCCOY AV,75,E,N,A,-,Y,LA,7,1,-,-,12.06,H,-,N,Y,3,0,1,3,A,-,03,22350,NA,F,C,C,A,A,H,-,A,D,0,NA,NA,NA,NA,Y,NA,-,99,0,1,0,0,0,0,0,0,0,-,-,NA,NA,LOS ANGELES,LOS ANGELES,-118.28984575,33.79105973
7078588,2015,2017-01-28,1942,2015-09-01,1650,41059,0513,2,5,7,1942,0,0,0,E,0,3T57,PACIFIC COAST HWY,VERMONT,35,E,N,A,-,Y,LA,7,1,-,-,12.16,H,-,N,N,4,0,1,2,A,-,03,22350,NA,F,C,C,A,A,H,-,A,D,0,NA,NA,NA,NA,Y,NA,-,99,0,0,1,0,0,0,0,0,0,-,-,NA,NA,LOS ANGELES,LOS ANGELES,-118.29156056,33.79106393
7078592,2015,2015-09-24,1942,2015-09-05,1345,40476,0358,6,5,7,1942,0,0,0,C,0,12T41,VERMONT AV,37TH PL,50,N,N,A,-,N,NA,NA,NA,NA,NA,NA,NA,NA,NA,Y,4,0,2,2,A,-,03,22350,NA,N,C,C,A,A,H,-,A,A,0,NA,NA,NA,NA,Y,NA,A,01,0,0,2,0,0,0,0,0,0,-,-,NA,NA,LOS ANGELES,LOS ANGELES,-118.29153,34.02011713
7078596,2015,2015-09-24,1942,2015-09-04,2310,33599,0332,5,5,7,1942,0,0,0,C,0,12T41,JEFFERSON BL,WEST BL,0,NA,Y,A,-,N,NA,NA,NA,NA,NA,NA,NA,NA,NA,Y,3,0,1,2,A,-,09,21802,A,N,D,C,A,A,H,-,C,A,0,NA,NA,NA,NA,Y,NA,A,01,0,1,0,0,0,0,0,0,0,-,-,NA,NA,LOS ANGELES,LOS ANGELES,-118.34171008,34.02556002
7078599,2015,2015-09-25,1942,2015-09-05,1405,40643,0488,6,5,7,1942,0,0,0,D,0,1TL24,S LORENA ST,8TH ST,20,N,N,A,-,N,NA,NA,NA,NA,NA,NA,NA,NA,NA,N,3,0,1,2,A,-,10,21950,A,N,D,B,B,A,H,-,A,A,0,Y,NA,NA,NA,Y,NA,A,01,0,1,0,0,1,0,0,0,0,-,-,NA,NA,LOS ANGELES,LOS ANGELES,-118.20480056,34.02162906
7078600,2015,2015-09-24,1942,2015-09-07,0545,26101,312,1,5,7,1942,0,0,0,NA,0,18T23,LA BREA AV,WESTHAVEN ST,20,N,N,A,-,N,NA,NA,NA,NA,NA,NA,NA,NA,NA,Y,3,0,1,1,A,-,03,22350,NA,N,E,I,A,A,H,-,B,D,0,NA,NA,NA,NA,Y,NA,A,01,0,1,0,0,0,0,0,0,0,-,-,NA,NA,LOS ANGELES,LOS ANGELES,-118.3525895,34.02884213
7078602,2015,2015-09-28,1956,2015-09-08,0725,1236,19,2,5,5,1956,0,0,0,NA,0,002,EMERALD ST,JUANITA AV,0,NA,Y,A,-,N,NA,NA,NA,NA,NA,NA,NA,NA,NA,N,3,0,1,2,D,-,00,NA,NA,N,G,B,B,A,H,-,A,D,0,Y,NA,NA,NA,Y,NA,-,-,0,1,0,0,1,0,0,0,0,-,-,NA,NA,LOS ANGELES,REDONDO BEACH,-118.37912009,33.84244012
7078603,2015,2015-09-25,1942,2015-09-03,1440,37225,0191,4,5,7,1942,0,0,0,A,0,1TL24,VENICE BL,FIGUEROA ST,0,NA,Y,A,-,N,NA,NA,NA,NA,NA,NA,NA,NA,NA,N,4,0,2,2,A,-,09,21801,A,F,A,C,A,A,H,-,A,A,0,NA,NA,NA,NA,Y,NA,-,99,0,0,2,0,0,0,0,0,0,-,-,NA,NA,LOS ANGELES,LOS ANGELES,-118.27005001,34.0375101
7078604,2015,2015-09-24,1942,2015-09-05,2030,40003,0357,6,5,7,1942,0,0,0,C,0,12T73,JEFFERSON BL,CATALINA ST,0,NA,Y,A,-,N,NA,NA,NA,NA,NA,NA,NA,NA,NA,Y,3,0,1,2,A,-,09,21804,A,N,H,G,A,A,H,-,C,A,0,NA,Y,NA,NA,Y,NA,L,04,0,1,0,0,0,0,1,0,0,-,-,NA,NA,LOS ANGELES,LOS ANGELES,-118.29370012,34.02551005
7078607,2015,2015-09-25,1942,2015-09-03,0525,31324,0449,4,5,7,1942,0,0,0,D,0,13TL22,FICKETT ST,MARENGO ST,0,NA,Y,B,-,N,NA,NA,NA,NA,NA,NA,NA,NA,NA,N,4,0,1,2,A,-,09,21802,A,N,D,C,A,A,H,-,B,A,0,NA,NA,NA,NA,Y,NA,A,01,0,0,1,0,0,0,0,0,0,-,-,NA,NA,LOS ANGELES,LOS ANGELES,-118.2007501,34.05436004
7078608,2015,2015-09-24,1942,2015-09-06,1425,37807,0311,7,5,7,1942,0,0,0,C,0,3TL5,ADAMS BL,CLYDE AV,150,W,N,A,-,N,NA,NA,NA,NA,NA,NA,NA,NA,NA,Y,4,0,1,2,A,-,03,22350,NA,N,C,C,A,A,H,-,A,D,0,NA,NA,NA,NA,Y,NA,A,07,0,0,1,0,0,0,0,0,0,-,-,NA,NA,LOS ANGELES,LOS ANGELES,-118.36745416,34.03245
7078609,2015,2015-09-24,1956,2015-09-13,2024,1270,39,7,5,5,1956,0,0,0,NA,0,003,190TH ST,FLAGLER LN,0,NA,Y,A,-,N,NA,NA,NA,NA,NA,NA,NA,NA,NA,N,4,0,1,2,A,-,09,21802,A,N,D,C,A,A,H,-,C,A,0,NA,NA,NA,NA,Y,NA,A,01,0,0,1,0,0,0,0,0,0,-,-,NA,NA,LOS ANGELES,REDONDO BEACH,-118.37898006,33.85833005
7078610,2015,2015-09-28,1956,2015-09-01,1310,1192,26,2,5,5,1956,0,0,0,NA,0,002,DEL AMO BL,PROSPECT AV,0,NA,Y,A,-,N,NA,NA,NA,NA,NA,NA,NA,NA,NA,N,4,0,1,2,A,-,09,21801,A,N,D,C,A,A,H,-,A,A,0,NA,NA,NA,NA,Y,NA,A,01,0,0,1,0,0,0,0,0,0,-,-,NA,NA,LOS ANGELES,REDONDO BEACH,-118.37755001,33.84848002
7078611,2015,2015-09-25,1942,2015-09-05,1940,36023,0423,6,5,7,1942,0,0,0,D,0,13T53,MARENGO ST,MARK ST,56,E,N,A,-,N,NA,NA,NA,NA,NA,NA,NA,NA,NA,Y,3,0,2,4,A,-,07,21658,NA,N,B,B,E,A,H,-,C,D,0,Y,NA,NA,NA,Y,NA,A,01,0,2,0,0,2,0,0,0,0,-,-,NA,NA,LOS ANGELES,LOS ANGELES,-118.21169596,34.0584897
7078612,2015,2015-09-24,1942,2015-09-07,2035,35936,0396,1,5,7,1942,0,0,0,C,0,3T5,VERMONT AV,VERNON AV,0,NA,Y,B,-,N,NA,NA,NA,NA,NA,NA,NA,NA,NA,Y,3,0,2,2,A,-,09,21801,A,N,D,C,A,A,H,-,C,A,0,NA,NA,NA,NA,Y,NA,A,01,0,1,1,0,0,0,0,0,0,-,-,NA,NA,LOS ANGELES,LOS ANGELES,-118.29157008,34.00368009
7078614,2015,2015-09-28,1942,2015-09-09,1330,37705,0477,3,5,7,1942,0,0,0,D,0,11T25,SOTO ST,7TH ST,105,N,N,A,-,N,NA,NA,NA,NA,NA,NA,NA,NA,NA,Y,4,0,2,3,A,-,21,22106,NA,N,B,C,A,A,H,-,A,D,0,NA,NA,NA,NA,Y,NA,A,01,0,0,2,0,0,0,0,0,0,-,-,NA,NA,LOS ANGELES,LOS ANGELES,-118.2168223,34.03255627
7078615,2015,2015-09-25,1942,2015-09-13,1630,36023,NA,7,5,7,1942,0,0,0,NA,0,11TL32,12TH ST,LOS ANGELES ST,0,NA,Y,A,-,N,NA,NA,NA,NA,NA,NA,NA,NA,NA,Y,3,0,4,2,A,-,12,21453,A,F,D,C,A,-,H,-,A,A,0,NA,NA,NA,NA,Y,NA,-,99,0,1,3,0,0,0,0,0,0,-,-,NA,NA,LOS ANGELES,LOS ANGELES,-118.25834012,34.03693001
7078616,2015,2015-09-24,1942,2015-09-09,0830,38707,0378,3,5,7,1942,0,0,0,C,0,3T5,SOUTH PARK DR,BILL ROBERTSON LN,61,E,N,A,-,N,NA,NA,NA,NA,NA,NA,NA,NA,NA,N,3,0,2,3,A,-,11,21954,A,N,G,B,D,A,H,-,A,D,0,Y,NA,NA,NA,Y,NA,N,60,0,2,0,0,2,0,0,0,0,-,-,NA,NA,LOS ANGELES,LOS ANGELES,NA,NA
7078618,2015,2017-01-28,1942,2015-09-08,1400,38352,0471,2,5,7,1942,0,0,0,D,0,2TL28,7TH ST,RT 5,0,NA,Y,A,-,Y,LA,7,5,-,R,16.485,R,4,S,Y,3,0,1,1,A,-,03,22350,NA,N,E,I,A,A,H,-,A,D,0,NA,NA,NA,NA,Y,NA,-,NA,0,1,0,0,0,0,0,0,0,-,NF,NA,NA,LOS ANGELES,LOS ANGELES,-118.21628761,34.02985646
7078619,2015,2015-09-25,1942,2015-09-04,0950,40008,0417,5,5,7,1942,0,0,0,D,0,13TL55,RADIUM DR,HUNTINGTON DR,100,E,N,A,-,N,NA,NA,NA,NA,NA,NA,NA,NA,NA,Y,4,0,2,2,A,-,21,22106,NA,N,C,E,A,A,H,-,A,D,0,NA,NA,NA,NA,Y,NA,A,01,0,0,2,0,0,0,0,0,0,-,-,NA,NA,LOS ANGELES,LOS ANGELES,-118.19356,34.07909
7078623,2015,2015-09-25,1942,2015-09-05,2040,41978,0439,6,5,7,1942,0,0,0,D,0,4A58,MARIANNA AV,WORTH ST,60,N,N,A,-,N,NA,NA,NA,NA,NA,NA,NA,NA,NA,Y,3,0,2,2,A,-,08,22101,D,N,D,C,A,A,G,-,C,D,0,NA,NA,NA,NA,Y,NA,-,NA,0,2,0,0,0,0,0,0,0,-,-,NA,NA,LOS ANGELES,LOS ANGELES,-118.17910049,34.06243365
7078624,2015,2015-09-24,1942,2015-09-02,1820,40440,0397,3,5,7,1942,0,0,0,C,0,3T57,NORMANDIE AV,39TH PL,50,S,N,A,-,N,NA,NA,NA,NA,NA,NA,NA,NA,NA,Y,3,0,2,4,A,-,00,12500,A,N,B,E,A,A,H,-,A,D,0,NA,NA,NA,NA,Y,NA,A,07,0,1,1,0,0,0,0,0,0,-,-,NA,NA,LOS ANGELES,LOS ANGELES,-118.30018,34.01401287
7078627,2015,2016-07-20,1942,2015-09-02,2140,41675,1942,3,5,7,1942,0,0,0,NA,0,4A15W3,MONTEREY RD,HUNTINGTON DR N,0,NA,Y,A,-,N,NA,NA,NA,NA,NA,NA,NA,NA,NA,Y,4,0,1,1,A,-,03,22350,NA,N,B,I,A,A,H,-,C,D,0,NA,NA,NA,NA,Y,NA,-,NA,0,0,1,0,0,0,0,0,0,-,-,NA,NA,LOS ANGELES,LOS ANGELES,-118.18750002,34.08622007
7078628,2015,2015-09-24,1942,2015-09-03,2035,36607,0333,4,5,7,1942,0,0,0,C,0,3T5,CRENSHAW BL,30TH ST,230,N,N,A,-,N,NA,NA,NA,NA,NA,NA,NA,NA,NA,Y,4,0,2,2,A,-,09,21804,A,N,D,C,A,A,H,-,C,D,0,NA,NA,NA,NA,Y,NA,A,07,0,0,2,0,0,0,0,0,0,-,-,NA,NA,LOS ANGELES,LOS ANGELES,-118.335095,34.028249
7078631,2015,2015-09-25,1942,2015-09-06,1655,40643,0438,7,5,7,1942,0,0,0,D,0,1TL24,VALLEY BL,BULLARD AV,100,E,N,A,-,N,NA,NA,NA,NA,NA,NA,NA,NA,NA,Y,3,0,2,2,A,-,09,21804,A,N,D,C,A,A,H,-,A,D,0,NA,NA,NA,NA,Y,NA,A,01,0,1,1,0,0,0,0,0,0,-,-,NA,NA,LOS ANGELES,LOS ANGELES,-118.16685092,34.07457636
7078632,2015,2015-09-24,1942,2015-09-01,1340,37724,0357,2,5,7,1942,0,0,0,C,0,3T57,JEFFERSON BL,NORMANDIE AV,0,NA,Y,A,-,N,NA,NA,NA,NA,NA,NA,NA,NA,NA,Y,4,0,1,3,A,-,12,21453,A,F,D,C,A,A,H,-,A,A,0,NA,NA,NA,NA,Y,NA,-,99,0,0,1,0,0,0,0,0,0,-,-,NA,NA,LOS ANGELES,LOS ANGELES,-118.30023005,34.02551
7078635,2015,2015-09-25,1942,2015-09-07,1435,34458,0497,1,5,7,1942,0,0,0,D,0,4TL4,OLYMPIC BL,GRANDE VISTA AV,32,W,N,A,-,N,NA,NA,NA,NA,NA,NA,NA,NA,NA,N,4,0,4,2,C,-,18,NA,NA,N,D,C,A,A,H,-,A,D,0,NA,NA,NA,NA,Y,NA,-,-,0,0,4,0,0,0,0,0,0,-,-,NA,NA,LOS ANGELES,LOS ANGELES,-118.21056229,34.02017236
7078636,2015,2015-09-24,1942,2015-09-01,1740,40003,0312,2,5,7,1942,0,0,0,C,0,12273,JEFFERSON BL,ORANGE DR,0,NA,Y,A,-,N,NA,NA,NA,NA,NA,NA,NA,NA,NA,N,3,0,1,2,A,-,09,21804,A,F,H,G,A,A,H,-,A,D,0,NA,Y,NA,NA,Y,NA,L,04,0,1,0,0,0,0,1,0,0,-,-,NA,NA,LOS ANGELES,LOS ANGELES,-118.35601013,34.02551005
7078637,2015,2017-01-13,1956,2015-09-06,1308,1249,68,7,5,5,1956,0,0,0,NA,0,005,RT 107,182ND ST,75,N,N,A,-,Y,LA,7,107,-,-,4.2,H,-,S,N,4,0,2,2,A,-,17,22109,NA,N,C,C,A,A,H,-,A,A,0,NA,NA,NA,NA,Y,NA,A,01,0,0,2,0,0,0,0,0,0,-,-,NA,NA,LOS ANGELES,REDONDO BEACH,-118.35266103,33.86566279
7078639,2015,2015-09-25,1942,2015-09-07,1335,31152,0457,1,5,7,1942,0,0,0,D,0,11TL25,MOTT ST,CESAR CHAVEZ AV,0,NA,Y,A,-,N,NA,NA,NA,NA,NA,NA,NA,NA,NA,N,3,0,2,2,A,-,12,21453,A,N,D,C,A,A,H,-,A,A,0,NA,NA,NA,NA,Y,NA,A,08,0,1,1,0,0,0,0,0,0,-,-,NA,NA,LOS ANGELES,LOS ANGELES,-118.20407,34.04518
7078640,2015,2015-09-24,1942,2015-09-06,1340,38627,0567,7,5,7,1942,0,0,0,E,0,5A59,PACIFIC AV,20TH ST,0,NA,Y,A,-,N,NA,NA,NA,NA,NA,NA,NA,NA,NA,Y,3,0,5,4,A,-,01,23152,A,N,A,B,B,A,H,-,A,D,0,Y,NA,NA,NA,Y,Y,A,07,0,4,1,0,1,0,0,0,0,-,-,NA,NA,LOS ANGELES,LOS ANGELES,-118.47051007,33.98557009
7078641,2015,2015-09-24,1942,2015-09-08,0720,37411,0336,2,5,7,1942,0,0,0,C,0,3A99,WESTERN AV,29TH PL,30,S,N,A,-,N,NA,NA,NA,NA,NA,NA,NA,NA,NA,N,4,0,1,2,A,-,03,22350,NA,F,C,C,A,A,H,-,A,A,0,NA,NA,NA,NA,Y,NA,-,99,0,0,1,0,0,0,0,0,0,-,-,NA,NA,LOS ANGELES,LOS ANGELES,-118.30893905,34.02816773
7078645,2015,2015-09-24,1953,2015-09-12,2153,1276,1953,6,5,6,1953,0,0,0,NA,0,00A,PASADENA AV,S PASADENA AV,0,NA,Y,A,-,N,NA,NA,NA,NA,NA,NA,NA,NA,NA,N,3,0,4,2,A,-,03,22350,NA,N,C,C,A,A,H,-,C,A,0,NA,NA,NA,NA,Y,NA,A,01,0,1,3,0,0,0,0,0,0,-,-,NA,NA,LOS ANGELES,PASADENA,-118.15416007,34.14575004
7078649,2015,2015-09-24,1953,2015-09-10,1127,1825,1953,4,5,6,1953,0,0,0,NA,0,001,BELLEVUE DR,FAIR OAKS AV,250,W,N,A,-,N,NA,NA,NA,NA,NA,NA,NA,NA,NA,Y,3,0,1,4,A,-,08,22107,NA,N,B,E,A,A,H,-,A,D,0,NA,NA,NA,NA,Y,NA,A,01,0,1,0,0,0,0,0,0,0,-,-,NA,NA,LOS ANGELES,PASADENA,-118.15041,34.13833
7078653,2015,2015-09-24,1953,2015-09-15,1747,5281,1953,2,5,6,1953,0,0,0,NA,0,005,LOS ROBLES AV,UNION ST,0,NA,Y,B,-,N,NA,NA,NA,NA,NA,NA,NA,NA,NA,Y,4,0,1,2,A,-,08,22100,B,N,B,C,A,A,H,-,B,A,0,NA,NA,NA,NA,Y,NA,A,01,0,0,1,0,0,0,0,0,0,-,-,NA,NA,LOS ANGELES,PASADENA,-118.14145007,34.14722005
7078657,2015,2015-09-24,1953,2015-09-15,0809,3775,NA,2,5,6,1953,0,0,0,NA,0,NA,ORANGE GROVE BL,MENTOR AV,0,NA,Y,C,-,N,NA,NA,NA,NA,NA,NA,NA,NA,NA,Y,3,0,1,4,A,-,09,21802,A,N,D,C,A,B,H,-,A,A,0,NA,NA,NA,NA,Y,NA,A,07,0,1,0,0,0,0,0,0,0,-,-,NA,NA,LOS ANGELES,PASADENA,-118.13096006,34.1577201
7078661,2015,2015-09-24,1953,2015-09-17,1903,7867,1953,4,5,6,1953,0,0,0,NA,0,005,HUDSON AV,COLORADO BL,75,N,N,A,-,N,NA,NA,NA,NA,NA,NA,NA,NA,NA,N,4,0,1,2,A,-,08,22100,B,N,D,C,A,A,H,-,C,D,0,NA,NA,NA,NA,Y,Y,-,NA,0,0,1,0,0,0,0,0,0,-,-,NA,NA,LOS ANGELES,PASADENA,-118.13389355,34.14609564
7078665,2015,2015-09-24,1953,2015-09-16,0650,3775,NA,3,5,6,1953,0,0,0,NA,0,NA,ALLEN AV,WASHINGTON BL,50,S,N,A,-,N,NA,NA,NA,NA,NA,NA,NA,NA,NA,N,4,0,1,2,A,-,10,21952,NA,N,D,B,F,A,H,-,A,A,0,Y,NA,NA,NA,Y,NA,A,01,0,0,1,0,1,0,0,0,0,-,-,NA,NA,LOS ANGELES,PASADENA,-118.11302583,34.16900298
7078685,2015,2015-09-24,1900,2015-09-02,1910,527490,2823,3,5,5,1915,0,0,0,NA,0,283T1,STOCKTON ST,LONG BEACH BL,83,W,N,A,-,N,NA,NA,NA,NA,NA,NA,NA,NA,NA,N,4,0,1,2,A,-,03,22350,NA,M,C,D,A,A,H,-,C,D,0,NA,NA,Y,NA,Y,NA,A,01,0,0,1,0,0,0,0,0,1,-,-,NA,NA,LOS ANGELES,COMPTON,-118.20923561,33.91114984
7078689,2015,2015-09-24,1900,2015-09-09,1640,1854,NA,3,5,5,1977,0,0,0,NA,0,1612,BIRCHKNOLL RD,VICTORIA ST,53,S,N,A,-,N,NA,NA,NA,NA,NA,NA,NA,NA,NA,Y,3,0,1,1,A,-,08,22107,NA,N,E,I,A,A,G,-,A,D,0,NA,NA,NA,NA,Y,NA,-,NA,0,1,0,0,0,0,0,0,0,-,-,33.86723,-118.25154,LOS ANGELES,CARSON,-118.2522,33.86729465
7078693,2015,2015-09-24,1900,2015-09-02,1120,520027,2811,3,5,5,1915,0,0,0,NA,0,282T1,ROSECRANS AV,PARMELEE AV,237,W,N,A,-,N,NA,NA,NA,NA,NA,NA,NA,NA,NA,Y,4,0,1,2,A,-,09,21804,A,N,D,C,A,A,H,-,A,D,0,NA,NA,NA,NA,Y,NA,A,01,0,0,1,0,0,0,0,0,0,-,-,NA,NA,LOS ANGELES,COMPTON,-118.25191828,33.90293404
7078697,2015,2015-09-24,1900,2015-09-02,1220,520027,2842,3,5,5,1915,0,0,0,NA,0,282T1,ALAMEDA ST,MANVILLE ST,0,NA,Y,A,-,N,NA,NA,NA,NA,NA,NA,NA,NA,NA,Y,4,0,2,3,A,-,12,21453,A,N,D,C,A,A,H,-,A,D,0,NA,NA,NA,NA,Y,NA,A,01,0,0,2,0,0,0,0,0,0,-,-,NA,NA,LOS ANGELES,COMPTON,-118.21634006,33.87056009
7078701,2015,2015-09-24,1953,2015-09-07,2126,7720,1953,1,5,6,1953,0,0,0,NA,0,005,ORANGE GROVE BL,MAYLIN ST,0,NA,Y,A,-,N,NA,NA,NA,NA,NA,NA,NA,NA,NA,Y,4,0,1,2,A,-,03,22350,NA,N,A,C,A,A,H,-,C,D,0,NA,NA,NA,NA,Y,NA,A,07,0,0,1,0,0,0,0,0,0,-,-,NA,NA,LOS ANGELES,PASADENA,-118.15964011,34.14267001
7078705,2015,2015-09-28,1953,2015-09-06,1500,7388,1953,7,5,6,1953,0,0,0,NA,0,001,RAYMOND AV,CALIFORNIA BL,0,NA,Y,A,-,N,NA,NA,NA,NA,NA,NA,NA,NA,NA,Y,3,0,1,2,A,-,12,21453,A,N,D,C,A,A,H,-,A,A,0,NA,NA,NA,NA,Y,NA,-,-,0,1,0,0,0,0,0,0,0,-,-,NA,NA,LOS ANGELES,PASADENA,-118.14881011,34.13580001
7078721,2015,2016-07-19,1900,2015-08-05,0800,462141,2113,3,5,5,1943,0,0,0,NA,0,212T4,IMPERIAL HWY,JACKSON AV,0,NA,Y,A,-,N,NA,NA,NA,NA,NA,NA,NA,NA,NA,Y,4,0,2,2,A,-,12,21453,A,N,D,C,A,A,H,-,A,A,0,NA,NA,NA,NA,Y,NA,A,01,0,0,2,0,0,0,0,0,0,-,-,NA,NA,LOS ANGELES,LYNWOOD,-118.18939007,33.93113009
7078724,2015,2015-09-28,1900,2015-08-31,1300,520027,28,1,5,5,1915,0,0,0,NA,0,282T2,WILLOWBROOK AV,MYRRH ST,2,N,N,A,-,N,NA,NA,NA,NA,NA,NA,NA,NA,NA,Y,3,0,2,2,A,-,04,21703,NA,N,C,C,A,A,H,-,A,D,0,NA,NA,NA,NA,Y,NA,A,01,0,1,1,0,0,0,0,0,0,-,-,NA,NA,LOS ANGELES,COMPTON,-118.22412038,33.89227548
7078731,2015,2015-10-06,1942,2015-08-08,1350,37540,499,6,5,7,1942,0,0,0,NA,0,4A97,SPENCE,8TH,50,N,N,A,-,N,NA,NA,NA,NA,NA,NA,NA,NA,NA,N,4,0,3,2,A,-,21,22106,NA,N,B,C,A,A,H,-,A,D,0,NA,NA,NA,NA,Y,NA,-,NA,0,0,3,0,0,0,0,0,0,-,-,NA,NA,LOS ANGELES,LOS ANGELES,-118.2023429,34.02064116
7078732,2015,2015-09-24,1900,2015-08-28,0520,527887,2846,5,5,5,1915,0,0,0,NA,0,287,ALONDRA BL,ESSEY AV,100,E,N,A,-,N,NA,NA,NA,NA,NA,NA,NA,NA,NA,Y,4,0,2,1,A,-,03,22350,NA,N,B,I,A,A,H,-,B,D,0,NA,NA,NA,NA,Y,Y,A,01,0,0,2,0,0,0,0,0,0,-,-,NA,NA,LOS ANGELES,COMPTON,-118.20379123,33.88870506
7078733,2015,2015-09-28,1900,2015-08-31,1427,S27490,2830,1,5,5,1915,0,0,0,NA,0,283T1,CENTRAL AV,COMPTON BL,0,NA,Y,A,-,N,NA,NA,NA,NA,NA,NA,NA,NA,NA,N,4,0,1,2,A,-,09,21801,A,N,-,C,A,A,H,-,A,A,0,NA,NA,NA,NA,Y,NA,A,01,0,0,1,0,0,0,0,0,0,-,-,NA,NA,LOS ANGELES,COMPTON,-118.25185005,33.89581009
7078736,2015,2015-09-24,1900,2015-08-30,2225,530864,2832,7,5,5,1915,0,0,0,NA,0,281T1,COMPTON BL,NESTOR AV,80,W,N,A,-,N,NA,NA,NA,NA,NA,NA,NA,NA,NA,Y,4,0,1,1,A,-,08,22107,NA,N,E,I,A,A,H,-,C,D,0,NA,NA,NA,NA,Y,NA,A,07,0,0,1,0,0,0,0,0,0,-,-,NA,NA,LOS ANGELES,COMPTON,-118.24919307,33.89584671
7078737,2015,2015-10-07,1956,2015-08-27,1300,1133,39,4,5,5,1956,0,0,0,NA,0,003,SPRECKLES LN,FLAGLER LN,0,NA,Y,A,-,N,NA,NA,NA,NA,NA,NA,NA,NA,NA,N,3,0,1,2,A,-,11,21954,A,F,G,B,D,A,H,-,A,A,0,Y,NA,NA,NA,Y,NA,N,60,0,1,0,0,1,0,0,0,0,-,-,NA,NA,LOS ANGELES,REDONDO BEACH,-118.37902013,33.85960005