CASE_ID,ACCIDENT_YEAR,PROC_DATE,JURIS,COLLISION_DATE,COLLISION_TIME,OFFICER_ID,REPORTING_DISTRICT,DAY_OF_WEEK,CHP_SHIFT,POPULATION,CNTY_CITY_LOC,SPECIAL_COND,BEAT_TYPE,CHP_BEAT_TYPE,CITY_DIVISION_LAPD,CHP_BEAT_CLASS,BEAT_NUMBER,PRIMARY_RD,SECONDARY_RD,DISTANCE,DIRECTION,INTERSECTION,WEATHER_1,WEATHER_2,STATE_HWY_IND,CALTRANS_COUNTY,CALTRANS_DISTRICT,STATE_ROUTE,ROUTE_SUFFIX,POSTMILE_PREFIX,POSTMILE,LOCATION_TYPE,RAMP_INTERSECTION,SIDE_OF_HWY,TOW_AWAY,COLLISION_SEVERITY,NUMBER_KILLED,NUMBER_INJURED,PARTY_COUNT,PRIMARY_COLL_FACTOR,PCF_CODE_OF_VIOL,PCF_VIOL_CATEGORY,PCF_VIOLATION,PCF_VIOL_SUBSECTION,HIT_AND_RUN,TYPE_OF_COLLISION,MVIW,PED_ACTION,ROAD_SURFACE,ROAD_COND_1,ROAD_COND_2,LIGHTING,CONTROL_DEVICE,CHP_ROAD_TYPE,PEDESTRIAN_ACCIDENT,BICYCLE_ACCIDENT,MOTORCYCLE_ACCIDENT,TRUCK_ACCIDENT,NOT_PRIVATE_PROPERTY,ALCOHOL_INVOLVED,STWD_VEHTYPE_AT_FAULT,CHP_VEHTYPE_AT_FAULT,COUNT_SEVERE_INJ,COUNT_VISIBLE_INJ,COUNT_COMPLAINT_PAIN,COUNT_PED_KILLED,COUNT_PED_INJURED,COUNT_BICYCLIST_KILLED,COUNT_BICYCLIST_INJURED,COUNT_MC_KILLED,COUNT_MC_INJURED,PRIMARY_RAMP,SECONDARY_RAMP,LATITUDE,LONGITUDE,COUNTY,CITY,POINT_X,POINT_Y
7082608,2015,2017-01-13,9540,2015-09-09,0730,18037,NA,3,1,9,1900,0,1,3,NA,1,141,RT 14 SB TRUCK ROUTE,SIERRA HWY,1056,N,N,A,-,Y,LA,7,5,S,C,45.69,H,-,S,Y,3,0,4,4,A,-,03,22350,NA,N,C,C,A,A,H,-,A,D,1,NA,NA,NA,Y,Y,NA,F,27,0,1,3,0,0,0,0,0,0,-,-,34.33573,-118.50778,LOS ANGELES,UNINCORPORATED,-118.50733447,34.33559448
7082609,2015,2017-01-14,9550,2015-08-24,1405,20974,NA,1,2,6,1920,0,1,1,NA,2,500,RT 5,LAKEWOOD BL,2900,S,N,A,-,Y,LA,7,5,-,-,7.74,H,-,N,Y,4,0,1,3,A,-,07,21658,A,N,C,C,A,A,H,-,A,D,1,NA,NA,NA,Y,Y,NA,F,25,0,0,1,0,0,0,0,0,0,-,-,33.9524,-118.10429,LOS ANGELES,DOWNEY,-118.10435044,33.95248667
7082611,2015,2017-01-12,9550,2015-08-14,0525,020969,NA,5,3,5,1919,0,1,3,NA,2,092,RT 91,CARMENITA RD,500,E,N,A,-,Y,LA,7,91,-,R,20.54,H,-,E,Y,3,0,1,2,A,-,07,21658,A,N,B,C,A,A,H,-,C,D,1,NA,NA,NA,Y,Y,NA,-,-,0,1,0,0,0,0,0,0,0,-,-,33.33863,-118.04401,LOS ANGELES,CERRITOS,-118.04503226,33.86338409
7082612,2015,2017-01-28,9540,2015-09-14,0918,18037,NA,1,1,7,1942,0,1,1,NA,1,503,RT 5,ROXFORD ST,1373,N,N,B,-,Y,LA,7,5,-,-,42.93,H,-,S,Y,3,0,1,4,A,-,03,22350,NA,N,C,C,A,A,H,-,A,D,1,NA,NA,NA,Y,Y,NA,G,25,0,1,0,0,0,0,0,0,0,-,-,34.3062,-118.48274,LOS ANGELES,LOS ANGELES,-118.48269808,34.30633596
7082613,2015,2017-01-14,9550,2015-08-24,1510,019775,NA,1,2,9,1900,0,1,1,NA,2,650,RT 605,SLAUSON AV,800,N,N,A,-,Y,LA,7,605,-,R,11.73,H,-,N,Y,3,0,1,2,A,-,03,22350,NA,N,C,C,A,A,H,-,A,D,1,NA,NA,NA,Y,Y,NA,A,01,0,1,0,0,0,0,0,0,0,-,-,33.9501,-118.09287,LOS ANGELES,UNINCORPORATED,-118.08205955,33.9694245
7082615,2015,2017-01-14,9550,2015-08-14,0725,020954,NA,5,1,6,1949,0,1,1,NA,2,651,RT 605,FIRESTONE BL,500,N,N,A,-,Y,LA,7,605,-,R,8.5,H,-,S,Y,3,0,1,2,A,-,07,21658,A,N,B,C,A,A,H,-,A,D,1,NA,NA,NA,Y,Y,NA,F,21,0,1,0,0,0,0,0,0,0,-,-,33.9279,-118.10341,LOS ANGELES,NORWALK,-118.10387535,33.92632276
7082616,2015,2017-01-17,9540,2015-09-11,0035,18208,NA,5,3,9,1900,0,1,1,NA,2,509,RT 5,LAKE HUGHES RD,13200,N,N,A,-,Y,LA,7,5,-,R,62.03,H,-,S,Y,3,0,1,2,A,-,08,22107,NA,N,B,C,A,A,H,-,D,D,1,NA,NA,NA,Y,Y,NA,G,25,0,1,0,0,0,0,0,0,0,-,-,34.52864,-118.64362,LOS ANGELES,UNINCORPORATED,-118.64349952,34.52818116
7082625,2015,2017-01-14,9550,2015-08-25,1810,017398,NA,2,2,9,1900,0,1,1,NA,2,650,RT 605,SLAUSON AV,500,S,N,A,-,Y,LA,7,605,-,R,11.36,H,-,S,Y,4,0,1,2,A,-,03,22350,NA,N,C,C,A,A,H,-,A,D,1,NA,NA,NA,NA,Y,NA,D,22,0,0,1,0,0,0,0,0,0,-,-,33.96128,-118.08606,LOS ANGELES,UNINCORPORATED,-118.08463556,33.96443857
7082627,2015,2017-01-13,9540,2015-09-18,0130,20306,NA,5,3,7,1942,0,1,1,NA,2,504,RT 5,BALBOA BL,50,S,N,A,-,Y,LA,7,5,S,C,44.44,H,-,N,Y,4,0,1,2,A,-,08,22107,NA,N,B,C,A,A,H,-,C,D,1,NA,NA,NA,Y,Y,NA,G,25,0,0,1,0,0,0,0,0,0,-,-,34.3215,-118.49633,LOS ANGELES,LOS ANGELES,-118.49590893,34.32122236
7082635,2015,2017-01-13,9540,2015-09-05,1605,20875,NA,6,2,6,1985,0,1,3,NA,1,145,RT 14,LOST CANYON RD,2112,S,N,A,-,Y,LA,7,14,-,R,32.09,H,-,S,Y,2,0,2,1,A,-,08,22107,NA,N,E,I,A,A,H,-,A,D,1,NA,NA,NA,NA,Y,NA,D,22,1,1,0,0,0,0,0,0,0,-,-,34.41618,-118.443,LOS ANGELES,SANTA CLARITA,-118.44299875,34.41608521
7082639,2015,2017-01-14,9550,2015-08-18,1425,020932,NA,2,2,6,1949,0,1,1,NA,2,500,RT 5,PIONEER BL,450,N,N,A,-,Y,LA,7,5,-,-,5.27,H,-,S,Y,4,0,1,3,A,-,03,22350,NA,N,C,C,A,A,H,-,A,D,1,NA,NA,NA,NA,Y,NA,A,07,0,0,1,0,0,0,0,0,0,-,-,33.92112,-118.08271,LOS ANGELES,NORWALK,-118.08293365,33.92136323
7082804,2014,2015-10-05,1948,2014-12-06,1146,295,1948,6,5,5,1948,0,0,0,NA,0,002,GARFIELD AV,AVONDALE AV,198,N,N,A,-,N,NA,NA,NA,NA,NA,NA,NA,NA,NA,N,4,0,3,2,A,-,07,21658,A,M,B,C,A,A,H,-,A,D,0,NA,NA,NA,NA,Y,NA,-,NA,0,0,3,0,0,0,0,0,0,-,-,NA,NA,LOS ANGELES,MONTEREY PARK,-118.12285912,34.06427288
7082808,2014,2015-10-05,1948,2014-12-08,1445,356,1948,1,5,5,1948,0,0,0,NA,0,NA,HELLMAN AV,SIERRA VISTA,37,W,N,A,-,N,NA,NA,NA,NA,NA,NA,NA,NA,NA,Y,4,0,1,2,A,-,08,22107,NA,N,C,C,A,A,H,-,A,A,0,NA,NA,NA,NA,Y,NA,-,NA,0,0,1,0,0,0,0,0,0,-,-,NA,NA,LOS ANGELES,MONTEREY PARK,-118.11549191,34.06979
7082812,2014,2015-10-05,1948,2014-12-08,1808,374,1948,1,5,5,1948,0,0,0,NA,0,002,E HELLMAN AV,RURAL DR,11,E,N,A,-,N,NA,NA,NA,NA,NA,NA,NA,NA,NA,N,3,0,3,2,A,-,03,22350,NA,N,C,C,A,A,H,-,C,D,0,NA,NA,NA,NA,Y,NA,-,NA,0,1,2,0,0,0,0,0,0,-,-,NA,NA,LOS ANGELES,MONTEREY PARK,-118.11406375,34.0698
7082816,2014,2015-10-05,1948,2014-12-08,2133,374,1948,1,5,5,1948,0,0,0,NA,0,002,EAST GARVEY AV,N ALHAMBRA AV,0,NA,Y,A,-,N,NA,NA,NA,NA,NA,NA,NA,NA,NA,Y,4,0,1,2,A,-,09,21801,A,N,A,C,A,A,H,-,C,A,0,NA,NA,NA,NA,Y,NA,-,NA,0,0,1,0,0,0,0,0,0,-,-,NA,NA,LOS ANGELES,MONTEREY PARK,-118.11680013,34.06260012
7082820,2014,2015-10-05,1948,2014-12-22,1244,356,1948,1,5,5,1948,0,0,0,NA,0,NA,N CHANDLER AV,HELLMAN AV,594,S,N,A,-,N,NA,NA,NA,NA,NA,NA,NA,NA,NA,Y,4,0,2,4,A,-,21,22106,NA,N,D,C,A,A,H,-,A,D,0,NA,NA,NA,NA,Y,NA,-,NA,0,0,2,0,0,0,0,0,0,-,-,NA,NA,LOS ANGELES,MONTEREY PARK,-118.13211757,34.0681213
7082824,2014,2015-10-06,1948,2014-11-18,1043,442,1948,2,5,5,1948,0,0,0,NA,0,002,NEW AV,HELLMAN AV,67,N,N,A,-,N,NA,NA,NA,NA,NA,NA,NA,NA,NA,N,4,0,1,2,A,-,08,22107,NA,N,B,C,A,A,H,-,A,D,0,NA,NA,NA,NA,Y,NA,-,NA,0,0,1,0,0,0,0,0,0,-,-,NA,NA,LOS ANGELES,MONTEREY PARK,-118.10815,34.07002372
7082828,2014,2015-10-06,1948,2014-11-18,1827,437,1948,2,5,5,1948,0,0,0,NA,0,002,GARVEY AV,NICHOLSON AV,9,W,N,A,-,N,NA,NA,NA,NA,NA,NA,NA,NA,NA,N,4,0,1,2,A,-,08,22100,A,N,C,G,A,A,H,-,C,A,0,NA,Y,NA,NA,Y,NA,-,NA,0,0,1,0,0,0,1,0,0,-,-,NA,NA,LOS ANGELES,MONTEREY PARK,-118.11901965,34.06257962
7082832,2014,2015-10-06,1948,2014-11-23,1958,374,1948,7,5,5,1948,0,0,0,NA,0,002,NORTH GARFIELD AV,GARVEY AV,213,N,N,A,-,N,NA,NA,NA,NA,NA,NA,NA,NA,NA,Y,4,0,1,2,A,-,09,21804,A,N,D,C,A,A,H,-,C,D,0,NA,NA,NA,NA,Y,NA,-,NA,0,0,1,0,0,0,0,0,0,-,-,NA,NA,LOS ANGELES,MONTEREY PARK,-118.12283327,34.06313396
7082836,2014,2015-10-06,1948,2014-11-25,2119,450,1948,2,5,5,1948,0,0,0,NA,0,003,ATLANTIC BL,EL MERCADO AV,96,N,N,A,-,N,NA,NA,NA,NA,NA,NA,NA,NA,NA,N,3,0,1,2,A,-,09,21804,A,F,D,C,A,A,H,-,C,D,0,NA,NA,NA,NA,Y,NA,-,NA,0,1,0,0,0,0,0,0,0,-,-,NA,NA,LOS ANGELES,MONTEREY PARK,-118.1375687,34.05174551
7082840,2014,2015-10-06,1948,2014-11-29,2232,374,1948,6,5,5,1948,0,0,0,NA,0,002,NORTH GARFIELD AV,HILLIARD AV,115,S,N,A,-,N,NA,NA,NA,NA,NA,NA,NA,NA,NA,N,4,0,1,1,A,-,07,21658,A,N,H,A,A,A,H,-,C,D,0,NA,NA,NA,NA,Y,Y,-,NA,0,0,1,0,0,0,0,0,0,-,-,NA,NA,LOS ANGELES,MONTEREY PARK,-118.12288638,34.06702468
7082844,2014,2015-10-06,1948,2014-11-12,1808,368,1948,3,5,5,1948,0,0,0,NA,0,ONE,MONTEREY PASS RD,FREMONT AV,25,N,N,A,-,N,NA,NA,NA,NA,NA,NA,NA,NA,NA,N,4,0,2,2,A,-,09,21801,A,N,B,C,A,A,H,-,C,A,0,NA,NA,NA,NA,Y,NA,-,NA,0,0,2,0,0,0,0,0,0,-,-,NA,NA,LOS ANGELES,MONTEREY PARK,-118.14458811,34.05860903
7082848,2014,2015-10-06,1948,2014-11-13,2259,388,1948,4,5,5,1948,0,0,0,NA,0,002,N CHANDLER AV,W EMERSON AV,310,S,N,A,-,N,NA,NA,NA,NA,NA,NA,NA,NA,NA,Y,4,0,1,4,A,-,08,22107,NA,N,B,E,A,A,H,-,C,D,0,NA,NA,NA,NA,Y,NA,-,NA,0,0,1,0,0,0,0,0,0,-,-,NA,NA,LOS ANGELES,MONTEREY PARK,-118.13207823,34.06527
7082852,2014,2015-10-06,1948,2014-11-17,0707,442,1948,1,5,5,1948,0,0,0,NA,0,001,AVENIDA CESAR CHAVEZ,SCHOOLSIDE AV,0,NA,Y,A,-,N,NA,NA,NA,NA,NA,NA,NA,NA,NA,Y,3,0,2,2,A,-,12,21453,A,N,D,C,A,A,H,-,A,A,0,NA,NA,NA,NA,Y,NA,-,NA,0,1,1,0,0,0,0,0,0,-,-,NA,NA,LOS ANGELES,MONTEREY PARK,-118.15049012,34.04001007
7082855,2014,2015-10-05,1948,2014-12-31,2020,448,1948,3,5,5,1948,0,0,0,NA,0,003,W RIGGIN ST,ISABELLA AV,37,E,N,A,-,N,NA,NA,NA,NA,NA,NA,NA,NA,NA,Y,4,0,1,2,A,-,09,21802,A,N,D,C,A,A,H,-,C,D,0,NA,NA,NA,NA,Y,NA,-,NA,0,0,1,0,0,0,0,0,0,-,-,NA,NA,LOS ANGELES,MONTEREY PARK,-118.13145815,34.03671182
7082859,2014,2015-10-05,1948,2014-12-11,0200,437,1948,4,5,5,1948,0,0,0,NA,0,001,ATLANTIC BL,FLORAL DR,34,N,N,A,-,N,NA,NA,NA,NA,NA,NA,NA,NA,NA,N,4,0,1,2,A,-,03,22350,NA,N,C,C,A,A,H,-,C,A,0,NA,NA,NA,NA,Y,NA,-,NA,0,0,1,0,0,0,0,0,0,-,-,NA,NA,LOS ANGELES,MONTEREY PARK,-118.14346029,34.03940582
7082860,2014,2015-10-06,1948,2014-11-08,1011,431,1948,6,5,5,1948,0,0,0,NA,0,004,ALHAMBRA AV,MOONEY DR,99,S,N,A,-,N,NA,NA,NA,NA,NA,NA,NA,NA,NA,N,4,0,1,2,A,-,21,22106,NA,N,C,C,A,A,H,-,A,D,0,NA,NA,NA,NA,Y,NA,-,NA,0,0,1,0,0,0,0,0,0,-,-,NA,NA,LOS ANGELES,MONTEREY PARK,-118.11650522,34.05378857
7082863,2014,2015-10-05,1948,2014-12-13,1406,451,1948,6,5,5,1948,0,0,0,NA,0,004,GARFIELD AV,GARVEY AV,97,S,N,A,-,N,NA,NA,NA,NA,NA,NA,NA,NA,NA,N,4,0,2,2,A,-,04,21703,NA,N,C,C,A,A,H,-,A,A,0,NA,NA,NA,NA,Y,NA,-,NA,0,0,2,0,0,0,0,0,0,-,-,NA,NA,LOS ANGELES,MONTEREY PARK,-118.12282,34.06245
7082864,2014,2015-10-06,1948,2014-11-06,0730,295,1948,4,5,5,1948,0,0,0,NA,0,001,ATLANTIC BL,FLORAL DR,0,N,N,B,-,N,NA,NA,NA,NA,NA,NA,NA,NA,NA,N,4,0,1,2,A,-,07,21658,A,N,B,C,A,A,H,-,A,A,0,NA,NA,NA,NA,Y,NA,-,NA,0,0,1,0,0,0,0,0,0,-,-,NA,NA,LOS ANGELES,MONTEREY PARK,-118.14355014,34.03935001
7082867,2014,2015-10-12,1948,2014-12-13,2033,450,1948,6,5,5,1948,0,0,0,NA,0,002,ATLANTIC BL,EMERSON AV,206,N,N,A,-,N,NA,NA,NA,NA,NA,NA,NA,NA,NA,N,4,0,1,2,A,-,03,22350,NA,N,C,C,A,A,H,-,C,A,0,NA,NA,NA,NA,Y,NA,-,NA,0,0,1,0,0,0,0,0,0,-,-,NA,NA,LOS ANGELES,MONTEREY PARK,-118.13433308,34.06667485
7082868,2014,2015-10-06,1948,2014-11-06,1516,420,1948,4,5,5,1948,0,0,0,NA,0,002,YNEZ AV,HILLIARD AV,22,S,N,A,-,N,NA,NA,NA,NA,NA,NA,NA,NA,NA,Y,4,0,1,2,A,-,09,21801,A,N,D,C,A,A,H,-,A,A,0,NA,NA,NA,NA,Y,NA,-,NA,0,0,1,0,0,0,0,0,0,-,-,NA,NA,LOS ANGELES,MONTEREY PARK,-118.12917101,34.06726968
7082871,2014,2015-10-05,1948,2014-12-15,1957,437,1948,1,5,5,1948,0,0,0,NA,0,002,NEW AV,HERSHEY AV,144,S,N,A,-,N,NA,NA,NA,NA,NA,NA,NA,NA,NA,Y,4,0,1,4,A,-,08,22107,NA,N,C,C,A,A,H,-,C,D,0,NA,NA,NA,NA,Y,NA,-,NA,0,0,1,0,0,0,0,0,0,-,-,NA,NA,LOS ANGELES,MONTEREY PARK,-118.10815838,34.06853515
7082872,2014,2015-10-06,1948,2014-11-25,0344,423,ALH,2,5,5,1948,0,0,0,NA,0,001,CASUDA CANYON DR,SOMBRERO DR,40,S,N,A,-,N,NA,NA,NA,NA,NA,NA,NA,NA,NA,Y,3,0,2,2,A,-,01,23152,F,N,D,E,A,A,H,-,C,D,0,NA,NA,NA,NA,Y,Y,-,NA,0,1,1,0,0,0,0,0,0,-,-,NA,NA,LOS ANGELES,MONTEREY PARK,-118.1535367,34.0600554
7082875,2014,2015-10-05,1948,2014-12-19,1943,414,1948,5,5,5,1948,0,0,0,NA,0,004,GARFIELD AV,RIGGIN ST,421,S,N,A,-,N,NA,NA,NA,NA,NA,NA,NA,NA,NA,Y,4,0,1,2,A,-,01,23152,A,N,D,C,A,A,H,-,C,D,0,NA,NA,NA,NA,Y,Y,-,NA,0,0,1,0,0,0,0,0,0,-,-,NA,NA,LOS ANGELES,MONTEREY PARK,-118.13038705,34.03557229
7082879,2014,2015-10-05,1948,2014-12-03,1648,398,1948,3,5,5,1948,0,0,0,NA,0,002,EMERSON AV,YNEZ AV,0,NA,Y,C,-,N,NA,NA,NA,NA,NA,NA,NA,NA,NA,N,4,0,1,2,C,-,18,NA,NA,N,G,B,B,B,H,-,C,A,0,Y,NA,NA,NA,Y,NA,-,-,0,0,1,0,1,0,0,0,0,-,-,NA,NA,LOS ANGELES,MONTEREY PARK,-118.12919002,34.06613006
7082882,2014,2015-10-05,1948,2014-10-28,1534,409,1948,2,5,5,1948,0,0,0,NA,0,004,WILCOX AV,ANDRIX AV,200,N,N,A,-,N,NA,NA,NA,NA,NA,NA,NA,NA,NA,Y,3,0,1,2,A,-,-,NA,NA,N,C,C,A,A,H,-,A,A,0,NA,NA,NA,NA,Y,NA,-,NA,0,1,0,0,0,0,0,0,0,-,-,NA,NA,LOS ANGELES,MONTEREY PARK,-118.12782806,34.04021758
7082883,2015,2015-10-17,1925,2015-09-06,1155,25361,2,7,5,6,1925,0,0,0,NA,0,225,BROADWAY,ORANGE AV,200,W,N,A,-,N,NA,NA,NA,NA,NA,NA,NA,NA,NA,N,4,0,1,2,A,-,07,21658,A,N,B,C,A,A,H,-,A,A,0,NA,NA,NA,NA,Y,NA,A,07,0,0,1,0,0,0,0,0,0,-,-,NA,NA,LOS ANGELES,GLENDALE,-118.25697536,34.14664724
7082890,2015,2015-10-20,1900,2015-09-11,1117,520027,2825,5,5,5,1915,0,0,0,NA,0,NA,BRADFIELD AV,MCMILLAN ST,0,NA,Y,A,-,N,NA,NA,NA,NA,NA,NA,NA,NA,NA,Y,4,0,2,3,A,-,12,22450,A,N,D,C,A,A,H,-,A,D,0,NA,NA,NA,NA,Y,NA,A,07,0,0,2,0,0,0,0,0,0,-,-,NA,NA,LOS ANGELES,COMPTON,-118.20393013,33.90743012
7082907,2015,2015-10-19,1925,2015-08-20,1530,19364,270,4,5,6,1925,0,0,0,NA,0,002,SAN FERNANDO RD,PACIFIC AV,300,W,N,A,-,N,NA,NA,NA,NA,NA,NA,NA,NA,NA,N,4,0,2,2,A,-,08,22107,NA,N,B,C,A,A,H,-,A,D,0,NA,NA,NA,NA,Y,NA,A,01,0,0,2,0,0,0,0,0,0,-,-,NA,NA,LOS ANGELES,GLENDALE,-118.26527939,34.13705966
7082910,2015,2015-10-17,1961,2015-09-15,1805,0620,1961,2,5,3,1961,0,0,0,NA,0,001,E ALY MACLAY AV,LIBRARY ST,150,S,N,C,-,N,NA,NA,NA,NA,NA,NA,NA,NA,NA,N,3,0,1,2,A,-,09,21804,A,N,A,G,A,B,H,-,A,D,0,NA,Y,NA,NA,Y,NA,L,04,0,1,0,0,0,0,1,0,0,-,-,NA,NA,LOS ANGELES,SAN FERNANDO,NA,NA
7082918,2015,2015-10-20,1961,2015-08-21,1353,7240,1,5,5,3,1961,0,0,0,NA,0,001,SAN FERNANDO MISSION BL,O'MELVENY ST,0,NA,Y,A,-,N,NA,NA,NA,NA,NA,NA,NA,NA,NA,Y,3,0,2,3,A,-,09,21801,A,N,A,C,A,A,H,-,A,A,0,NA,NA,NA,NA,Y,NA,A,01,0,2,0,0,0,0,0,0,0,-,-,NA,NA,LOS ANGELES,SAN FERNANDO,-118.44947008,34.2794201
7082922,2015,2015-10-15,1900,2015-08-27,1720,552570,2811,4,5,5,1915,0,0,0,NA,0,282T1,COMPTON BL,DWIGHT AV,0,NA,Y,-,-,N,NA,NA,NA,NA,NA,NA,NA,NA,NA,Y,3,0,1,3,A,-,12,21453,A,N,D,G,A,A,H,-,A,A,0,NA,Y,NA,NA,Y,NA,I,12,0,1,0,0,0,0,1,0,0,-,-,NA,NA,LOS ANGELES,COMPTON,-118.24196002,33.89587009
7082930,2015,2015-10-17,1900,2015-09-03,0920,476642,2837,4,5,5,1915,0,0,0,NA,0,284,WILMINGTON AV,VICTORIA ST,56,S,N,A,-,N,NA,NA,NA,NA,NA,NA,NA,NA,NA,Y,4,0,1,2,A,-,08,22107,NA,N,B,C,A,A,H,-,A,A,0,NA,NA,NA,Y,Y,NA,F,25,0,0,1,0,0,0,0,0,0,-,-,NA,NA,LOS ANGELES,COMPTON,-118.23573922,33.86770137
7082953,2014,2015-10-05,1948,2014-10-29,1028,398,1948,3,5,5,1948,0,0,0,NA,0,001,ATLANTIC BL,HARDING AV,261,S,N,A,-,N,NA,NA,NA,NA,NA,NA,NA,NA,NA,N,4,0,1,3,A,-,03,22350,NA,N,C,C,A,A,H,-,A,D,0,NA,NA,NA,NA,Y,NA,A,01,0,0,1,0,0,0,0,0,0,-,-,NA,NA,LOS ANGELES,MONTEREY PARK,-118.13509763,34.05583116
7082957,2014,2015-10-05,1948,2014-10-30,1953,450,1948,4,5,5,1948,0,0,0,NA,0,003,GRANDRIDGE AV,GARFIELD AV,8,W,N,A,-,N,NA,NA,NA,NA,NA,NA,NA,NA,NA,N,3,0,1,2,A,-,10,21950,A,N,G,B,B,A,H,-,C,A,0,Y,NA,NA,NA,Y,NA,-,NA,0,1,0,0,1,0,0,0,0,-,-,NA,NA,LOS ANGELES,MONTEREY PARK,-118.12586583,34.05518562
7082962,2015,2016-01-09,1961,2015-08-21,1933,10146,1961,5,5,3,1961,0,0,0,NA,0,002,TRUMAN ST,MACLAY AV,0,NA,Y,A,-,N,NA,NA,NA,NA,NA,NA,NA,NA,NA,N,4,0,2,2,A,-,09,21801,A,N,D,C,A,A,H,-,B,A,0,NA,NA,NA,NA,Y,NA,A,01,0,0,2,0,0,0,0,0,0,-,-,NA,NA,LOS ANGELES,SAN FERNANDO,-118.44100003,34.28351011
7082964,2015,2015-10-06,1900,2015-09-12,0925,520027,2811,6,5,5,1915,0,0,0,NA,0,282T1,COMPTON BL,WILMINGTON AV,0,NA,Y,A,-,N,NA,NA,NA,NA,NA,NA,NA,NA,NA,Y,4,0,2,3,A,-,12,21453,A,N,D,C,A,A,H,-,A,D,0,NA,NA,NA,NA,Y,NA,A,01,0,0,2,0,0,0,0,0,0,-,-,NA,NA,LOS ANGELES,COMPTON,-118.23758007,33.89588006
7082968,2015,2015-10-06,1900,2015-09-21,1551,519941,COMPT,1,5,5,1915,0,0,0,NA,0,283T1,ALAMEDA ST,PALMER ST,0,NA,Y,A,-,N,NA,NA,NA,NA,NA,NA,NA,NA,NA,N,3,0,1,2,A,-,06,21951,NA,N,B,B,B,A,H,-,A,A,0,Y,NA,NA,NA,Y,NA,A,01,0,1,0,0,1,0,0,0,0,-,-,NA,NA,LOS ANGELES,COMPTON,-118.22074009,33.89834008
7082972,2015,2015-10-09,1900,2015-09-16,2338,532048,2837,3,5,5,1915,0,0,0,NA,0,EMS,WILMINGTON AV,ARTESIA BL,0,NA,Y,A,-,N,NA,NA,NA,NA,NA,NA,NA,NA,NA,Y,4,0,1,2,A,-,12,21453,A,N,B,C,A,A,H,-,C,A,0,NA,NA,NA,NA,Y,NA,-,-,0,0,1,0,0,0,0,0,0,-,-,NA,NA,LOS ANGELES,COMPTON,-118.23612001,33.8743801
7082975,2015,2015-10-06,1925,2015-09-10,2214,22342,170,4,5,6,1925,0,0,0,NA,0,001,W STOCKER,SAN RAFAEL,30,E,N,A,-,N,NA,NA,NA,NA,NA,NA,NA,NA,NA,Y,3,0,1,3,A,-,08,22107,NA,N,C,C,A,A,H,-,C,D,0,NA,NA,NA,NA,Y,NA,A,01,0,1,0,0,0,0,0,0,0,-,-,NA,NA,LOS ANGELES,GLENDALE,-118.26074103,34.1637
7082976,2015,2015-10-06,1900,2015-09-17,0700,520027,2840,4,5,5,1915,0,0,0,NA,0,282T1,ALAMEDA ST,COMPTON BL,0,NA,Y,A,-,N,NA,NA,NA,NA,NA,NA,NA,NA,NA,Y,4,0,1,2,A,-,12,21453,A,N,D,C,A,-,H,-,A,D,0,NA,NA,NA,NA,Y,NA,A,01,0,0,1,0,0,0,0,0,0,-,-,NA,NA,LOS ANGELES,COMPTON,-118.2204001,33.8959801
7082979,2015,2015-10-06,1925,2015-09-08,1152,24111,228,2,5,6,1925,0,0,0,NA,0,2T40,MONTEREY RD,GENEVA ST,0,NA,Y,A,-,N,NA,NA,NA,NA,NA,NA,NA,NA,NA,Y,3,0,3,3,A,-,09,21801,A,N,A,C,A,A,H,-,A,A,0,NA,NA,NA,NA,Y,NA,A,01,0,2,1,0,0,0,0,0,0,-,-,NA,NA,LOS ANGELES,GLENDALE,-118.24682002,34.15752005
7082980,2015,2015-10-06,1900,2015-09-17,1145,520027,2844,4,5,5,1915,0,0,0,NA,0,282T1,PAULINE ST,LONG BEACH BL,20,E,N,A,-,N,NA,NA,NA,NA,NA,NA,NA,NA,NA,N,4,0,1,2,A,-,21,22106,NA,N,G,B,E,A,H,-,A,D,0,Y,NA,NA,NA,Y,NA,A,01,0,0,1,0,1,0,0,0,0,-,-,NA,NA,LOS ANGELES,COMPTON,-118.20588425,33.88496126
7082983,2015,2015-10-06,1925,2015-09-01,0740,14089,244,2,5,6,1925,0,0,0,NA,0,003,VERDUGO RD,DIXON ST,135,S,N,B,-,N,NA,NA,NA,NA,NA,NA,NA,NA,NA,Y,3,0,1,3,A,-,08,22107,NA,N,B,E,A,A,H,-,A,D,0,NA,NA,NA,NA,Y,NA,A,07,0,1,0,0,0,0,0,0,0,-,-,NA,NA,LOS ANGELES,GLENDALE,-118.23360313,34.1411269
7082984,2015,2015-10-06,1900,2015-09-18,0734,522648,2846,5,5,5,1915,0,0,0,NA,0,DAYS,ALONDRA BL,BUTLER AV,0,NA,Y,A,-,N,NA,NA,NA,NA,NA,NA,NA,NA,NA,N,4,0,1,2,A,-,11,21950,B,N,H,B,B,A,H,-,A,-,0,Y,NA,NA,NA,Y,NA,N,60,0,0,1,0,1,0,0,0,0,-,-,NA,NA,LOS ANGELES,COMPTON,-118.19730009,33.88874006