CASE_ID,ACCIDENT_YEAR,PROC_DATE,JURIS,COLLISION_DATE,COLLISION_TIME,OFFICER_ID,REPORTING_DISTRICT,DAY_OF_WEEK,CHP_SHIFT,POPULATION,CNTY_CITY_LOC,SPECIAL_COND,BEAT_TYPE,CHP_BEAT_TYPE,CITY_DIVISION_LAPD,CHP_BEAT_CLASS,BEAT_NUMBER,PRIMARY_RD,SECONDARY_RD,DISTANCE,DIRECTION,INTERSECTION,WEATHER_1,WEATHER_2,STATE_HWY_IND,CALTRANS_COUNTY,CALTRANS_DISTRICT,STATE_ROUTE,ROUTE_SUFFIX,POSTMILE_PREFIX,POSTMILE,LOCATION_TYPE,RAMP_INTERSECTION,SIDE_OF_HWY,TOW_AWAY,COLLISION_SEVERITY,NUMBER_KILLED,NUMBER_INJURED,PARTY_COUNT,PRIMARY_COLL_FACTOR,PCF_CODE_OF_VIOL,PCF_VIOL_CATEGORY,PCF_VIOLATION,PCF_VIOL_SUBSECTION,HIT_AND_RUN,TYPE_OF_COLLISION,MVIW,PED_ACTION,ROAD_SURFACE,ROAD_COND_1,ROAD_COND_2,LIGHTING,CONTROL_DEVICE,CHP_ROAD_TYPE,PEDESTRIAN_ACCIDENT,BICYCLE_ACCIDENT,MOTORCYCLE_ACCIDENT,TRUCK_ACCIDENT,NOT_PRIVATE_PROPERTY,ALCOHOL_INVOLVED,STWD_VEHTYPE_AT_FAULT,CHP_VEHTYPE_AT_FAULT,COUNT_SEVERE_INJ,COUNT_VISIBLE_INJ,COUNT_COMPLAINT_PAIN,COUNT_PED_KILLED,COUNT_PED_INJURED,COUNT_BICYCLIST_KILLED,COUNT_BICYCLIST_INJURED,COUNT_MC_KILLED,COUNT_MC_INJURED,PRIMARY_RAMP,SECONDARY_RAMP,LATITUDE,LONGITUDE,COUNTY,CITY,POINT_X,POINT_Y
7086759,2015,2016-01-15,1953,2015-09-18,1659,1600,1953,5,5,6,1953,0,0,0,NA,0,NA,MICHILLINDA AV,HAMPTON RD,0,NA,N,A,-,N,NA,NA,NA,NA,NA,NA,NA,NA,NA,N,4,0,1,2,A,-,09,21802,A,N,D,C,A,A,H,-,A,A,0,NA,NA,NA,NA,Y,NA,A,01,0,0,1,0,0,0,0,0,0,-,-,NA,NA,LOS ANGELES,PASADENA,-118.06789005,34.15344012
7086812,2015,2016-01-21,1942,2015-09-19,0130,38095,1504,6,5,7,1942,0,0,0,O,0,15A3W3,SHERMAN WY,W RADFORD AV,150,W,N,A,-,N,NA,NA,NA,NA,NA,NA,NA,NA,NA,Y,4,0,1,1,A,-,03,22350,NA,N,E,I,A,A,H,-,C,D,0,NA,NA,NA,NA,Y,NA,A,01,0,0,1,0,0,0,0,0,0,-,-,NA,NA,LOS ANGELES,LOS ANGELES,-118.39264325,34.20113885
7086815,2015,2016-02-09,1900,2015-09-16,1145,478087,0534,3,5,5,1959,0,0,0,NA,0,53T1AM,RAMONA BL,BURTON AV,312,W,N,A,-,N,NA,NA,NA,NA,NA,NA,NA,NA,NA,N,3,0,1,2,A,-,06,21755,NA,N,D,C,A,A,H,-,A,D,0,NA,NA,NA,NA,Y,NA,A,01,0,1,0,0,0,0,0,0,0,-,-,NA,NA,LOS ANGELES,ROSEMEAD,-118.08130739,34.07132067
7086875,2015,2017-01-23,1900,2015-09-29,1431,486595,0562,2,5,3,1968,0,0,0,NA,0,55T1PM,DURFEE AV,RT 60,28,S,N,A,-,Y,LA,7,60,-,-,11.004,R,4,E,N,4,0,1,2,A,-,03,22350,NA,N,C,C,A,A,H,-,A,A,0,NA,NA,NA,NA,Y,NA,A,01,0,0,1,0,0,0,0,0,0,-,WF,NA,NA,LOS ANGELES,SOUTH EL MONTE,-118.03872335,34.03735047
7086913,2015,2016-01-19,1962,2015-09-22,1918,120,1962,2,5,4,1962,0,0,0,NA,0,024,BROADWAY,WILLARD AV,0,NA,Y,A,-,N,NA,NA,NA,NA,NA,NA,NA,NA,NA,N,4,0,1,3,A,-,03,22350,NA,F,A,C,A,A,H,-,C,D,0,NA,NA,NA,NA,Y,NA,-,99,0,0,1,0,0,0,0,0,0,-,-,NA,NA,LOS ANGELES,SAN GABRIEL,-118.08498009,34.09907011
7086972,2015,2015-10-26,1969,2015-08-07,1620,10203,1969,5,5,5,1969,0,0,0,NA,0,002,STATE ST,LIBERTY BL,0,NA,N,A,-,N,NA,NA,NA,NA,NA,NA,NA,NA,NA,Y,3,0,7,4,A,-,12,21453,A,N,-,C,A,A,H,-,A,A,0,NA,NA,NA,NA,Y,NA,D,22,0,1,6,0,0,0,0,0,0,-,-,NA,NA,LOS ANGELES,SOUTH GATE,-118.21132007,33.96073004
7086999,2015,2015-10-28,1900,2015-07-22,1720,525044,2113,3,5,5,1943,0,0,0,NA,0,212T2,ABBOTT RD,HUNT AV,10,E,N,A,-,N,NA,NA,NA,NA,NA,NA,NA,NA,NA,Y,4,0,5,2,A,-,01,23152,A,N,C,C,A,A,H,-,A,D,0,NA,NA,NA,NA,Y,Y,I,12,0,0,5,0,0,0,0,0,0,-,-,NA,NA,LOS ANGELES,LYNWOOD,-118.19357727,33.93495724
7087041,2015,2015-10-15,1942,2015-09-29,0900,39473,1785,2,5,7,1942,0,0,0,Q,0,21TL67,RESEDA BL,PRAIRIE ST,0,NA,Y,A,-,N,NA,NA,NA,NA,NA,NA,NA,NA,NA,Y,3,0,1,2,A,-,09,21801,A,N,A,C,A,A,H,-,A,A,0,NA,NA,NA,NA,Y,NA,A,01,0,1,0,0,0,0,0,0,0,-,-,NA,NA,LOS ANGELES,LOS ANGELES,-118.53609012,34.23913011
7087042,2015,2015-10-19,1942,2015-09-27,0930,41515,2158,7,5,7,1942,0,0,0,NA,0,2H57,VICTORY,WINNETKA,300,W,N,A,-,N,NA,NA,NA,NA,NA,NA,NA,NA,NA,Y,3,0,2,2,A,-,08,22107,NA,N,F,C,A,A,H,-,A,D,0,NA,NA,NA,NA,Y,NA,-,NA,0,1,1,0,0,0,0,0,0,-,-,NA,NA,LOS ANGELES,LOS ANGELES,-118.57178824,34.18619303
7087045,2015,2015-10-15,1942,2015-09-30,0715,38326,1745,3,5,7,1942,0,0,0,Q,0,15TL43,BALBOA BL,SAN JOSE ST,0,NA,Y,A,-,N,NA,NA,NA,NA,NA,NA,NA,NA,NA,Y,4,0,2,2,A,-,12,21453,A,N,D,C,A,A,H,-,A,A,0,NA,NA,NA,NA,Y,NA,A,01,0,0,2,0,0,0,0,0,0,-,-,NA,NA,LOS ANGELES,LOS ANGELES,-118.50229013,34.26115005
7087046,2015,2015-10-19,1942,2015-09-29,1350,40141,1994,2,5,7,1942,0,0,0,NA,0,19TL76,ROSCOE BL,WILLIS,312,E,N,A,-,N,NA,NA,NA,NA,NA,NA,NA,NA,NA,Y,4,0,2,2,A,-,09,21801,B,F,D,C,A,A,H,-,A,D,0,NA,NA,NA,NA,Y,NA,A,07,0,0,2,0,0,0,0,0,0,-,-,NA,NA,LOS ANGELES,LOS ANGELES,-118.45429985,34.22149806
7087047,2015,2016-07-19,1941,2015-09-17,1442,5869,NA,4,5,7,1941,0,0,0,NA,0,NA,10TH ST,FASHION AV,0,NA,Y,A,-,N,NA,NA,NA,NA,NA,NA,NA,NA,NA,Y,3,0,1,1,A,-,03,22350,NA,N,F,I,A,A,H,-,A,D,0,NA,NA,NA,Y,Y,NA,G,NA,0,1,0,0,0,0,0,0,0,-,-,NA,NA,LOS ANGELES,LONG BEACH,-118.20882003,33.7801901
7087049,2015,2015-10-15,1942,2015-09-25,0715,40290,1765,5,5,7,1942,0,0,0,Q,0,15TL47,NORDHOFF ST,WILBUR AV,0,NA,Y,A,-,N,NA,NA,NA,NA,NA,NA,NA,NA,NA,N,3,0,1,2,A,-,09,21801,A,N,D,D,A,A,H,-,A,D,0,NA,NA,NA,NA,Y,NA,A,01,0,1,0,0,0,0,0,0,0,-,-,NA,NA,LOS ANGELES,LOS ANGELES,-118.54483001,34.23544002
7087050,2015,2015-10-16,1942,2015-09-26,1815,35410,2149,6,5,7,1942,0,0,0,NA,0,21X56,CORBIN AV,SHERMAN WY,0,NA,Y,A,-,N,NA,NA,NA,NA,NA,NA,NA,NA,NA,N,4,0,1,2,A,-,04,21703,NA,N,C,D,A,A,H,-,A,A,0,NA,NA,NA,NA,Y,NA,-,NA,0,0,1,0,0,0,0,0,0,-,-,NA,NA,LOS ANGELES,LOS ANGELES,-118.5622401,34.20115012
7087051,2015,2017-01-28,1941,2015-09-22,0017,10672,NA,2,5,7,1941,0,0,0,NA,0,NA,PACIFIC COAST HWY,JUDSON AV,300,W,N,A,-,Y,LA,7,1,-,-,8.18,H,-,S,Y,3,0,1,1,A,-,03,22350,NA,N,F,A,A,A,H,-,C,A,0,NA,NA,NA,Y,Y,NA,G,NA,0,1,0,0,0,0,0,0,0,-,-,NA,NA,LOS ANGELES,LONG BEACH,-118.22267473,33.78981599
7087053,2015,2015-10-15,1942,2015-09-30,1300,38356,1737,3,5,7,1942,0,0,0,Q,0,16TL26,SAN FERNANDO MISSION BL,RUFFNER AV,440,W,N,A,-,N,NA,NA,NA,NA,NA,NA,NA,NA,NA,N,4,0,1,3,A,-,09,21804,A,N,B,C,A,A,H,-,A,A,0,NA,NA,NA,NA,Y,NA,A,01,0,0,1,0,0,0,0,0,0,-,-,NA,NA,LOS ANGELES,LOS ANGELES,-118.4992332,34.27203486
7087054,2015,2015-10-19,1942,2015-09-25,2245,39635,0957,5,5,7,1942,0,0,0,I,0,21T65,MAGNOLIA BL,RANCHITO AV,15,E,N,A,-,N,NA,NA,NA,NA,NA,NA,NA,NA,NA,Y,4,0,1,3,A,-,01,23152,A,F,B,C,A,A,H,-,C,A,0,NA,NA,NA,NA,Y,Y,A,01,0,0,1,0,0,0,0,0,0,-,-,NA,NA,LOS ANGELES,LOS ANGELES,-118.4355805,34.16487977
7087057,2015,2017-01-09,1942,2015-09-26,0745,39192,1759,6,5,7,1942,0,0,0,Q,0,10TL39,DEVONSHIRE ST,BLUCHER AV,20,E,N,A,-,Y,LA,7,405,-,-,46.1,R,4,S,N,3,0,1,2,A,-,07,21658,A,N,C,G,A,A,H,-,A,D,0,NA,Y,NA,NA,Y,NA,A,07,0,1,0,0,0,0,1,0,0,-,-,NA,NA,LOS ANGELES,LOS ANGELES,-118.47238495,34.25511512
7087058,2015,2015-10-19,1942,2015-09-25,0800,36552,2118,5,5,7,1942,0,0,0,NA,0,21A29,MASON,STAGG,0,NA,Y,A,-,N,NA,NA,NA,NA,NA,NA,NA,NA,NA,N,4,0,2,3,A,-,09,21801,A,N,D,D,A,A,H,-,A,D,0,NA,NA,NA,NA,Y,NA,-,NA,0,0,2,0,0,0,0,0,0,-,-,NA,NA,LOS ANGELES,LOS ANGELES,-118.57971003,34.21073009
7087061,2015,2015-10-19,1942,2015-09-28,1950,34332,1764,1,5,7,1942,0,0,0,Q,0,16T25,TAMPA AV,LASSEN ST,0,NA,Y,A,-,N,NA,NA,NA,NA,NA,NA,NA,NA,NA,N,4,0,1,2,A,-,08,22100,A,N,D,C,A,A,H,-,C,A,0,NA,NA,Y,NA,Y,NA,C,02,0,0,1,0,0,0,0,0,1,-,-,NA,NA,LOS ANGELES,LOS ANGELES,-118.55360006,34.25000007
7087062,2015,2015-10-16,1942,2015-09-25,2005,39633,2177,5,5,7,1942,0,0,0,NA,0,21X56,DE SOTO AV,BURBANK BL,20,S,N,A,-,N,NA,NA,NA,NA,NA,NA,NA,NA,NA,N,4,0,1,2,A,-,07,21658,A,N,B,C,A,A,H,-,C,D,0,NA,NA,NA,NA,Y,NA,A,01,0,0,1,0,0,0,0,0,0,-,-,NA,NA,LOS ANGELES,LOS ANGELES,-118.58815141,34.1732756
7087063,2015,2016-01-06,1941,2015-08-19,0830,5407,NA,3,5,7,1941,0,0,0,NA,0,NA,LOS COYOTES DIAGONAL,XIMENO AV,0,NA,Y,A,-,N,NA,NA,NA,NA,NA,NA,NA,NA,NA,Y,3,0,1,2,D,-,00,NA,NA,N,A,C,A,A,H,-,A,A,0,NA,NA,NA,NA,Y,NA,-,-,0,1,0,0,0,0,0,0,0,-,-,NA,NA,LOS ANGELES,LONG BEACH,-118.1395501,33.79194005
7087065,2015,2015-10-15,1942,2015-09-29,0530,34921,1771,2,5,7,1942,0,0,0,Q,0,19A1,MASON AV,PLUMMER ST,0,NA,Y,A,-,N,NA,NA,NA,NA,NA,NA,NA,NA,NA,Y,3,0,1,2,A,-,09,21801,A,N,D,C,A,A,H,-,C,A,0,NA,NA,NA,NA,Y,NA,A,01,0,1,0,0,0,0,0,0,0,-,-,NA,NA,LOS ANGELES,LOS ANGELES,-118.57978012,34.24272005
7087066,2015,2015-10-19,1942,2015-09-25,0825,39569,1555,5,5,7,1942,0,0,0,O,0,15A3,LANKERSHIM BL,CAMILLO,0,NA,Y,A,-,N,NA,NA,NA,NA,NA,NA,NA,NA,NA,N,4,0,1,2,A,-,03,22350,NA,F,C,C,A,A,H,-,A,A,0,NA,NA,NA,NA,Y,NA,-,99,0,0,1,0,0,0,0,0,0,-,-,NA,NA,LOS ANGELES,LOS ANGELES,NA,NA
7087069,2015,2015-10-15,1942,2015-09-27,0730,37737,1701,7,5,7,1942,0,0,0,Q,0,10TL37,RINALDI ST,AVENIDA ALDEA,0,NA,Y,A,-,N,NA,NA,NA,NA,NA,NA,NA,NA,NA,Y,3,0,2,2,A,-,12,21453,A,N,D,C,A,A,H,-,A,A,0,NA,NA,NA,NA,Y,NA,A,08,0,2,0,0,0,0,0,0,0,-,-,NA,NA,LOS ANGELES,LOS ANGELES,-118.5757,34.27457
7087070,2015,2016-07-19,1942,2015-09-27,2150,38273,1901,7,5,7,1942,0,0,0,NA,0,9T53,SIERRA HWY,FOOTHILL BL,450,N,N,A,-,N,NA,NA,NA,NA,NA,NA,NA,NA,NA,Y,4,0,1,1,A,-,01,23152,A,N,E,I,A,A,H,-,D,D,0,NA,NA,NA,NA,Y,Y,A,01,0,0,1,0,0,0,0,0,0,-,-,NA,NA,LOS ANGELES,LOS ANGELES,-118.50385129,34.33534757
7087073,2015,2017-01-28,1942,2015-09-30,0800,38326,1705,3,5,7,1942,0,0,0,Q,0,15TL43,SAN FERNANDO RD,RT 5,0,NA,Y,-,-,Y,LA,7,5,-,R,45.098,R,4,S,Y,3,0,3,2,A,-,09,21802,A,N,-,-,A,-,-,-,-,-,0,NA,NA,NA,NA,Y,NA,A,01,0,1,2,0,0,0,0,0,0,-,SF,NA,NA,LOS ANGELES,LOS ANGELES,-118.50476234,34.32716545
7087074,2015,2015-10-16,1942,2015-09-22,2130,41747,2128,2,5,7,1942,0,0,0,NA,0,10A39,SATICOY ST,MASON,413,E,N,A,-,N,NA,NA,NA,NA,NA,NA,NA,NA,NA,Y,4,0,1,2,A,-,03,22350,NA,N,F,E,A,A,H,-,C,A,0,NA,NA,NA,NA,Y,NA,A,01,0,0,1,0,0,0,0,0,0,-,-,NA,NA,LOS ANGELES,LOS ANGELES,-118.57844883,34.20813959
7087076,2015,2015-10-12,1942,2015-09-24,1535,41841,0884,4,5,7,1942,0,0,0,H,0,8A35,OLYMPIC BL,WESTWOOD BL,0,NA,Y,A,-,N,NA,NA,NA,NA,NA,NA,NA,NA,NA,Y,4,0,1,2,A,-,03,22350,NA,N,C,C,A,A,H,-,A,A,0,NA,NA,NA,NA,Y,NA,A,01,0,0,1,0,0,0,0,0,0,-,-,NA,NA,LOS ANGELES,LOS ANGELES,-118.43174008,34.043900120000004
7087077,2015,2015-10-19,1942,2015-09-21,0815,40533,1797,1,5,7,1942,0,0,0,Q,0,17A67,PARTHENIA PL,WOODLEY AV,100,W,N,A,-,N,NA,NA,NA,NA,NA,NA,NA,NA,NA,N,4,0,2,1,A,-,03,22350,NA,N,B,I,A,A,H,-,A,A,0,NA,NA,NA,NA,Y,NA,A,01,0,0,2,0,0,0,0,0,0,-,-,NA,NA,LOS ANGELES,LOS ANGELES,-118.48548017,34.22838579
7087078,2015,2015-10-16,1942,2015-09-23,1600,36582,2126,3,5,7,1942,0,0,0,NA,0,21A43,ROSCOE BL,DE SOTO BL,376,W,N,A,-,N,NA,NA,NA,NA,NA,NA,NA,NA,NA,Y,3,0,1,3,A,-,08,22107,NA,N,D,C,A,A,H,-,A,D,0,NA,NA,Y,NA,Y,NA,A,01,0,1,0,0,0,0,0,0,1,-,-,NA,NA,LOS ANGELES,LOS ANGELES,-118.5897317,34.21994
7087080,2015,2015-10-12,1942,2015-09-16,1505,41210,2091,3,5,7,1942,0,0,0,NA,0,7T38,ARLINGTON AV,W 21ST ST,0,NA,Y,A,-,N,NA,NA,NA,NA,NA,NA,NA,NA,NA,N,4,0,2,4,A,-,03,22350,NA,F,C,C,A,A,H,-,A,A,0,NA,NA,NA,NA,Y,NA,-,99,0,0,2,0,0,0,0,0,0,-,-,NA,NA,LOS ANGELES,LOS ANGELES,-118.31771,34.03799
7087081,2015,2015-10-15,1942,2015-09-24,1700,40905,1749,4,5,7,1942,0,0,0,Q,0,17X22,HASKELL,DEVONSHIRE,0,NA,Y,A,-,N,NA,NA,NA,NA,NA,NA,NA,NA,NA,N,3,0,2,2,A,-,09,21801,A,N,H,C,A,A,-,-,A,A,0,NA,NA,NA,NA,Y,NA,-,NA,0,1,1,0,0,0,0,0,0,-,-,NA,NA,LOS ANGELES,LOS ANGELES,-118.47610007,34.25735008
7087082,2015,2015-10-21,1942,2015-09-26,2225,25907,1798,6,5,7,1942,0,0,0,Q,0,21T65,PARTHENIA ST,HASKELL AV,0,NA,Y,A,-,N,NA,NA,NA,NA,NA,NA,NA,NA,NA,Y,3,0,2,2,A,-,12,21453,A,N,D,C,A,A,H,-,C,A,0,NA,NA,NA,NA,Y,NA,-,-,0,1,1,0,0,0,0,0,0,-,-,NA,NA,LOS ANGELES,LOS ANGELES,-118.47640008,34.22832002
7087084,2015,2015-10-17,1942,2015-09-21,1800,41934,2014,1,5,7,1942,0,0,0,NA,0,20A74,HARVARD BL,BEVERLY BL,1,S,N,A,-,N,NA,NA,NA,NA,NA,NA,NA,NA,NA,N,4,0,1,2,A,-,09,21801,A,N,C,C,A,A,H,-,A,D,0,NA,NA,Y,NA,Y,NA,A,01,0,0,1,0,0,0,0,0,1,-,-,NA,NA,LOS ANGELES,LOS ANGELES,-118.30448,34.07627
7087085,2015,2015-10-15,1942,2015-09-30,0735,38850,1785,3,5,7,1942,0,0,0,Q,0,19TL75,RESEDA BL,RAYEN ST,8,S,N,A,-,N,NA,NA,NA,NA,NA,NA,NA,NA,NA,Y,4,0,1,2,A,-,05,21650,1,N,D,G,A,A,H,-,A,A,0,NA,Y,NA,NA,Y,NA,L,04,0,0,1,0,0,0,1,0,0,-,-,NA,NA,LOS ANGELES,LOS ANGELES,-118.53609,34.23186805
7087086,2015,2015-10-22,1942,2015-09-23,1545,41855,LAPD,3,5,7,1942,0,0,0,NA,0,21A29,SHERMAN WY,OWENSMOUTH,0,NA,Y,A,-,N,NA,NA,NA,NA,NA,NA,NA,NA,NA,N,3,0,1,2,A,-,05,21650,1,N,B,G,A,A,H,-,A,A,0,NA,Y,NA,NA,Y,NA,L,04,0,1,0,0,0,0,1,0,0,-,-,NA,NA,LOS ANGELES,LOS ANGELES,-118.60156008,34.20103004
7087088,2015,2015-10-13,1942,2015-09-19,0015,40105,2019,6,5,7,1942,0,0,0,NA,0,20A39,1ST ST,VIRGIL AV,0,NA,Y,A,-,N,NA,NA,NA,NA,NA,NA,NA,NA,NA,N,3,0,1,2,A,-,12,21453,A,N,D,C,A,A,H,-,C,A,0,NA,NA,NA,NA,Y,NA,D,22,0,1,0,0,0,0,0,0,0,-,-,NA,NA,LOS ANGELES,LOS ANGELES,-118.28678006,34.07347002
7087089,2015,2015-10-19,1942,2015-09-27,2230,40567,1701,7,5,7,1942,0,0,0,Q,0,10T37,MASON AV,SORRENTO LN,330,N,N,A,-,N,NA,NA,NA,NA,NA,NA,NA,NA,NA,N,2,0,1,1,A,-,03,22350,NA,N,F,J,A,A,H,-,C,D,0,NA,NA,NA,NA,Y,NA,M,96,1,0,0,0,0,0,0,0,0,-,-,NA,NA,LOS ANGELES,LOS ANGELES,-118.57930082,34.27788413
7087090,2015,2015-10-22,1942,2015-09-24,1145,41855,2106,4,5,7,1942,0,0,0,NA,0,21A29,100TH AV,NORDHOFF,0,NA,Y,A,-,N,NA,NA,NA,NA,NA,NA,NA,NA,NA,Y,3,0,2,2,A,-,09,21801,A,N,A,C,A,A,H,-,A,A,0,NA,NA,NA,NA,Y,NA,A,01,0,1,1,0,0,0,0,0,0,-,-,NA,NA,LOS ANGELES,LOS ANGELES,NA,NA
7087092,2015,2015-10-12,1942,2015-09-16,1345,38282,2011,3,5,7,1942,0,0,0,NA,0,20TL59,WESTERN AV,2ND ST,0,N,N,A,-,N,NA,NA,NA,NA,NA,NA,NA,NA,NA,N,4,0,1,2,A,-,03,22350,NA,N,C,C,A,A,H,-,A,D,0,NA,NA,NA,NA,Y,NA,D,22,0,0,1,0,0,0,0,0,0,-,-,NA,NA,LOS ANGELES,LOS ANGELES,-118.30912,34.07112
7087093,2015,2015-10-15,1942,2015-09-28,0515,41135,1583,1,5,7,1942,0,0,0,O,0,15A3,VENTURA BL,COLFAX AV,300,W,N,A,-,N,NA,NA,NA,NA,NA,NA,NA,NA,NA,Y,4,0,1,1,A,-,03,22350,NA,N,A,I,A,A,H,-,C,D,0,NA,NA,NA,NA,Y,NA,-,NA,0,0,1,0,0,0,0,0,0,-,-,NA,NA,LOS ANGELES,LOS ANGELES,-118.38860706,34.14167101
7087094,2015,2015-10-21,1942,2015-09-22,1915,36298,1749,2,5,7,1942,0,0,0,Q,0,19A7,HASKELL AV,SAN JOSE ST,160,N,N,A,-,N,NA,NA,NA,NA,NA,NA,NA,NA,NA,Y,4,0,1,2,A,-,03,22350,NA,N,F,E,A,A,H,-,D,D,0,NA,NA,NA,NA,Y,Y,A,01,0,0,1,0,0,0,0,0,0,-,-,NA,NA,LOS ANGELES,LOS ANGELES,-118.47607277,34.26141883
7087096,2015,2015-10-12,1942,2015-09-22,0610,34251,0739,2,5,7,1942,0,0,0,G,0,7TL23,ROSSMORE AV,3RD ST,0,NA,Y,A,-,N,NA,NA,NA,NA,NA,NA,NA,NA,NA,Y,4,0,2,2,A,-,12,21453,A,N,D,C,A,A,H,-,A,A,0,NA,NA,NA,NA,Y,NA,D,22,0,0,2,0,0,0,0,0,0,-,-,NA,NA,LOS ANGELES,LOS ANGELES,-118.32733006,34.06894009
7087098,2015,2015-10-16,1942,2015-09-25,1250,37080,2157,5,5,7,1942,0,0,0,NA,0,21TL63,INDEPENDENCE AV,VANOWEN ST,0,S,Y,A,-,N,NA,NA,NA,NA,NA,NA,NA,NA,NA,Y,3,0,1,3,A,-,01,23152,A,M,D,E,A,A,H,-,A,D,0,NA,NA,NA,NA,Y,NA,A,01,0,1,0,0,0,0,0,0,0,-,-,NA,NA,LOS ANGELES,LOS ANGELES,-118.59060012,34.19377007
7087100,2015,2015-10-17,1942,2015-09-16,1335,34251,0749,3,5,7,1942,0,0,0,G,0,20TL55,WILSHIRE BL,ARDEN BL,0,NA,Y,A,-,N,NA,NA,NA,NA,NA,NA,NA,NA,NA,N,3,0,4,2,A,-,03,22350,NA,N,C,C,A,A,H,-,A,A,0,NA,NA,NA,NA,Y,NA,I,20,0,1,3,0,0,0,0,0,0,-,-,NA,NA,LOS ANGELES,LOS ANGELES,-118.32580012,34.0618801
7087101,2015,2015-10-15,1942,2015-09-28,0720,37080,1765,1,5,7,1942,0,0,0,Q,0,21TL63,LASSEN ST,WILBUR AV,0,NA,Y,A,-,N,NA,NA,NA,NA,NA,NA,NA,NA,NA,Y,3,0,3,2,A,-,09,21801,A,N,D,C,A,A,H,-,A,A,0,NA,NA,NA,NA,Y,NA,A,01,0,2,1,0,0,0,0,0,0,-,-,NA,NA,LOS ANGELES,LOS ANGELES,-118.54484003,34.25000006
7087102,2015,2015-10-16,1942,2015-09-23,1735,36657,2157,3,5,7,1942,0,0,0,NA,0,21A73,MASON,ARCHWOOD,0,NA,Y,A,-,N,NA,NA,NA,NA,NA,NA,NA,NA,NA,Y,4,0,1,2,A,-,03,22350,NA,N,C,C,A,A,H,-,A,D,0,NA,NA,NA,NA,Y,NA,A,01,0,0,1,0,0,0,0,0,0,-,-,NA,NA,LOS ANGELES,LOS ANGELES,-118.57967002,34.19274004
7087103,2015,2015-10-17,1942,2015-09-27,1325,39096,1782,7,5,7,1942,0,0,0,Q,0,10TL34,CORBIN ST,GRESHAM ST,220,S,N,A,-,N,NA,NA,NA,NA,NA,NA,NA,NA,NA,N,3,0,3,2,A,-,09,21804,A,N,A,C,A,A,H,-,A,D,0,NA,NA,NA,NA,Y,NA,D,22,0,3,0,0,0,0,0,0,0,-,-,NA,NA,LOS ANGELES,LOS ANGELES,-118.56229,34.23081649
7087105,2015,2015-10-23,1942,2015-09-28,1020,41968,1516,1,5,7,1942,0,0,0,O,0,15A33,LANKERSHIM BL,ARCHWOOD ST,85,N,N,A,-,N,NA,NA,NA,NA,NA,NA,NA,NA,NA,N,3,0,1,2,A,I,-,NA,NA,N,H,G,A,A,-,-,A,D,0,NA,Y,NA,NA,Y,NA,L,04,0,1,0,0,0,0,1,0,0,-,-,NA,NA,LOS ANGELES,LOS ANGELES,-118.38778,34.19234313
7087106,2015,2015-10-23,1942,2015-09-21,0815,31934,1714,1,5,7,1942,0,0,0,Q,0,17435,RESEDA BL,ASUNCION ST,0,NA,Y,-,-,N,NA,NA,NA,NA,NA,NA,NA,NA,NA,Y,4,0,2,2,A,-,09,21801,A,N,D,C,A,-,-,-,A,D,0,NA,NA,NA,NA,Y,NA,A,07,0,0,2,0,0,0,0,0,0,-,-,NA,NA,LOS ANGELES,LOS ANGELES,-118.5356001,34.27818005
7087108,2015,2016-07-20,1942,2015-09-27,1900,40003,1862,7,5,7,1942,0,0,0,R,0,12T73,FIGUEROA ST,IMPERIAL HWY,0,NA,Y,A,-,N,NA,NA,NA,NA,NA,NA,NA,NA,NA,Y,4,0,1,2,A,-,09,21801,A,N,A,C,A,A,H,-,C,A,0,NA,NA,NA,NA,Y,NA,A,01,0,0,1,0,0,0,0,0,0,-,-,NA,NA,LOS ANGELES,LOS ANGELES,-118.28260006,33.9310001
7087110,2015,2015-10-15,1942,2015-09-26,1050,39192,1767,6,5,7,1942,0,0,0,Q,0,10TL39,RESEDA BL,PLUMMER ST,0,NA,Y,A,-,N,NA,NA,NA,NA,NA,NA,NA,NA,NA,Y,4,0,1,2,A,-,09,21801,A,N,D,C,A,A,H,-,A,A,0,NA,NA,NA,NA,Y,NA,A,01,0,0,1,0,0,0,0,0,0,-,-,NA,NA,LOS ANGELES,LOS ANGELES,-118.53608012,34.24274003
7087111,2015,2016-03-07,1942,2015-09-27,2245,40207,1011,7,5,7,1942,0,0,0,J,0,17T13,SATICOY ST,BOTHWELL RD,245,E,N,A,-,N,NA,NA,NA,NA,NA,NA,NA,NA,NA,Y,3,0,1,1,A,-,08,22107,NA,F,E,I,A,A,H,-,C,A,0,NA,NA,NA,NA,Y,Y,D,22,0,1,0,0,0,0,0,0,0,-,-,NA,NA,LOS ANGELES,LOS ANGELES,-118.56044105,34.20834
7087114,2015,2015-10-15,1942,2015-09-23,0720,41872,175A,3,5,7,1942,0,0,0,Q,0,17A91,DEVONSHIRE ST,RESEDA BL,0,NA,Y,A,-,N,NA,NA,NA,NA,NA,NA,NA,NA,NA,Y,4,0,2,2,A,-,09,21801,A,N,A,C,A,A,H,-,A,A,0,NA,NA,NA,NA,Y,NA,-,NA,0,0,2,0,0,0,0,0,0,-,-,NA,NA,LOS ANGELES,LOS ANGELES,-118.53609003,34.25726011
7087115,2015,2015-10-17,1942,2015-09-27,0315,41929,1924,7,5,7,1942,0,0,0,NA,0,19A7,HUBBARD ST,EL DORADO AV,0,NA,Y,A,-,N,NA,NA,NA,NA,NA,NA,NA,NA,NA,Y,3,0,2,2,A,-,09,21801,A,N,A,C,A,A,H,-,C,D,0,NA,NA,NA,NA,Y,Y,D,22,0,1,1,0,0,0,0,0,0,-,-,NA,NA,LOS ANGELES,LOS ANGELES,-118.45084008,34.28938011