CASE_ID,ACCIDENT_YEAR,PROC_DATE,JURIS,COLLISION_DATE,COLLISION_TIME,OFFICER_ID,REPORTING_DISTRICT,DAY_OF_WEEK,CHP_SHIFT,POPULATION,CNTY_CITY_LOC,SPECIAL_COND,BEAT_TYPE,CHP_BEAT_TYPE,CITY_DIVISION_LAPD,CHP_BEAT_CLASS,BEAT_NUMBER,PRIMARY_RD,SECONDARY_RD,DISTANCE,DIRECTION,INTERSECTION,WEATHER_1,WEATHER_2,STATE_HWY_IND,CALTRANS_COUNTY,CALTRANS_DISTRICT,STATE_ROUTE,ROUTE_SUFFIX,POSTMILE_PREFIX,POSTMILE,LOCATION_TYPE,RAMP_INTERSECTION,SIDE_OF_HWY,TOW_AWAY,COLLISION_SEVERITY,NUMBER_KILLED,NUMBER_INJURED,PARTY_COUNT,PRIMARY_COLL_FACTOR,PCF_CODE_OF_VIOL,PCF_VIOL_CATEGORY,PCF_VIOLATION,PCF_VIOL_SUBSECTION,HIT_AND_RUN,TYPE_OF_COLLISION,MVIW,PED_ACTION,ROAD_SURFACE,ROAD_COND_1,ROAD_COND_2,LIGHTING,CONTROL_DEVICE,CHP_ROAD_TYPE,PEDESTRIAN_ACCIDENT,BICYCLE_ACCIDENT,MOTORCYCLE_ACCIDENT,TRUCK_ACCIDENT,NOT_PRIVATE_PROPERTY,ALCOHOL_INVOLVED,STWD_VEHTYPE_AT_FAULT,CHP_VEHTYPE_AT_FAULT,COUNT_SEVERE_INJ,COUNT_VISIBLE_INJ,COUNT_COMPLAINT_PAIN,COUNT_PED_KILLED,COUNT_PED_INJURED,COUNT_BICYCLIST_KILLED,COUNT_BICYCLIST_INJURED,COUNT_MC_KILLED,COUNT_MC_INJURED,PRIMARY_RAMP,SECONDARY_RAMP,LATITUDE,LONGITUDE,COUNTY,CITY,POINT_X,POINT_Y
7094836,2015,2015-10-09,1900,2015-10-01,1415,236790,1132,4,5,6,1992,0,0,0,NA,0,112T1,DIVISION ST,AVENUE I,95,S,N,A,-,N,NA,NA,NA,NA,NA,NA,NA,NA,NA,N,4,0,2,2,D,-,00,NA,NA,N,C,C,A,A,H,-,A,D,0,NA,NA,NA,NA,Y,NA,-,-,0,0,2,0,0,0,0,0,0,-,-,NA,NA,LOS ANGELES,LANCASTER,-118.13043256,34.70372959
7094837,2015,2015-10-13,1907,2015-07-21,2311,209,2,2,5,4,1907,0,0,0,NA,0,NA,WALKER AV,BECK AV,15,N,N,A,-,N,NA,NA,NA,NA,NA,NA,NA,NA,NA,Y,4,0,1,2,A,-,03,22350,NA,N,C,C,A,A,H,-,C,A,0,NA,NA,NA,NA,Y,NA,A,01,0,0,1,0,0,0,0,0,0,-,-,33.97044,-118.17379,LOS ANGELES,BELL,-118.17370344,33.97073077
7094841,2015,2015-10-13,1900,2015-07-31,1721,547282,1333,5,5,5,1908,0,0,0,NA,0,133T1,SOMERSET BL,WOODRUFF AV,0,NA,Y,A,-,N,NA,NA,NA,NA,NA,NA,NA,NA,NA,Y,4,0,2,2,A,-,09,21801,A,N,D,C,A,A,H,-,A,-,0,NA,NA,NA,NA,Y,NA,A,07,0,0,2,0,0,0,0,0,0,-,-,NA,NA,LOS ANGELES,BELLFLOWER,-118.11660008,33.89664004
7094849,2015,2015-10-13,1942,2015-07-29,2300,41760,0357,3,5,7,1942,0,0,0,C,0,3A15,JEFFERSON BL,VERMONT,7,W,N,A,-,N,NA,NA,NA,NA,NA,NA,NA,NA,NA,N,3,0,1,2,A,-,09,21804,A,N,H,G,A,A,H,-,C,A,0,NA,Y,NA,NA,Y,NA,L,04,0,1,0,0,0,0,1,0,0,-,-,NA,NA,LOS ANGELES,LOS ANGELES,-118.29154306,34.02551
7094868,2015,2015-10-10,1953,2015-10-01,1622,5281,1953,4,5,6,1953,0,0,0,NA,0,002,LINCOLN AV,WASHINGTON BL,10,N,N,A,-,N,NA,NA,NA,NA,NA,NA,NA,NA,NA,Y,4,0,1,2,A,-,03,22350,NA,N,C,C,A,A,H,-,A,A,0,NA,NA,NA,NA,Y,NA,A,01,0,0,1,0,0,0,0,0,0,-,-,NA,NA,LOS ANGELES,PASADENA,-118.15958048,34.16984742
7094890,2015,2015-10-14,1900,2015-09-08,1220,101944,0453,2,5,6,1949,0,0,0,NA,0,43T11D,STUDEBAKER RD,CRESTBROOK ST,39,S,N,A,-,N,NA,NA,NA,NA,NA,NA,NA,NA,NA,Y,4,0,1,3,A,-,21,22106,NA,N,B,C,A,A,H,-,A,D,0,NA,NA,NA,NA,Y,NA,A,01,0,0,1,0,0,0,0,0,0,-,-,NA,NA,LOS ANGELES,NORWALK,-118.10010739,33.90402308
7094892,2015,2015-10-20,1942,2015-10-02,0420,37540,0245,5,5,7,1942,0,0,0,B,0,1T32,CORONADO AV,6TH ST,0,NA,Y,A,-,N,NA,NA,NA,NA,NA,NA,NA,NA,NA,N,4,0,1,2,A,-,09,21801,A,N,A,G,A,A,H,-,C,A,0,NA,Y,NA,NA,Y,NA,A,08,0,0,1,0,0,0,1,0,0,-,-,NA,NA,LOS ANGELES,LOS ANGELES,-118.28039006,34.06202006
7094894,2015,2017-01-11,1900,2015-09-30,0510,536332,0454,3,5,6,1949,0,0,0,NA,0,43T1,ROSECRANS AV,RT 5,0,NA,Y,A,-,Y,LA,7,5,-,-,3.383,R,4,S,Y,4,0,2,2,A,-,12,21453,A,N,D,C,A,A,H,-,C,A,0,NA,NA,NA,NA,Y,NA,A,01,0,0,2,0,0,0,0,0,0,-,SF,NA,NA,LOS ANGELES,NORWALK,-118.06074138,33.90156359
7094908,2015,2015-11-05,1942,2015-10-01,0800,37540,0158,4,5,7,1942,0,0,0,A,0,11T32,6TH ST,GLADYS,0,NA,Y,A,-,N,NA,NA,NA,NA,NA,NA,NA,NA,NA,Y,4,0,2,2,A,-,08,22100,B,N,-,C,A,A,H,-,A,A,0,NA,NA,NA,NA,Y,NA,A,07,0,0,2,0,0,0,0,0,0,-,-,NA,NA,LOS ANGELES,LOS ANGELES,-118.24209013,34.04031002
7094909,2015,2015-10-15,1920,2015-09-13,1408,11992,NA,7,5,6,1920,0,0,0,NA,0,002,PARAMOUNT BL,FIRESTONE BL,0,NA,Y,A,-,N,NA,NA,NA,NA,NA,NA,NA,NA,NA,Y,4,0,1,2,A,-,09,21801,A,N,B,C,A,A,H,-,A,A,0,NA,NA,NA,NA,Y,NA,I,11,0,0,1,0,0,0,0,0,0,-,-,NA,NA,LOS ANGELES,DOWNEY,-118.13797001,33.94273011
7094913,2015,2015-10-19,1920,2015-09-10,0821,19354,NA,4,5,6,1920,0,0,0,NA,0,002,OLD RIVER SCHOOL RD,LUXOR ST,75,S,N,A,-,N,NA,NA,NA,NA,NA,NA,NA,NA,NA,Y,4,0,1,3,A,-,03,22350,NA,N,C,C,A,A,H,-,A,A,0,NA,NA,NA,NA,Y,NA,D,22,0,0,1,0,0,0,0,0,0,-,-,NA,NA,LOS ANGELES,DOWNEY,-118.15288523,33.94186279
7094917,2015,2015-10-26,1920,2015-09-11,1706,12476,NA,5,5,6,1920,0,0,0,NA,0,004,LAKEWOOD BL,GALLATIN RD,1130,N,N,A,-,N,NA,NA,NA,NA,NA,NA,NA,NA,NA,N,4,0,1,2,A,-,03,22350,NA,N,C,C,A,A,H,-,A,D,0,NA,NA,NA,NA,Y,NA,A,01,0,0,1,0,0,0,0,0,0,-,-,NA,NA,LOS ANGELES,DOWNEY,-118.11218421,33.95721663
7094925,2015,2015-10-15,1920,2015-09-14,1329,11992,NA,1,5,6,1920,0,0,0,NA,0,001,IMPERIAL HWY,BELLFLOWER BL,0,NA,Y,A,-,N,NA,NA,NA,NA,NA,NA,NA,NA,NA,Y,4,0,1,2,D,-,00,NA,NA,N,D,C,A,A,H,-,A,A,0,NA,NA,NA,NA,Y,NA,-,-,0,0,1,0,0,0,0,0,0,-,-,NA,NA,LOS ANGELES,DOWNEY,-118.12542004,33.91703003
7094928,2015,2015-10-20,1942,2015-10-02,0855,38214,0142,5,5,7,1942,0,0,0,A,0,IA85,FIGUEROA ST,4TH ST,0,NA,Y,A,-,N,NA,NA,NA,NA,NA,NA,NA,NA,NA,N,3,0,1,2,A,-,-,NA,NA,N,B,G,A,A,H,-,A,A,0,NA,Y,NA,NA,Y,NA,-,99,0,1,0,0,0,0,1,0,0,-,-,NA,NA,LOS ANGELES,LOS ANGELES,-118.25597002,34.05354006
7094930,2015,2015-10-14,1900,2015-04-30,1053,516691,2834,4,5,5,1915,0,0,0,NA,0,282T1,WILMINGTON AV,ARTESIA BL,28,S,N,A,-,N,NA,NA,NA,NA,NA,NA,NA,NA,NA,N,4,0,1,2,A,-,08,22107,NA,N,B,C,A,A,H,-,A,A,0,NA,NA,NA,Y,Y,NA,G,24,0,0,1,0,0,0,0,0,0,-,-,NA,NA,LOS ANGELES,COMPTON,-118.23611304,33.87430343
7094936,2015,2015-10-17,1942,2015-09-23,0600,37540,265,3,5,7,1942,0,0,0,NA,0,11T32,7TH ST,WESTLAKE,0,NA,Y,A,-,N,NA,NA,NA,NA,NA,NA,NA,NA,NA,N,4,0,1,2,A,-,10,21950,A,N,-,B,B,A,H,-,B,A,0,Y,NA,NA,NA,Y,NA,I,20,0,0,1,0,1,0,0,0,0,-,-,NA,NA,LOS ANGELES,LOS ANGELES,-118.27565,34.05594007
7094937,2015,2015-10-15,1920,2015-09-15,0831,10705,NA,2,5,6,1920,0,0,0,NA,0,005,PARAMOUNT BL,GALLATIN RD,65,N,N,B,C,N,NA,NA,NA,NA,NA,NA,NA,NA,NA,N,4,0,1,2,A,-,03,22350,NA,N,A,C,A,B,H,-,A,D,0,NA,NA,NA,NA,Y,NA,-,NA,0,0,1,0,0,0,0,0,0,-,-,NA,NA,LOS ANGELES,DOWNEY,-118.12303832,33.96235568
7094940,2015,2015-11-04,1942,2015-09-28,1150,35688,331,1,5,7,1942,0,0,0,NA,0,3T5,JEFFERSON BL,LA BREA AV,0,NA,Y,A,-,N,NA,NA,NA,NA,NA,NA,NA,NA,NA,N,4,0,3,2,A,-,09,21801,A,N,D,C,A,A,H,-,A,A,0,NA,NA,NA,NA,Y,NA,D,22,0,0,3,0,0,0,0,0,0,-,-,NA,NA,LOS ANGELES,LOS ANGELES,-118.35487009,34.0255201
7094941,2015,2015-10-15,1920,2015-09-16,1551,12476,NA,3,5,6,1920,0,0,0,NA,0,004,STUDEBAKER RD,CECILIA ST,0,NA,Y,A,-,N,NA,NA,NA,NA,NA,NA,NA,NA,NA,Y,4,0,1,2,A,-,09,21802,A,N,D,C,A,A,H,-,A,A,0,NA,NA,NA,NA,Y,NA,D,22,0,0,1,0,0,0,0,0,0,-,-,NA,NA,LOS ANGELES,DOWNEY,-118.09928,33.93200011
7094944,2015,2015-10-17,1942,2015-09-28,1845,40869,0398,1,5,7,1942,0,0,0,C,0,37TL57,HOOVER ST,VERNON AV,60,N,N,A,-,N,NA,NA,NA,NA,NA,NA,NA,NA,NA,N,4,0,1,2,A,-,03,22350,NA,N,C,C,A,A,H,-,A,D,0,NA,NA,NA,NA,Y,NA,D,22,0,0,1,0,0,0,0,0,0,-,-,NA,NA,LOS ANGELES,LOS ANGELES,-118.28717,34.00388455
7094948,2015,2015-10-17,1942,2015-08-27,0735,36924,0315,4,5,7,1942,0,0,0,C,0,12T41,ADAMS,GRAMERCY,0,NA,Y,A,-,N,NA,NA,NA,NA,NA,NA,NA,NA,NA,N,4,0,1,2,A,-,09,21801,A,N,A,C,A,A,H,-,A,A,0,NA,NA,NA,NA,Y,NA,A,01,0,0,1,0,0,0,0,0,0,-,-,NA,NA,LOS ANGELES,LOS ANGELES,-118.31333008,34.03266007
7094952,2015,2017-01-17,1942,2015-08-12,1130,41933,0313,3,5,7,1942,0,0,0,C,0,NA,CRENSHAW BL,ADAMS BL,500,N,N,A,-,Y,LA,7,10,-,R,11.218,R,4,E,Y,3,0,1,3,A,-,12,21453,A,N,D,C,A,A,H,-,A,A,0,NA,NA,NA,NA,Y,NA,D,22,0,1,0,0,0,0,0,0,0,-,-,NA,NA,LOS ANGELES,LOS ANGELES,-118.33682505,34.03481764
7094956,2015,2017-01-17,1942,2015-08-10,1545,40243,0308,1,5,7,1942,0,0,0,C,0,NA,HOOVER ST,22ND ST,300,N,N,A,-,Y,LA,7,10,-,-,14.37,R,4,E,Y,4,0,1,2,A,-,03,22350,NA,N,C,C,A,A,H,-,A,A,0,NA,NA,NA,NA,Y,NA,A,01,0,0,1,0,0,0,0,0,0,-,-,NA,NA,LOS ANGELES,LOS ANGELES,-118.28193348,34.03746551
7094960,2015,2015-10-20,1942,2015-08-19,1200,41798,0341,3,5,7,1942,0,0,0,C,0,3A99,LA CIENEGA BL,RODEO RD,80,S,N,A,-,N,NA,NA,NA,NA,NA,NA,NA,NA,NA,Y,4,0,3,2,A,-,03,22350,NA,N,C,C,A,A,H,-,A,A,0,NA,NA,NA,Y,Y,NA,A,08,0,0,3,0,0,0,0,0,0,-,-,NA,NA,LOS ANGELES,LOS ANGELES,-118.37237061,34.02148076
7094961,2015,2015-10-13,1900,2015-09-29,1620,530864,2845,2,5,5,1915,0,0,0,NA,0,283T3,ARTESIA BL,DELTA AV,255,W,N,A,-,N,NA,NA,NA,NA,NA,NA,NA,NA,NA,Y,3,0,1,2,A,-,09,21804,A,N,D,C,A,A,H,-,A,D,0,NA,NA,Y,NA,Y,NA,A,01,0,1,0,0,0,0,0,0,1,-,-,NA,NA,LOS ANGELES,COMPTON,-118.20892837,33.87434837
7094965,2015,2015-10-13,1900,2015-09-27,1729,533032,2813,7,5,5,1915,0,0,0,NA,0,283T3,CRESSEY ST,PAULSEN AV,0,NA,Y,A,-,N,NA,NA,NA,NA,NA,NA,NA,NA,NA,N,4,0,1,2,A,-,09,21802,A,N,D,C,A,A,H,-,A,D,0,NA,NA,NA,NA,Y,NA,A,01,0,0,1,0,0,0,0,0,0,-,-,NA,NA,LOS ANGELES,COMPTON,-118.23634007,33.90529009
7094966,2015,2015-10-13,1900,2015-09-29,0938,516691,2847,2,5,5,1915,0,0,0,NA,0,282T1,LONG BEACH BL,ELIZABETH ST,0,NA,Y,A,-,N,NA,NA,NA,NA,NA,NA,NA,NA,NA,N,4,0,1,2,A,-,21,22106,NA,N,B,C,A,A,H,-,A,D,0,NA,NA,NA,NA,Y,NA,A,01,0,0,1,0,0,0,0,0,0,-,-,NA,NA,LOS ANGELES,COMPTON,-118.20683001,33.88779012
7094969,2015,2015-10-13,1900,2015-09-27,1355,533032,2825,7,5,5,1915,0,0,0,NA,0,283T3,BULLIS RD,PINE ST,0,NA,Y,A,-,N,NA,NA,NA,NA,NA,NA,NA,NA,NA,N,4,0,1,2,A,-,12,21453,A,N,D,C,A,A,H,-,A,A,0,NA,NA,NA,NA,Y,NA,A,01,0,0,1,0,0,0,0,0,0,-,-,NA,NA,LOS ANGELES,COMPTON,-118.20688011,33.90903012
7094970,2015,2017-03-06,1900,2015-09-27,1757,533032,NA,7,5,5,1915,0,0,0,NA,0,283T3,COMPTON BL,WADSWORTH AV,0,NA,Y,A,-,N,NA,NA,NA,NA,NA,NA,NA,NA,NA,Y,4,0,2,2,A,-,12,21457,A,N,D,C,A,A,H,-,A,B,0,NA,NA,NA,NA,Y,NA,A,01,0,0,2,0,0,0,0,0,0,-,-,NA,NA,LOS ANGELES,COMPTON,-118.25836014,33.89577001
7094973,2015,2016-12-22,1900,2015-09-02,1820,101944,0453,3,5,6,1949,0,0,0,NA,0,43T11P,ROSECRANS AV,RT 605,0,NA,Y,A,-,Y,LA,7,605,-,R,6.973,R,4,N,Y,2,0,1,2,A,-,12,21453,A,N,D,C,A,A,H,-,A,A,0,NA,NA,Y,NA,Y,NA,C,02,1,0,0,0,0,0,0,0,1,-,NO,NA,NA,LOS ANGELES,NORWALK,-118.1051246,33.90424959
7094974,2015,2015-10-13,1900,2015-09-16,1841,196195,1418,3,5,1,1932,0,0,0,NA,0,141T5,AZUSA AV,GALE AV,1056,S,N,A,-,N,NA,NA,NA,NA,NA,NA,NA,NA,NA,N,4,0,1,2,A,-,07,21658,A,N,B,C,A,A,H,-,A,D,0,NA,NA,NA,NA,Y,NA,A,07,0,0,1,0,0,0,0,0,0,-,-,NA,NA,LOS ANGELES,INDUSTRY,-117.93118862,33.99728808
7094977,2015,2015-10-13,1900,2015-09-12,2235,510592,0456,6,5,6,1949,0,0,0,NA,0,43T1E,NORWALK BL,ALONDRA BL,0,NA,Y,A,-,N,NA,NA,NA,NA,NA,NA,NA,NA,NA,Y,4,0,1,2,A,-,03,22350,NA,F,C,C,A,A,H,-,C,A,0,NA,NA,NA,NA,Y,NA,A,01,0,0,1,0,0,0,0,0,0,-,-,NA,NA,LOS ANGELES,NORWALK,-118.07285003,33.88774002
7094978,2015,2015-10-13,1900,2015-09-15,0648,196195,1414,2,5,1,1932,0,0,0,NA,0,141T5,VALLEY BL,5TH AV,300,W,N,B,C,N,NA,NA,NA,NA,NA,NA,NA,NA,NA,N,4,0,1,2,A,-,04,21703,NA,N,C,C,A,B,H,-,A,D,0,NA,NA,NA,NA,Y,NA,A,07,0,0,1,0,0,0,0,0,0,-,-,NA,NA,LOS ANGELES,INDUSTRY,-117.98253437,34.04024116
7094981,2015,2015-10-13,1900,2015-09-18,0705,483164,0469,5,5,4,1936,0,0,0,NA,0,NA,FOSTER RD,PARISE DR,0,NA,Y,A,-,N,NA,NA,NA,NA,NA,NA,NA,NA,NA,Y,4,0,2,2,A,-,08,22107,NA,N,D,C,A,A,H,-,A,D,0,NA,NA,NA,NA,Y,NA,A,08,0,0,2,0,0,0,0,0,0,-,-,NA,NA,LOS ANGELES,LA MIRADA,-118.03066011,33.90973006
7094982,2015,2015-10-13,1900,2015-09-12,0305,516853,1418,6,5,1,1932,0,0,0,NA,0,143T2,AZUSA AV,HURLEY ST,27,S,N,A,-,N,NA,NA,NA,NA,NA,NA,NA,NA,NA,Y,4,0,1,2,D,-,00,NA,NA,M,D,C,A,A,H,-,C,A,0,NA,NA,NA,NA,Y,NA,-,-,0,0,1,0,0,0,0,0,0,-,-,NA,NA,LOS ANGELES,INDUSTRY,-117.92385298,34.0112085
7094985,2015,2015-10-13,1920,2015-09-21,1443,11992,NA,1,5,6,1920,0,0,0,NA,0,003,PARAMOUNT BL,3RD ST S,0,NA,Y,A,-,N,NA,NA,NA,NA,NA,NA,NA,NA,NA,Y,4,0,1,2,A,-,12,21453,A,N,D,C,A,A,H,-,A,A,0,NA,NA,NA,NA,Y,NA,A,01,0,0,1,0,0,0,0,0,0,-,-,NA,NA,LOS ANGELES,DOWNEY,-118.13682012,33.94431008
7094986,2015,2015-10-13,1900,2015-09-11,1820,478216,1435,5,5,4,1937,0,0,0,NA,0,143T1,DORA GUZMAN AV,HURLEY ST,260,N,N,A,-,N,NA,NA,NA,NA,NA,NA,NA,NA,NA,N,3,0,1,2,A,-,11,21954,A,N,D,B,D,A,H,-,A,D,0,Y,NA,NA,NA,Y,NA,N,60,0,1,0,0,1,0,0,0,0,-,-,NA,NA,LOS ANGELES,LA PUENTE,-117.92768509,34.01260945
7094989,2015,2015-10-13,1920,2015-09-15,1406,19354,NA,2,5,6,1920,0,0,0,NA,0,004,FIRESTONE BL,NEWVILLE ST,0,NA,Y,A,-,N,NA,NA,NA,NA,NA,NA,NA,NA,NA,N,4,0,1,2,A,-,21,22106,NA,N,C,C,A,A,H,-,A,B,0,NA,NA,NA,NA,Y,NA,-,NA,0,0,1,0,0,0,0,0,0,-,-,NA,NA,LOS ANGELES,DOWNEY,-118.11164001,33.92948005
7094990,2015,2016-07-19,1900,2015-09-11,0820,457374,1431,5,5,4,1937,0,0,0,NA,0,143T1,TEMPLE AV,UNRUH AV,92,W,N,A,-,N,NA,NA,NA,NA,NA,NA,NA,NA,NA,N,4,0,1,3,A,-,03,22350,NA,N,C,C,A,A,H,-,A,D,0,NA,NA,NA,NA,Y,NA,A,01,0,0,1,0,0,0,0,0,0,-,-,34.03398,-117.95884,LOS ANGELES,LA PUENTE,-117.95881509,34.03386882
7094993,2015,2015-10-13,1920,2015-09-19,1426,11992,NA,6,5,6,1920,0,0,0,NA,0,002,FIRESTONE BL,PARAMOUNT BL,0,NA,Y,A,-,N,NA,NA,NA,NA,NA,NA,NA,NA,NA,Y,4,0,2,2,A,-,09,21801,A,N,A,C,A,A,H,-,A,A,0,NA,NA,NA,NA,Y,NA,A,07,0,0,2,0,0,0,0,0,0,-,-,NA,NA,LOS ANGELES,DOWNEY,-118.13797001,33.94273011
7094994,2015,2016-07-19,1900,2015-09-10,0816,457374,1434,4,5,4,1937,0,0,0,NA,0,143T1,VALLEY BL,HOFGAARDEN ST,119,E,N,A,-,N,NA,NA,NA,NA,NA,NA,NA,NA,NA,Y,4,0,1,1,A,-,07,21658,A,N,F,I,A,A,H,-,A,D,0,NA,NA,NA,NA,Y,NA,A,07,0,0,1,0,0,0,0,0,0,-,-,34.01467,-117.94356,LOS ANGELES,LA PUENTE,-117.94349543,34.01462729
7094997,2015,2015-10-13,1900,2015-09-28,1030,526352,1435,1,5,4,1937,0,0,0,NA,0,143T1,VALLEY BL,AZUSA WY,0,NA,Y,A,-,N,NA,NA,NA,NA,NA,NA,NA,NA,NA,N,4,0,1,2,A,-,04,21703,NA,N,C,C,A,A,H,-,A,A,0,NA,NA,NA,NA,Y,NA,A,08,0,0,1,0,0,0,0,0,0,-,-,NA,NA,LOS ANGELES,LA PUENTE,-117.92570012,34.00907002
7094998,2015,2015-10-13,1900,2015-09-09,1720,196195,1415,3,5,1,1932,0,0,0,NA,0,141T5,AZUSA AV,GALE AV,67,N,N,A,-,N,NA,NA,NA,NA,NA,NA,NA,NA,NA,Y,4,0,2,3,A,-,07,21658,A,N,D,C,A,A,H,-,A,A,0,NA,NA,Y,NA,Y,NA,A,01,0,0,2,0,0,0,0,0,1,-,-,NA,NA,LOS ANGELES,INDUSTRY,-117.93083511,34.00035251
7095001,2015,2015-10-13,1900,2015-09-17,2210,515583,1430,4,5,4,1937,0,0,0,NA,0,143T2,SUNSET AV,NELSON AV,0,NA,Y,A,-,N,NA,NA,NA,NA,NA,NA,NA,NA,NA,Y,4,0,3,2,A,-,09,21801,A,N,D,C,A,A,H,-,C,A,0,NA,NA,NA,NA,Y,NA,A,01,0,0,3,0,0,0,0,0,0,-,-,NA,NA,LOS ANGELES,LA PUENTE,-117.97206005,34.03690006
7095002,2015,2015-10-14,1965,2015-09-19,0910,3178,B4E,6,5,5,1965,0,0,0,NA,0,B004,MONTANA AV,17TH ST,95,E,N,A,-,N,NA,NA,NA,NA,NA,NA,NA,NA,NA,Y,3,0,1,2,A,-,06,21755,NA,N,B,C,A,A,H,-,A,A,0,NA,NA,Y,NA,Y,NA,C,02,0,1,0,0,0,0,0,0,1,-,-,NA,NA,LOS ANGELES,SANTA MONICA,-118.49214496,34.03468113
7095005,2015,2015-10-13,1900,2015-09-16,1605,451502,1432,3,5,4,1937,0,0,0,NA,0,143T1P,AMAR RD,AILERON AV,0,NA,Y,A,-,N,NA,NA,NA,NA,NA,NA,NA,NA,NA,Y,3,0,1,2,A,-,09,21802,A,N,D,C,A,A,H,-,A,A,0,NA,NA,NA,NA,Y,NA,A,08,0,1,0,0,0,0,0,0,0,-,-,34.03655,-117.94076,LOS ANGELES,LA PUENTE,-117.94081001,34.03655011
7095006,2015,2015-10-14,1965,2015-09-28,0830,3693,0B3F,1,5,5,1965,0,0,0,NA,0,B003,CLOVERFIELD BL,MICHIGAN AV,182,N,N,A,-,N,NA,NA,NA,NA,NA,NA,NA,NA,NA,Y,4,0,1,2,A,-,03,22350,NA,N,C,C,A,A,H,-,A,A,0,NA,NA,NA,NA,Y,NA,A,07,0,0,1,0,0,0,0,0,0,-,-,NA,NA,LOS ANGELES,SANTA MONICA,-118.47079565,34.02583755
7095009,2015,2015-10-13,1900,2015-09-15,1700,451502,1430,2,5,4,1937,0,0,0,NA,0,143T1P,TEMPLE AV,ARDILLA AV,0,NA,Y,A,-,N,NA,NA,NA,NA,NA,NA,NA,NA,NA,Y,3,0,2,2,A,-,01,23152,A,M,D,C,A,A,H,-,A,A,0,NA,NA,NA,NA,Y,Y,A,01,0,2,0,0,0,0,0,0,0,-,-,34.04873,-117.9789,LOS ANGELES,LA PUENTE,-117.97904002,34.04854007
7095010,2015,2015-10-13,1965,2015-09-19,2350,3844,0B1G,6,5,5,1965,0,0,0,NA,0,B001,OLYMPIC BL,AVENIDA MAZALAN,40,W,N,A,-,N,NA,NA,NA,NA,NA,NA,NA,NA,NA,N,4,0,1,3,A,-,03,22350,NA,N,C,C,A,A,H,-,C,A,0,NA,NA,NA,NA,Y,NA,A,01,0,0,1,0,0,0,0,0,0,-,-,NA,NA,LOS ANGELES,SANTA MONICA,-118.49066314,34.01164239
7095013,2015,2016-07-19,1965,2015-09-28,1059,3693,0B2A,1,5,5,1965,0,0,0,NA,0,B002,LINCOLN BL,MARINE ST,0,NA,Y,A,-,N,NA,NA,NA,NA,NA,NA,NA,NA,NA,N,3,0,1,2,A,-,06,21755,NA,N,D,C,A,A,H,-,A,A,0,NA,NA,Y,NA,Y,NA,C,02,0,1,0,0,0,0,0,0,1,-,-,NA,NA,LOS ANGELES,SANTA MONICA,-118.47173013,34.00354003
7095017,2015,2015-10-13,1965,2015-09-17,0655,3865,0B3A,4,5,5,1965,0,0,0,NA,0,B003,WILSHIRE BL,20TH ST,0,NA,Y,A,-,N,NA,NA,NA,NA,NA,NA,NA,NA,NA,Y,4,0,2,2,A,-,12,21453,A,N,D,C,A,A,H,-,A,A,0,NA,NA,NA,NA,Y,NA,A,01,0,0,2,0,0,0,0,0,0,-,-,NA,NA,LOS ANGELES,SANTA MONICA,-118.48321013,34.03139006
7095021,2015,2015-10-13,1965,2015-09-20,1442,3816,NA,7,5,5,1965,0,0,0,NA,0,NA,14TH ST,COLORADO AV,0,NA,Y,A,-,N,NA,NA,NA,NA,NA,NA,NA,NA,NA,N,4,0,2,2,A,-,21,22106,NA,N,C,C,A,A,H,-,A,A,0,NA,NA,NA,NA,Y,NA,A,01,0,0,2,0,0,0,0,0,0,-,-,NA,NA,LOS ANGELES,SANTA MONICA,-118.48264,34.02144007
7095050,2015,2016-01-09,1900,2015-09-28,0750,520027,2836,1,5,5,1915,0,0,0,NA,0,282T1,GREENLEAF BL,WILLOWBROOK AV,0,NA,Y,A,-,N,NA,NA,NA,NA,NA,NA,NA,NA,NA,N,4,0,1,2,A,-,04,21703,NA,N,C,C,A,A,H,-,A,D,0,NA,NA,NA,NA,Y,NA,A,01,0,0,1,0,0,0,0,0,0,-,-,NA,NA,LOS ANGELES,COMPTON,-118.22331001,33.88111
7095123,2015,2015-10-20,1942,2015-08-15,1510,41586,0361,6,5,7,1942,0,0,0,C,0,NA,S LA BREA AV,EXPOSITION BL,0,NA,Y,A,-,N,NA,NA,NA,NA,NA,NA,NA,NA,NA,N,4,0,1,3,A,-,03,22350,NA,N,C,C,A,A,H,-,A,D,0,NA,NA,NA,NA,Y,NA,D,22,0,0,1,0,0,0,0,0,0,-,-,NA,NA,LOS ANGELES,LOS ANGELES,-118.3552201,34.02466012
7095127,2015,2015-10-17,1942,2015-08-27,1000,38496,0378,4,5,7,1942,0,0,0,C,0,NA,VERMONT AV,MARTIN LUTHER KING BL,0,NA,Y,A,-,N,NA,NA,NA,NA,NA,NA,NA,NA,NA,N,3,0,1,2,A,-,09,21801,A,N,A,C,A,A,H,-,A,A,0,NA,NA,Y,NA,Y,NA,D,22,0,1,0,0,0,0,0,0,1,-,-,NA,NA,LOS ANGELES,LOS ANGELES,-118.29153011,34.01087002
7095143,2015,2015-10-19,1942,2015-09-18,0715,31288,0356,5,5,7,1942,0,0,0,C,0,12T41,JEFFERSON,DALTON AV,130,E,N,A,-,N,NA,NA,NA,NA,NA,NA,NA,NA,NA,N,3,0,1,2,A,-,04,21703,NA,F,H,G,A,A,H,-,A,D,0,NA,Y,NA,NA,Y,NA,-,99,0,1,0,0,0,0,1,0,0,-,-,NA,NA,LOS ANGELES,LOS ANGELES,-118.30362179,34.02553