CASE_ID,ACCIDENT_YEAR,PROC_DATE,JURIS,COLLISION_DATE,COLLISION_TIME,OFFICER_ID,REPORTING_DISTRICT,DAY_OF_WEEK,CHP_SHIFT,POPULATION,CNTY_CITY_LOC,SPECIAL_COND,BEAT_TYPE,CHP_BEAT_TYPE,CITY_DIVISION_LAPD,CHP_BEAT_CLASS,BEAT_NUMBER,PRIMARY_RD,SECONDARY_RD,DISTANCE,DIRECTION,INTERSECTION,WEATHER_1,WEATHER_2,STATE_HWY_IND,CALTRANS_COUNTY,CALTRANS_DISTRICT,STATE_ROUTE,ROUTE_SUFFIX,POSTMILE_PREFIX,POSTMILE,LOCATION_TYPE,RAMP_INTERSECTION,SIDE_OF_HWY,TOW_AWAY,COLLISION_SEVERITY,NUMBER_KILLED,NUMBER_INJURED,PARTY_COUNT,PRIMARY_COLL_FACTOR,PCF_CODE_OF_VIOL,PCF_VIOL_CATEGORY,PCF_VIOLATION,PCF_VIOL_SUBSECTION,HIT_AND_RUN,TYPE_OF_COLLISION,MVIW,PED_ACTION,ROAD_SURFACE,ROAD_COND_1,ROAD_COND_2,LIGHTING,CONTROL_DEVICE,CHP_ROAD_TYPE,PEDESTRIAN_ACCIDENT,BICYCLE_ACCIDENT,MOTORCYCLE_ACCIDENT,TRUCK_ACCIDENT,NOT_PRIVATE_PROPERTY,ALCOHOL_INVOLVED,STWD_VEHTYPE_AT_FAULT,CHP_VEHTYPE_AT_FAULT,COUNT_SEVERE_INJ,COUNT_VISIBLE_INJ,COUNT_COMPLAINT_PAIN,COUNT_PED_KILLED,COUNT_PED_INJURED,COUNT_BICYCLIST_KILLED,COUNT_BICYCLIST_INJURED,COUNT_MC_KILLED,COUNT_MC_INJURED,PRIMARY_RAMP,SECONDARY_RAMP,LATITUDE,LONGITUDE,COUNTY,CITY,POINT_X,POINT_Y
7096982,2015,2015-10-19,1900,2015-10-10,1958,550490,1131,6,5,6,1992,0,0,0,NA,0,112T1,AVENUE K,30TH ST EAST,0,NA,Y,A,-,N,NA,NA,NA,NA,NA,NA,NA,NA,NA,Y,4,0,2,2,A,-,08,22107,NA,N,B,C,A,A,H,-,C,D,0,NA,NA,NA,NA,Y,NA,A,01,0,0,2,0,0,0,0,0,0,-,-,NA,NA,LOS ANGELES,LANCASTER,-118.07694008,34.67524005
7096984,2015,2015-10-19,1955,2015-10-06,1156,40437,0059,2,5,6,1955,0,0,0,NA,0,001,POMONA BL,EXPLORER ST,24,W,N,A,-,N,NA,NA,NA,NA,NA,NA,NA,NA,NA,Y,3,0,2,1,A,-,03,22350,NA,N,E,I,A,A,H,-,A,D,0,NA,NA,NA,NA,Y,NA,A,01,0,1,1,0,0,0,0,0,0,-,-,NA,NA,LOS ANGELES,POMONA,-117.80477169,34.05133887
7096986,2015,2015-10-19,1900,2015-10-12,0827,263565,1133,1,5,6,1992,0,0,0,NA,0,112T2,CHALLENGER WY,AVENUE J8,0,NA,Y,A,-,N,NA,NA,NA,NA,NA,NA,NA,NA,NA,Y,3,0,4,2,A,-,12,21453,A,N,D,C,A,A,H,-,A,A,0,NA,NA,NA,NA,Y,NA,A,01,0,1,3,0,0,0,0,0,0,-,-,NA,NA,LOS ANGELES,LANCASTER,-118.11253,34.68218
7096988,2015,2015-10-19,1942,2015-10-03,2230,31652,1591,6,5,7,1942,0,0,0,O,0,19T73,LAUREL CANYON BL,VENTURA PL,30,N,N,A,-,N,NA,NA,NA,NA,NA,NA,NA,NA,NA,Y,2,0,1,2,A,-,11,21456,B,N,G,B,B,A,H,-,C,A,0,Y,NA,NA,NA,Y,NA,N,60,1,0,0,0,1,0,0,0,0,-,-,NA,NA,LOS ANGELES,LOS ANGELES,-118.39582123,34.14507808
7096992,2015,2015-10-19,1942,2015-10-01,1215,37774,1504,4,5,7,1942,0,0,0,O,0,18TL77,LANKERSHIM BL,SATICOY ST,135,S,N,A,-,N,NA,NA,NA,NA,NA,NA,NA,NA,NA,Y,4,0,1,2,A,-,09,21804,A,N,D,C,A,A,H,-,A,D,0,NA,NA,NA,NA,Y,NA,A,01,0,0,1,0,0,0,0,0,0,-,-,NA,NA,LOS ANGELES,LOS ANGELES,-118.38779,34.20810973
7096993,2015,2015-10-19,1942,2015-10-06,1620,38503,1208,2,5,7,1942,0,0,0,L,0,12T73,FIGUEROA ST,49TH ST,0,NA,Y,A,-,N,NA,NA,NA,NA,NA,NA,NA,NA,NA,Y,3,0,2,2,A,-,09,21801,A,N,D,C,A,A,H,-,A,A,0,NA,NA,NA,NA,Y,NA,A,01,0,1,1,0,0,0,0,0,0,-,-,NA,NA,LOS ANGELES,LOS ANGELES,-118.28272013,33.99876004
7096997,2015,2016-03-22,1942,2015-10-06,1530,40869,1203,2,5,7,1942,0,0,0,L,0,3TL57,VAN NESS AV,VERNON,0,NA,Y,A,-,N,NA,NA,NA,NA,NA,NA,NA,NA,NA,N,3,0,3,2,A,-,09,21802,A,N,D,C,A,A,H,-,A,A,0,NA,NA,NA,NA,Y,NA,A,01,0,1,2,0,0,0,0,0,0,-,-,NA,NA,LOS ANGELES,LOS ANGELES,-118.31714013,34.00370001
7097001,2015,2015-10-19,1942,2015-10-02,2025,38557,1269,5,5,7,1942,0,0,0,L,0,18A44,CENTRAL AV,MANCHESTER AV,0,NA,Y,A,-,N,NA,NA,NA,NA,NA,NA,NA,NA,NA,N,3,0,2,2,A,-,09,21801,A,M,B,C,A,A,H,-,C,A,0,NA,NA,NA,NA,Y,NA,A,07,0,1,1,0,0,0,0,0,0,-,-,NA,NA,LOS ANGELES,LOS ANGELES,-118.25642008,33.96016008
7097019,2015,2015-10-19,1900,2015-10-10,0632,600125,1192,6,5,6,1992,0,0,0,NA,0,111T1,30TH ST WEST,AVENUE L-8,65,S,N,A,-,N,NA,NA,NA,NA,NA,NA,NA,NA,NA,Y,3,0,1,2,A,-,08,22107,NA,N,D,C,A,A,H,-,A,D,0,NA,NA,NA,NA,Y,NA,A,01,0,1,0,0,0,0,0,0,0,-,-,NA,NA,LOS ANGELES,LANCASTER,-118.18325,34.65278177
7097023,2015,2015-10-19,1900,2015-10-10,1157,550490,1135,6,5,6,1992,0,0,0,NA,0,112T1,AVENUE I,15TH ST EAST,190,E,N,A,-,N,NA,NA,NA,NA,NA,NA,NA,NA,NA,Y,3,0,3,2,A,-,07,21658,A,M,C,C,A,A,H,-,A,A,0,NA,NA,NA,NA,Y,NA,A,07,0,1,2,0,0,0,0,0,0,-,-,NA,NA,LOS ANGELES,LANCASTER,-118.10307919,34.70422
7097027,2015,2015-10-19,1900,2015-10-09,1021,550490,1131,5,5,6,1992,0,0,0,NA,0,112T1,CHALLENGER WY,AVENUE H,625,S,N,A,-,N,NA,NA,NA,NA,NA,NA,NA,NA,NA,Y,3,0,2,2,A,-,04,21703,NA,N,C,C,A,A,H,-,A,D,0,NA,NA,NA,NA,Y,NA,A,01,0,1,1,0,0,0,0,0,0,-,-,NA,NA,LOS ANGELES,LANCASTER,-118.112353,34.717061
7097031,2015,2016-08-05,1900,2015-10-09,1756,540658,1137,5,5,6,1992,0,0,0,NA,0,112T1,AVENUE J,CHALLENGER WY,537,E,N,A,-,N,NA,NA,NA,NA,NA,NA,NA,NA,NA,Y,3,0,1,1,A,-,08,22107,NA,N,E,I,A,A,H,-,A,D,0,NA,NA,NA,NA,Y,NA,A,01,0,1,0,0,0,0,0,0,0,-,-,NA,NA,LOS ANGELES,LANCASTER,-118.110895,34.689514
7097035,2015,2015-10-19,1900,2015-10-05,1500,550490,1125,1,5,6,1992,0,0,0,NA,0,112T1,10TH ST WEST,LANCASTER BL,80,S,N,A,-,N,NA,NA,NA,NA,NA,NA,NA,NA,NA,N,4,0,1,2,A,-,-,NA,NA,N,B,C,A,A,H,-,A,A,0,NA,NA,NA,NA,Y,NA,A,01,0,0,1,0,0,0,0,0,0,-,-,NA,NA,LOS ANGELES,LANCASTER,-118.14808,34.69694064
7097039,2015,2015-10-19,1900,2015-10-11,1500,600122,1134,7,5,6,1992,0,0,0,NA,0,11T2,CHALLENGER WY,AVENUE K,235,S,N,A,-,N,NA,NA,NA,NA,NA,NA,NA,NA,NA,Y,4,0,2,3,A,-,03,22350,NA,M,C,C,A,A,H,-,A,D,0,NA,NA,NA,NA,Y,NA,A,01,0,0,2,0,0,0,0,0,0,-,-,NA,NA,LOS ANGELES,LANCASTER,-118.112393,34.674322
7097065,2015,2015-10-16,1942,2015-09-23,1550,39226,1203,3,5,7,1942,0,0,0,L,0,12A3,51ST ST,WESTERN AV,0,NA,Y,A,-,N,NA,NA,NA,NA,NA,NA,NA,NA,NA,Y,4,0,3,2,A,-,09,21802,A,N,B,C,A,A,-,-,A,D,0,NA,NA,NA,NA,Y,NA,A,01,0,0,3,0,0,0,0,0,0,-,-,NA,NA,LOS ANGELES,LOS ANGELES,-118.30895006,33.9969201
7097069,2015,2015-10-16,1942,2015-09-21,1950,40795,1258,1,5,7,1942,0,0,0,L,0,12XL57,75TH ST,MAIN ST,0,NA,Y,A,-,N,NA,NA,NA,NA,NA,NA,NA,NA,NA,Y,4,0,2,2,A,-,09,21801,A,N,A,C,A,A,-,-,C,A,0,NA,NA,NA,NA,Y,NA,A,01,0,0,2,0,0,0,0,0,0,-,-,NA,NA,LOS ANGELES,LOS ANGELES,-118.27393006,33.97214004
7097072,2015,2015-10-19,1942,2015-09-23,1055,37164,1209,3,5,7,1942,0,0,0,L,0,12X58,FLOWER,VERNON,50,S,N,A,-,N,NA,NA,NA,NA,NA,NA,NA,NA,NA,N,4,0,1,2,A,-,04,21703,NA,F,C,C,A,A,H,-,A,D,0,NA,NA,NA,NA,Y,NA,-,99,0,0,1,0,0,0,0,0,0,-,-,NA,NA,LOS ANGELES,LOS ANGELES,-118.28155905,34.00362318
7097073,2015,2015-10-16,1942,2015-09-21,0715,37799,1252,1,5,7,1942,0,0,0,L,0,12A31,VAN NESS AV,WEST 73RD ST,0,NA,Y,A,-,N,NA,NA,NA,NA,NA,NA,NA,NA,NA,N,4,0,2,2,A,-,09,21800,A,N,D,C,A,A,H,-,A,D,0,NA,NA,NA,NA,Y,NA,A,01,0,0,2,0,0,0,0,0,0,-,-,NA,NA,LOS ANGELES,LOS ANGELES,-118.31773012,33.97367004
7097076,2015,2015-10-19,1942,2015-09-19,1825,41221,1268,6,5,7,1942,0,0,0,L,0,12X56,MAIN ST,83RD ST,13,N,N,A,-,N,NA,NA,NA,NA,NA,NA,NA,NA,NA,N,4,0,1,4,A,-,04,21703,NA,F,C,C,A,A,H,-,A,A,0,NA,NA,NA,NA,Y,NA,-,99,0,0,1,0,0,0,0,0,0,-,-,NA,NA,LOS ANGELES,LOS ANGELES,-118.27389,33.96418565
7097083,2015,2015-10-19,1942,2015-09-19,2030,40258,1273,6,5,7,1942,0,0,0,L,0,12X68,VAN NESS AV,91ST ST,8,S,N,A,-,N,NA,NA,NA,NA,NA,NA,NA,NA,NA,N,4,0,1,2,A,-,12,21453,A,N,D,C,A,A,H,-,C,D,0,NA,NA,NA,NA,Y,NA,A,01,0,0,1,0,0,0,0,0,0,-,-,NA,NA,LOS ANGELES,LOS ANGELES,-118.31774,33.95448806
7097257,2015,2015-10-21,1931,2015-10-02,1629,5277,NA,5,5,5,1931,0,0,0,NA,0,NA,GAGE AV,PASSAIC ST,80,E,N,A,-,N,NA,NA,NA,NA,NA,NA,NA,NA,NA,N,4,0,2,3,A,-,03,22350,NA,N,C,C,A,A,H,-,A,D,0,NA,NA,NA,Y,Y,NA,F,21,0,0,2,0,0,0,0,0,0,-,-,NA,NA,LOS ANGELES,HUNTINGTON PARK,-118.2166082,33.9811662
7097261,2015,2015-10-20,1931,2015-09-29,1006,5195,1931,2,5,5,1931,0,0,0,NA,0,003,GAGE AV,ALBANY ST,36,W,N,A,-,N,NA,NA,NA,NA,NA,NA,NA,NA,NA,Y,4,0,1,2,A,-,09,21804,A,N,D,C,A,A,H,-,A,A,0,NA,NA,Y,NA,Y,NA,A,01,0,0,1,0,0,0,0,0,1,-,-,NA,NA,LOS ANGELES,HUNTINGTON PARK,-118.23269851,33.98164
7097309,2015,2015-10-21,1931,2015-10-01,1915,5277,1931,4,5,5,1931,0,0,0,NA,0,002,GAGE AV,CEDAR ST,63,E,N,A,-,N,NA,NA,NA,NA,NA,NA,NA,NA,NA,N,4,0,1,2,A,-,03,22350,NA,F,C,D,A,A,H,-,B,A,0,NA,NA,NA,NA,Y,Y,A,01,0,0,1,0,0,0,0,0,0,-,-,NA,NA,LOS ANGELES,HUNTINGTON PARK,-118.21347416,33.98083905
7097313,2015,2015-10-21,1955,2015-10-02,1115,40348,0035,5,5,6,1955,0,0,0,NA,0,002,PARK AV,ARTESIA ST,0,NA,Y,A,-,N,NA,NA,NA,NA,NA,NA,NA,NA,NA,N,4,0,1,2,A,-,09,21802,A,N,D,C,A,A,H,-,A,D,0,NA,NA,NA,NA,Y,NA,A,01,0,0,1,0,0,0,0,0,0,-,-,NA,NA,LOS ANGELES,POMONA,-117.75316001,34.07678006
7097317,2015,2015-10-21,1955,2015-10-02,0736,40668,0051,5,5,6,1955,0,0,0,NA,0,001,3RD ST,HUNTINGTON ST,0,NA,Y,A,-,N,NA,NA,NA,NA,NA,NA,NA,NA,NA,Y,4,0,3,2,A,-,12,22450,A,N,D,C,A,A,H,-,A,-,0,NA,NA,NA,NA,Y,NA,A,01,0,0,3,0,0,0,0,0,0,-,-,NA,NA,LOS ANGELES,POMONA,-117.76105008,34.05665009
7097322,2015,2015-10-21,1931,2015-10-12,0924,5216,1931,1,5,5,1931,0,0,0,NA,0,003,SANTA FE AV,ZOE AV,300,N,N,A,-,N,NA,NA,NA,NA,NA,NA,NA,NA,NA,N,4,0,1,2,A,-,09,21804,A,N,D,C,A,A,H,-,A,A,0,NA,NA,NA,NA,Y,NA,A,01,0,0,1,0,0,0,0,0,0,-,-,NA,NA,LOS ANGELES,HUNTINGTON PARK,-118.2303,33.98033272
7097326,2015,2015-10-21,1931,2015-10-08,1112,5228,1931,4,5,5,1931,0,0,0,NA,0,004,STATE ST,GAGE AV,20,S,N,A,-,N,NA,NA,NA,NA,NA,NA,NA,NA,NA,N,4,0,1,2,A,-,03,22350,NA,N,C,C,A,A,H,-,A,D,0,NA,NA,NA,NA,Y,NA,A,01,0,0,1,0,0,0,0,0,0,-,-,NA,NA,LOS ANGELES,HUNTINGTON PARK,-118.21255872,33.98067516
7097330,2015,2015-10-22,1955,2015-10-02,0903,40624,0089,5,5,6,1955,0,0,0,NA,0,004,RESERVOIR ST,PHILADELPHIA ST,50,S,N,A,-,N,NA,NA,NA,NA,NA,NA,NA,NA,NA,N,4,0,1,2,A,-,03,22350,NA,N,C,C,A,A,H,-,A,A,0,NA,NA,NA,NA,Y,NA,A,01,0,0,1,0,0,0,0,0,0,-,-,NA,NA,LOS ANGELES,POMONA,-117.73176391,34.03358305
7097338,2015,2015-10-21,1928,2015-10-08,0834,342,530,4,5,5,1928,0,0,0,NA,0,501,IMPERIAL HWY,BURIN AV,20,E,N,A,-,N,NA,NA,NA,NA,NA,NA,NA,NA,NA,N,4,0,2,2,A,-,04,21703,NA,M,C,C,A,A,A,-,A,D,0,NA,NA,NA,NA,Y,NA,A,08,0,0,2,0,0,0,0,0,0,-,-,33.93094,-118.35379,LOS ANGELES,HAWTHORNE,-118.35372423,33.93094178
7097339,2015,2015-10-26,1955,2015-09-23,1817,42085,0012,3,5,6,1955,0,0,0,NA,0,003,SAN BERNARDINO AV,TOWNE AV,0,NA,Y,A,-,N,NA,NA,NA,NA,NA,NA,NA,NA,NA,Y,4,0,1,2,A,-,12,21453,A,N,D,C,A,A,H,-,B,A,0,NA,NA,NA,NA,Y,NA,-,-,0,0,1,0,0,0,0,0,0,-,-,NA,NA,LOS ANGELES,POMONA,-117.74207011,34.07580011
7097344,2015,2015-10-22,1931,2015-09-18,1650,5277,1931,5,5,5,1931,0,0,0,NA,0,001,SLAUSON AV,STAFFORD AV,12,E,N,A,-,N,NA,NA,NA,NA,NA,NA,NA,NA,NA,Y,4,0,1,2,A,-,09,21801,A,N,D,C,A,A,H,-,A,A,0,NA,NA,Y,NA,Y,NA,A,01,0,0,1,0,0,0,0,0,1,-,-,NA,NA,LOS ANGELES,HUNTINGTON PARK,-118.22137049,33.98919968
7097348,2015,2015-10-22,1955,2015-09-09,0725,S005,NA,3,5,6,1955,0,0,0,NA,0,NA,SOUTH CAMPUS,TEMPLE AV,0,NA,N,A,-,N,NA,NA,NA,NA,NA,NA,NA,NA,NA,N,4,0,3,2,A,-,03,22350,NA,N,C,C,A,A,H,-,A,D,0,NA,NA,NA,NA,Y,NA,A,01,0,0,3,0,0,0,0,0,0,-,-,34.0508,-117.81628,LOS ANGELES,POMONA,-117.81660013,34.0501101
7097499,2015,2016-01-28,1928,2015-10-07,0641,394,520,3,5,5,1928,0,0,0,NA,0,H503,ROSECRANS AV,CERISE AV,100,W,N,A,-,N,NA,NA,NA,NA,NA,NA,NA,NA,NA,Y,4,0,1,3,A,-,08,22107,NA,N,B,C,A,A,H,-,A,A,0,NA,NA,NA,NA,Y,NA,-,-,0,0,1,0,0,0,0,0,0,-,-,NA,NA,LOS ANGELES,HAWTHORNE,-118.33336892,33.90193
7097500,2015,2015-10-24,1922,2015-09-16,1626,561,NA,3,5,6,1922,0,0,0,NA,0,NA,LOWER AZUSA,SANTA ANTIA,528,E,N,A,-,N,NA,NA,NA,NA,NA,NA,NA,NA,NA,N,3,0,1,2,A,-,09,21804,A,N,D,B,F,A,H,-,A,D,0,Y,NA,NA,NA,Y,NA,D,22,0,1,0,0,1,0,0,0,0,-,-,NA,NA,LOS ANGELES,EL MONTE,-118.02466246,34.09193672
7097504,2015,2015-11-04,1922,2015-09-17,1434,576,NA,4,5,6,1922,0,0,0,NA,0,NA,SANTA ANITA AV,BODGER ST,0,NA,Y,A,-,N,NA,NA,NA,NA,NA,NA,NA,NA,NA,Y,4,0,2,2,A,-,12,21453,A,N,D,C,A,A,H,-,A,A,0,NA,NA,NA,NA,Y,NA,-,-,0,0,2,0,0,0,0,0,0,-,-,NA,NA,LOS ANGELES,EL MONTE,-118.0426601,34.06426009
7097508,2015,2015-10-24,1922,2015-09-17,0900,607,NA,4,5,6,1922,0,0,0,NA,0,NA,CORTADA,ADELIA AV,200,W,N,A,-,N,NA,NA,NA,NA,NA,NA,NA,NA,NA,N,4,0,1,2,A,-,21,22106,NA,N,D,C,A,A,H,-,A,D,0,NA,NA,NA,NA,Y,NA,A,01,0,0,1,0,0,0,0,0,0,-,-,NA,NA,LOS ANGELES,EL MONTE,-118.05922165,34.06440047
7097512,2015,2015-10-24,1922,2015-09-10,1730,599,NA,4,5,6,1922,0,0,0,NA,0,004,VALLEY BL,DURFEE AV,0,NA,Y,A,-,N,NA,NA,NA,NA,NA,NA,NA,NA,NA,Y,4,0,2,2,A,-,03,22350,NA,N,C,C,A,A,H,-,A,A,0,NA,NA,NA,NA,Y,NA,A,01,0,0,2,0,0,0,0,0,0,-,-,NA,NA,LOS ANGELES,EL MONTE,-118.01325001,34.0597301
7097520,2015,2015-10-29,1922,2015-09-09,1115,564,1922,3,5,6,1922,0,0,0,NA,0,NA,PECK RD,GARVEY AV,10,S,N,A,-,N,NA,NA,NA,NA,NA,NA,NA,NA,NA,Y,4,0,1,2,A,-,03,22350,NA,N,C,C,A,A,H,-,A,A,0,NA,NA,NA,Y,Y,NA,F,27,0,0,1,0,0,0,0,0,0,-,-,NA,NA,LOS ANGELES,EL MONTE,-118.03054,34.06282258
7097530,2015,2016-07-19,1928,2015-10-03,1311,387,H518,6,5,5,1928,0,0,0,NA,0,H503,CORDARY AV,135TH ST,113,S,N,A,-,N,NA,NA,NA,NA,NA,NA,NA,NA,NA,N,4,0,2,2,A,-,09,21804,A,N,D,C,A,A,H,-,A,D,0,NA,NA,NA,NA,Y,NA,A,01,0,0,2,0,0,0,0,0,0,-,-,NA,NA,LOS ANGELES,HAWTHORNE,-118.34172,33.90886007
7097534,2015,2015-10-28,1928,2015-10-01,1704,376,519,4,5,5,1928,0,0,0,NA,0,503,139TH ST,CHADRON AV,125,E,N,A,-,N,NA,NA,NA,NA,NA,NA,NA,NA,NA,N,4,0,2,2,A,-,08,22107,NA,N,D,C,A,A,H,-,A,D,0,NA,NA,NA,NA,Y,NA,A,01,0,0,2,0,0,0,0,0,0,-,-,33.90554,-118.32866,LOS ANGELES,HAWTHORNE,-118.32827884,33.90555803
7097538,2015,2015-10-21,1928,2015-10-10,2141,371,513,6,5,5,1928,0,0,0,NA,0,504,HAWTHORNE BL,133RD ST,10,S,N,A,-,N,NA,NA,NA,NA,NA,NA,NA,NA,NA,N,2,0,1,2,A,-,08,22107,NA,N,D,G,A,A,H,-,B,A,0,NA,Y,NA,NA,Y,NA,L,04,1,0,0,0,0,0,1,0,0,-,-,NA,NA,LOS ANGELES,HAWTHORNE,-118.35271,33.91192257
7097549,2015,2015-10-21,1926,2015-10-07,1340,4784,NA,3,5,5,1926,0,0,0,NA,0,002,GLENDORA,MAUNA LOA,0,NA,Y,A,-,N,NA,NA,NA,NA,NA,NA,NA,NA,NA,N,3,0,3,2,A,-,12,21453,A,N,D,C,A,A,H,-,A,A,0,NA,NA,NA,NA,Y,NA,A,01,0,2,1,0,0,0,0,0,0,-,-,NA,NA,LOS ANGELES,GLENDORA,-117.86387,34.12509011
7097566,2015,2015-10-20,1967,2015-09-23,0930,116,913,3,5,2,1967,0,0,0,NA,0,NORTH,SPRING ST,CHERRY AV,0,NA,Y,A,-,N,NA,NA,NA,NA,NA,NA,NA,NA,NA,Y,4,0,2,2,A,-,12,21453,A,N,D,C,A,A,H,-,A,A,0,NA,NA,NA,NA,Y,NA,A,01,0,0,2,0,0,0,0,0,0,-,-,NA,NA,LOS ANGELES,SIGNAL HILL,-118.16760013,33.81167008
7097574,2015,2017-01-27,1928,2015-09-29,0818,239,502,2,5,5,1928,0,0,0,NA,0,501,120TH ST E,TRURO AV,0,NA,Y,A,-,N,NA,NA,NA,NA,NA,NA,NA,NA,NA,Y,4,0,1,2,A,-,11,21950,B,N,G,B,D,A,H,-,A,D,0,Y,NA,NA,NA,Y,NA,N,60,0,0,1,0,1,0,0,0,0,-,-,NA,NA,LOS ANGELES,HAWTHORNE,-118.35810011,33.92365004
7097588,2015,2017-03-06,1962,2015-09-22,0738,128,1962,2,5,4,1962,0,0,0,NA,0,022,ALAHAMBRA RD,MILL CREEK LN,65,E,N,A,-,N,NA,NA,NA,NA,NA,NA,NA,NA,NA,Y,4,0,1,1,A,-,08,22107,NA,N,E,I,A,A,H,-,A,D,0,NA,NA,NA,NA,Y,NA,A,08,0,0,1,0,0,0,0,0,0,-,-,NA,NA,LOS ANGELES,SAN GABRIEL,-118.1158164,34.10788488
7097731,2015,2017-02-04,1976,2015-08-12,1536,230,NA,3,5,5,1976,0,0,0,NA,0,001,PICKERING AV,PASADENA ST,12,S,N,A,-,N,NA,NA,NA,NA,NA,NA,NA,NA,NA,Y,3,0,3,6,A,-,03,22350,NA,N,C,C,A,A,H,-,A,D,0,NA,NA,NA,NA,Y,NA,A,07,0,1,2,0,0,0,0,0,0,-,-,NA,NA,LOS ANGELES,WHITTIER,-118.04206,33.9853771
7097755,2015,2015-10-17,1900,2015-09-25,1715,546182,1127,5,5,6,1992,0,0,0,NA,0,111T1,AVENUE J,20TH ST W,435,W,N,A,-,N,NA,NA,NA,NA,NA,NA,NA,NA,NA,N,4,0,1,2,A,-,09,21804,A,N,D,C,A,A,H,-,A,A,0,NA,NA,NA,NA,Y,NA,A,01,0,0,1,0,0,0,0,0,0,-,-,NA,NA,LOS ANGELES,LANCASTER,-118.16710405,34.68942
7097762,2015,2016-12-22,1900,2015-09-30,1430,525042,1017,3,5,3,1995,0,0,0,NA,0,101T1P,RT 1,LAS FLORES,1584,S,N,A,-,Y,LA,7,1,-,-,42.6,H,-,N,Y,4,0,1,2,A,-,07,21658,A,N,C,E,A,A,H,-,A,D,0,NA,NA,NA,NA,Y,NA,A,01,0,0,1,0,0,0,0,0,0,-,-,34.03774,-118.631,LOS ANGELES,MALIBU,-118.60982204,34.03689446
7097766,2015,2016-12-22,1900,2015-09-25,2050,529688,1012,5,5,3,1995,0,0,0,NA,0,101T3,RT 1,E WINDING WY,1056,S,N,A,-,Y,LA,7,1,-,-,52.64,H,-,N,Y,4,0,1,2,A,-,08,22107,NA,N,B,C,A,A,H,-,D,D,0,NA,NA,NA,NA,Y,NA,A,01,0,0,1,0,0,0,0,0,0,-,-,34.133,-118.4628,LOS ANGELES,MALIBU,-118.78063921,34.02576389
7097770,2015,2015-10-20,1900,2015-09-22,1806,519439,2224,2,5,3,1994,0,0,0,NA,0,222T1,AGOURA RD,LADYFACE CT,1320,E,N,A,-,N,NA,NA,NA,NA,NA,NA,NA,NA,NA,Y,3,0,2,2,A,-,09,21804,A,N,D,C,A,A,H,-,A,D,0,NA,NA,NA,NA,Y,NA,A,01,0,1,1,0,0,0,0,0,0,-,-,34.14511,-118.77096,LOS ANGELES,AGOURA HILLS,-118.77078514,34.14524122
7097772,2015,2016-01-13,1925,2015-09-25,1555,22458,261,5,5,6,1925,0,0,0,NA,0,004,BRAND BL,BROADWAY,111,N,N,A,-,N,NA,NA,NA,NA,NA,NA,NA,NA,NA,Y,4,0,1,2,A,-,07,21658,A,M,C,C,A,A,H,-,A,D,0,NA,NA,NA,NA,Y,NA,A,01,0,0,1,0,0,0,0,0,0,-,-,NA,NA,LOS ANGELES,GLENDALE,-118.25509,34.14655441
7097789,2015,2015-10-20,1976,2015-09-29,0955,209,NA,2,5,5,1976,0,0,0,NA,0,001,HADLEY ST,MILTON AV,150,W,N,A,-,N,NA,NA,NA,NA,NA,NA,NA,NA,NA,Y,4,0,1,2,A,-,09,21801,A,N,D,C,A,A,H,-,A,D,0,NA,NA,NA,NA,Y,NA,A,01,0,0,1,0,0,0,0,0,0,-,-,NA,NA,LOS ANGELES,WHITTIER,-118.04020369,33.98272144
7097792,2015,2016-01-13,1925,2015-09-26,2318,17256,261,6,5,6,1925,0,0,0,NA,0,002,BRAND BL,BROADWAY,351,S,N,A,-,N,NA,NA,NA,NA,NA,NA,NA,NA,NA,NA,4,0,1,2,A,-,03,22350,A,N,C,C,A,A,H,-,C,A,0,NA,NA,NA,NA,Y,Y,-,NA,0,0,1,0,0,0,0,0,0,-,-,NA,NA,LOS ANGELES,GLENDALE,-118.25509,34.14625
7097793,2015,2015-10-20,1976,2015-09-29,0757,576,1976,2,5,5,1976,0,0,0,NA,0,003,MAR VISTA ST,MICHIGAN AV,60,E,N,A,-,N,NA,NA,NA,NA,NA,NA,NA,NA,NA,N,4,0,2,2,A,-,03,22350,NA,N,C,C,A,A,H,-,A,A,0,NA,NA,NA,NA,Y,NA,A,07,0,0,2,0,0,0,0,0,0,-,-,NA,NA,LOS ANGELES,WHITTIER,-118.01928808,33.96847586
7097817,2015,2016-12-22,1900,2015-09-13,1745,527489,1017,7,5,3,1995,0,0,0,NA,0,222,RT 1,BIG ROCK DR,5280,W,N,A,-,Y,LA,7,1,-,-,43.49,H,-,N,Y,4,0,1,2,A,-,03,22350,NA,N,H,A,A,A,H,-,A,D,0,NA,NA,Y,NA,Y,Y,C,02,0,0,1,0,0,0,0,0,1,-,-,NA,NA,LOS ANGELES,MALIBU,-118.62523518,34.03795224
7097820,2015,2016-01-13,1925,2015-09-21,0731,16083,174,1,5,6,1925,0,0,0,NA,0,001,GLENOAKS BL,GRAYNOLD AV,50,W,N,A,-,N,NA,NA,NA,NA,NA,NA,NA,NA,NA,N,4,0,1,2,A,-,03,22350,NA,N,C,C,A,A,H,-,A,A,0,NA,NA,NA,NA,Y,NA,A,NA,0,0,1,0,0,0,0,0,0,-,-,NA,NA,LOS ANGELES,GLENDALE,-118.27842248,34.16279186