CASE_ID,ACCIDENT_YEAR,PROC_DATE,JURIS,COLLISION_DATE,COLLISION_TIME,OFFICER_ID,REPORTING_DISTRICT,DAY_OF_WEEK,CHP_SHIFT,POPULATION,CNTY_CITY_LOC,SPECIAL_COND,BEAT_TYPE,CHP_BEAT_TYPE,CITY_DIVISION_LAPD,CHP_BEAT_CLASS,BEAT_NUMBER,PRIMARY_RD,SECONDARY_RD,DISTANCE,DIRECTION,INTERSECTION,WEATHER_1,WEATHER_2,STATE_HWY_IND,CALTRANS_COUNTY,CALTRANS_DISTRICT,STATE_ROUTE,ROUTE_SUFFIX,POSTMILE_PREFIX,POSTMILE,LOCATION_TYPE,RAMP_INTERSECTION,SIDE_OF_HWY,TOW_AWAY,COLLISION_SEVERITY,NUMBER_KILLED,NUMBER_INJURED,PARTY_COUNT,PRIMARY_COLL_FACTOR,PCF_CODE_OF_VIOL,PCF_VIOL_CATEGORY,PCF_VIOLATION,PCF_VIOL_SUBSECTION,HIT_AND_RUN,TYPE_OF_COLLISION,MVIW,PED_ACTION,ROAD_SURFACE,ROAD_COND_1,ROAD_COND_2,LIGHTING,CONTROL_DEVICE,CHP_ROAD_TYPE,PEDESTRIAN_ACCIDENT,BICYCLE_ACCIDENT,MOTORCYCLE_ACCIDENT,TRUCK_ACCIDENT,NOT_PRIVATE_PROPERTY,ALCOHOL_INVOLVED,STWD_VEHTYPE_AT_FAULT,CHP_VEHTYPE_AT_FAULT,COUNT_SEVERE_INJ,COUNT_VISIBLE_INJ,COUNT_COMPLAINT_PAIN,COUNT_PED_KILLED,COUNT_PED_INJURED,COUNT_BICYCLIST_KILLED,COUNT_BICYCLIST_INJURED,COUNT_MC_KILLED,COUNT_MC_INJURED,PRIMARY_RAMP,SECONDARY_RAMP,LATITUDE,LONGITUDE,COUNTY,CITY,POINT_X,POINT_Y
7103107,2015,2015-11-02,1900,2015-10-17,1545,263565,1126,6,5,6,1992,0,0,0,NA,0,111T2,AVENUE K,TARET NORTH EXIT,4,W,N,B,-,N,NA,NA,NA,NA,NA,NA,NA,NA,NA,N,3,0,1,2,A,-,05,21650,1,N,H,G,A,A,H,-,A,A,0,NA,Y,Y,NA,Y,NA,L,04,0,1,0,0,0,0,1,0,0,-,-,NA,NA,LOS ANGELES,LANCASTER,-118.149464,34.674874
7103110,2015,2016-08-09,1942,2015-10-15,2300,27792,1761,4,5,7,1942,0,0,0,Q,0,10T35,PLUMMER ST,OWENSMOUTH AV,0,NA,Y,B,-,N,NA,NA,NA,NA,NA,NA,NA,NA,NA,Y,4,0,1,2,A,-,12,22450,A,F,-,C,A,A,H,-,C,A,0,NA,NA,NA,NA,Y,NA,A,01,0,0,1,0,0,0,0,0,0,-,-,NA,NA,LOS ANGELES,LOS ANGELES,-118.60216002,34.24273005
7103111,2015,2015-11-02,1900,2015-10-12,1615,527065,1133,1,5,6,1992,0,0,0,NA,0,111T2,5TH ST EAST,AVENUE J,0,NA,Y,B,-,N,NA,NA,NA,NA,NA,NA,NA,NA,NA,Y,3,0,2,2,A,-,12,21453,A,N,D,C,A,A,H,-,A,A,0,NA,NA,NA,NA,Y,NA,A,07,0,2,0,0,0,0,0,0,0,-,-,NA,NA,LOS ANGELES,LANCASTER,-118.12150007,34.68947011
7103114,2015,2015-11-05,1942,2015-10-10,0535,38492,RD197,6,5,7,1942,0,0,0,NA,0,19X93,VAN NUYS BL,OSBORNE ST,0,NA,Y,A,-,N,NA,NA,NA,NA,NA,NA,NA,NA,NA,N,4,0,1,2,A,-,03,22350,NA,F,G,B,D,A,H,-,C,A,0,Y,NA,NA,NA,Y,NA,-,99,0,0,1,0,1,0,0,0,0,-,-,NA,NA,LOS ANGELES,LOS ANGELES,-118.45025012,34.23309011
7103115,2015,2015-11-02,1900,2015-10-15,0750,236790,1134,4,5,6,1992,0,0,0,NA,0,111T2,AVENUE L,CHALLENGER WY,0,NA,Y,B,-,N,NA,NA,NA,NA,NA,NA,NA,NA,NA,Y,3,0,2,2,D,-,00,NA,NA,N,D,C,A,A,H,-,A,A,0,NA,NA,NA,NA,Y,NA,-,-,0,1,1,0,0,0,0,0,0,-,-,NA,NA,LOS ANGELES,LANCASTER,-118.112405,34.66045
7103118,2015,2015-10-29,1942,2015-10-11,2043,23412,1941,7,5,7,1942,0,0,0,NA,0,35T20,SAN FERNANDO MISSION BL,ORION AV,0,NA,Y,A,-,N,NA,NA,NA,NA,NA,NA,NA,NA,NA,N,4,0,1,2,A,-,12,21453,A,F,D,C,A,A,H,-,C,A,0,NA,NA,NA,NA,Y,NA,-,99,0,0,1,0,0,0,0,0,0,-,-,NA,NA,LOS ANGELES,LOS ANGELES,-118.4715501,34.27183006
7103119,2015,2015-11-02,1900,2015-10-14,1248,524124,1132,3,5,6,1992,0,0,0,NA,0,112T2,AVENUE J,SIERRA HWY,150,E,N,A,-,N,NA,NA,NA,NA,NA,NA,NA,NA,NA,N,2,0,1,2,A,-,11,21954,A,N,G,B,D,A,H,-,A,A,0,Y,NA,NA,NA,Y,NA,N,60,1,0,0,0,1,0,0,0,0,-,-,NA,NA,LOS ANGELES,LANCASTER,-118.13487207,34.68943
7103123,2015,2015-10-30,1923,2015-10-02,0818,492,ES112,5,5,3,1923,0,0,0,NA,0,ES1,GRAND AV,VIRGINIA ST,0,NA,Y,A,-,N,NA,NA,NA,NA,NA,NA,NA,NA,NA,Y,3,0,1,2,A,-,12,22450,A,N,D,C,A,A,H,-,A,A,0,NA,NA,NA,NA,Y,NA,A,01,0,1,0,0,0,0,0,0,0,-,-,NA,NA,LOS ANGELES,EL SEGUNDO,-118.41953004,33.91894003
7103127,2015,2015-10-29,1923,2015-10-12,1203,492,ES108,1,5,3,1923,0,0,0,NA,0,E51,PINE AV,MAIN ST,167,E,N,A,-,N,NA,NA,NA,NA,NA,NA,NA,NA,NA,N,4,0,1,2,A,-,09,21804,A,N,D,C,A,A,H,-,A,D,0,NA,NA,NA,NA,Y,NA,A,01,0,0,1,0,0,0,0,0,0,-,-,NA,NA,LOS ANGELES,EL SEGUNDO,-118.41599,33.92221
7103139,2015,2015-10-30,1928,2015-10-16,1727,385,519,5,5,5,1928,0,0,0,NA,0,503,CRENSHAW BL,131ST ST,0,NA,Y,B,-,N,NA,NA,NA,NA,NA,NA,NA,NA,NA,Y,4,0,1,2,A,-,09,21800,A,N,H,A,A,A,H,-,A,D,0,NA,NA,Y,NA,Y,NA,A,01,0,0,1,0,0,0,0,0,1,-,-,33.91345,-118.32651,LOS ANGELES,HAWTHORNE,-118.32660003,33.91345004
7103143,2015,2015-10-29,1928,2015-10-13,1224,376,506,2,5,5,1928,0,0,0,NA,0,501,INGLEWOOD AV,116TH ST,61,N,N,A,-,N,NA,NA,NA,NA,NA,NA,NA,NA,NA,N,4,0,1,3,A,-,03,22350,NA,N,C,C,A,A,H,-,A,D,0,NA,NA,NA,NA,Y,NA,A,07,0,0,1,0,0,0,0,0,0,-,-,33.92914,-118.36131,LOS ANGELES,HAWTHORNE,-118.36133316,33.92926729
7103147,2015,2015-10-29,1928,2015-10-10,1519,385,509,6,5,5,1928,0,0,0,NA,0,502,PRAIRIE AV,EL SEGUNDO BL,510,N,N,A,-,N,NA,NA,NA,NA,NA,NA,NA,NA,NA,Y,4,0,1,4,A,-,03,22350,NA,N,C,C,A,A,H,-,A,A,0,NA,NA,NA,NA,Y,NA,A,01,0,0,1,0,0,0,0,0,0,-,-,33.91643,-118.34397,LOS ANGELES,HAWTHORNE,-118.34389,33.91780874
7103151,2015,2016-02-16,1928,2015-10-08,1230,342,525,4,5,5,1928,0,0,0,NA,0,502,HAWTHORN BL,IMPERIAL HWY,150,S,N,A,-,N,NA,NA,NA,NA,NA,NA,NA,NA,NA,N,4,0,1,2,A,-,10,21952,NA,M,G,B,F,A,H,-,A,D,0,Y,NA,NA,NA,Y,NA,A,01,0,0,1,0,1,0,0,0,0,-,-,33.93094,-118.35257,LOS ANGELES,HAWTHORNE,-118.352716,33.930539
7103155,2015,2015-10-30,1928,2015-10-01,1751,376,509,4,5,5,1928,0,0,0,NA,0,502,PRAIRIE AV,BROADWAY,0,NA,Y,A,-,N,NA,NA,NA,NA,NA,NA,NA,NA,NA,Y,3,0,1,2,A,-,17,21461,A,M,D,C,A,A,A,H,A,A,0,NA,NA,NA,NA,Y,NA,A,01,0,1,0,0,0,0,0,0,0,-,-,33.92006,-118.34398,LOS ANGELES,HAWTHORNE,-118.3438801,33.92008004
7103157,2015,2015-10-30,1942,2015-10-11,2110,37618,1263,7,5,7,1942,0,0,0,L,0,12T41,WESTERN AV,MANCHESTER AV,100,N,N,A,-,N,NA,NA,NA,NA,NA,NA,NA,NA,NA,N,4,0,1,2,A,-,01,23153,A,N,B,C,A,A,H,-,C,A,0,NA,NA,NA,NA,Y,Y,A,01,0,0,1,0,0,0,0,0,0,-,-,NA,NA,LOS ANGELES,LOS ANGELES,-118.30901548,33.96024422
7103158,2015,2015-10-31,1900,2015-10-20,1415,525140,0521,2,5,4,1971,0,0,0,NA,0,52T1PM,TEMPLE CITY BL,GARIBALDI AV,93,S,N,A,-,N,NA,NA,NA,NA,NA,NA,NA,NA,NA,Y,4,0,1,2,A,-,09,21804,A,N,D,C,A,A,H,-,A,D,0,NA,NA,NA,NA,Y,NA,A,01,0,0,1,0,0,0,0,0,0,-,-,NA,NA,LOS ANGELES,TEMPLE CITY,-118.06156969,34.10998846
7103161,2015,2015-10-30,1942,2015-10-11,2015,38503,1211,7,5,7,1942,0,0,0,L,0,12T73,CRENSHAW BL,SLAUSON AV,0,S,N,A,-,N,NA,NA,NA,NA,NA,NA,NA,NA,NA,Y,4,0,2,2,A,-,01,23153,A,N,C,C,A,A,E,-,C,A,0,NA,NA,NA,NA,Y,Y,A,01,0,0,2,0,0,0,0,0,0,-,-,NA,NA,LOS ANGELES,LOS ANGELES,-118.33091006,33.98901001
7103163,2015,2015-10-30,1931,2015-10-14,1458,5277,1931,3,5,5,1931,0,0,0,NA,0,003,GAGE AV,MALABAR ST,0,NA,Y,A,-,N,NA,NA,NA,NA,NA,NA,NA,NA,NA,N,4,0,1,2,A,-,09,21801,A,N,A,C,A,A,H,-,A,A,0,NA,NA,NA,NA,Y,NA,A,08,0,0,1,0,0,0,0,0,0,-,-,NA,NA,LOS ANGELES,HUNTINGTON PARK,-118.22778013,33.98163003
7103165,2015,2015-10-31,1900,2015-10-19,1149,524061,0562,1,5,3,1968,0,0,0,NA,0,55T1AM,DURFEE AV,RUSH ST,164,N,N,A,-,N,NA,NA,NA,NA,NA,NA,NA,NA,NA,Y,4,0,1,2,A,-,09,21804,A,N,D,C,A,A,H,-,A,A,0,NA,NA,NA,NA,Y,NA,A,01,0,0,1,0,0,0,0,0,0,-,-,NA,NA,LOS ANGELES,SOUTH EL MONTE,-118.02951178000001,34.04603265
7103167,2015,2015-10-30,1931,2015-10-13,1624,5277,1931,2,5,5,1931,0,0,0,NA,0,001,SANTA FE AV,RANDOLPH ST,17,S,N,A,-,N,NA,NA,NA,NA,NA,NA,NA,NA,NA,N,4,0,1,2,A,-,09,21801,A,N,D,C,A,A,H,-,A,A,0,NA,NA,NA,NA,Y,NA,A,01,0,0,1,0,0,0,0,0,0,-,-,NA,NA,LOS ANGELES,HUNTINGTON PARK,-118.23032,33.98602338
7103169,2015,2015-10-31,1900,2015-10-21,0024,523025,0521,3,5,4,1971,0,0,0,NA,0,52T1EM,TEMPLE CITY BL,LEMON AV,646,N,N,A,-,N,NA,NA,NA,NA,NA,NA,NA,NA,NA,N,3,0,1,2,A,-,08,22107,NA,M,B,G,A,A,H,-,C,D,0,NA,Y,NA,NA,Y,NA,-,99,0,1,0,0,0,0,1,0,0,-,-,NA,NA,LOS ANGELES,TEMPLE CITY,-118.0633921,34.11915508
7103171,2015,2017-08-10,1956,2015-10-19,1127,1172,13,1,5,5,1956,0,0,0,NA,0,001,TORRANCE BL,S PROSPECT AV,0,NA,Y,B,-,N,NA,NA,NA,NA,NA,NA,NA,NA,NA,Y,3,0,1,2,A,-,12,21453,A,N,D,C,A,A,H,-,A,A,0,NA,NA,NA,NA,Y,NA,A,07,0,1,0,0,0,0,0,0,0,-,-,NA,NA,LOS ANGELES,REDONDO BEACH,-118.37625007,33.83877004
7103175,2015,2015-10-30,1956,2015-10-16,0939,1236,11,5,5,5,1956,0,0,0,NA,0,001,PALOS VERDES BL,CATALINA AV,0,NA,Y,B,-,N,NA,NA,NA,NA,NA,NA,NA,NA,NA,Y,4,0,1,2,A,-,09,21801,A,N,D,C,A,A,H,-,A,A,0,NA,NA,NA,NA,Y,NA,A,07,0,0,1,0,0,0,0,0,0,-,-,NA,NA,LOS ANGELES,REDONDO BEACH,-118.38659005,33.81540006
7103179,2015,2015-10-29,1956,2015-10-19,0649,1231,31,1,5,5,1956,0,0,0,NA,0,002,ANITA ST,HARKNESS LN,0,NA,Y,B,-,N,NA,NA,NA,NA,NA,NA,NA,NA,NA,Y,4,0,4,2,A,-,09,21801,A,N,D,C,A,A,H,-,A,A,0,NA,NA,NA,NA,Y,NA,A,07,0,0,4,0,0,0,0,0,0,-,-,NA,NA,LOS ANGELES,REDONDO BEACH,-118.38113002,33.85735011
7103183,2015,2015-10-29,1956,2015-10-15,1634,1257,54,4,5,5,1956,0,0,0,NA,0,005,INGLEWOOD AV,NELSON AV,0,NA,Y,A,-,N,NA,NA,NA,NA,NA,NA,NA,NA,NA,Y,4,0,1,2,A,-,09,21801,A,N,D,C,A,A,H,-,A,D,0,NA,NA,NA,NA,Y,NA,A,01,0,0,1,0,0,0,0,0,0,-,-,NA,NA,LOS ANGELES,REDONDO BEACH,-118.36132008,33.87475011
7103187,2015,2015-10-31,1928,2015-10-19,1910,310,514,1,5,5,1928,0,0,0,NA,0,504,ROSECRANS AV,INGLEWOOD AV,150,E,N,A,-,N,NA,NA,NA,NA,NA,NA,NA,NA,NA,N,4,0,1,2,A,-,08,22107,NA,N,B,C,A,A,H,-,C,D,0,NA,NA,NA,NA,Y,NA,-,-,0,0,1,0,0,0,0,0,0,-,-,33.90186,-118.36118,LOS ANGELES,HAWTHORNE,-118.36078661,33.90182
7103195,2015,2015-10-30,1931,2015-10-17,1750,5264,1931,6,5,5,1931,0,0,0,NA,0,004,HOPE ST,CALIFORNIA AV,400,E,N,A,-,N,NA,NA,NA,NA,NA,NA,NA,NA,NA,Y,4,0,1,2,A,-,01,23152,A,N,B,C,A,A,E,H,C,D,0,NA,NA,NA,NA,Y,Y,A,01,0,0,1,0,0,0,0,0,0,-,-,NA,NA,LOS ANGELES,HUNTINGTON PARK,-118.20274284,33.9676493
7103199,2015,2015-10-30,1931,2015-10-07,1645,5277,1931,3,5,5,1931,0,0,0,NA,0,003,PACIFIC BL,ZOE AV,350,N,N,A,-,N,NA,NA,NA,NA,NA,NA,NA,NA,NA,N,4,0,1,2,A,-,12,21453,A,N,B,B,B,A,H,-,A,A,0,Y,Y,NA,NA,Y,NA,L,04,0,0,1,0,1,0,0,0,0,-,-,NA,NA,LOS ANGELES,HUNTINGTON PARK,-118.2252,33.98022984
7103202,2015,2015-11-04,1942,2015-10-02,0940,38707,0399,5,5,7,1942,0,0,0,C,0,12T41,FIGUEROA ST,VERNON AV,0,NA,Y,A,-,N,NA,NA,NA,NA,NA,NA,NA,NA,NA,Y,4,0,1,2,A,-,09,21801,A,N,D,C,A,A,H,-,A,A,0,NA,NA,NA,NA,Y,NA,A,07,0,0,1,0,0,0,0,0,0,-,-,NA,NA,LOS ANGELES,LOS ANGELES,-118.28274001,34.00375004
7103204,2015,2015-12-01,1900,2015-10-12,1243,568,NA,1,5,2,1999,0,0,0,NA,0,NA,HARBOR BL,BELLA VISTA,474,N,N,A,-,N,NA,NA,NA,NA,NA,NA,NA,NA,NA,N,3,0,2,2,A,-,03,22350,NA,N,C,C,A,A,H,-,A,D,0,NA,NA,NA,NA,Y,NA,D,22,0,1,1,0,0,0,0,0,0,-,-,NA,NA,LOS ANGELES,LA HABRA HEIGHTS,-117.92648153,33.95179901
7103206,2015,2015-11-04,1913,2015-09-01,0952,3686,11,2,5,4,1913,0,0,0,NA,0,NA,8TH ST,PLYMOUTH RD,22,E,N,A,-,N,NA,NA,NA,NA,NA,NA,NA,NA,NA,Y,3,0,3,2,A,-,08,22107,NA,N,C,E,A,A,H,-,A,D,0,NA,NA,NA,NA,Y,NA,A,01,0,1,2,0,0,0,0,0,0,-,-,NA,NA,LOS ANGELES,CLAREMONT,-117.72562751,34.10159
7103209,2015,2016-08-03,1965,2015-10-19,1010,3693,0B2A,1,5,5,1965,0,0,0,NA,0,B002,LINCOLN BL,PICO BL,55,N,N,A,-,N,NA,NA,NA,NA,NA,NA,NA,NA,NA,N,4,0,5,2,A,-,03,22350,NA,N,C,C,A,A,H,-,A,A,0,NA,NA,NA,NA,Y,NA,I,11,0,0,5,0,0,0,0,0,0,-,-,NA,NA,LOS ANGELES,SANTA MONICA,-118.48307718,34.01241745
7103210,2015,2015-11-04,1913,2015-09-15,0943,3982,64,2,5,4,1913,0,0,0,NA,0,NA,CLAREMONT BL,EARLHAM DR,0,NA,Y,C,-,N,NA,NA,NA,NA,NA,NA,NA,NA,NA,Y,4,0,1,2,A,-,09,21804,A,N,D,C,A,B,H,-,A,A,0,NA,NA,NA,NA,Y,NA,D,22,0,0,1,0,0,0,0,0,0,-,-,NA,NA,LOS ANGELES,CLAREMONT,-117.7027501,34.11003007
7103213,2015,2015-11-04,1965,2015-10-12,1330,3693,0B3D,1,5,5,1965,0,0,0,NA,0,B003,20TH ST,PICO BL,262,N,N,A,-,N,NA,NA,NA,NA,NA,NA,NA,NA,NA,N,4,0,1,2,A,-,08,22103,NA,N,D,C,A,A,H,-,A,D,0,NA,NA,NA,NA,Y,NA,D,22,0,0,1,0,0,0,0,0,0,-,-,NA,NA,LOS ANGELES,SANTA MONICA,-118.46994869,34.02006842
7103214,2015,2015-11-10,1913,2015-09-20,1124,3830,67,7,5,4,1913,0,0,0,NA,0,004,BASELINE RD,PADUA AV,0,NA,Y,A,-,N,NA,NA,NA,NA,NA,NA,NA,NA,NA,Y,3,0,4,2,A,-,09,21801,A,N,D,C,A,A,H,-,A,A,0,NA,NA,NA,Y,Y,NA,F,26,0,1,3,0,0,0,0,0,0,-,-,NA,NA,LOS ANGELES,CLAREMONT,-117.69844008,34.12160005
7103218,2015,2015-11-04,1965,2015-10-07,0951,3693,0B3A,3,5,5,1965,0,0,0,NA,0,B003,ARIZONA AV,YALE ST,0,NA,Y,A,-,N,NA,NA,NA,NA,NA,NA,NA,NA,NA,N,3,0,1,2,A,-,09,21800,NA,N,D,G,A,A,H,-,A,D,0,NA,Y,NA,NA,Y,NA,-,-,0,1,0,0,0,0,1,0,0,-,-,NA,NA,LOS ANGELES,SANTA MONICA,-118.47310011,34.03692005
7103222,2015,2015-11-04,1965,2015-10-12,2030,3158,0B2C,1,5,5,1965,0,0,0,NA,0,B002,OCEAN PARK BL,OCEAN PARK BL 2400,0,NA,-,A,-,N,NA,NA,NA,NA,NA,NA,NA,NA,NA,Y,4,0,2,2,A,-,01,23152,A,F,C,C,A,A,H,-,C,A,0,NA,NA,NA,NA,Y,Y,D,22,0,0,2,0,0,0,0,0,0,-,-,NA,NA,LOS ANGELES,SANTA MONICA,-118.460468,34.016191
7103225,2015,2015-11-04,1965,2015-10-14,1740,3158,0B3A,3,5,5,1965,0,0,0,NA,0,B003,WILSHIRE BL,YALE ST,0,NA,Y,A,-,N,NA,NA,NA,NA,NA,NA,NA,NA,NA,N,4,0,1,2,D,-,00,NA,NA,N,D,G,A,A,H,-,A,A,0,NA,Y,NA,NA,Y,NA,-,-,0,0,1,0,0,0,1,0,0,-,-,NA,NA,LOS ANGELES,SANTA MONICA,-118.47465006,34.03827009
7103226,2015,2015-11-04,1965,2015-10-11,1110,3865,OB1F,7,5,5,1965,0,0,0,NA,0,B001,PICO BL,OCEAN AV,0,NA,Y,A,-,N,NA,NA,NA,NA,NA,NA,NA,NA,NA,N,3,0,1,3,A,-,07,21658,A,N,-,G,A,A,H,-,A,A,0,NA,Y,NA,NA,Y,NA,L,04,0,1,0,0,0,0,1,0,0,-,-,NA,NA,LOS ANGELES,SANTA MONICA,-118.4903301,34.00750008
7103229,2015,2015-11-04,1965,2015-10-03,0814,3178,B3A,6,5,5,1965,0,0,0,NA,0,B003,WILSHIRE BL,10TH ST,0,NA,Y,A,-,N,NA,NA,NA,NA,NA,NA,NA,NA,NA,Y,4,0,2,3,A,-,00,21081,A,N,D,D,A,A,H,-,A,A,0,NA,NA,NA,NA,Y,NA,A,07,0,0,2,0,0,0,0,0,0,-,-,NA,NA,LOS ANGELES,SANTA MONICA,-118.49264009,34.02372005
7103230,2015,2015-11-06,1942,2015-10-11,1245,38707,0558,7,5,7,1942,0,0,0,E,0,12T41,HARBOR BL,SWINFORD ST,467,S,N,A,-,N,NA,NA,NA,NA,NA,NA,NA,NA,NA,Y,3,0,2,1,A,-,03,22350,NA,N,E,I,A,A,H,-,A,D,0,NA,NA,NA,NA,Y,NA,D,22,0,2,0,0,0,0,0,0,0,-,-,NA,NA,LOS ANGELES,LOS ANGELES,-118.2799575,33.74746225
7103232,2015,2015-11-05,1900,2015-09-30,1258,443554,2922,3,5,5,1990,0,0,0,NA,0,292K5,DIAMOND BAR BL,GENTLE SPRINGS LN,570,N,N,A,-,N,NA,NA,NA,NA,NA,NA,NA,NA,NA,N,4,0,1,2,D,-,00,NA,NA,N,H,C,A,A,H,-,A,A,0,NA,NA,NA,NA,Y,NA,-,-,0,0,1,0,0,0,0,0,0,-,-,NA,NA,LOS ANGELES,DIAMOND BAR,-117.8117,34.02317
7103237,2015,2015-11-23,1942,2015-08-25,1250,41816,0551,2,5,7,1942,0,0,0,E,0,5A55,WESTERN AV,CRESTWOOD,20,N,N,C,-,N,NA,NA,NA,NA,NA,NA,NA,NA,NA,NA,3,0,1,3,A,-,03,22350,NA,N,C,E,A,B,H,-,A,A,0,NA,NA,NA,NA,Y,NA,A,01,0,1,0,0,0,0,0,0,0,-,-,NA,NA,LOS ANGELES,LOS ANGELES,-118.30920248,33.75019449
7103238,2015,2015-11-05,1942,2015-10-10,1650,38503,0511,6,5,7,1942,0,0,0,E,0,3T57,WESTER AV,257TH ST,0,NA,Y,A,-,N,NA,NA,NA,NA,NA,NA,NA,NA,NA,Y,4,0,1,2,A,-,09,21804,A,N,D,C,A,A,H,-,A,A,0,NA,NA,NA,NA,Y,NA,D,22,0,0,1,0,0,0,0,0,0,-,-,NA,NA,LOS ANGELES,LOS ANGELES,-118.30754,33.7905
7103242,2015,2015-11-04,1942,2015-10-09,2010,35936,0331,5,5,7,1942,0,0,0,C,0,3T5,LA BREA AV,JEFFERSON BL,0,NA,Y,A,-,N,NA,NA,NA,NA,NA,NA,NA,NA,NA,Y,4,0,3,3,A,-,09,21801,A,N,D,C,A,A,H,-,C,A,0,NA,NA,NA,NA,Y,NA,D,22,0,0,3,0,0,0,0,0,0,-,-,NA,NA,LOS ANGELES,LOS ANGELES,-118.35487009,34.0255201
7103246,2015,2015-11-04,1942,2015-10-12,1620,36754,0303,1,5,7,1942,0,0,0,C,0,3T57,ADAMS BL,REDONDO BL,0,NA,Y,A,-,N,NA,NA,NA,NA,NA,NA,NA,NA,NA,Y,3,0,2,3,A,-,09,21801,A,N,D,C,A,A,H,-,A,A,0,NA,NA,NA,NA,Y,NA,A,01,0,1,1,0,0,0,0,0,0,-,-,NA,NA,LOS ANGELES,LOS ANGELES,-118.35625009,34.03250001
7103259,2015,2015-11-19,1926,2015-10-20,0651,3114,NA,2,5,5,1926,0,0,0,NA,0,004,GLADSTONE,LONE HILL,205,W,N,A,-,N,NA,NA,NA,NA,NA,NA,NA,NA,NA,N,4,0,1,2,A,-,08,22107,NA,N,D,C,A,A,H,-,A,A,0,NA,NA,NA,Y,Y,NA,G,27,0,0,1,0,0,0,0,0,0,-,-,NA,NA,LOS ANGELES,GLENDORA,-117.82966562,34.11394
7103337,2015,2015-11-05,1955,2015-10-14,1530,41949,0046,3,5,6,1955,0,0,0,NA,0,001,ELWOOD ST,DUDLEY ST,300,E,N,A,-,N,NA,NA,NA,NA,NA,NA,NA,NA,NA,N,4,0,1,2,A,-,02,21654,A,N,G,B,D,A,H,-,A,D,0,Y,NA,NA,NA,Y,NA,-,-,0,0,1,0,1,0,0,0,0,-,-,NA,NA,LOS ANGELES,POMONA,-117.77861,34.07013
7103346,2015,2015-11-12,1942,2015-10-05,1050,36571,1204,1,5,7,1942,0,0,0,L,0,12T41,NORMANDIE AV,VERNON AV,0,NA,Y,A,-,N,NA,NA,NA,NA,NA,NA,NA,NA,NA,Y,3,0,4,2,A,-,09,21801,A,N,D,C,A,A,H,-,A,A,0,NA,NA,NA,NA,Y,NA,A,07,0,3,1,0,0,0,0,0,0,-,-,NA,NA,LOS ANGELES,LOS ANGELES,-118.30019009,34.00370003
7103354,2015,2017-01-09,1918,2015-09-12,1400,1123,NA,6,5,4,1918,0,0,0,NA,0,2TL25,CULVER BL,RT 405,0,NA,Y,A,-,Y,LA,7,405,-,-,27.001,R,4,N,Y,2,0,2,3,A,-,12,21453,A,N,D,C,A,A,H,-,A,A,0,NA,NA,NA,NA,Y,NA,D,22,1,0,1,0,0,0,0,0,0,-,NF,34.00328,-118.411,LOS ANGELES,CULVER CITY,-118.40917042,34.00062309
7103362,2015,2015-11-10,1900,2015-09-12,0250,536332,0458,6,5,6,1949,0,0,0,NA,0,43T1EM,ALONDRA BL,HURST AV,10,E,N,A,-,N,NA,NA,NA,NA,NA,NA,NA,NA,NA,Y,3,0,1,2,A,-,07,21658,A,N,E,I,A,A,H,-,C,D,0,NA,NA,NA,NA,Y,Y,A,01,0,1,0,0,0,0,0,0,0,-,-,NA,NA,LOS ANGELES,NORWALK,-118.075263,33.887611
7103370,2015,2015-11-04,1942,2015-09-05,2335,39678,0379,6,5,7,1942,0,0,0,C,0,3Z1,VERMONT AV,EXPOSITION BL,10,S,N,A,-,N,NA,NA,NA,NA,NA,NA,NA,NA,NA,Y,4,0,1,1,A,-,03,22350,NA,N,E,I,A,A,H,-,B,A,0,NA,NA,NA,NA,Y,NA,A,07,0,0,1,0,0,0,0,0,0,-,-,NA,NA,LOS ANGELES,LOS ANGELES,-118.29153,34.01832257
7103374,2015,2015-11-04,1942,2015-09-28,0830,40623,0363,1,5,7,1942,0,0,0,C,0,3A63,COLISEUM,VICTORIA,0,NA,Y,A,-,N,NA,NA,NA,NA,NA,NA,NA,NA,NA,N,4,0,1,2,A,-,09,21802,A,N,D,C,A,A,H,-,A,A,0,NA,NA,NA,NA,Y,NA,A,01,0,0,1,0,0,0,0,0,0,-,-,NA,NA,LOS ANGELES,LOS ANGELES,-118.33649006,34.01652001
7103378,2015,2015-11-03,1942,2015-09-29,0750,41241,0397,2,5,7,1942,0,0,0,C,0,NA,42ND ST,KANSAS AV,33,E,N,A,-,N,NA,NA,NA,NA,NA,NA,NA,NA,NA,N,4,0,1,2,A,-,11,21954,A,N,G,B,D,A,H,-,A,A,0,Y,NA,NA,NA,Y,NA,N,60,0,0,1,0,1,0,0,0,0,-,-,NA,NA,LOS ANGELES,LOS ANGELES,-118.29362132,34.0073
7103382,2015,2015-11-03,1942,2015-09-27,2205,40545,0357,7,5,7,1942,0,0,0,C,0,3A74,JEFFERSON BL,NORMANDIE AV,0,NA,Y,A,-,N,NA,NA,NA,NA,NA,NA,NA,NA,NA,Y,3,0,4,2,A,-,12,21453,A,N,D,C,A,A,H,-,C,A,0,NA,NA,NA,NA,Y,NA,A,01,0,1,3,0,0,0,0,0,0,-,-,NA,NA,LOS ANGELES,LOS ANGELES,-118.30023005,34.02551