CASE_ID,ACCIDENT_YEAR,PROC_DATE,JURIS,COLLISION_DATE,COLLISION_TIME,OFFICER_ID,REPORTING_DISTRICT,DAY_OF_WEEK,CHP_SHIFT,POPULATION,CNTY_CITY_LOC,SPECIAL_COND,BEAT_TYPE,CHP_BEAT_TYPE,CITY_DIVISION_LAPD,CHP_BEAT_CLASS,BEAT_NUMBER,PRIMARY_RD,SECONDARY_RD,DISTANCE,DIRECTION,INTERSECTION,WEATHER_1,WEATHER_2,STATE_HWY_IND,CALTRANS_COUNTY,CALTRANS_DISTRICT,STATE_ROUTE,ROUTE_SUFFIX,POSTMILE_PREFIX,POSTMILE,LOCATION_TYPE,RAMP_INTERSECTION,SIDE_OF_HWY,TOW_AWAY,COLLISION_SEVERITY,NUMBER_KILLED,NUMBER_INJURED,PARTY_COUNT,PRIMARY_COLL_FACTOR,PCF_CODE_OF_VIOL,PCF_VIOL_CATEGORY,PCF_VIOLATION,PCF_VIOL_SUBSECTION,HIT_AND_RUN,TYPE_OF_COLLISION,MVIW,PED_ACTION,ROAD_SURFACE,ROAD_COND_1,ROAD_COND_2,LIGHTING,CONTROL_DEVICE,CHP_ROAD_TYPE,PEDESTRIAN_ACCIDENT,BICYCLE_ACCIDENT,MOTORCYCLE_ACCIDENT,TRUCK_ACCIDENT,NOT_PRIVATE_PROPERTY,ALCOHOL_INVOLVED,STWD_VEHTYPE_AT_FAULT,CHP_VEHTYPE_AT_FAULT,COUNT_SEVERE_INJ,COUNT_VISIBLE_INJ,COUNT_COMPLAINT_PAIN,COUNT_PED_KILLED,COUNT_PED_INJURED,COUNT_BICYCLIST_KILLED,COUNT_BICYCLIST_INJURED,COUNT_MC_KILLED,COUNT_MC_INJURED,PRIMARY_RAMP,SECONDARY_RAMP,LATITUDE,LONGITUDE,COUNTY,CITY,POINT_X,POINT_Y
7104346,2015,2015-11-18,1942,2015-10-19,0900,33201,NA,1,5,7,1942,0,0,0,NA,0,18E15,ROSECRANS AV,FIGUEROA ST,100,W,N,B,-,N,NA,NA,NA,NA,NA,NA,NA,NA,NA,N,4,0,1,2,A,-,03,22350,NA,N,C,C,A,A,H,-,A,A,0,NA,NA,NA,Y,Y,NA,G,25,0,0,1,0,0,0,0,0,0,-,-,NA,NA,LOS ANGELES,LOS ANGELES,-118.28310888,33.90188671
7104350,2015,2015-11-17,1942,2015-10-13,1815,40970,NA,2,5,7,1942,0,0,0,NA,0,18A26,DENVER AV,GARDENA BL,0,NA,Y,A,-,N,NA,NA,NA,NA,NA,NA,NA,NA,NA,Y,3,0,2,2,A,-,09,21801,A,N,D,D,A,A,H,-,C,D,0,NA,NA,NA,NA,Y,NA,A,01,0,1,1,0,0,0,0,0,0,-,-,NA,NA,LOS ANGELES,LOS ANGELES,-118.28375008,33.88181011
7104354,2015,2016-08-05,1942,2015-10-13,1800,37323,RD183,2,5,7,1942,0,0,0,NA,0,18A44,103RD ST,GRAHAM AV,120,W,N,A,-,N,NA,NA,NA,NA,NA,NA,NA,NA,NA,Y,4,0,1,2,C,-,18,NA,NA,N,B,C,A,A,H,-,A,A,0,NA,NA,NA,NA,Y,Y,-,-,0,0,1,0,0,0,0,0,0,-,-,NA,NA,LOS ANGELES,LOS ANGELES,-118.2429348,33.94321436
7104358,2015,2015-11-17,1942,2015-10-11,2125,38265,1827,7,5,7,1942,0,0,0,R,0,18A17,WILMINGTON AV,103RD ST,0,NA,Y,A,-,N,NA,NA,NA,NA,NA,NA,NA,NA,NA,Y,3,0,2,2,A,-,09,21801,A,N,A,C,A,A,H,-,C,A,0,NA,NA,NA,NA,Y,NA,A,01,0,1,1,0,0,0,0,0,0,-,-,NA,NA,LOS ANGELES,LOS ANGELES,-118.23909008,33.94316001
7104370,2015,2017-01-31,1942,2015-10-08,0800,41941,1864,4,5,7,1942,0,0,0,R,0,18A41,CENTINELA AV,RT 105,0,NA,-,A,-,Y,LA,7,105,-,R,9.089,R,4,W,N,4,0,1,2,A,-,12,21453,A,N,B,C,A,A,H,-,A,A,0,NA,NA,NA,NA,Y,NA,A,01,0,0,1,0,0,0,0,0,0,-,-,NA,NA,LOS ANGELES,LOS ANGELES,-118.25112883,33.92863657
7104377,2015,2015-11-17,1942,2015-10-22,1300,38304,1836,4,5,7,1942,0,0,0,R,0,18A92,63RD ST,CENTURY BL,0,NA,Y,A,-,N,NA,NA,NA,NA,NA,NA,NA,NA,NA,Y,4,0,1,2,A,-,09,21801,A,N,A,C,A,A,H,-,A,A,0,NA,NA,NA,NA,Y,NA,D,22,0,0,1,0,0,0,0,0,0,-,-,NA,NA,LOS ANGELES,LOS ANGELES,NA,NA
7104378,2015,2015-11-19,1942,2015-11-01,1800,40971,1821,7,5,7,1942,0,0,0,R,0,12T41,CENTURY BL,HOOVER ST,0,NA,Y,A,-,N,NA,NA,NA,NA,NA,NA,NA,NA,NA,N,3,0,2,3,A,-,09,21801,A,F,D,C,A,A,H,-,C,A,0,NA,NA,NA,NA,Y,NA,D,22,0,1,1,0,0,0,0,0,0,-,-,NA,NA,LOS ANGELES,LOS ANGELES,-118.28697002,33.94551005
7104381,2015,2015-11-17,1942,2015-10-22,0615,37398,0235,4,5,7,1942,0,0,0,B,0,11T32,ALVARADO ST,TEMPLE ST,288,N,N,A,-,N,NA,NA,NA,NA,NA,NA,NA,NA,NA,N,4,0,1,2,A,-,04,21703,NA,N,C,C,A,A,H,-,C,D,0,NA,NA,NA,NA,Y,NA,A,07,0,0,1,0,0,0,0,0,0,-,-,NA,NA,LOS ANGELES,LOS ANGELES,-118.26759864,34.0709648
7104382,2015,2015-12-01,1942,2015-10-21,2340,37305,LA,3,5,7,1942,0,0,0,NA,0,18E15,106TH ST,SPRING,0,NA,Y,A,-,N,NA,NA,NA,NA,NA,NA,NA,NA,NA,N,4,0,1,2,A,-,10,21950,A,N,-,-,D,A,H,-,C,D,0,Y,NA,NA,NA,Y,NA,-,-,0,0,1,0,1,0,0,0,0,-,-,NA,NA,LOS ANGELES,LOS ANGELES,-118.27621001,33.94011007
7104385,2015,2015-11-18,1942,2015-09-18,2028,36814,1128,5,5,7,1942,0,0,0,K,0,1T11,GARVANZA AV,AVENUE 64,0,NA,Y,A,-,N,NA,NA,NA,NA,NA,NA,NA,NA,NA,N,4,0,1,2,A,-,01,23152,A,F,D,C,A,A,H,-,C,A,0,NA,NA,NA,NA,Y,Y,D,22,0,0,1,0,0,0,0,0,0,-,-,NA,NA,LOS ANGELES,LOS ANGELES,-118.18089004,34.11540004
7104389,2015,2016-04-19,1942,2015-10-16,1945,39205,1144,5,5,7,1942,0,0,0,K,0,11A95,GLENDALE BL,BANCROFT AV,0,NA,-,A,-,NA,NA,NA,NA,NA,NA,NA,NA,NA,NA,Y,2,0,2,6,A,-,07,21658,A,F,A,C,A,A,H,-,C,D,0,NA,NA,NA,NA,Y,NA,D,22,1,1,0,0,0,0,0,0,0,-,-,NA,NA,LOS ANGELES,LOS ANGELES,-118.25925002,34.09714002
7104417,2015,2016-01-28,1953,2015-10-23,1155,7306,1953,5,5,6,1953,0,0,0,NA,0,002,NORTH LAKE AV,MAPLE ST,0,NA,Y,A,-,N,NA,NA,NA,NA,NA,NA,NA,NA,NA,N,4,0,1,2,A,-,08,22107,NA,N,D,G,A,A,H,-,A,D,0,NA,Y,NA,NA,Y,NA,-,-,0,0,1,0,0,0,1,0,0,-,-,NA,NA,LOS ANGELES,PASADENA,-118.13236003,34.15233006
7104423,2015,2017-02-04,1942,2015-10-13,0730,36664,1822,2,5,7,1942,0,0,0,R,0,18A17,CENTURY BL,RT 110,0,NA,Y,A,-,Y,LA,7,110,-,-,15.099,R,4,S,N,4,0,1,2,A,-,09,21804,A,N,G,B,A,A,H,-,A,A,0,NA,Y,NA,NA,Y,NA,L,04,0,0,1,0,0,0,1,0,0,-,-,NA,NA,LOS ANGELES,LOS ANGELES,-118.27968719,33.94743484
7104437,2015,2016-01-28,1942,2015-10-30,1915,40971,0564,5,5,7,1942,0,0,0,E,0,3T5,PACIFIC AV,7TH ST,0,NA,Y,A,-,N,NA,NA,NA,NA,NA,NA,NA,NA,NA,Y,3,0,1,3,A,-,12,21453,A,M,D,C,A,A,H,-,C,A,0,NA,NA,NA,NA,Y,NA,A,01,0,1,0,0,0,0,0,0,0,-,-,NA,NA,LOS ANGELES,LOS ANGELES,-118.28792008,33.73788004
7104568,2015,2015-11-23,1900,2015-10-22,1832,519516,1624,4,5,5,1977,0,0,0,NA,0,167T1,MARBELLA AV,SEPULVEDA BL,35,S,N,A,-,N,NA,NA,NA,NA,NA,NA,NA,NA,NA,N,3,0,1,2,A,-,11,21955,NA,N,G,B,D,A,H,-,C,A,0,Y,NA,NA,NA,Y,NA,N,60,0,1,0,0,1,0,0,0,0,-,-,NA,NA,LOS ANGELES,CARSON,-118.2706576,33.80792403
7104575,2015,2015-11-18,1973,2015-09-08,1047,568,1973,2,5,1,1973,0,0,0,NA,0,002,EAST SLAUSON AV,SOUTH BOYLE AV,570,E,N,A,-,N,NA,NA,NA,NA,NA,NA,NA,NA,NA,N,4,0,2,3,A,-,03,22350,NA,N,C,C,A,A,H,-,A,D,0,NA,NA,NA,NA,Y,NA,-,NA,0,0,2,0,0,0,0,0,0,-,-,NA,NA,LOS ANGELES,VERNON,-118.21092345,33.98919
7104592,2015,2015-11-16,1900,2015-09-13,1412,526680,1628,7,5,5,1977,0,0,0,NA,0,168T,220TH ST,AVALON BL,30,E,N,A,-,N,NA,NA,NA,NA,NA,NA,NA,NA,NA,Y,4,0,2,3,A,-,09,21804,A,N,D,C,A,A,H,-,A,D,0,NA,NA,NA,NA,Y,NA,A,01,0,0,2,0,0,0,0,0,0,-,-,NA,NA,LOS ANGELES,CARSON,-118.26363142,33.82786
7104596,2015,2015-11-16,1900,2015-09-08,0551,287346,1610,2,5,5,1977,0,0,0,NA,0,164T,BROADWAY,GARDENA BL,705,N,N,A,-,N,NA,NA,NA,NA,NA,NA,NA,NA,NA,Y,4,0,1,3,A,-,09,21801,A,N,B,C,A,A,H,-,A,D,0,NA,NA,NA,NA,Y,NA,A,01,0,0,1,0,0,0,0,0,0,-,-,NA,NA,LOS ANGELES,CARSON,-118.278296,33.88389247
7104643,2015,2015-11-25,1900,2015-10-24,1510,512477,1624,6,5,5,1977,0,0,0,NA,0,168T,DOLORES ST,229TH PL,35,S,N,A,-,N,NA,NA,NA,NA,NA,NA,NA,NA,NA,Y,3,0,3,5,A,-,05,21650,NA,N,B,E,A,A,H,-,A,D,0,NA,NA,NA,NA,Y,NA,A,01,0,1,2,0,0,0,0,0,0,-,-,NA,NA,LOS ANGELES,CARSON,-118.27239073,33.81714401
7104653,2015,2015-11-23,1900,2015-10-05,1515,524694,1611,1,5,5,1977,0,0,0,NA,0,164T1,ARTESIA BL,CENTRAL AV,50,E,N,A,-,N,NA,NA,NA,NA,NA,NA,NA,NA,NA,N,4,0,1,2,A,-,12,21453,A,N,D,C,A,A,H,-,A,A,0,NA,NA,NA,Y,Y,NA,G,27,0,0,1,0,0,0,0,0,0,-,-,NA,NA,LOS ANGELES,CARSON,-118.24863,33.87399
7104657,2015,2015-11-16,1900,2015-09-15,1009,506392,1610,2,5,5,1977,0,0,0,NA,0,164T,FIGUEROA ST,GRIFFITH ST,400,N,N,A,-,N,NA,NA,NA,NA,NA,NA,NA,NA,NA,Y,4,0,1,2,A,-,09,21801,A,N,D,C,A,B,H,-,A,D,0,NA,NA,NA,NA,Y,NA,D,22,0,0,1,0,0,0,0,0,0,-,-,NA,NA,LOS ANGELES,CARSON,-118.28162,33.86101698
7104659,2015,2015-12-03,1900,2015-10-22,1410,538701,1610,4,5,5,1977,0,0,0,NA,0,164T,ALBERTONI ST,BROADWAY,0,NA,Y,A,-,N,NA,NA,NA,NA,NA,NA,NA,NA,NA,N,3,0,1,2,A,-,08,22107,NA,N,D,G,A,A,H,-,A,A,0,NA,Y,NA,NA,Y,NA,D,22,0,1,0,0,0,0,1,0,0,-,-,NA,NA,LOS ANGELES,CARSON,-118.27852014,33.87087001
7104663,2015,2015-11-23,1900,2015-10-27,0901,506392,1621,2,5,5,1977,0,0,0,NA,0,164T,DEL AMO BL,WILMINGTON AV,0,NA,Y,A,-,N,NA,NA,NA,NA,NA,NA,NA,NA,NA,Y,4,0,1,3,A,-,07,21658,A,N,A,C,A,A,H,-,A,A,0,NA,NA,NA,NA,Y,NA,A,01,0,0,1,0,0,0,0,0,0,-,-,NA,NA,LOS ANGELES,CARSON,-118.23406009,33.84680001
7104665,2015,2015-12-03,1900,2015-10-13,1542,56680,1622,2,5,5,1977,0,0,0,NA,0,168T,SANTA FE AV,DOMINGUEZ ST,0,NA,Y,A,-,N,NA,NA,NA,NA,NA,NA,NA,NA,NA,Y,4,0,2,2,A,-,12,21453,A,N,D,C,A,A,H,-,A,D,0,NA,NA,NA,NA,Y,NA,D,22,0,0,2,0,0,0,0,0,0,-,-,NA,NA,LOS ANGELES,CARSON,-118.21424004,33.83921009
7104667,2015,2015-11-23,1900,2015-10-25,1405,526680,1618,7,5,5,1977,0,0,0,NA,0,168T,MAIN ST,215TH ST,126,N,N,A,-,N,NA,NA,NA,NA,NA,NA,NA,NA,NA,N,4,0,1,2,A,-,04,21703,NA,N,C,C,A,A,H,-,A,D,0,NA,NA,NA,NA,Y,NA,A,01,0,0,1,0,0,0,0,0,0,-,-,NA,NA,LOS ANGELES,CARSON,-118.27865939,33.83385734
7104669,2015,2015-11-14,1900,2015-08-31,1900,531273,1624,1,5,5,1977,0,0,0,NA,0,167T1,SEPULVEDA BL,DOLORES ST,0,NA,Y,A,-,N,NA,NA,NA,NA,NA,NA,NA,NA,NA,N,4,0,1,2,A,-,03,22350,NA,M,C,C,A,A,H,-,A,A,0,NA,NA,NA,NA,Y,NA,A,07,0,0,1,0,0,0,0,0,0,-,-,NA,NA,LOS ANGELES,CARSON,-118.27240004,33.80809007
7104671,2015,2015-12-03,1900,2015-10-29,1724,579516,1610,4,5,5,1977,0,0,0,NA,0,167T1,MAIN ST,GARDENA BL,0,NA,Y,A,-,N,NA,NA,NA,NA,NA,NA,NA,NA,NA,Y,4,0,2,2,A,-,12,21453,A,N,D,C,A,A,H,-,A,A,0,NA,NA,NA,Y,Y,NA,F,26,0,0,2,0,0,0,0,0,0,-,-,NA,NA,LOS ANGELES,CARSON,-118.27579014,33.88201009
7104679,2015,2015-11-16,1909,2015-10-31,0858,574,1909,6,5,4,1909,0,0,0,NA,0,NORTH,GAGE AV,EASTERN AV,0,NA,N,A,-,N,NA,NA,NA,NA,NA,NA,NA,NA,NA,N,3,0,1,2,A,-,09,21804,A,N,B,G,A,A,H,-,A,-,0,NA,Y,NA,NA,Y,NA,L,04,0,1,0,0,0,0,1,0,0,-,-,33.97479,-118.16298,LOS ANGELES,BELL GARDENS,-118.16376005,33.97550007
7104684,2015,2017-02-03,1925,2015-11-03,1710,24111,147,2,5,6,1925,0,0,0,NA,0,005,VERDUGO BL,RT 2,0,NA,Y,A,-,Y,LA,7,2,-,R,22.877,R,4,E,Y,3,0,1,2,A,-,09,21801,A,N,D,C,A,A,H,-,B,A,0,NA,NA,NA,NA,Y,NA,A,07,0,1,0,0,0,0,0,0,0,-,NF,NA,NA,LOS ANGELES,GLENDALE,-118.21838049,34.20393522
7104686,2015,2016-02-06,1900,2015-11-03,0850,442400,2923,2,5,5,1990,0,0,0,NA,0,292K2,GRAND AV,DIAMOND BAR BL,36,E,N,A,-,N,NA,NA,NA,NA,NA,NA,NA,NA,NA,Y,4,0,3,2,A,-,04,21703,NA,N,C,C,A,A,H,-,A,A,0,NA,NA,NA,NA,Y,NA,D,22,0,0,3,0,0,0,0,0,0,-,-,NA,NA,LOS ANGELES,DIAMOND BAR,-117.81110243,34.00090863
7104687,2015,2015-12-03,1942,2015-10-22,1853,441896,2136,4,5,7,1942,0,0,0,NA,0,212T3,IMPERIAL HWY,CROESUS AV,0,NA,Y,A,-,N,NA,NA,NA,NA,NA,NA,NA,NA,NA,N,4,0,2,2,D,-,00,NA,NA,N,A,C,A,A,H,-,C,A,0,NA,NA,NA,NA,Y,NA,-,-,0,0,2,0,0,0,0,0,0,-,-,NA,NA,LOS ANGELES,LOS ANGELES,-118.23355013,33.92912002
7104688,2015,2015-12-01,1925,2015-10-16,1435,14676,381,5,5,6,1925,0,0,0,NA,0,003,GARFIELD,MARIPOSA AV,0,NA,Y,A,B,N,NA,NA,NA,NA,NA,NA,NA,NA,NA,NA,4,0,2,3,A,-,10,21950,A,N,G,B,B,A,H,-,A,A,0,Y,NA,NA,NA,Y,NA,H,13,0,0,2,0,2,0,0,0,0,-,-,NA,NA,LOS ANGELES,GLENDALE,-118.24991004,34.13601008
7104691,2015,2015-12-01,1900,2015-10-23,1540,441896,2111,5,5,5,1943,0,0,0,NA,0,471,ALAMEDA ST,FERNWOOD AV,0,NA,Y,A,-,N,NA,NA,NA,NA,NA,NA,NA,NA,NA,N,4,0,1,2,D,-,00,NA,NA,N,D,C,A,A,H,-,A,A,0,NA,NA,NA,NA,Y,NA,-,-,0,0,1,0,0,0,0,0,0,-,-,NA,NA,LOS ANGELES,LYNWOOD,-118.22560012,33.93242004
7104699,2015,2015-12-03,1900,2015-10-31,0725,507866,2115,6,5,5,1943,0,0,0,NA,0,212T4,MARTIN LUTHER KING JR BL,DUNCAN AV,0,NA,Y,A,-,N,NA,NA,NA,NA,NA,NA,NA,NA,NA,N,3,0,1,2,A,-,10,21950,A,N,G,B,B,A,H,-,A,A,0,Y,NA,NA,NA,Y,NA,D,22,0,1,0,0,1,0,0,0,0,-,-,NA,NA,LOS ANGELES,LYNWOOD,-118.18476,33.92037009
7104704,2015,2016-08-03,1925,2015-10-26,1653,21092,188,1,5,6,1925,0,0,0,NA,0,001,GLENWOOD RD,WINCHESTER AV,0,NA,Y,A,-,N,NA,NA,NA,NA,NA,NA,NA,NA,NA,Y,4,0,2,2,A,-,09,21802,A,N,D,C,A,A,H,-,A,A,0,NA,NA,NA,NA,Y,NA,A,01,0,0,2,0,0,0,0,0,0,-,-,NA,NA,LOS ANGELES,GLENDALE,-118.28631009,34.17272006
7104712,2015,2015-11-17,1925,2015-10-30,0712,24111,130,5,5,6,1925,0,0,0,NA,0,00S,VERDUGO RD,BROADVALE DR,0,NA,Y,A,-,N,NA,NA,NA,NA,NA,NA,NA,NA,NA,Y,3,0,2,2,A,-,12,21453,A,N,D,C,A,A,H,-,A,A,0,NA,NA,NA,NA,Y,NA,A,01,0,1,1,0,0,0,0,0,0,-,-,NA,NA,LOS ANGELES,GLENDALE,-118.226064,34.203698
7104716,2015,2015-11-23,1925,2015-10-22,0733,20089,280,4,5,6,1925,0,0,0,NA,0,003,CHEVY CHASE DR,BOYNTON ST,0,NA,Y,A,-,N,NA,NA,NA,NA,NA,NA,NA,NA,NA,Y,4,0,2,2,A,-,09,21801,A,N,D,C,A,A,H,-,A,A,0,NA,NA,NA,NA,Y,NA,I,09,0,0,2,0,0,0,0,0,0,-,-,NA,NA,LOS ANGELES,GLENDALE,-118.24908006,34.13367006
7104720,2015,2015-11-19,1925,2015-10-22,0924,24111,164,4,5,6,1925,0,0,0,NA,0,2T40,GLENOAKS BL,LOUISE ST,15,W,N,A,-,N,NA,NA,NA,NA,NA,NA,NA,NA,NA,N,4,0,1,2,A,-,03,22350,NA,N,C,C,A,A,H,-,A,A,0,NA,NA,NA,NA,Y,NA,A,01,0,0,1,0,0,0,0,0,0,-,-,NA,NA,LOS ANGELES,GLENDALE,-118.25272551,34.15838615
7104801,2015,2015-10-30,1942,2015-10-14,1225,39355,2145,3,5,7,1942,0,0,0,NA,0,19T73,VALLEY CIRCLE BL,HAMLIN ST,22,W,N,A,-,N,NA,NA,NA,NA,NA,NA,NA,NA,NA,Y,3,0,1,2,A,-,09,21801,A,N,B,C,A,A,H,-,A,D,0,NA,NA,NA,NA,Y,NA,A,01,0,1,0,0,0,0,0,0,0,-,-,NA,NA,LOS ANGELES,LOS ANGELES,-118.65538,34.18812
7104802,2015,2015-10-27,1942,2015-10-05,1355,40672,2156,1,5,7,1942,0,0,0,NA,0,21A1,OWENSMOUTH AV,CANYON CREST DR,0,NA,Y,A,-,N,NA,NA,NA,NA,NA,NA,NA,NA,NA,Y,3,0,4,2,A,-,12,21453,A,N,D,C,A,A,H,-,A,A,0,NA,NA,NA,NA,Y,NA,A,01,0,3,1,0,0,0,0,0,0,-,-,NA,NA,LOS ANGELES,LOS ANGELES,NA,NA
7104803,2015,2015-10-27,1942,2015-10-05,1550,34398,211,1,5,7,1942,0,0,0,NA,0,21A57,BEAR CANYON DR,OVERLAND AV,0,NA,Y,C,-,N,NA,NA,NA,NA,NA,NA,NA,NA,NA,Y,3,0,1,2,A,-,03,22350,A,N,C,C,A,B,H,-,A,D,0,NA,NA,NA,NA,Y,NA,A,08,0,1,0,0,0,0,0,0,0,-,-,NA,NA,LOS ANGELES,LOS ANGELES,NA,NA
7104804,2015,2015-10-27,1942,2015-10-03,0750,30452,2189,6,5,7,1942,0,0,0,NA,0,9T53,VENTURA BL,CHALK HILL DR,0,NA,Y,A,-,N,NA,NA,NA,NA,NA,NA,NA,NA,NA,Y,4,0,1,4,A,-,08,22107,NA,N,D,C,A,A,H,-,A,A,0,NA,NA,NA,NA,Y,NA,A,01,0,0,1,0,0,0,0,0,0,-,-,NA,NA,LOS ANGELES,LOS ANGELES,-118.58023003,34.16785
7104805,2015,2015-10-29,1942,2015-10-02,2020,31652,2111,5,5,7,1942,0,0,0,NA,0,19T73,VALLEY CIRCLE BL,BELL CANYON RD,0,NA,Y,A,-,N,NA,NA,NA,NA,NA,NA,NA,NA,NA,Y,4,0,1,2,A,-,09,21801,B,N,D,C,A,A,H,-,C,A,0,NA,NA,NA,NA,Y,NA,A,07,0,0,1,0,0,0,0,0,0,-,-,NA,NA,LOS ANGELES,LOS ANGELES,-118.65587009,34.20248008
7104806,2015,2015-10-27,1942,2015-10-06,1320,39473,2111,2,5,7,1942,0,0,0,NA,0,16TL24,VALLEY CIRCLE BL,BELL CANYON RD,10,N,N,A,-,N,NA,NA,NA,NA,NA,NA,NA,NA,NA,Y,4,0,1,2,A,-,03,22350,NA,N,D,C,A,A,H,-,A,A,0,NA,NA,NA,NA,Y,NA,A,01,0,0,1,0,0,0,0,0,0,-,-,NA,NA,LOS ANGELES,LOS ANGELES,-118.6558631,34.20250683
7104807,2015,2015-10-27,1942,2015-10-10,1605,40119,2136,6,5,7,1942,0,0,0,NA,0,19TL78,MILWOOD AV,SHERMAN WAY,4,N,N,A,-,N,NA,NA,NA,NA,NA,NA,NA,NA,NA,N,4,0,1,2,A,-,11,21950,B,N,G,B,C,A,H,-,A,A,0,Y,NA,NA,NA,Y,NA,N,60,0,0,1,0,1,0,0,0,0,-,-,NA,NA,LOS ANGELES,LOS ANGELES,-118.59425891,34.20100094
7104808,2015,2015-10-27,1942,2015-10-09,0700,38326,2138,5,5,7,1942,0,0,0,NA,0,15TL43,MASON AV,SATICOY ST,0,NA,Y,A,-,N,NA,NA,NA,NA,NA,NA,NA,NA,NA,Y,3,0,2,2,A,-,09,21801,A,N,A,C,A,A,H,-,A,A,0,NA,NA,NA,NA,Y,NA,A,01,0,1,1,0,0,0,0,0,0,-,-,NA,NA,LOS ANGELES,LOS ANGELES,-118.57972006,34.20834003
7104809,2015,2015-10-27,1942,2015-10-09,1400,40165,2158,5,5,7,1942,0,0,0,NA,0,15TL42,VICTORY BL,WINNETKA AV,930,W,N,A,-,N,NA,NA,NA,NA,NA,NA,NA,NA,NA,Y,3,0,1,1,A,-,03,22350,NA,N,E,I,A,A,H,-,A,D,0,NA,NA,NA,NA,Y,NA,A,01,0,1,0,0,0,0,0,0,0,-,-,NA,NA,LOS ANGELES,LOS ANGELES,-118.5732374,34.18743117
7104810,2015,2015-10-27,1942,2015-10-07,0900,40290,2185,3,5,7,1942,0,0,0,NA,0,15TL47,MULHOLLAND DR,MULHOLLAND HWY,901,E,N,A,-,N,NA,NA,NA,NA,NA,NA,NA,NA,NA,Y,3,0,1,2,A,-,09,21804,A,N,D,C,A,A,H,-,A,D,0,NA,NA,NA,NA,Y,NA,A,01,0,1,0,0,0,0,0,0,0,-,-,NA,NA,LOS ANGELES,LOS ANGELES,-118.60964287,34.15039087
7104811,2015,2015-10-27,1942,2015-10-12,1645,35481,2175,1,5,7,1942,0,0,0,NA,0,9T54,COLLINS ST,TOPANGA CANYON BL,40,W,N,A,-,N,NA,NA,NA,NA,NA,NA,NA,NA,NA,Y,4,0,2,2,A,-,03,22350,NA,N,A,C,A,A,H,-,A,D,0,NA,NA,NA,NA,Y,NA,A,01,0,0,2,0,0,0,0,0,0,-,-,NA,NA,LOS ANGELES,LOS ANGELES,-118.60589199,34.17449275
7104812,2015,2015-10-27,1942,2015-10-12,1855,36336,2177,1,5,7,1942,0,0,0,NA,0,15T45,DE SOTO AV,BURBANK BL,130,S,N,A,-,N,NA,NA,NA,NA,NA,NA,NA,NA,NA,N,4,0,2,3,A,-,03,22350,NA,N,C,C,A,A,H,-,B,D,0,NA,NA,NA,NA,Y,NA,A,01,0,0,2,0,0,0,0,0,0,-,-,NA,NA,LOS ANGELES,LOS ANGELES,-118.58812641,34.17297503
7104813,2015,2015-11-05,1942,2015-10-06,0800,38105,2125,2,5,7,1942,0,0,0,NA,0,21A5,STATHERN ST,TOPANGA CANYON,50,W,N,A,-,N,NA,NA,NA,NA,NA,NA,NA,NA,NA,N,4,0,2,2,A,-,04,21703,NA,N,C,C,A,A,H,-,A,-,0,NA,NA,NA,NA,Y,NA,-,-,0,0,2,0,0,0,0,0,0,-,-,NA,NA,LOS ANGELES,LOS ANGELES,-118.60615511,34.21553116
7104814,2015,2015-10-27,1942,2015-10-06,0820,31962,2145,2,5,7,1942,0,0,0,NA,0,21A1,TOPANGA CANYON BL,KITTRIDGE ST,600,S,N,A,-,N,NA,NA,NA,NA,NA,NA,NA,NA,NA,Y,4,0,2,2,A,-,09,21801,A,N,D,C,A,A,H,-,A,D,0,NA,NA,NA,NA,Y,NA,A,07,0,0,2,0,0,0,0,0,0,-,-,NA,NA,LOS ANGELES,LOS ANGELES,-118.6059,34.189484
7104815,2015,2015-10-27,1942,2015-10-13,1600,33886,2105,2,5,7,1942,0,0,0,NA,0,35M89,CANOGA AV,PARTHENIA ST,650,S,N,A,-,N,NA,NA,NA,NA,NA,NA,NA,NA,NA,N,4,0,1,2,A,-,09,21801,A,N,D,C,A,A,H,-,A,D,0,NA,NA,NA,NA,Y,NA,A,01,0,0,1,0,0,0,0,0,0,-,-,NA,NA,LOS ANGELES,LOS ANGELES,-118.59753661,34.22641686
7104816,2015,2015-10-27,1942,2015-10-09,1045,30983,2187,5,5,7,1942,0,0,0,NA,0,21TL67,VENTURA BL,KELVIN AV,0,NA,Y,A,-,N,NA,NA,NA,NA,NA,NA,NA,NA,NA,Y,4,0,1,2,A,-,12,21453,A,N,D,C,A,A,H,-,A,A,0,NA,NA,NA,NA,Y,NA,A,01,0,0,1,0,0,0,0,0,0,-,-,NA,NA,LOS ANGELES,LOS ANGELES,-118.58586009,34.16647008
7104817,2015,2015-11-05,1942,2015-10-09,0540,34428,2138,5,5,7,1942,0,0,0,NA,0,21A73,SATICOY ST,MASON AV,0,NA,Y,A,-,N,NA,NA,NA,NA,NA,NA,NA,NA,NA,Y,4,0,3,2,A,-,12,21453,A,N,D,C,A,A,H,-,B,A,0,NA,NA,NA,NA,Y,NA,-,-,0,0,3,0,0,0,0,0,0,-,-,NA,NA,LOS ANGELES,LOS ANGELES,-118.57972006,34.20834003
7104818,2015,2015-10-27,1942,2015-10-07,1940,37340,2157,3,5,7,1942,0,0,0,NA,0,NA,DE SOTO AV,VANOWEN ST,0,NA,Y,A,-,N,NA,NA,NA,NA,NA,NA,NA,NA,NA,N,4,0,1,2,A,-,04,21703,NA,N,C,C,A,A,H,-,C,A,0,NA,NA,NA,NA,Y,NA,-,NA,0,0,1,0,0,0,0,0,0,-,-,NA,NA,LOS ANGELES,LOS ANGELES,-118.5884201,34.19379001