CASE_ID,ACCIDENT_YEAR,PROC_DATE,JURIS,COLLISION_DATE,COLLISION_TIME,OFFICER_ID,REPORTING_DISTRICT,DAY_OF_WEEK,CHP_SHIFT,POPULATION,CNTY_CITY_LOC,SPECIAL_COND,BEAT_TYPE,CHP_BEAT_TYPE,CITY_DIVISION_LAPD,CHP_BEAT_CLASS,BEAT_NUMBER,PRIMARY_RD,SECONDARY_RD,DISTANCE,DIRECTION,INTERSECTION,WEATHER_1,WEATHER_2,STATE_HWY_IND,CALTRANS_COUNTY,CALTRANS_DISTRICT,STATE_ROUTE,ROUTE_SUFFIX,POSTMILE_PREFIX,POSTMILE,LOCATION_TYPE,RAMP_INTERSECTION,SIDE_OF_HWY,TOW_AWAY,COLLISION_SEVERITY,NUMBER_KILLED,NUMBER_INJURED,PARTY_COUNT,PRIMARY_COLL_FACTOR,PCF_CODE_OF_VIOL,PCF_VIOL_CATEGORY,PCF_VIOLATION,PCF_VIOL_SUBSECTION,HIT_AND_RUN,TYPE_OF_COLLISION,MVIW,PED_ACTION,ROAD_SURFACE,ROAD_COND_1,ROAD_COND_2,LIGHTING,CONTROL_DEVICE,CHP_ROAD_TYPE,PEDESTRIAN_ACCIDENT,BICYCLE_ACCIDENT,MOTORCYCLE_ACCIDENT,TRUCK_ACCIDENT,NOT_PRIVATE_PROPERTY,ALCOHOL_INVOLVED,STWD_VEHTYPE_AT_FAULT,CHP_VEHTYPE_AT_FAULT,COUNT_SEVERE_INJ,COUNT_VISIBLE_INJ,COUNT_COMPLAINT_PAIN,COUNT_PED_KILLED,COUNT_PED_INJURED,COUNT_BICYCLIST_KILLED,COUNT_BICYCLIST_INJURED,COUNT_MC_KILLED,COUNT_MC_INJURED,PRIMARY_RAMP,SECONDARY_RAMP,LATITUDE,LONGITUDE,COUNTY,CITY,POINT_X,POINT_Y
7105060,2015,2015-10-28,1942,2015-10-09,2230,40157,0678,5,5,7,1942,0,0,0,F,0,14TL47,SANTA MONICA BL,OXFORD AV,87,E,N,A,-,N,NA,NA,NA,NA,NA,NA,NA,NA,NA,N,3,0,1,2,A,-,11,21954,A,N,G,B,D,A,H,-,C,D,0,Y,NA,NA,NA,Y,NA,N,60,0,1,0,0,1,0,0,0,0,-,-,NA,NA,LOS ANGELES,LOS ANGELES,-118.30751321,34.09077
7105061,2015,2015-10-28,1942,2015-10-08,1300,37966,0643,4,5,7,1942,0,0,0,F,0,6TL2,LA BREA AV,YUCCA ST,45,S,N,A,-,N,NA,NA,NA,NA,NA,NA,NA,NA,NA,N,3,0,2,2,A,-,09,21804,A,N,D,C,A,A,H,-,A,D,0,NA,NA,NA,NA,Y,NA,A,01,0,1,1,0,0,0,0,0,0,-,-,NA,NA,LOS ANGELES,LOS ANGELES,-118.34552247,34.10257059
7105062,2015,2015-10-28,1942,2015-10-10,0245,40389,636,6,5,7,1942,0,0,0,NA,0,6A45,GENESEE AV,HOLLYWOOD BL,50,S,N,A,-,N,NA,NA,NA,NA,NA,NA,NA,NA,NA,N,2,0,1,2,A,-,11,21954,A,F,B,B,E,A,H,-,C,D,0,Y,NA,NA,NA,Y,NA,N,60,1,0,0,0,1,0,0,0,0,-,-,NA,NA,LOS ANGELES,LOS ANGELES,-118.35819978,34.10156311
7105075,2015,2015-10-28,1900,2015-10-19,0251,459605,2920,1,5,5,1990,0,0,0,NA,0,292K2,HIGH KNOB RD,MILKYWAY PL,0,NA,Y,A,-,N,NA,NA,NA,NA,NA,NA,NA,NA,NA,Y,3,0,1,2,A,-,01,23152,A,N,B,I,A,A,H,-,C,D,0,NA,NA,NA,NA,Y,Y,A,01,0,1,0,0,0,0,0,0,0,-,-,NA,NA,LOS ANGELES,DIAMOND BAR,-117.79443007,34.03468002
7105076,2015,2015-10-28,1900,2015-10-14,2300,485025,2924,3,5,5,1990,0,0,0,NA,0,292K3,GRAND AV,GOLDEN SPRINGS DR,0,NA,Y,B,-,N,NA,NA,NA,NA,NA,NA,NA,NA,NA,N,4,0,1,2,A,-,12,21453,A,N,D,C,A,A,H,-,C,A,0,NA,NA,NA,NA,Y,NA,A,07,0,0,1,0,0,0,0,0,0,-,-,NA,NA,LOS ANGELES,DIAMOND BAR,-117.82185006,34.00657011
7105077,2015,2015-10-28,1900,2015-10-09,1835,465729,2928,5,5,5,1990,0,0,0,NA,0,292K2,BREA CANYON RD,WASHINGTON AV,0,NA,Y,A,-,N,NA,NA,NA,NA,NA,NA,NA,NA,NA,Y,3,0,2,2,A,-,12,21453,A,N,A,C,A,A,H,-,B,A,0,NA,NA,NA,NA,Y,NA,A,08,0,2,0,0,0,0,0,0,0,-,-,NA,NA,LOS ANGELES,DIAMOND BAR,-117.84654013,34.00648001
7105102,2015,2016-01-25,1976,2015-10-11,1650,378,1976,7,5,5,1976,0,0,0,NA,0,NA,MAR VISTA ST,COMSTOCK AV,0,NA,Y,A,-,N,NA,NA,NA,NA,NA,NA,NA,NA,NA,Y,3,0,1,2,A,-,-,NA,NA,N,D,C,A,A,H,-,A,D,0,NA,NA,NA,NA,Y,NA,A,01,0,1,0,0,0,0,0,0,0,-,-,NA,NA,LOS ANGELES,WHITTIER,-118.03857004,33.97367004
7105104,2015,2016-02-01,1942,2015-10-08,1650,38233,0261,4,5,7,1942,0,0,0,B,0,2T14W5,W 7TH ST,S CARONDELET,0,NA,Y,A,-,N,NA,NA,NA,NA,NA,NA,NA,NA,NA,N,4,0,1,2,A,-,12,21453,A,N,D,G,A,A,H,-,A,A,0,NA,Y,NA,NA,Y,Y,A,08,0,0,1,0,0,0,1,0,0,-,-,NA,NA,LOS ANGELES,LOS ANGELES,-118.28154013,34.05858005
7105284,2015,2015-10-28,1942,2015-10-09,0230,41135,1596,5,5,7,1942,0,0,0,O,0,15A67,VENTURA BL,WILLOW CREST AV,90,E,N,A,-,N,NA,NA,NA,NA,NA,NA,NA,NA,NA,N,4,0,2,2,A,-,07,21658,A,N,B,C,A,A,H,-,C,D,0,NA,NA,Y,NA,Y,NA,C,02,0,0,2,0,0,0,0,0,2,-,-,NA,NA,LOS ANGELES,LOS ANGELES,-118.36388912,34.13771825
7105288,2015,2015-10-28,1942,2015-10-07,1300,39217,16687,3,5,7,1942,0,0,0,P,0,21TL62,LAS PALMAS AV,HILLHAVEN ST,13,W,N,A,-,N,NA,NA,NA,NA,NA,NA,NA,NA,NA,Y,3,0,1,1,A,-,03,22350,NA,N,E,I,A,A,H,-,A,D,0,NA,NA,NA,NA,Y,NA,A,01,0,1,0,0,0,0,0,0,0,-,-,NA,NA,LOS ANGELES,LOS ANGELES,-118.29019271,34.24825366
7105292,2015,2015-11-04,1942,2015-10-09,1557,41151,4219,5,5,7,1942,0,0,0,NA,0,16A77,ROSCOE BL,LAUREL CANYON,50,E,N,A,-,N,NA,NA,NA,NA,NA,NA,NA,NA,NA,N,4,0,1,2,A,-,03,22350,NA,N,C,C,A,A,H,-,A,D,0,NA,NA,NA,NA,Y,NA,A,01,0,0,1,0,0,0,0,0,0,-,-,NA,NA,LOS ANGELES,LOS ANGELES,-118.39634495,34.22165324
7105296,2015,2015-10-28,1942,2015-10-03,2105,39830,1633,6,5,7,1942,0,0,0,P,0,16A33,FOOTHILL BL,PIERCE ST,250,S,N,A,-,N,NA,NA,NA,NA,NA,NA,NA,NA,NA,N,4,0,1,2,A,-,03,22350,A,N,C,E,A,A,H,-,C,D,0,NA,NA,NA,NA,Y,NA,A,01,0,0,1,0,0,0,0,0,0,-,-,NA,NA,LOS ANGELES,LOS ANGELES,-118.3981182,34.27733978
7105300,2015,2015-10-28,1942,2015-10-13,1300,39956,1699,2,5,7,1942,0,0,0,P,0,19A1,NORTH HOLLYWOOD WY,KESWICK ST,25,N,N,A,-,N,NA,NA,NA,NA,NA,NA,NA,NA,NA,N,3,0,2,2,A,-,09,21804,NA,N,A,C,A,A,H,-,A,D,0,NA,NA,NA,NA,Y,NA,A,01,0,1,1,0,0,0,0,0,0,-,-,NA,NA,LOS ANGELES,LOS ANGELES,-118.34878,34.21072857
7105304,2015,2015-11-03,1942,2015-10-08,1445,39670,1685,4,5,7,1942,0,0,0,P,0,16EL1,LANKERSHIM BL,STRATHERN AV,40,N,N,A,-,N,NA,NA,NA,NA,NA,NA,NA,NA,NA,Y,4,0,1,3,A,-,09,21801,A,N,A,C,A,A,H,-,A,A,0,NA,NA,NA,NA,Y,NA,A,01,0,0,1,0,0,0,0,0,0,-,-,NA,NA,LOS ANGELES,LOS ANGELES,-118.3878,34.21583971
7105308,2015,2015-10-28,1942,2015-10-07,2000,39133,4216,3,5,7,1942,0,0,0,NA,0,16P11,ARLETA AV,SHELDON AV,100,S,N,A,-,N,NA,NA,NA,NA,NA,NA,NA,NA,NA,N,4,0,4,2,A,-,04,21703,NA,N,C,C,A,A,-,-,C,A,0,NA,NA,NA,NA,Y,NA,A,07,0,0,4,0,0,0,0,0,0,-,-,NA,NA,LOS ANGELES,LOS ANGELES,-118.41094543,34.22730572
7105311,2015,2015-10-28,1926,2015-10-06,1454,3114,NA,2,5,5,1926,0,0,0,NA,0,003,FOOTHILL,OAK FOREST CIR,204,W,N,A,-,N,NA,NA,NA,NA,NA,NA,NA,NA,NA,N,3,0,1,1,A,-,03,22350,NA,N,H,J,A,A,-,-,A,A,0,NA,Y,NA,NA,Y,NA,L,04,0,1,0,0,0,0,1,0,0,-,-,NA,NA,LOS ANGELES,GLENDORA,-117.83936248,34.13611456
7105312,2015,2015-10-28,1942,2015-10-20,1830,34599,1684,2,5,7,1942,0,0,0,P,0,15T43,LANKERSHIM BL,TUXFORD ST,534,S,N,A,-,N,NA,NA,NA,NA,NA,NA,NA,NA,NA,N,2,0,1,2,A,-,11,21954,A,N,G,B,D,A,H,-,C,D,0,Y,NA,NA,NA,Y,NA,N,60,1,0,0,0,1,0,0,0,0,-,-,NA,NA,LOS ANGELES,LOS ANGELES,-118.3878,34.22101537
7105316,2015,2015-11-05,1942,2015-10-02,1745,41764,1781,5,5,7,1942,0,0,0,Q,0,17A1,NORDHOFF,DESOTO AV,10,E,N,A,-,N,NA,NA,NA,NA,NA,NA,NA,NA,NA,N,3,0,1,1,A,-,03,22350,NA,N,-,A,A,A,H,-,A,-,0,NA,NA,Y,NA,Y,NA,C,02,0,1,0,0,0,0,0,0,1,-,-,NA,NA,LOS ANGELES,LOS ANGELES,-118.58851698,34.23547936
7105320,2015,2015-10-28,1942,2015-10-13,0845,36542,1758,2,5,7,1942,0,0,0,Q,0,16T23,LASSEN ST,MONTGOMERY AV,0,NA,Y,A,-,N,NA,NA,NA,NA,NA,NA,NA,NA,NA,Y,3,0,2,2,A,-,05,21460,A,N,A,C,A,A,H,-,A,A,0,NA,NA,NA,NA,Y,NA,A,01,0,1,1,0,0,0,0,0,0,-,-,NA,NA,LOS ANGELES,LOS ANGELES,-118.48173001,34.25012005
7105323,2015,2015-10-28,1942,2015-10-04,1020,37676,1756,7,5,7,1942,0,0,0,Q,0,16T23,BALBOA BL,DEVONSHIRE ST,710,S,N,A,-,N,NA,NA,NA,NA,NA,NA,NA,NA,NA,N,3,0,1,2,A,-,03,22350,A,N,H,G,A,A,H,-,A,D,0,NA,Y,NA,NA,Y,NA,L,04,0,1,0,0,0,0,1,0,0,-,-,NA,NA,LOS ANGELES,LOS ANGELES,-118.50235,34.25559259
7105324,2015,2015-10-28,1942,2015-10-12,1600,35481,1781,1,5,7,1942,0,0,0,Q,0,9T54,MASON AV,NORDHOFF ST,125,S,N,A,-,N,NA,NA,NA,NA,NA,NA,NA,NA,NA,N,3,0,1,2,A,-,03,22350,NA,N,D,G,A,A,H,-,A,D,0,NA,Y,NA,NA,Y,NA,L,04,0,1,0,0,0,0,1,0,0,-,-,NA,NA,LOS ANGELES,LOS ANGELES,-118.57974288,34.2314771
7105325,2015,2015-11-04,1942,2015-09-17,0745,34168,0119,4,5,7,1942,0,0,0,A,0,CENTRA,RAMIREZ ST,VIGNES ST,75,E,N,A,-,N,NA,NA,NA,NA,NA,NA,NA,NA,NA,N,3,0,1,2,A,-,00,21760,C,N,B,G,A,A,H,-,A,D,0,NA,Y,NA,NA,Y,NA,-,NA,0,1,0,0,0,0,1,0,0,-,-,NA,NA,LOS ANGELES,LOS ANGELES,-118.23202413,34.05496626
7105327,2015,2015-10-28,1942,2015-10-12,0900,40290,1745,1,5,7,1942,0,0,0,Q,0,15TL47,DEVONSHIRE,WHITE OAK AV,50,W,N,A,-,N,NA,NA,NA,NA,NA,NA,NA,NA,NA,Y,4,0,2,2,A,-,04,21703,NA,N,C,C,A,A,H,-,A,D,0,NA,NA,NA,NA,Y,NA,A,01,0,0,2,0,0,0,0,0,0,-,-,NA,NA,LOS ANGELES,LOS ANGELES,-118.51995515,34.25763254
7105328,2015,2015-10-28,1942,2015-10-10,0730,36592,1723,6,5,7,1942,0,0,0,Q,0,15T43,DEVONSHIRE ST,MASON AV,20,W,N,A,-,N,NA,NA,NA,NA,NA,NA,NA,NA,NA,N,2,0,1,2,A,-,10,21950,A,N,A,B,B,A,H,-,A,A,0,Y,NA,NA,NA,Y,NA,A,01,1,0,0,0,1,0,0,0,0,-,-,NA,NA,LOS ANGELES,LOS ANGELES,-118.57990608,34.25726
7105329,2015,2015-10-28,1942,2015-09-28,1130,41811,RAMPA,1,5,7,1942,0,0,0,NA,0,2A47,ALVARADO ST,BEVERLY BL,0,NA,Y,A,-,N,NA,NA,NA,NA,NA,NA,NA,NA,NA,N,4,0,1,2,A,-,04,21703,NA,N,C,C,A,A,H,-,A,A,0,NA,NA,NA,NA,Y,NA,-,NA,0,0,1,0,0,0,0,0,0,-,-,NA,NA,LOS ANGELES,LOS ANGELES,-118.27032009,34.06667005
7105331,2015,2015-10-28,1942,2015-10-08,0740,31668,1787,4,5,7,1942,0,0,0,Q,0,19TL77,ZELZAH AV,NORDHOFF ST,25,N,N,A,-,N,NA,NA,NA,NA,NA,NA,NA,NA,NA,Y,4,0,2,2,A,-,07,21658,A,N,B,C,A,A,H,-,A,A,0,NA,NA,NA,NA,Y,NA,A,01,0,0,2,0,0,0,0,0,0,-,-,NA,NA,LOS ANGELES,LOS ANGELES,-118.52318361,34.23575851
7105332,2015,2015-10-28,1942,2015-10-03,1630,38354,1781,6,5,7,1942,0,0,0,Q,0,10T37,NORDHOFF ST,DESOTO AV,349,W,N,B,-,N,NA,NA,NA,NA,NA,NA,NA,NA,NA,N,2,0,1,1,C,-,18,NA,NA,N,H,I,A,A,A,-,A,D,0,NA,NA,Y,NA,Y,NA,-,-,1,0,0,0,0,0,0,0,1,-,-,NA,NA,LOS ANGELES,LOS ANGELES,-118.58970275,34.23548
7105335,2015,2015-10-28,1942,2015-10-06,1630,41477,1755,2,5,7,1942,0,0,0,Q,0,17X22,DEVONSHIRE ST,LINDLEY AV,5,E,N,A,-,N,NA,NA,NA,NA,NA,NA,NA,NA,NA,N,4,0,1,2,A,-,10,21950,A,N,-,B,B,A,H,-,A,A,0,Y,NA,NA,NA,Y,NA,A,01,0,0,1,0,1,0,0,0,0,-,-,NA,NA,LOS ANGELES,LOS ANGELES,-118.52733348,34.25726973
7105336,2015,2015-10-28,1942,2015-10-17,1210,39217,1525,6,5,7,1942,0,0,0,O,0,21TL62,VICTORY BL,AGNES AV,80,E,N,A,-,N,NA,NA,NA,NA,NA,NA,NA,NA,NA,N,4,0,1,2,A,-,04,21703,NA,N,C,C,A,A,H,-,A,D,0,NA,NA,NA,NA,Y,NA,A,07,0,0,1,0,0,0,0,0,0,-,-,NA,NA,LOS ANGELES,LOS ANGELES,-118.39517596,34.18668
7105339,2015,2015-10-28,1942,2015-10-02,1910,31087,1735,5,5,7,1942,0,0,0,Q,0,17A35,CHATSWORTH ST,WHITE OAK,22,E,N,A,-,N,NA,NA,NA,NA,NA,NA,NA,NA,NA,Y,4,0,2,3,A,-,04,21703,NA,N,C,C,A,A,H,-,C,D,0,NA,NA,NA,NA,Y,NA,A,01,0,0,2,0,0,0,0,0,0,-,-,NA,NA,LOS ANGELES,LOS ANGELES,-118.51969731,34.26487
7105340,2015,2015-10-28,1942,2015-10-18,0140,38354,1586,7,5,7,1942,0,0,0,O,0,9T53,LANKERSHIM BL,UNIVERSAL HOLLYWOOD DR,318,E,N,B,-,N,NA,NA,NA,NA,NA,NA,NA,NA,NA,Y,4,0,4,2,A,-,12,21453,A,N,D,C,A,A,H,-,C,A,0,NA,NA,NA,NA,Y,NA,A,07,0,0,4,0,0,0,0,0,0,-,-,NA,NA,LOS ANGELES,LOS ANGELES,-118.36173287,34.13977895
7105343,2015,2015-10-28,1942,2015-10-16,1145,36713,1566,5,5,7,1942,0,0,0,O,0,15A43,VINELAND AV,MOORPARK,300,S,N,A,-,N,NA,NA,NA,NA,NA,NA,NA,NA,NA,Y,4,0,1,3,A,-,03,22350,A,N,C,C,A,A,H,-,A,A,0,NA,NA,NA,NA,Y,NA,A,01,0,0,1,0,0,0,0,0,0,-,-,NA,NA,LOS ANGELES,LOS ANGELES,-118.37032,34.14953718
7105344,2015,2015-10-28,1942,2015-10-13,1105,39493,1589,2,5,7,1942,0,0,0,O,0,15A33,FOREST LAWN DR,BARHAM BL,80,E,N,A,-,N,NA,NA,NA,NA,NA,NA,NA,NA,NA,Y,4,0,1,2,D,-,00,NA,NA,N,C,C,A,A,H,-,A,D,0,NA,NA,NA,NA,Y,NA,-,-,0,0,1,0,0,0,0,0,0,-,-,NA,NA,LOS ANGELES,LOS ANGELES,-118.34118062,34.14323881
7105347,2015,2015-10-28,1942,2015-10-18,1925,36753,1581,7,5,7,1942,0,0,0,O,0,17T11W,MOORPARK ST,MORSE AV,100,E,N,A,-,N,NA,NA,NA,NA,NA,NA,NA,NA,NA,Y,4,0,1,3,A,-,07,21658,A,N,B,E,A,A,H,-,D,D,0,NA,NA,NA,NA,Y,NA,A,01,0,0,1,0,0,0,0,0,0,-,-,NA,NA,LOS ANGELES,LOS ANGELES,-118.41571009,34.15036
7105348,2015,2015-10-28,1942,2015-10-13,0825,33504,1503,2,5,7,1942,0,0,0,O,0,9TL57,LAUREL CANYON BL,VANOWEN ST,338,S,N,A,-,N,NA,NA,NA,NA,NA,NA,NA,NA,NA,N,3,0,1,2,A,-,07,21658,A,N,C,C,A,A,H,-,A,D,0,NA,NA,Y,NA,Y,NA,A,01,0,1,0,0,0,0,0,0,1,-,-,NA,NA,LOS ANGELES,LOS ANGELES,-118.39652,34.19302294
7105351,2015,2015-10-28,1942,2015-10-16,2020,39335,1569,5,5,7,1942,0,0,0,O,0,21T65,CAHUENGA BL,RIVERSIDE DR,30,S,N,A,-,N,NA,NA,NA,NA,NA,NA,NA,NA,NA,Y,3,0,1,2,A,-,04,21703,NA,N,C,C,A,A,H,-,C,D,0,NA,NA,NA,NA,Y,NA,A,07,0,1,0,0,0,0,0,0,0,-,-,NA,NA,LOS ANGELES,LOS ANGELES,-118.36147211,34.15210774
7105352,2015,2015-10-28,1942,2015-10-13,1350,35346,1538,2,5,7,1942,0,0,0,O,0,15L90,BURBANK BL,ELMER AV,0,NA,N,A,-,N,NA,NA,NA,NA,NA,NA,NA,NA,NA,N,4,0,1,2,A,-,09,21802,A,N,D,C,A,A,H,-,A,A,0,NA,NA,NA,NA,Y,NA,A,07,0,0,1,0,0,0,0,0,0,-,-,NA,NA,LOS ANGELES,LOS ANGELES,-118.37631006,34.17215005
7105355,2015,2015-10-28,1942,2015-10-15,2035,31652,1532,4,5,7,1942,0,0,0,O,0,19T73,LAUREL CANYON BL,EMILITA ST,300,S,N,B,-,N,NA,NA,NA,NA,NA,NA,NA,NA,NA,Y,4,0,1,2,A,-,09,21804,A,N,D,C,A,A,H,-,C,D,0,NA,NA,NA,NA,Y,NA,A,01,0,0,1,0,0,0,0,0,0,-,-,NA,NA,LOS ANGELES,LOS ANGELES,-118.39651,34.17544716
7105356,2015,2015-10-28,1942,2015-10-09,1540,37287,1585,5,5,7,1942,0,0,0,O,0,15A43,LAUREL CANYON BL,VALLEY SPRING LN,250,N,N,A,-,N,NA,NA,NA,NA,NA,NA,NA,NA,NA,N,4,0,1,3,A,-,03,22350,NA,N,C,C,A,A,H,-,A,D,0,NA,NA,NA,NA,Y,NA,A,07,0,0,1,0,0,0,0,0,0,-,-,NA,NA,LOS ANGELES,LOS ANGELES,-118.39646255,34.147425
7105359,2015,2015-10-28,1942,2015-10-15,1200,38356,1562,4,5,7,1942,0,0,0,O,0,16TL26,COLDWATER CANYON AV,MILBANK ST,0,N,N,A,-,N,NA,NA,NA,NA,NA,NA,NA,NA,NA,Y,3,0,3,4,A,-,03,22350,NA,N,C,C,A,A,H,-,A,A,0,NA,NA,Y,NA,Y,NA,C,06,0,1,2,0,0,0,0,0,1,-,-,NA,NA,LOS ANGELES,LOS ANGELES,-118.41379014,34.15327001
7105361,2015,2017-02-01,1972,2015-10-12,1110,18874,NA,1,5,6,1972,0,0,0,NA,0,NA,PACIFIC COAST HWY,MADISON ST,0,NA,Y,A,-,Y,LA,7,1,-,-,15.787,I,5,N,Y,3,0,2,2,A,-,09,21801,A,N,D,C,A,A,H,-,A,A,0,NA,NA,NA,NA,Y,NA,A,NA,0,1,1,0,0,0,0,0,0,-,-,NA,NA,LOS ANGELES,TORRANCE,-118.3477763,33.80360158
7105368,2015,2017-02-04,1942,2015-10-20,2240,39971,1621,2,5,7,1942,0,0,0,P,0,35Q42,VAN NUYS BL,RT 5,50,E,N,A,-,Y,LA,7,5,-,-,38.301,R,4,N,Y,4,0,1,1,A,-,03,22350,NA,N,E,J,A,A,H,-,A,D,0,NA,NA,NA,NA,Y,NA,A,01,0,0,1,0,0,0,0,0,0,-,-,NA,NA,LOS ANGELES,LOS ANGELES,-118.43246924,34.25437083
7105369,2015,2016-08-26,1942,2015-10-01,0745,30452,1668,4,5,7,1942,0,0,0,P,0,9TL53,LA TUNA CANYON RD,RT 210,900,E,N,A,-,N,NA,NA,NA,NA,NA,NA,NA,NA,NA,Y,4,0,2,2,A,-,08,22107,NA,N,D,C,A,A,H,-,A,D,0,NA,NA,NA,NA,Y,NA,A,01,0,0,2,0,0,0,0,0,0,-,WF,NA,NA,LOS ANGELES,LOS ANGELES,-118.28807088,34.23542922
7105373,2015,2015-10-27,1942,2015-10-16,1150,38356,1526,5,5,7,1942,0,0,0,O,0,16TL26,TUJUNGA AV,VICTORY BL,0,NA,Y,B,-,N,NA,NA,NA,NA,NA,NA,NA,NA,NA,Y,3,0,3,2,A,-,12,21453,A,N,D,C,A,A,H,-,A,A,0,NA,NA,NA,NA,Y,NA,A,01,0,1,2,0,0,0,0,0,0,-,-,NA,NA,LOS ANGELES,LOS ANGELES,-118.37906005,34.18668009
7105376,2015,2017-01-28,1942,2015-10-06,1800,38964,1513,2,5,7,1942,0,0,0,O,0,15A28,SHERMAN WAY,RT 170,3,W,N,A,-,Y,LA,7,170,-,R,18.454,R,1,S,Y,4,0,2,3,A,-,03,22350,NA,N,A,C,A,A,H,-,A,A,0,NA,NA,NA,NA,Y,NA,A,07,0,0,2,0,0,0,0,0,0,-,SF,NA,NA,LOS ANGELES,LOS ANGELES,-118.40492887,34.20362829
7105377,2015,2015-10-27,1942,2015-10-16,1725,40119,1581,5,5,7,1942,0,0,0,O,0,19TL78,LAUREL CANYON BL,VALLEY HEART DR,0,NA,Y,A,-,N,NA,NA,NA,NA,NA,NA,NA,NA,NA,Y,4,0,1,2,A,-,06,21755,A,N,B,C,A,-,H,-,B,D,0,NA,NA,Y,NA,Y,NA,C,02,0,0,1,0,0,0,0,0,1,-,-,NA,NA,LOS ANGELES,LOS ANGELES,-118.39631013,34.14636007
7105380,2015,2015-10-28,1942,2015-10-07,1745,38519,1545,3,5,7,1942,0,0,0,O,0,15A28,LAUREL CANYON BL,CHANDLER BL,300,S,N,A,-,N,NA,NA,NA,NA,NA,NA,NA,NA,NA,N,3,0,1,2,A,-,17,22517,NA,N,H,G,A,A,H,-,A,D,0,NA,Y,NA,NA,Y,NA,A,01,0,1,0,0,0,0,1,0,0,-,-,NA,NA,LOS ANGELES,LOS ANGELES,-118.3965092,34.16783721
7105381,2015,2015-11-06,1942,2015-10-14,1015,40290,1566,3,5,7,1942,0,0,0,O,0,15TL47,LANKERSHIM BL,MOORPARK ST,0,NA,Y,A,-,N,NA,NA,NA,NA,NA,NA,NA,NA,NA,Y,3,0,2,2,A,-,12,21453,A,N,D,C,A,A,H,-,A,A,0,NA,NA,Y,NA,Y,NA,-,-,0,1,1,0,0,0,0,0,0,-,-,NA,NA,LOS ANGELES,LOS ANGELES,-118.3658701,34.15038009
7105384,2015,2015-10-28,1942,2015-10-09,0140,40542,1525,5,5,7,1942,0,0,0,O,0,NHWD,LANKERSHIM BL,VICTORY BL,0,NA,N,A,-,N,NA,NA,NA,NA,NA,NA,NA,NA,NA,Y,4,0,1,3,A,-,01,23152,A,N,C,C,A,A,H,-,C,A,0,NA,NA,NA,NA,Y,Y,A,07,0,0,1,0,0,0,0,0,0,-,-,NA,NA,LOS ANGELES,LOS ANGELES,-118.38779008,34.18668011
7105385,2015,2015-10-27,1942,2015-10-13,1220,38356,1591,2,5,7,1942,0,0,0,O,0,16TL26,VENTURA BL,WHITSETT AV,0,NA,Y,A,-,N,NA,NA,NA,NA,NA,NA,NA,NA,NA,Y,4,0,2,2,A,-,09,21801,A,N,D,C,A,A,H,-,A,A,0,NA,NA,NA,NA,Y,NA,A,01,0,0,2,0,0,0,0,0,0,-,-,NA,NA,LOS ANGELES,LOS ANGELES,-118.40518004,34.14269011
7105388,2015,2015-11-04,1942,2015-10-06,0315,41846,1532,2,5,7,1942,0,0,0,O,0,15A34,OXNARD ST,LAUREL GROVE AV,50,W,N,B,-,N,NA,NA,NA,NA,NA,NA,NA,NA,NA,Y,3,0,1,2,A,-,07,21658,A,N,B,E,A,A,H,-,C,D,0,NA,NA,NA,NA,Y,NA,A,01,0,1,0,0,0,0,0,0,0,-,-,NA,NA,LOS ANGELES,LOS ANGELES,-118.40104501,34.17941
7105389,2015,2015-10-27,1942,2015-10-14,1920,39479,1527,3,5,7,1942,0,0,0,O,0,17TL3,VINELAND AV,VICTORY BL,0,NA,Y,A,-,N,NA,NA,NA,NA,NA,NA,NA,NA,NA,N,4,0,3,3,A,-,09,21801,A,N,D,C,A,A,H,-,C,A,0,NA,NA,NA,NA,Y,NA,A,01,0,0,3,0,0,0,0,0,0,-,-,NA,NA,LOS ANGELES,LOS ANGELES,-118.3703101,34.18669004
7105392,2015,2015-10-28,1942,2015-10-16,1720,41239,1651,5,5,7,1942,0,0,0,P,0,15T45,OSBORNE ST,RINCON AV,120,E,N,A,-,N,NA,NA,NA,NA,NA,NA,NA,NA,NA,N,4,0,1,4,A,-,08,22107,NA,N,C,C,A,A,H,-,B,A,0,NA,NA,NA,NA,Y,NA,A,08,0,0,1,0,0,0,0,0,0,-,-,NA,NA,LOS ANGELES,LOS ANGELES,-118.41815272,34.24787769
7105393,2015,2015-10-27,1942,2015-10-02,0835,36471,1602,5,5,7,1942,0,0,0,P,0,16A11,FOOTHILL BL,FILMORE ST,0,NA,Y,A,-,N,NA,NA,NA,NA,NA,NA,NA,NA,NA,Y,3,0,2,2,A,-,09,21801,A,N,A,C,A,A,H,-,A,A,0,NA,NA,NA,NA,Y,NA,A,01,0,2,0,0,0,0,0,0,0,-,-,NA,NA,LOS ANGELES,LOS ANGELES,-118.40497005,34.28382004
7105396,2015,2015-10-28,1942,2015-10-14,0010,38049,1655,3,5,7,1942,0,0,0,P,0,16A59,WENTWORTH ST,STONEHURST AV,800,E,N,A,-,N,NA,NA,NA,NA,NA,NA,NA,NA,NA,N,4,0,1,1,C,-,18,NA,NA,N,E,H,A,A,H,-,D,D,0,NA,NA,NA,NA,Y,NA,-,-,0,0,1,0,0,0,0,0,0,-,-,NA,NA,LOS ANGELES,LOS ANGELES,-118.3733577,34.25798574