CASE_ID,ACCIDENT_YEAR,PROC_DATE,JURIS,COLLISION_DATE,COLLISION_TIME,OFFICER_ID,REPORTING_DISTRICT,DAY_OF_WEEK,CHP_SHIFT,POPULATION,CNTY_CITY_LOC,SPECIAL_COND,BEAT_TYPE,CHP_BEAT_TYPE,CITY_DIVISION_LAPD,CHP_BEAT_CLASS,BEAT_NUMBER,PRIMARY_RD,SECONDARY_RD,DISTANCE,DIRECTION,INTERSECTION,WEATHER_1,WEATHER_2,STATE_HWY_IND,CALTRANS_COUNTY,CALTRANS_DISTRICT,STATE_ROUTE,ROUTE_SUFFIX,POSTMILE_PREFIX,POSTMILE,LOCATION_TYPE,RAMP_INTERSECTION,SIDE_OF_HWY,TOW_AWAY,COLLISION_SEVERITY,NUMBER_KILLED,NUMBER_INJURED,PARTY_COUNT,PRIMARY_COLL_FACTOR,PCF_CODE_OF_VIOL,PCF_VIOL_CATEGORY,PCF_VIOLATION,PCF_VIOL_SUBSECTION,HIT_AND_RUN,TYPE_OF_COLLISION,MVIW,PED_ACTION,ROAD_SURFACE,ROAD_COND_1,ROAD_COND_2,LIGHTING,CONTROL_DEVICE,CHP_ROAD_TYPE,PEDESTRIAN_ACCIDENT,BICYCLE_ACCIDENT,MOTORCYCLE_ACCIDENT,TRUCK_ACCIDENT,NOT_PRIVATE_PROPERTY,ALCOHOL_INVOLVED,STWD_VEHTYPE_AT_FAULT,CHP_VEHTYPE_AT_FAULT,COUNT_SEVERE_INJ,COUNT_VISIBLE_INJ,COUNT_COMPLAINT_PAIN,COUNT_PED_KILLED,COUNT_PED_INJURED,COUNT_BICYCLIST_KILLED,COUNT_BICYCLIST_INJURED,COUNT_MC_KILLED,COUNT_MC_INJURED,PRIMARY_RAMP,SECONDARY_RAMP,LATITUDE,LONGITUDE,COUNTY,CITY,POINT_X,POINT_Y
7105397,2015,2015-11-06,1942,2015-10-03,1050,40989,1612,6,5,7,1942,0,0,0,P,0,16A11,VAN NUYS BL,BRADLEY AV,0,NA,Y,A,-,N,NA,NA,NA,NA,NA,NA,NA,NA,NA,N,3,0,1,2,A,-,10,21950,A,N,A,B,B,A,H,-,A,A,0,Y,NA,NA,NA,Y,NA,A,01,0,1,0,0,1,0,0,0,0,-,-,NA,NA,LOS ANGELES,LOS ANGELES,-118.41828002,34.2688901
7105398,2015,2015-10-28,1942,2015-10-09,0700,38687,1715,5,5,7,1942,0,0,0,Q,0,19TL77,RINALDI ST,HESPERIA AV,0,NA,Y,A,-,N,NA,NA,NA,NA,NA,NA,NA,NA,NA,Y,3,0,1,1,A,-,03,22350,NA,N,E,I,A,A,H,-,A,D,0,NA,NA,NA,NA,Y,NA,A,07,0,1,0,0,0,0,0,0,0,-,-,NA,NA,LOS ANGELES,LOS ANGELES,-118.52682,34.27878
7105399,2015,2016-08-05,1942,2015-10-16,0835,34959,0645,5,5,7,1942,0,0,0,F,0,6TL7,HIGHLAND AV,SUNSET BL,0,NA,Y,B,-,N,NA,NA,NA,NA,NA,NA,NA,NA,NA,N,2,0,1,2,A,-,09,21801,A,N,D,C,A,A,H,-,A,D,0,NA,NA,Y,NA,Y,NA,A,01,1,0,0,0,0,0,0,0,1,-,-,NA,NA,LOS ANGELES,LOS ANGELES,-118.33866004,34.09797005
7105400,2015,2015-10-28,1942,2015-10-12,0600,36542,1601,1,5,7,1942,0,0,0,P,0,16T23W,PAXTON ST,BORDEN AV,465,E,N,A,-,N,NA,NA,NA,NA,NA,NA,NA,NA,NA,N,4,0,1,2,A,-,09,21804,A,N,B,C,A,A,H,-,C,D,0,NA,NA,Y,NA,Y,NA,A,01,0,0,1,0,0,0,0,0,1,-,-,NA,NA,LOS ANGELES,LOS ANGELES,-118.41356485,34.28289093
7105401,2015,2015-10-27,1942,2015-10-03,1050,40408,1656,6,5,7,1942,0,0,0,P,0,16A59,FOOTHILL BL,TUJUNGA CANYON PL,0,NA,Y,A,-,N,NA,NA,NA,NA,NA,NA,NA,NA,NA,N,4,0,1,2,A,-,09,21801,A,N,D,C,A,A,H,-,A,D,0,NA,NA,NA,NA,Y,NA,A,01,0,0,1,0,0,0,0,0,0,-,-,NA,NA,LOS ANGELES,LOS ANGELES,-118.27334002,34.24488001
7105402,2015,2015-10-27,1942,2015-10-02,2325,35433,1764,5,5,7,1942,0,0,0,Q,0,19T73,CORBIN AV,PLUMMER ST,0,NA,Y,A,-,N,NA,NA,NA,NA,NA,NA,NA,NA,NA,Y,4,0,1,3,A,-,12,21453,A,N,D,C,A,A,H,-,C,A,0,NA,NA,NA,NA,Y,NA,A,01,0,0,1,0,0,0,0,0,0,-,-,NA,NA,LOS ANGELES,LOS ANGELES,-118.56230012,34.24272001
7105403,2015,2015-10-28,1942,2015-10-08,1715,37966,0668,4,5,7,1942,0,0,0,F,0,6TL2,SUNSET BL,WESTERN AV,0,NA,Y,A,-,N,NA,NA,NA,NA,NA,NA,NA,NA,NA,Y,3,0,2,2,A,-,12,21453,A,N,A,C,A,A,H,-,A,A,0,NA,NA,NA,NA,Y,NA,A,07,0,1,1,0,0,0,0,0,0,-,-,NA,NA,LOS ANGELES,LOS ANGELES,-118.30922007,34.0981001
7105404,2015,2015-10-28,1942,2015-10-15,1955,34332,1669,4,5,7,1942,0,0,0,P,0,16T25,HONOLULU AV,LATUNA CANYON RD,25,E,N,A,-,N,NA,NA,NA,NA,NA,NA,NA,NA,NA,Y,4,0,4,2,A,-,03,22350,NA,N,C,C,A,A,H,-,C,A,0,NA,NA,NA,NA,Y,NA,A,07,0,0,4,0,0,0,0,0,0,-,-,NA,NA,LOS ANGELES,LOS ANGELES,-118.27024432,34.2339629
7105405,2015,2015-10-27,1942,2015-10-08,1750,38519,1695,4,5,7,1942,0,0,0,P,0,15A28,KESWICK ST,BONNER AV,0,NA,Y,A,-,N,NA,NA,NA,NA,NA,NA,NA,NA,NA,N,4,0,1,3,A,-,09,21802,A,N,D,C,A,A,H,-,A,D,0,NA,NA,NA,NA,Y,NA,A,01,0,0,1,0,0,0,0,0,0,-,-,NA,NA,LOS ANGELES,LOS ANGELES,-118.37360002,34.21024003
7105406,2015,2015-10-27,1942,2015-10-04,2010,34599,1781,7,5,7,1942,0,0,0,Q,0,15T43,PARTHENIA ST,MASON AV,0,NA,Y,A,-,N,NA,NA,NA,NA,NA,NA,NA,NA,NA,N,3,0,1,2,A,-,12,21453,A,N,D,C,A,A,H,-,C,A,0,NA,NA,Y,NA,Y,NA,A,01,0,1,0,0,0,0,0,0,1,-,-,NA,NA,LOS ANGELES,LOS ANGELES,-118.57978014,34.22821005
7105407,2015,2015-10-28,1942,2015-10-13,1800,34088,0629,2,5,7,1942,0,0,0,F,0,6T7,WESTERN AV,FRANKLIN AV,0,NA,Y,A,-,N,NA,NA,NA,NA,NA,NA,NA,NA,NA,Y,3,0,2,2,A,-,09,21801,A,N,A,C,A,A,H,-,C,A,0,NA,NA,NA,NA,Y,NA,A,01,0,2,0,0,0,0,0,0,0,-,-,NA,NA,LOS ANGELES,LOS ANGELES,-118.30926009,34.10538012
7105408,2015,2015-10-28,1942,2015-10-09,2010,36733,1678,5,5,7,1942,0,0,0,P,0,17T17,LA TUNA CANYON RD,WHEATLAND AV,509,E,N,A,-,N,NA,NA,NA,NA,NA,NA,NA,NA,NA,Y,3,0,4,3,A,-,08,22103,NA,N,D,C,A,A,H,-,D,D,0,NA,NA,NA,NA,Y,NA,A,01,0,3,1,0,0,0,0,0,0,-,-,NA,NA,LOS ANGELES,LOS ANGELES,-118.36011112,34.23391225
7105409,2015,2015-10-27,1942,2015-10-06,1550,38230,1613,2,5,7,1942,0,0,0,P,0,16A1,VAN NUYS BL,FOOTHILL BL,0,NA,Y,A,-,N,NA,NA,NA,NA,NA,NA,NA,NA,NA,N,3,0,2,2,A,-,09,21801,A,N,-,C,A,A,H,-,A,A,0,NA,NA,NA,NA,Y,NA,A,07,0,1,1,0,0,0,0,0,0,-,-,NA,NA,LOS ANGELES,LOS ANGELES,-118.40188012,34.28085004
7105410,2015,2015-10-28,1942,2015-10-08,1700,40024,1797,4,5,7,1942,0,0,0,Q,0,10TL35,WOODLEY PL,WOODLEY AV,0,NA,Y,A,-,N,NA,NA,NA,NA,NA,NA,NA,NA,NA,Y,4,0,2,2,A,-,09,21802,A,N,D,C,A,A,H,-,B,A,0,NA,NA,NA,NA,Y,NA,A,01,0,0,2,0,0,0,0,0,0,-,-,NA,NA,LOS ANGELES,LOS ANGELES,-118.4848401,34.22357009
7105411,2015,2015-10-28,1942,2015-10-13,1940,41179,0629,2,5,7,1942,0,0,0,F,0,LOS AN,FRANKLIN AV,WESTERN AV,0,NA,Y,A,-,N,NA,NA,NA,NA,NA,NA,NA,NA,NA,Y,4,0,1,2,A,-,09,21801,A,N,A,C,A,A,H,-,C,A,0,NA,NA,NA,NA,Y,NA,A,07,0,0,1,0,0,0,0,0,0,-,-,NA,NA,LOS ANGELES,LOS ANGELES,-118.30926009,34.10538012
7105412,2015,2015-10-28,1942,2015-10-17,2050,31652,1668,6,5,7,1942,0,0,0,P,0,19T73,TUJUNGA CANYON BL,HAMILTON DR,80,S,N,A,-,N,NA,NA,NA,NA,NA,NA,NA,NA,NA,Y,2,0,4,2,A,-,05,21650,NA,N,-,-,A,A,H,-,C,-,0,NA,NA,NA,NA,Y,NA,A,01,1,2,1,0,0,0,0,0,0,-,-,NA,NA,LOS ANGELES,LOS ANGELES,NA,NA
7105413,2015,2015-10-27,1942,2015-10-09,0535,41666,LOS A,5,5,7,1942,0,0,0,NA,0,17A95,NORDHOFF ST,HAYVENHURST AV,0,NA,Y,A,-,N,NA,NA,NA,NA,NA,NA,NA,NA,NA,Y,3,0,4,2,A,-,08,22107,NA,N,B,C,A,A,H,-,C,A,0,NA,NA,NA,NA,Y,NA,A,01,0,2,2,0,0,0,0,0,0,-,-,NA,NA,LOS ANGELES,LOS ANGELES,-118.49380012,34.23569008
7105414,2015,2015-11-06,1942,2015-10-11,2300,41083,1788,7,5,7,1942,0,0,0,Q,0,NA,RESEDA BL,DEARBORN ST,0,NA,Y,A,-,N,NA,NA,NA,NA,NA,NA,NA,NA,NA,N,4,0,1,2,A,-,09,21801,A,N,A,C,A,A,H,-,C,A,0,NA,NA,NA,NA,Y,NA,A,01,0,0,1,0,0,0,0,0,0,-,-,NA,NA,LOS ANGELES,LOS ANGELES,-118.53608008,34.23731004
7105415,2015,2015-10-28,1942,2015-10-04,1115,41054,0745,7,5,7,1942,0,0,0,G,0,20T59,DUNSMUIR AV,8TH ST,0,NA,Y,A,-,N,NA,NA,NA,NA,NA,NA,NA,NA,NA,Y,3,0,1,2,A,-,12,22450,A,F,H,A,A,A,H,-,A,A,0,NA,NA,Y,NA,Y,NA,-,99,0,1,0,0,0,0,0,0,1,-,-,NA,NA,LOS ANGELES,LOS ANGELES,-118.34897011,34.06058002
7105416,2015,2015-10-28,1942,2015-10-04,2125,38185,1685,7,5,7,1942,0,0,0,P,0,19T73,LANKERSHIM BL,STAGG ST,225,S,N,A,-,N,NA,NA,NA,NA,NA,NA,NA,NA,NA,N,3,0,1,2,A,-,03,22350,NA,N,G,B,E,A,H,-,C,A,0,Y,NA,NA,NA,Y,Y,A,01,0,1,0,0,1,0,0,0,0,-,-,NA,NA,LOS ANGELES,LOS ANGELES,-118.38778076,34.21148288
7105417,2015,2015-11-06,1942,2015-10-11,1830,41668,1794,7,5,7,1942,0,0,0,Q,0,17X82,LINDLEY AV,PARTHENIA ST,0,NA,Y,A,-,N,NA,NA,NA,NA,NA,NA,NA,NA,NA,Y,4,0,2,3,A,-,12,21453,A,N,D,C,A,A,H,-,A,A,0,NA,NA,NA,NA,Y,NA,A,01,0,0,2,0,0,0,0,0,0,-,-,NA,NA,LOS ANGELES,LOS ANGELES,-118.52735007,34.22867008
7105418,2015,2015-10-27,1942,2015-10-06,1400,36271,1745,2,5,7,1942,0,0,0,Q,0,17A23,CHATSWORTH ST,ZELZAH AV,0,NA,Y,A,-,N,NA,NA,NA,NA,NA,NA,NA,NA,NA,N,4,0,1,3,A,-,12,21453,A,N,B,C,A,A,H,-,A,A,0,NA,NA,NA,NA,Y,NA,A,07,0,0,1,0,0,0,0,0,0,-,-,NA,NA,LOS ANGELES,LOS ANGELES,-118.52341006,34.26490006
7105419,2015,2015-10-28,1942,2015-10-15,2330,37411,2031,4,5,7,1942,0,0,0,NA,0,6T7,WESTERN AV,7TH ST,0,NA,Y,A,-,N,NA,NA,NA,NA,NA,NA,NA,NA,NA,N,2,0,1,2,A,-,11,21950,B,N,G,B,B,A,H,-,C,A,0,Y,NA,NA,NA,Y,NA,N,60,1,0,0,0,1,0,0,0,0,-,-,NA,NA,LOS ANGELES,LOS ANGELES,-118.30909,34.05967
7105420,2015,2015-10-28,1942,2015-10-14,0930,30983,1665,3,5,7,1942,0,0,0,P,0,21TL65,WENTWORTH ST,BROMONT AV,2,N,N,A,-,N,NA,NA,NA,NA,NA,NA,NA,NA,NA,Y,3,0,1,1,A,-,03,22350,NA,N,E,I,A,A,H,-,A,D,0,NA,NA,NA,NA,Y,NA,A,01,0,1,0,0,0,0,0,0,0,-,-,NA,NA,LOS ANGELES,LOS ANGELES,-118.37812717,34.25514496
7105421,2015,2015-10-27,1942,2015-10-07,1915,41179,1714,3,5,7,1942,0,0,0,Q,0,15T45,RINALDI ST,DARBY AV,0,NA,Y,A,-,N,NA,NA,NA,NA,NA,NA,NA,NA,NA,Y,4,0,1,2,A,-,09,21801,A,N,A,C,A,A,H,-,C,D,0,NA,NA,NA,NA,Y,NA,A,01,0,0,1,0,0,0,0,0,0,-,-,NA,NA,LOS ANGELES,LOS ANGELES,-118.53450006,34.27643012
7105422,2015,2015-10-28,1942,2015-10-07,1615,40905,1727,3,5,7,1942,0,0,0,Q,0,17X22,TAMPA,CHATSWORTH,0,NA,Y,A,-,N,NA,NA,NA,NA,NA,NA,NA,NA,NA,N,3,0,1,2,A,-,09,21801,A,N,H,C,A,A,H,-,A,A,0,NA,NA,NA,NA,Y,NA,A,07,0,1,0,0,0,0,0,0,0,-,-,NA,NA,LOS ANGELES,LOS ANGELES,-118.55528007,34.26626012
7105423,2015,2015-10-28,1942,2015-10-05,0725,41581,0415,1,5,7,1942,0,0,0,D,0,4A15,ALTURA ST,HANCOCK ST,0,NA,Y,A,-,N,NA,NA,NA,NA,NA,NA,NA,NA,NA,N,3,0,1,2,A,-,10,21950,A,N,G,B,B,A,H,-,A,D,0,Y,NA,NA,NA,Y,NA,A,01,0,1,0,0,1,0,0,0,0,-,-,NA,NA,LOS ANGELES,LOS ANGELES,-118.20916002,34.07552011
7105424,2015,2015-11-04,1942,2015-10-03,1250,36471,NA,6,5,7,1942,0,0,0,NA,0,16A23,ALLEGHENY ST,CAYUGA ST,75,E,N,A,-,N,NA,NA,NA,NA,NA,NA,NA,NA,NA,N,3,0,1,2,A,-,05,21650,NA,N,B,C,A,A,H,-,A,D,0,NA,NA,NA,NA,Y,NA,-,-,0,1,0,0,0,0,0,0,0,-,-,NA,NA,LOS ANGELES,LOS ANGELES,-118.39634747,34.23475759
7105425,2015,2015-10-28,1942,2015-10-02,1710,41623,1791,5,5,7,1942,0,0,0,Q,0,9A63,ROSCOE BL,MASON ST,0,NA,Y,A,-,N,NA,NA,NA,NA,NA,NA,NA,NA,NA,N,4,0,2,2,A,-,09,21801,A,N,A,C,A,A,H,-,A,A,0,NA,NA,NA,NA,Y,NA,-,-,0,0,2,0,0,0,0,0,0,-,-,NA,NA,LOS ANGELES,LOS ANGELES,-118.57978012,34.22009003
7105426,2015,2015-11-05,1942,2015-10-09,1730,39727,1785,5,5,7,1942,0,0,0,Q,0,19X94,NORDHOFF,ETIWANDA,0,NA,Y,A,-,N,NA,NA,NA,NA,NA,NA,NA,NA,NA,Y,3,0,1,2,A,-,12,21453,A,N,D,C,A,A,H,-,A,A,0,NA,NA,NA,NA,Y,NA,-,-,0,1,0,0,0,0,0,0,0,-,-,NA,NA,LOS ANGELES,LOS ANGELES,-118.53173001,34.23549003
7105427,2015,2015-10-28,1942,2015-10-10,1110,37540,138,6,5,7,1942,0,0,0,M,0,11T32,4TH,CENTRAL,0,NA,Y,A,-,N,NA,NA,NA,NA,NA,NA,NA,NA,NA,N,2,0,1,2,A,-,08,22100,B,N,D,C,A,A,H,-,A,D,0,NA,NA,NA,NA,Y,NA,A,01,1,0,0,0,0,0,0,0,0,-,-,NA,NA,LOS ANGELES,LOS ANGELES,-118.2397101,34.04380009
7105428,2015,2015-10-28,1942,2015-10-07,0935,38850,1675,3,5,7,1942,0,0,0,P,0,19TL75,GLENOAKS BL,SUNLAND BL,150,W,N,A,-,N,NA,NA,NA,NA,NA,NA,NA,NA,NA,N,4,0,1,2,A,-,09,21801,A,N,D,C,A,A,H,-,A,D,0,NA,NA,NA,NA,Y,NA,A,01,0,0,1,0,0,0,0,0,0,-,-,NA,NA,LOS ANGELES,LOS ANGELES,-118.36683503,34.23024037
7105429,2015,2015-10-28,1942,2015-10-13,1605,40383,1727,2,5,7,1942,0,0,0,Q,0,9T54,TAMPA AV,CHATSWORTH ST,0,NA,Y,A,-,N,NA,NA,NA,NA,NA,NA,NA,NA,NA,N,4,0,2,2,A,-,09,21801,A,N,A,C,A,A,H,-,A,A,0,NA,NA,NA,NA,Y,NA,A,01,0,0,2,0,0,0,0,0,0,-,-,NA,NA,LOS ANGELES,LOS ANGELES,-118.55528007,34.26626012
7105430,2015,2015-10-28,1942,2015-10-19,1430,40165,1569,1,5,7,1942,0,0,0,O,0,15TL42,RIVERSIDE DR,TALOFA AV,0,NA,Y,B,-,N,NA,NA,NA,NA,NA,NA,NA,NA,NA,N,3,0,1,2,A,-,10,21950,A,N,G,B,B,A,H,-,A,A,0,Y,NA,NA,NA,Y,NA,A,01,0,1,0,0,1,0,0,0,0,-,-,NA,NA,LOS ANGELES,LOS ANGELES,-118.35171011,34.15221011
7105432,2015,2015-10-28,1942,2015-10-08,1805,41089,1698,4,5,7,1942,0,0,0,P,0,21T61,CLYBOURN AV,SATICOY ST,125,N,N,A,-,N,NA,NA,NA,NA,NA,NA,NA,NA,NA,Y,3,0,1,2,A,-,21,22106,NA,N,D,C,A,A,H,-,A,D,0,NA,NA,NA,NA,Y,NA,A,01,0,1,0,0,0,0,0,0,0,-,-,NA,NA,LOS ANGELES,LOS ANGELES,-118.36327768,34.20877054
7105433,2015,2015-10-28,1942,2015-10-16,2135,37304,1566,5,5,7,1942,0,0,0,O,0,9T53,VINELAND AV,RIVERSIDE DR,0,NA,Y,B,-,N,NA,NA,NA,NA,NA,NA,NA,NA,NA,N,4,0,6,2,A,-,12,21453,A,N,D,C,A,A,H,-,C,A,0,NA,NA,NA,NA,Y,NA,A,01,0,0,6,0,0,0,0,0,0,-,-,NA,NA,LOS ANGELES,LOS ANGELES,-118.37033007,34.15241004
7105434,2015,2015-10-28,1942,2015-10-18,1845,38185,1583,7,5,7,1942,0,0,0,O,0,19T75,VENTURA BL,BERRY DR,0,NA,Y,A,-,N,NA,NA,NA,NA,NA,NA,NA,NA,NA,Y,3,0,1,2,A,-,09,21801,A,N,D,C,A,A,H,-,C,A,0,NA,NA,Y,NA,Y,NA,A,07,0,1,0,0,0,0,0,0,1,-,-,NA,NA,LOS ANGELES,LOS ANGELES,-118.38173009,34.13965005
7105436,2015,2015-10-28,1942,2015-10-03,2020,38049,1658,6,5,7,1942,0,0,0,P,0,16A59,FOOTHILL BL,HAINES CANYON BL,200,E,N,A,-,N,NA,NA,NA,NA,NA,NA,NA,NA,NA,Y,3,0,3,2,A,-,09,21804,A,N,A,C,A,A,H,-,C,D,0,NA,NA,NA,NA,Y,NA,A,01,0,1,2,0,0,0,0,0,0,-,-,NA,NA,LOS ANGELES,LOS ANGELES,-118.27882421,34.24737166
7105437,2015,2015-10-27,1942,2015-10-17,0430,40337,1511,6,5,7,1942,0,0,0,O,0,19T73,SHERMAN WY,COLDWATER CANYON,0,NA,Y,A,-,N,NA,NA,NA,NA,NA,NA,NA,NA,NA,Y,4,0,3,2,A,-,12,21453,A,N,D,C,A,A,H,-,C,A,0,NA,NA,NA,NA,Y,NA,A,07,0,0,3,0,0,0,0,0,0,-,-,NA,NA,LOS ANGELES,LOS ANGELES,-118.41380014,34.20119004
7105438,2015,2015-10-28,1942,2015-10-18,0950,36257,1538,7,5,7,1942,0,0,0,O,0,15TL45,OXNARD ST,VINELAND AV,0,NA,Y,B,-,N,NA,NA,NA,NA,NA,NA,NA,NA,NA,Y,3,0,2,2,A,-,12,21453,A,N,A,C,A,A,H,-,A,A,0,NA,NA,NA,NA,Y,NA,A,01,0,1,1,0,0,0,0,0,0,-,-,NA,NA,LOS ANGELES,LOS ANGELES,-118.3703001,34.17943003
7105440,2015,2015-10-28,1942,2015-10-04,0025,34561,1705,7,5,7,1942,0,0,0,Q,0,9T55,BALBOA BL,CONSTABLE AV,117,N,N,B,-,N,NA,NA,NA,NA,NA,NA,NA,NA,NA,Y,3,0,2,2,A,-,01,23152,A,N,A,C,A,A,H,-,C,A,0,NA,NA,NA,NA,Y,Y,A,01,0,1,1,0,0,0,0,0,0,-,-,NA,NA,LOS ANGELES,LOS ANGELES,-118.50269159,34.30892037
7105442,2015,2015-10-28,1942,2015-09-19,0625,33504,1663,6,5,7,1942,0,0,0,P,0,9TL57,SAN FERNANDO RD,SHELDON ST,0,NA,Y,A,-,N,NA,NA,NA,NA,NA,NA,NA,NA,NA,Y,2,0,2,3,A,-,12,21453,A,N,D,C,F,A,H,-,A,A,0,Y,NA,NA,NA,Y,NA,A,08,1,1,0,0,1,0,0,0,0,-,-,NA,NA,LOS ANGELES,LOS ANGELES,-118.39371003,34.23930005
7105446,2015,2015-10-28,1942,2015-09-30,0500,38634,1623,3,5,7,1942,0,0,0,P,0,16A1,VAN NUYS BL,GLENOAKS BL,0,NA,Y,A,-,N,NA,NA,NA,NA,NA,NA,NA,NA,NA,Y,4,0,3,2,A,-,09,21801,A,N,D,C,A,A,H,-,C,A,0,NA,NA,NA,NA,Y,NA,A,01,0,0,3,0,0,0,0,0,0,-,-,NA,NA,LOS ANGELES,LOS ANGELES,-118.41169004,34.27369008
7105449,2015,2015-10-28,1942,2015-09-18,2005,37409,1151,5,5,7,1942,0,0,0,K,0,11A51,VERMONT,BARNSDALL,0,NA,Y,A,-,N,NA,NA,NA,NA,NA,NA,NA,NA,NA,N,4,0,1,2,A,-,10,21950,A,N,H,G,A,A,H,-,C,A,0,NA,Y,NA,NA,Y,NA,-,NA,0,0,1,0,0,0,1,0,0,-,-,NA,NA,LOS ANGELES,LOS ANGELES,-118.29178,34.09908011
7105450,2015,2015-10-28,1942,2015-09-27,1410,41872,1764,7,5,7,1942,0,0,0,Q,0,17A81,LASSEN BL,TAMPA AV,0,NA,Y,A,-,N,NA,NA,NA,NA,NA,NA,NA,NA,NA,Y,4,0,3,2,A,-,09,21801,A,N,A,C,A,A,H,-,A,A,0,NA,NA,NA,NA,Y,NA,-,NA,0,0,3,0,0,0,0,0,0,-,-,NA,NA,LOS ANGELES,LOS ANGELES,-118.55360006,34.25000007
7105453,2015,2016-07-19,1942,2015-09-28,1815,34344,0299,1,5,7,1942,0,0,0,B,0,2A47,VENICE BL,MALVERN AV,0,NA,Y,A,-,N,NA,NA,NA,NA,NA,NA,NA,NA,NA,Y,3,0,1,2,A,-,08,22107,NA,N,A,C,A,A,H,-,B,D,0,NA,NA,NA,NA,Y,NA,-,NA,0,1,0,0,0,0,0,0,0,-,-,NA,NA,LOS ANGELES,LOS ANGELES,-118.28293005,34.0432601
7105454,2015,2015-10-28,1942,2015-09-26,1445,33294,1664,6,5,7,1942,0,0,0,P,0,35M74,GLENOAKS BL,SHELDON ST,0,NA,Y,A,-,N,NA,NA,NA,NA,NA,NA,NA,NA,NA,Y,3,0,4,2,A,-,09,21801,A,N,A,C,A,A,H,-,A,A,0,NA,NA,NA,NA,Y,NA,A,07,0,2,2,0,0,0,0,0,0,-,-,NA,NA,LOS ANGELES,LOS ANGELES,-118.38394002,34.24643002
7105457,2015,2015-10-28,1942,2015-09-27,1115,33114,1112,7,5,7,1942,0,0,0,K,0,11A25,EAGLE ROCK BL,YORK BL,0,NA,Y,A,-,N,NA,NA,NA,NA,NA,NA,NA,NA,NA,N,4,0,1,3,A,-,12,21453,A,N,B,C,A,A,H,-,A,A,0,NA,NA,NA,NA,Y,NA,-,NA,0,0,1,0,0,0,0,0,0,-,-,NA,NA,LOS ANGELES,LOS ANGELES,-118.22087007,34.12418008
7105458,2015,2015-10-28,1942,2015-09-29,2005,34563,1756,2,5,7,1942,0,0,0,Q,0,17A49,ZELZAH AV,DEVONSHIRE ST,150,N,N,A,-,N,NA,NA,NA,NA,NA,NA,NA,NA,NA,N,4,0,1,2,A,-,11,21955,NA,N,A,B,D,A,H,-,C,A,0,Y,NA,NA,NA,Y,NA,N,60,0,0,1,0,1,0,0,0,0,-,-,NA,NA,LOS ANGELES,LOS ANGELES,-118.52333,34.25802147
7105461,2015,2017-01-28,1942,2015-09-24,2020,37794,1122,4,5,7,1942,0,0,0,K,0,11A95,LOS FELIZ BL,RT 5,20,E,N,A,-,Y,LA,7,5,-,-,24.532,R,4,N,Y,4,0,2,2,A,-,03,22350,NA,N,C,C,A,A,H,-,C,A,0,NA,NA,NA,NA,Y,NA,-,NA,0,0,2,0,0,0,0,0,0,-,NO,NA,NA,LOS ANGELES,LOS ANGELES,-118.27222934,34.12320896
7105462,2015,2015-10-28,1942,2015-09-28,1030,35554,1781,1,5,7,1942,0,0,0,Q,0,17A67,MASON,PARTHENIA,5,N,N,-,-,N,NA,NA,NA,NA,NA,NA,NA,NA,NA,N,4,0,1,2,A,-,03,22350,A,N,C,C,A,-,-,-,-,A,0,NA,NA,NA,Y,Y,NA,F,26,0,0,1,0,0,0,0,0,0,-,-,NA,NA,LOS ANGELES,LOS ANGELES,-118.57977971,34.22822371
7105465,2015,2015-11-04,1942,2015-09-25,1455,38353,1119,5,5,7,1942,0,0,0,K,0,11A17,COLORADO BL,LINDA ROSA AV,0,NA,Y,A,-,N,NA,NA,NA,NA,NA,NA,NA,NA,NA,Y,3,0,2,2,A,-,09,21801,A,N,D,C,A,A,H,-,A,D,0,NA,NA,NA,NA,Y,NA,A,01,0,1,1,0,0,0,0,0,0,-,-,NA,NA,LOS ANGELES,LOS ANGELES,-118.19336005,34.13871
7105469,2015,2015-10-28,1900,2015-09-28,1530,521414,0532,1,5,5,1959,0,0,0,NA,0,S3PM,HELLMAN AV,ALANREED AV,0,NA,Y,A,-,N,NA,NA,NA,NA,NA,NA,NA,NA,NA,Y,3,0,1,1,A,-,08,22107,NA,N,E,I,A,A,H,-,A,A,0,NA,NA,NA,NA,Y,NA,A,01,0,1,0,0,0,0,0,0,0,-,-,NA,NA,LOS ANGELES,ROSEMEAD,-118.09177,34.06990005
7105470,2015,2015-10-28,1942,2015-09-29,2040,41629,0139,2,5,7,1942,0,0,0,A,0,1A35,VIGNES ST,1ST ST,0,NA,Y,A,-,N,NA,NA,NA,NA,NA,NA,NA,NA,NA,N,3,0,1,2,A,-,05,21650,1,N,D,G,A,A,H,-,C,A,0,NA,Y,NA,NA,Y,NA,L,04,0,1,0,0,0,0,1,0,0,-,-,NA,NA,LOS ANGELES,LOS ANGELES,-118.23393006,34.0484001
7105474,2015,2016-04-07,1942,2015-09-24,2150,36814,1333,4,5,7,1942,0,0,0,M,0,1T11,33RD ST,WADSWORTH AV,230,E,N,A,-,N,NA,NA,NA,NA,NA,NA,NA,NA,NA,Y,4,0,1,2,A,-,05,21650,NA,F,A,C,A,A,H,-,C,D,0,NA,NA,NA,NA,Y,NA,A,01,0,0,1,0,0,0,0,0,0,-,-,NA,NA,LOS ANGELES,LOS ANGELES,-118.25820451,34.01382457
7105478,2015,2015-10-28,1942,2015-09-30,1915,38050,1161,3,5,7,1942,0,0,0,K,0,4T4,EDGEMONT ST,SANTA MONICA BL,221,N,N,A,-,N,NA,NA,NA,NA,NA,NA,NA,NA,NA,N,2,0,1,2,A,-,11,21954,A,N,G,B,D,A,H,-,C,D,0,Y,NA,NA,NA,Y,NA,N,60,1,0,0,0,1,0,0,0,0,-,-,NA,NA,LOS ANGELES,LOS ANGELES,-118.29608234,34.0914561