CASE_ID,ACCIDENT_YEAR,PROC_DATE,JURIS,COLLISION_DATE,COLLISION_TIME,OFFICER_ID,REPORTING_DISTRICT,DAY_OF_WEEK,CHP_SHIFT,POPULATION,CNTY_CITY_LOC,SPECIAL_COND,BEAT_TYPE,CHP_BEAT_TYPE,CITY_DIVISION_LAPD,CHP_BEAT_CLASS,BEAT_NUMBER,PRIMARY_RD,SECONDARY_RD,DISTANCE,DIRECTION,INTERSECTION,WEATHER_1,WEATHER_2,STATE_HWY_IND,CALTRANS_COUNTY,CALTRANS_DISTRICT,STATE_ROUTE,ROUTE_SUFFIX,POSTMILE_PREFIX,POSTMILE,LOCATION_TYPE,RAMP_INTERSECTION,SIDE_OF_HWY,TOW_AWAY,COLLISION_SEVERITY,NUMBER_KILLED,NUMBER_INJURED,PARTY_COUNT,PRIMARY_COLL_FACTOR,PCF_CODE_OF_VIOL,PCF_VIOL_CATEGORY,PCF_VIOLATION,PCF_VIOL_SUBSECTION,HIT_AND_RUN,TYPE_OF_COLLISION,MVIW,PED_ACTION,ROAD_SURFACE,ROAD_COND_1,ROAD_COND_2,LIGHTING,CONTROL_DEVICE,CHP_ROAD_TYPE,PEDESTRIAN_ACCIDENT,BICYCLE_ACCIDENT,MOTORCYCLE_ACCIDENT,TRUCK_ACCIDENT,NOT_PRIVATE_PROPERTY,ALCOHOL_INVOLVED,STWD_VEHTYPE_AT_FAULT,CHP_VEHTYPE_AT_FAULT,COUNT_SEVERE_INJ,COUNT_VISIBLE_INJ,COUNT_COMPLAINT_PAIN,COUNT_PED_KILLED,COUNT_PED_INJURED,COUNT_BICYCLIST_KILLED,COUNT_BICYCLIST_INJURED,COUNT_MC_KILLED,COUNT_MC_INJURED,PRIMARY_RAMP,SECONDARY_RAMP,LATITUDE,LONGITUDE,COUNTY,CITY,POINT_X,POINT_Y
7108678,2015,2016-08-09,1942,2015-10-15,1240,39817,1527,4,5,7,1942,0,0,0,O,0,15A1,VICTORY BL,VINELAND AV,250,N,N,A,-,N,NA,NA,NA,NA,NA,NA,NA,NA,NA,N,4,0,1,2,B,-,22,NA,NA,F,C,C,A,A,H,-,A,A,0,NA,NA,NA,NA,Y,NA,-,NA,0,0,1,0,0,0,0,0,0,-,-,NA,NA,LOS ANGELES,LOS ANGELES,-118.37031,34.18669
7108680,2015,2017-02-02,1900,2015-10-02,1345,527057,2611,5,5,6,1950,0,0,0,NA,0,263T1,RT 138,6TH ST EAST,0,NA,Y,A,-,Y,LA,7,138,-,-,43.66,H,-,E,Y,4,0,1,2,A,-,03,22350,NA,N,C,C,A,A,H,-,A,A,0,NA,NA,NA,NA,Y,NA,A,07,0,0,1,0,0,0,0,0,0,-,-,NA,NA,LOS ANGELES,PALMDALE,-118.12990127,34.57983778
7108684,2015,2015-11-04,1900,2015-10-06,1701,520734,2608,2,5,6,1950,0,0,0,NA,0,263T1,25TH ST EAST,AVENUE R-12,0,NA,Y,A,-,N,NA,NA,NA,NA,NA,NA,NA,NA,NA,N,4,0,1,2,A,-,09,21804,A,N,D,C,A,A,H,-,A,D,0,NA,NA,NA,NA,Y,NA,A,01,0,0,1,0,0,0,0,0,0,-,-,NA,NA,LOS ANGELES,PALMDALE,-118.08489005,34.56185001
7108686,2015,2015-10-31,1942,2015-10-08,2230,40157,1502,4,5,7,1942,0,0,0,O,0,9TL53,BELLAIRE AV,RAYMER ST,158,N,N,A,-,N,NA,NA,NA,NA,NA,NA,NA,NA,NA,Y,4,0,4,2,A,-,09,21801,A,F,D,C,A,A,H,-,D,D,0,NA,NA,NA,NA,Y,NA,-,99,0,0,4,0,0,0,0,0,0,-,-,NA,NA,LOS ANGELES,LOS ANGELES,-118.40944,34.20416337
7108688,2015,2015-11-04,1900,2015-10-09,1925,534594,2607,5,5,6,1950,0,0,0,NA,0,264T1,AVENUE S,47TH ST EAST,200,W,N,A,-,N,NA,NA,NA,NA,NA,NA,NA,NA,NA,Y,4,0,2,2,A,-,03,22350,NA,N,C,C,A,A,H,-,C,A,0,NA,NA,NA,NA,Y,NA,A,07,0,0,2,0,0,0,0,0,0,-,-,NA,NA,LOS ANGELES,PALMDALE,-118.0459228,34.5581
7108690,2015,2015-10-31,1942,2015-10-13,1820,40878,1512,2,5,7,1942,0,0,0,O,0,10X66,BELLAIRE AV,BARBARA ANN ST,40,N,N,A,-,N,NA,NA,NA,NA,NA,NA,NA,NA,NA,N,4,0,1,2,A,-,03,22350,NA,F,C,C,A,A,H,-,C,D,0,NA,NA,NA,NA,Y,Y,-,NA,0,0,1,0,0,0,0,0,0,-,-,NA,NA,LOS ANGELES,LOS ANGELES,-118.40943,34.20034971
7108692,2015,2015-11-04,1900,2015-10-26,0450,600122,1131,1,5,6,1992,0,0,0,NA,0,111T1,3RD ST EAST,AVENUE I,0,NA,Y,A,-,N,NA,NA,NA,NA,NA,NA,NA,NA,NA,N,3,0,1,2,D,-,00,NA,NA,N,G,B,B,A,H,-,C,A,0,Y,NA,NA,NA,Y,NA,-,-,0,1,0,0,1,0,0,0,0,-,-,NA,NA,LOS ANGELES,LANCASTER,-118.12600006,34.70403011
7108694,2015,2015-10-30,1942,2015-10-21,1225,40119,1717,3,5,7,1942,0,0,0,Q,0,19TL78,WOODLEY AV,SAN FERNANDO MISSION,0,NA,Y,A,-,N,NA,NA,NA,NA,NA,NA,NA,NA,NA,Y,4,0,1,2,A,-,12,21453,A,F,D,C,A,A,H,-,A,A,0,NA,NA,NA,NA,Y,NA,A,01,0,0,1,0,0,0,0,0,0,-,-,NA,NA,LOS ANGELES,LOS ANGELES,-118.48470003,34.27192007
7108696,2015,2015-11-04,1900,2015-10-24,1320,550490,1131,6,5,6,1992,0,0,0,NA,0,112T1,CHALLENGER WY,AVENUE I,0,NA,Y,A,-,N,NA,NA,NA,NA,NA,NA,NA,NA,NA,N,4,0,2,2,A,-,09,21801,A,N,D,C,A,A,H,-,A,A,0,NA,NA,NA,NA,Y,NA,A,01,0,0,2,0,0,0,0,0,0,-,-,NA,NA,LOS ANGELES,LANCASTER,-118.11264,34.70414
7108698,2015,2015-10-30,1942,2015-10-10,2125,38354,1506,6,5,7,1942,0,0,0,O,0,9T53,VINELAND AV,CANTLAY ST,0,NA,Y,A,-,N,NA,NA,NA,NA,NA,NA,NA,NA,NA,N,4,0,2,2,A,-,12,22450,A,F,D,C,A,A,H,-,C,A,0,NA,NA,NA,NA,Y,NA,-,99,0,0,2,0,0,0,0,0,0,-,-,NA,NA,LOS ANGELES,LOS ANGELES,-118.37031005,34.20234011
7108700,2015,2015-11-04,1900,2015-10-24,0959,550490,1192,6,5,6,1992,0,0,0,NA,0,112T1,AVENUE L,20TH ST WEST,30,W,N,A,-,N,NA,NA,NA,NA,NA,NA,NA,NA,NA,Y,4,0,1,2,A,-,04,21703,NA,N,C,C,A,A,H,-,A,A,0,NA,NA,Y,NA,Y,NA,C,02,0,0,1,0,0,0,0,0,1,-,-,NA,NA,LOS ANGELES,LANCASTER,-118.16573955,34.6604
7108702,2015,2015-10-30,1942,2015-10-08,1940,38161,1548,4,5,7,1942,0,0,0,O,0,15A1,MAGNOLIA BL,BLAKESLEE AV,0,NA,N,A,-,N,NA,NA,NA,NA,NA,NA,NA,NA,NA,N,4,0,1,2,A,-,03,22350,NA,F,C,C,A,A,H,-,C,D,0,NA,NA,NA,NA,Y,NA,-,NA,0,0,1,0,0,0,0,0,0,-,-,NA,NA,LOS ANGELES,LOS ANGELES,-118.37248007,34.16489003
7108704,2015,2015-11-04,1900,2015-10-24,0920,540658,1192,6,5,6,1992,0,0,0,NA,0,111T2,25TH ST WEST,AVENUE K 4,13,S,N,A,-,N,NA,NA,NA,NA,NA,NA,NA,NA,NA,Y,3,0,3,2,A,-,04,21703,NA,N,C,C,A,A,H,-,A,D,0,NA,NA,NA,NA,Y,NA,A,01,0,2,1,0,0,0,0,0,0,-,-,NA,NA,LOS ANGELES,LANCASTER,-118.17467952,34.67123436
7108706,2015,2015-10-30,1942,2015-10-14,2205,38765,1754,3,5,7,1942,0,0,0,Q,0,9T53-W,RESEDA BL,DEVONSHIRE BL,220,S,N,A,-,N,NA,NA,NA,NA,NA,NA,NA,NA,NA,N,4,0,1,3,A,-,04,21703,NA,F,C,C,A,A,H,-,C,D,0,NA,NA,NA,NA,Y,Y,-,99,0,0,1,0,0,0,0,0,0,-,-,NA,NA,LOS ANGELES,LOS ANGELES,-118.53609,34.25665651
7108708,2015,2015-11-04,1900,2015-10-22,0825,540658,1133,4,5,6,1992,0,0,0,NA,0,112T2,AVENUE J,DIVISION ST,166,E,N,A,-,N,NA,NA,NA,NA,NA,NA,NA,NA,NA,N,4,0,1,2,A,-,09,21804,A,N,D,C,A,A,H,-,A,D,0,NA,NA,NA,NA,Y,NA,A,01,0,0,1,0,0,0,0,0,0,-,-,NA,NA,LOS ANGELES,LANCASTER,-118.13037,34.68948
7108710,2015,2015-10-30,1942,2015-10-05,1515,40193,1025,1,5,7,1942,0,0,0,J,0,17TL14,ETIWANDA AV,VANOWEN ST,35,S,N,B,C,N,NA,NA,NA,NA,NA,NA,NA,NA,NA,N,3,0,1,2,A,-,11,21954,A,F,G,B,D,B,H,-,A,D,0,Y,NA,NA,NA,Y,NA,N,60,0,1,0,0,1,0,0,0,0,-,-,NA,NA,LOS ANGELES,LOS ANGELES,-118.5316776,34.19377401
7108712,2015,2015-11-04,1900,2015-10-21,1540,532040,1123,3,5,6,1992,0,0,0,NA,0,112T1,10TH ST WEST,AVENUE J-4,53,S,N,A,-,N,NA,NA,NA,NA,NA,NA,NA,NA,NA,N,3,0,3,2,A,-,03,22350,NA,N,C,C,A,A,H,-,A,A,0,NA,NA,NA,NA,Y,NA,A,01,0,1,2,0,0,0,0,0,0,-,-,NA,NA,LOS ANGELES,LANCASTER,-118.14801,34.68563496
7108716,2015,2015-11-04,1900,2015-10-21,1650,532040,1135,3,5,6,1992,0,0,0,NA,0,112T1,15TH ST EAST,LANCASTER BL,0,NA,Y,A,-,N,NA,NA,NA,NA,NA,NA,NA,NA,NA,N,3,0,1,2,A,-,12,22450,A,N,D,C,A,A,H,-,A,A,0,NA,NA,NA,NA,Y,NA,A,07,0,1,0,0,0,0,0,0,0,-,-,NA,NA,LOS ANGELES,LANCASTER,-118.10372006,34.69685008
7108720,2015,2015-11-04,1900,2015-10-21,1735,546182,1135,3,5,6,1992,0,0,0,NA,0,111T1,CHALLENGER WY,LANCASTER BL,400,N,N,A,-,N,NA,NA,NA,NA,NA,NA,NA,NA,NA,N,4,0,1,2,A,-,07,21658,A,N,B,C,A,A,H,-,A,D,0,NA,NA,NA,NA,Y,NA,A,01,0,0,1,0,0,0,0,0,0,-,-,NA,NA,LOS ANGELES,LANCASTER,-118.112655,34.69798
7108881,2015,2015-11-06,1900,2015-10-22,1800,546182,1139,4,5,6,1992,0,0,0,NA,0,111T1,AVENUE L,56TH ST W,0,NA,Y,A,-,N,NA,NA,NA,NA,NA,NA,NA,NA,NA,Y,3,0,1,2,A,-,09,21801,A,N,A,C,A,A,H,-,A,A,0,NA,NA,NA,NA,Y,NA,D,22,0,1,0,0,0,0,0,0,0,-,-,NA,NA,LOS ANGELES,LANCASTER,-118.23011004,34.66023004
7108887,2015,2015-11-05,1900,2015-10-21,0805,526352,1414,3,5,1,1932,0,0,0,NA,0,143T1,ORANGE AV,NELSON AV,27,S,N,A,-,N,NA,NA,NA,NA,NA,NA,NA,NA,NA,NA,3,0,1,2,A,-,02,21654,A,N,G,B,D,A,H,-,A,A,0,Y,NA,NA,Y,Y,NA,N,60,0,1,0,0,1,0,0,0,0,-,-,NA,NA,LOS ANGELES,INDUSTRY,-117.97686854,34.04035428
7108891,2015,2015-11-05,1900,2015-10-22,1640,478216,1431,4,5,4,1937,0,0,0,NA,0,143T1,TEMPLE AV,PERTH AV,100,E,N,A,-,N,NA,NA,NA,NA,NA,NA,NA,NA,NA,Y,4,0,1,4,A,-,03,22350,NA,N,C,C,A,A,H,-,A,D,0,NA,NA,NA,NA,Y,NA,A,01,0,0,1,0,0,0,0,0,0,-,-,NA,NA,LOS ANGELES,LA PUENTE,-117.95566321,34.03153849
7108893,2015,2015-11-06,1900,2015-10-18,2120,546182,1127,7,5,6,1992,0,0,0,NA,0,111T1,AVENUE J,SOUTH ST W,0,NA,Y,A,-,N,NA,NA,NA,NA,NA,NA,NA,NA,NA,Y,3,0,1,2,A,-,09,21801,A,N,D,C,A,A,H,-,C,A,0,NA,NA,NA,NA,Y,NA,D,22,0,1,0,0,0,0,0,0,0,-,-,NA,NA,LOS ANGELES,LANCASTER,NA,NA
7108894,2015,2015-11-05,1900,2015-09-30,1605,196195,1416,3,5,1,1932,0,0,0,NA,0,141T5,COLIMA RD,HANOVER RD,0,NA,Y,A,-,N,NA,NA,NA,NA,NA,NA,NA,NA,NA,Y,3,0,1,2,A,-,12,21453,A,N,D,C,A,A,H,-,A,A,0,NA,NA,NA,NA,Y,NA,D,22,0,1,0,0,0,0,0,0,0,-,-,NA,NA,LOS ANGELES,INDUSTRY,-117.92105008,33.99037006
7108897,2015,2015-11-06,1900,2015-10-15,2240,484625,1159,4,5,6,1992,0,0,0,NA,0,113E,AVENUE K,80TH ST W,118,E,N,B,-,N,NA,NA,NA,NA,NA,NA,NA,NA,NA,Y,4,0,1,1,A,-,03,22350,NA,N,E,I,A,D,B,F,C,D,0,NA,NA,NA,NA,Y,NA,D,22,0,0,1,0,0,0,0,0,0,-,-,NA,NA,LOS ANGELES,LANCASTER,-118.27124831,34.67467139
7108899,2015,2015-11-04,1900,2015-10-19,1856,546182,1133,1,5,6,1992,0,0,0,NA,0,111T1,AVENUE J,4TH ST EAST,60,W,N,A,-,N,NA,NA,NA,NA,NA,NA,NA,NA,NA,Y,3,0,1,2,A,-,08,22107,NA,N,D,C,A,A,H,-,C,D,0,NA,NA,Y,NA,Y,NA,A,01,0,1,0,0,0,0,0,0,1,-,-,NA,NA,LOS ANGELES,LANCASTER,-118.12394915,34.68929224
7108901,2015,2015-11-06,1900,2015-10-15,1409,546182,1123,4,5,6,1992,0,0,0,NA,0,111T1,10TH ST W,AVENUE J-4,0,NA,Y,B,-,N,NA,NA,NA,NA,NA,NA,NA,NA,NA,Y,3,0,3,2,A,-,09,21801,A,N,D,C,A,B,H,-,B,A,0,NA,NA,NA,NA,Y,NA,D,22,0,1,2,0,0,0,0,0,0,-,-,NA,NA,LOS ANGELES,LANCASTER,-118.14800009,34.68578008
7108902,2015,2015-11-06,1900,2015-10-03,1410,478216,1432,6,5,4,1937,0,0,0,NA,0,143T1,TEMPLE AV,GREYCLIFF AV,0,NA,Y,A,-,N,NA,NA,NA,NA,NA,NA,NA,NA,NA,Y,4,0,2,2,A,-,09,21802,A,N,D,C,A,A,H,-,A,A,0,NA,NA,NA,NA,Y,NA,D,22,0,0,2,0,0,0,0,0,0,-,-,NA,NA,LOS ANGELES,LA PUENTE,-117.93898005,34.02808011
7108903,2015,2015-11-04,1900,2015-10-19,1233,550490,1123,1,5,6,1992,0,0,0,NA,0,112T1,AVENUE J-12,CEDAR AV,170,W,N,A,-,N,NA,NA,NA,NA,NA,NA,NA,NA,NA,N,4,0,1,2,A,-,03,22350,NA,N,C,C,A,A,H,-,A,D,0,NA,NA,NA,NA,Y,NA,A,01,0,0,1,0,0,0,0,0,0,-,-,NA,NA,LOS ANGELES,LANCASTER,-118.13920421,34.67819473
7108907,2015,2015-11-04,1900,2015-10-16,1845,484625,1135,5,5,6,1992,0,0,0,NA,0,112T1P,AVENUE I,PRICE LN,0,NA,Y,A,-,N,NA,NA,NA,NA,NA,NA,NA,NA,NA,N,4,0,1,2,A,-,06,21750,NA,N,D,A,A,A,D,E,C,D,0,NA,NA,NA,NA,Y,NA,A,01,0,0,1,0,0,0,0,0,0,-,-,NA,NA,LOS ANGELES,LANCASTER,-118.09346004,34.70425001
7108911,2015,2015-11-04,1900,2015-10-16,1815,484625,1132,5,5,6,1992,0,0,0,NA,0,112Y1P,AVENUE J,DIVISION ST,87,E,N,A,-,N,NA,NA,NA,NA,NA,NA,NA,NA,NA,N,4,0,2,2,A,-,21,22106,NA,N,C,C,A,A,H,-,B,A,0,NA,NA,NA,NA,Y,NA,A,01,0,0,2,0,0,0,0,0,0,-,-,NA,NA,LOS ANGELES,LANCASTER,-118.13037,34.68948
7108915,2015,2015-11-04,1900,2015-10-19,1650,532040,1132,1,5,6,1992,0,0,0,NA,0,112T2,AVENUE J,DIVISION ST,174,W,N,A,-,N,NA,NA,NA,NA,NA,NA,NA,NA,NA,Y,4,0,3,2,A,-,03,22350,NA,N,C,C,A,A,H,-,A,D,0,NA,NA,NA,NA,Y,NA,A,01,0,0,3,0,0,0,0,0,0,-,-,NA,NA,LOS ANGELES,LANCASTER,-118.13094743,34.68947
7108925,2015,2017-01-30,1900,2015-10-15,1154,525862,1015,4,5,3,1995,0,0,0,NA,0,101T1A,RT 1,MALIBU PIER,1000,S,N,A,-,Y,LA,7,1,-,-,46.35,H,-,S,Y,3,0,1,2,A,-,09,21804,B,N,C,C,A,A,H,-,A,D,0,NA,NA,NA,NA,Y,NA,D,22,0,1,0,0,0,0,0,0,0,-,-,34.03848,-118.67462,LOS ANGELES,MALIBU,-118.67390496,34.03859127
7108934,2015,2015-11-06,1900,2015-10-13,1900,196195,1412,2,5,1,1932,0,0,0,NA,0,NA,TEMPLE AV,PEREZ PL,2112,N,N,A,-,N,NA,NA,NA,NA,NA,NA,NA,NA,NA,Y,4,0,1,2,A,-,09,21804,A,N,D,C,A,A,H,-,C,D,0,NA,NA,NA,NA,Y,NA,A,01,0,0,1,0,0,0,0,0,0,-,-,NA,NA,LOS ANGELES,INDUSTRY,-117.99642863,34.05908223
7108938,2015,2015-11-06,1900,2015-10-14,1425,196195,1418,3,5,1,1932,0,0,0,NA,0,141T5,ROWLAND AV,LAWSON AV,0,NA,Y,A,-,N,NA,NA,NA,NA,NA,NA,NA,NA,NA,Y,4,0,1,2,A,-,12,22450,A,N,D,C,A,A,H,-,A,A,0,NA,NA,NA,NA,Y,NA,D,22,0,0,1,0,0,0,0,0,0,-,-,34.00106,-117.91096,LOS ANGELES,INDUSTRY,-117.91099012,34.00105006
7108950,2015,2015-11-06,1900,2015-10-18,0845,290645,1414,7,5,1,1932,0,0,0,NA,0,141T4,STAFFORD ST,HACIENDA BL,88,E,N,B,-,N,NA,NA,NA,NA,NA,NA,NA,NA,NA,Y,3,0,3,1,A,-,08,22107,NA,N,E,I,A,A,H,-,A,A,0,NA,NA,NA,NA,Y,NA,D,22,0,1,2,0,0,0,0,0,0,-,-,NA,NA,LOS ANGELES,INDUSTRY,-117.95688613,34.02344122
7108969,2015,2015-11-04,1900,2015-09-29,0910,232758,1416,2,5,1,1932,0,0,0,NA,0,141T2,COLIMA RD,WALNUT HALL RD,17,E,N,A,-,N,NA,NA,NA,NA,NA,NA,NA,NA,NA,N,4,0,1,2,A,-,10,21950,A,N,G,B,B,A,H,-,A,A,0,Y,NA,NA,NA,Y,NA,A,08,0,0,1,0,1,0,0,0,0,-,-,NA,NA,LOS ANGELES,INDUSTRY,-117.91767407,33.99020876
7108973,2015,2015-11-04,1900,2015-09-29,1921,196195,1416,2,5,1,1932,0,0,0,NA,0,141T5,STONE CREEK RD,KEYSTONE ST,20,S,N,A,-,N,NA,NA,NA,NA,NA,NA,NA,NA,NA,N,3,0,1,2,A,-,11,21954,A,N,G,B,D,A,C,E,C,D,0,Y,NA,NA,NA,Y,NA,N,60,0,1,0,0,1,0,0,0,0,-,-,33.9907,-117.91076,LOS ANGELES,INDUSTRY,-117.91328391,33.99110527
7108981,2015,2015-11-04,1907,2015-09-26,1757,225,1,6,5,4,1907,0,0,0,NA,0,NA,BELL AV,PINE AV,16,W,N,A,-,N,NA,NA,NA,NA,NA,NA,NA,NA,NA,N,4,0,1,2,A,-,09,21800,A,N,H,G,A,A,H,-,A,A,0,NA,Y,NA,NA,Y,NA,L,04,0,0,1,0,0,0,1,0,0,-,-,NA,NA,LOS ANGELES,BELL,-118.18946222,33.97462568
7108985,2015,2015-11-04,1907,2015-09-27,1706,235,1,7,5,4,1907,0,0,0,NA,0,NA,FLORA AV,MINNEWA LN,70,S,N,A,-,N,NA,NA,NA,NA,NA,NA,NA,NA,NA,N,3,0,1,2,A,-,11,21950,B,N,B,B,D,A,H,-,A,D,0,Y,NA,NA,NA,Y,NA,N,60,0,1,0,0,1,0,0,0,0,-,-,NA,NA,LOS ANGELES,BELL,-118.19001843,33.97984951
7108989,2015,2015-11-04,1907,2015-09-14,1125,209,2,1,5,4,1907,0,0,0,NA,0,NA,GAGE AV,MAYFLOWER AV,120,E,N,A,-,N,NA,NA,NA,NA,NA,NA,NA,NA,NA,N,4,0,1,2,A,-,03,22350,NA,N,C,C,A,A,H,-,A,A,0,NA,NA,NA,NA,Y,NA,A,01,0,0,1,0,0,0,0,0,0,-,-,NA,NA,LOS ANGELES,BELL,-118.18211829,33.97748765
7108992,2015,2015-11-12,1955,2015-10-09,1845,42194,0098,5,5,6,1955,0,0,0,NA,0,003,HOLT AV,EAST END AV,0,NA,Y,A,-,N,NA,NA,NA,NA,NA,NA,NA,NA,NA,Y,4,0,1,2,A,-,09,21453,C,N,D,C,A,A,H,-,C,A,0,NA,NA,Y,Y,Y,NA,F,26,0,0,1,0,0,0,0,0,1,-,-,NA,NA,LOS ANGELES,POMONA,-117.72393007,34.06302006
7108993,2015,2015-11-04,1907,2015-09-21,0310,226,1,1,5,4,1907,0,0,0,NA,0,NA,FLORENCE AV,ATLANTIC AV,0,NA,Y,A,-,N,NA,NA,NA,NA,NA,NA,NA,NA,NA,Y,4,0,2,2,A,-,01,23153,A,N,D,C,A,A,H,-,C,A,0,NA,NA,NA,NA,Y,Y,A,01,0,0,2,0,0,0,0,0,0,-,-,33.98023,-118.18875,LOS ANGELES,BELL,-118.18820001,33.97031004
7109001,2015,2015-11-04,1900,2015-09-08,2040,534768,2241,2,5,3,1989,0,0,0,NA,0,224T2,LOST HILLS RD,AGOURA RD,42,N,N,A,-,N,NA,NA,NA,NA,NA,NA,NA,NA,NA,N,4,0,1,2,A,-,04,21703,NA,N,C,C,A,A,H,-,C,A,0,NA,NA,NA,NA,Y,NA,A,07,0,0,1,0,0,0,0,0,0,-,-,34.13939,-118.7088,LOS ANGELES,CALABASAS,-118.7087451,34.13933684
7109004,2015,2015-12-04,1955,2015-10-23,1700,41897,0026,5,5,6,1955,0,0,0,NA,0,002,LA VERNE AV,GAREY AV,156,W,N,A,-,N,NA,NA,NA,NA,NA,NA,NA,NA,NA,Y,4,0,2,3,A,-,03,22350,NA,N,C,C,A,A,H,-,A,A,0,NA,NA,NA,Y,Y,NA,F,26,0,0,2,0,0,0,0,0,0,-,-,NA,NA,LOS ANGELES,POMONA,-117.75148,34.0856
7109005,2015,2016-12-22,1900,2015-09-27,1415,530182,1016,7,5,3,1995,0,0,0,NA,0,471,RT 1,RAMBLA PACIFICO,193,E,N,A,-,Y,LA,7,1,-,-,44.21,H,-,S,N,4,0,1,2,A,-,08,22107,NA,N,D,C,A,A,H,-,A,D,0,NA,NA,Y,NA,Y,NA,A,01,0,0,1,0,0,0,0,0,1,-,-,NA,NA,LOS ANGELES,MALIBU,-118.63742032,34.03701546
7109009,2015,2017-01-12,1900,2015-09-30,1303,517840,2608,3,5,6,1950,0,0,0,NA,0,263T1,RT 138,35TH ST EAST,0,NA,Y,A,-,Y,LA,7,138,-,-,47.251,I,5,E,Y,4,0,2,2,A,-,12,21453,A,N,D,C,A,A,H,-,A,A,0,NA,NA,NA,NA,Y,NA,A,01,0,0,2,0,0,0,0,0,0,-,-,NA,NA,LOS ANGELES,PALMDALE,-118.06725199,34.58019925
7109013,2015,2015-11-04,1900,2015-09-23,2027,517840,2607,3,5,6,1950,0,0,0,NA,0,264T1,55TH ST EAST,AVENUE R-4,128,S,N,A,-,N,NA,NA,NA,NA,NA,NA,NA,NA,NA,Y,4,0,2,1,A,-,08,22107,NA,N,E,I,A,A,H,-,C,D,0,NA,NA,NA,NA,Y,NA,A,01,0,0,2,0,0,0,0,0,0,-,-,NA,NA,LOS ANGELES,PALMDALE,-118.03172877,34.56853914
7109017,2015,2015-11-04,1900,2015-09-20,0040,522763,2607,7,5,6,1950,0,0,0,NA,0,263T1,AVENUE T,80TH ST EAST,2428,W,N,A,-,N,NA,NA,NA,NA,NA,NA,NA,NA,NA,Y,4,0,1,1,A,-,08,22107,NA,N,E,I,A,A,H,-,D,D,0,NA,NA,NA,NA,Y,Y,A,01,0,0,1,0,0,0,0,0,0,-,-,NA,NA,LOS ANGELES,PALMDALE,-117.99533417,34.54281367
7109018,2015,2016-01-08,1942,2015-08-21,1015,41681,529,5,5,7,1942,0,0,0,NA,0,5A17,ANAHEIM ST,SANFORD AV,0,NA,Y,A,-,N,NA,NA,NA,NA,NA,NA,NA,NA,NA,N,4,0,2,2,A,-,09,21801,A,N,A,C,A,A,-,-,A,D,0,NA,NA,NA,NA,Y,NA,A,07,0,0,2,0,0,0,0,0,0,-,-,NA,NA,LOS ANGELES,LOS ANGELES,-118.2507401,33.78061001
7109021,2015,2017-01-12,1900,2015-09-25,1117,491337,2611,5,5,6,1950,0,0,0,NA,0,262T1,RT 138,2ND ST E,0,NA,Y,A,-,Y,LA,7,138,-,-,43.792,I,5,E,Y,4,0,1,2,A,-,09,21804,A,N,D,C,A,A,H,-,A,A,0,NA,NA,NA,NA,Y,NA,A,01,0,0,1,0,0,0,0,0,0,-,-,NA,NA,LOS ANGELES,PALMDALE,-118.12763321,34.5798386
7109025,2015,2017-01-12,1900,2015-09-28,1430,527057,2607,1,5,6,1950,0,0,0,NA,0,263T1,AVENUE R,RT 138,70,E,N,A,-,Y,LA,7,138,-,-,48.961,I,6,W,N,4,0,1,2,A,-,21,22106,NA,N,C,C,A,A,H,-,A,A,0,NA,NA,NA,NA,Y,NA,A,01,0,0,1,0,0,0,0,0,0,-,-,NA,NA,LOS ANGELES,PALMDALE,-118.04499986,34.57292371
7109029,2015,2015-11-04,1900,2015-09-25,0807,491337,2608,5,5,6,1950,0,0,0,NA,0,262T1,AVENUE R,HASTINGS ST,444,E,N,A,-,N,NA,NA,NA,NA,NA,NA,NA,NA,NA,Y,4,0,2,2,A,-,03,22350,NA,N,C,C,A,A,H,-,A,D,0,NA,NA,NA,NA,Y,NA,A,01,0,0,2,0,0,0,0,0,0,-,-,NA,NA,LOS ANGELES,PALMDALE,-118.09003835,34.57271277
7109056,2015,2016-01-12,1907,2015-09-18,0809,518,1,5,5,4,1907,0,0,0,NA,0,NA,GAGE AV,GIFFORD AV,2,W,N,A,-,N,NA,NA,NA,NA,NA,NA,NA,NA,NA,N,4,0,1,2,A,-,12,21453,A,N,D,C,A,A,H,-,A,A,0,NA,NA,NA,NA,Y,NA,A,01,0,0,1,0,0,0,0,0,0,-,-,33.97868,-118.19347,LOS ANGELES,BELL,-118.19394652,33.97874076
7109125,2015,2017-01-28,1942,2015-08-27,1645,41974,RD053,4,5,7,1942,0,0,0,NA,0,5A25,PCH,BROAD AV,0,NA,Y,A,-,Y,LA,7,1,-,-,10.436,I,5,S,N,3,0,1,2,A,-,09,21801,A,N,D,C,A,A,H,-,A,A,0,NA,NA,NA,NA,Y,NA,A,01,0,1,0,0,0,0,0,0,0,-,-,NA,NA,LOS ANGELES,LOS ANGELES,-118.26167073,33.79122363
7109138,2015,2015-11-03,1942,2015-08-25,1750,33638,0521,2,5,7,1942,0,0,0,E,0,5A17,WESTERN AV,S WESTMONT AV,350,S,N,A,-,N,NA,NA,NA,NA,NA,NA,NA,NA,NA,Y,3,0,2,3,A,-,03,22350,NA,N,C,C,A,A,H,-,A,A,0,NA,NA,NA,NA,Y,NA,A,01,0,1,1,0,0,0,0,0,0,-,-,NA,NA,LOS ANGELES,LOS ANGELES,-118.31183137,33.76210935