CASE_ID,ACCIDENT_YEAR,PROC_DATE,JURIS,COLLISION_DATE,COLLISION_TIME,OFFICER_ID,REPORTING_DISTRICT,DAY_OF_WEEK,CHP_SHIFT,POPULATION,CNTY_CITY_LOC,SPECIAL_COND,BEAT_TYPE,CHP_BEAT_TYPE,CITY_DIVISION_LAPD,CHP_BEAT_CLASS,BEAT_NUMBER,PRIMARY_RD,SECONDARY_RD,DISTANCE,DIRECTION,INTERSECTION,WEATHER_1,WEATHER_2,STATE_HWY_IND,CALTRANS_COUNTY,CALTRANS_DISTRICT,STATE_ROUTE,ROUTE_SUFFIX,POSTMILE_PREFIX,POSTMILE,LOCATION_TYPE,RAMP_INTERSECTION,SIDE_OF_HWY,TOW_AWAY,COLLISION_SEVERITY,NUMBER_KILLED,NUMBER_INJURED,PARTY_COUNT,PRIMARY_COLL_FACTOR,PCF_CODE_OF_VIOL,PCF_VIOL_CATEGORY,PCF_VIOLATION,PCF_VIOL_SUBSECTION,HIT_AND_RUN,TYPE_OF_COLLISION,MVIW,PED_ACTION,ROAD_SURFACE,ROAD_COND_1,ROAD_COND_2,LIGHTING,CONTROL_DEVICE,CHP_ROAD_TYPE,PEDESTRIAN_ACCIDENT,BICYCLE_ACCIDENT,MOTORCYCLE_ACCIDENT,TRUCK_ACCIDENT,NOT_PRIVATE_PROPERTY,ALCOHOL_INVOLVED,STWD_VEHTYPE_AT_FAULT,CHP_VEHTYPE_AT_FAULT,COUNT_SEVERE_INJ,COUNT_VISIBLE_INJ,COUNT_COMPLAINT_PAIN,COUNT_PED_KILLED,COUNT_PED_INJURED,COUNT_BICYCLIST_KILLED,COUNT_BICYCLIST_INJURED,COUNT_MC_KILLED,COUNT_MC_INJURED,PRIMARY_RAMP,SECONDARY_RAMP,LATITUDE,LONGITUDE,COUNTY,CITY,POINT_X,POINT_Y
7109141,2015,2015-11-03,1942,2015-08-25,1650,36659,0506,2,5,7,1942,0,0,0,E,0,5A85,CARSON ST,NORMANDIE AV,0,NA,Y,A,-,N,NA,NA,NA,NA,NA,NA,NA,NA,NA,N,3,0,1,2,A,-,09,21801,A,N,D,C,A,A,H,-,A,A,0,NA,NA,NA,NA,Y,NA,A,01,0,1,0,0,0,0,0,0,0,-,-,NA,NA,LOS ANGELES,LOS ANGELES,-118.29958002,33.83155003
7109142,2015,2015-11-03,1942,2015-08-26,0800,41974,NA,3,5,7,1942,0,0,0,NA,0,5A15,WILMINGTON,DENNI,46,N,N,A,-,N,NA,NA,NA,NA,NA,NA,NA,NA,NA,N,4,0,1,3,A,-,04,21703,NA,N,C,C,A,A,-,-,A,D,0,NA,NA,NA,NA,Y,Y,A,08,0,0,1,0,0,0,0,0,0,-,-,NA,NA,LOS ANGELES,LOS ANGELES,-118.27459997,33.78446588
7109145,2015,2015-11-03,1942,2015-08-20,0740,36362,0508,4,5,7,1942,0,0,0,E,0,5A85,WESTERN AV,237TH ST,0,NA,Y,A,-,N,NA,NA,NA,NA,NA,NA,NA,NA,NA,N,4,0,1,2,A,-,10,21950,A,N,G,B,B,A,H,-,A,A,0,Y,NA,NA,NA,Y,NA,A,01,0,0,1,0,1,0,0,0,0,-,-,NA,NA,LOS ANGELES,LOS ANGELES,-118.3085,33.81022
7109146,2015,2015-11-03,1942,2015-08-29,0245,40926,0557,6,5,7,1942,0,0,0,E,0,5A85,GAFFEY ST,1ST ST,20,N,N,A,-,N,NA,NA,NA,NA,NA,NA,NA,NA,NA,N,3,0,2,3,A,-,03,22350,NA,N,C,C,A,A,H,-,C,A,0,NA,NA,NA,NA,Y,NA,A,01,0,1,1,0,0,0,0,0,0,-,-,NA,NA,LOS ANGELES,LOS ANGELES,-118.29231941,33.74336485
7109149,2015,2015-11-03,1942,2015-08-21,1430,41588,LOSAN,5,5,7,1942,0,0,0,NA,0,5A59,SEPULVEDA ST,MARSHALL CT,0,NA,Y,A,-,N,NA,NA,NA,NA,NA,NA,NA,NA,NA,N,3,0,1,2,A,-,12,22450,A,N,A,I,A,A,H,-,A,A,0,NA,Y,NA,NA,Y,NA,L,04,0,1,0,0,0,0,1,0,0,-,-,NA,NA,LOS ANGELES,LOS ANGELES,-118.29343002,33.74564003
7109150,2015,2015-11-09,1942,2015-08-27,1820,38644,0513,4,5,7,1942,0,0,0,E,0,5A12,VERMONT AV,PCH,100,S,N,A,-,N,NA,NA,NA,NA,NA,NA,NA,NA,NA,Y,4,0,1,2,A,-,09,21804,A,N,D,C,A,A,-,-,A,D,0,NA,NA,NA,NA,Y,NA,A,01,0,0,1,0,0,0,0,0,0,-,-,NA,NA,LOS ANGELES,LOS ANGELES,-118.29195904,33.79080563
7109153,2015,2015-11-03,1942,2015-08-24,1030,41791,HARBO,1,5,7,1942,0,0,0,NA,0,5A15,L ST,WILMINGTON,0,NA,Y,A,-,N,NA,NA,NA,NA,NA,NA,NA,NA,NA,N,4,0,1,2,A,-,09,21802,A,N,B,C,A,A,H,-,A,A,0,NA,NA,NA,NA,Y,NA,A,01,0,0,1,0,0,0,0,0,0,-,-,NA,NA,LOS ANGELES,LOS ANGELES,-118.27476001,33.78642002
7109154,2015,2015-11-04,1942,2015-08-27,1440,41954,0515,4,5,7,1942,0,0,0,E,0,5A11,AVALON BL,W SANDISON ST,27,E,N,A,-,N,NA,NA,NA,NA,NA,NA,NA,NA,NA,Y,3,0,3,3,A,-,07,21658,A,N,A,C,A,A,H,-,A,D,0,NA,NA,NA,NA,Y,NA,A,01,0,2,1,0,0,0,0,0,0,-,-,NA,NA,LOS ANGELES,LOS ANGELES,-118.26348371,33.79322614
7109157,2015,2015-11-03,1942,2015-08-27,0830,41586,LOSAN,4,5,7,1942,0,0,0,NA,0,5A55,PALOS VERDES DR N,PRESIDENT AV,0,NA,Y,A,-,N,NA,NA,NA,NA,NA,NA,NA,NA,NA,N,3,0,1,2,A,-,08,22107,NA,N,H,A,A,A,H,-,A,D,0,NA,Y,NA,NA,Y,NA,A,07,0,1,0,0,0,0,1,0,0,-,-,NA,NA,LOS ANGELES,LOS ANGELES,-118.30363011,33.78001005
7109165,2015,2015-11-03,1976,2015-08-21,1207,488,NA,5,5,3,1964,0,0,0,NA,0,001,SORENSEN AV,WAKEMAN ST,0,NA,Y,A,-,N,NA,NA,NA,NA,NA,NA,NA,NA,NA,N,4,0,1,2,A,-,05,21650,1,N,H,G,A,A,H,-,A,A,0,NA,Y,NA,NA,Y,NA,L,04,0,0,1,0,0,0,1,0,0,-,-,NA,NA,LOS ANGELES,SANTA FE SPRINGS,-118.06025002,33.9662601
7109169,2015,2015-11-03,1900,2015-08-25,1600,530382,2836,2,5,5,1915,0,0,0,NA,0,281K1,WILLOWBROOK AV,CLAUDE ST,0,NA,Y,A,-,N,NA,NA,NA,NA,NA,NA,NA,NA,NA,N,4,0,1,4,A,-,09,21801,A,N,B,C,A,A,H,-,A,D,0,NA,NA,NA,NA,Y,NA,A,01,0,0,1,0,0,0,0,0,0,-,-,NA,NA,LOS ANGELES,COMPTON,-118.22366003,33.88610008
7109174,2015,2015-11-03,1942,2015-08-29,0010,41773,0558,6,5,7,1942,0,0,0,E,0,SA59,HARBOR BL,OFARRELL,200,S,N,A,-,N,NA,NA,NA,NA,NA,NA,NA,NA,NA,N,3,0,1,2,A,-,00,21955,A,F,G,B,D,A,H,-,C,D,0,Y,NA,NA,NA,Y,NA,N,60,0,1,0,0,1,0,0,0,0,-,-,NA,NA,LOS ANGELES,LOS ANGELES,-118.27972439,33.74545149
7109186,2015,2016-12-22,9525,2015-05-28,1600,15445,NA,4,2,5,1906,0,1,1,NA,2,114,RT 10,BALDWIN PARK BL,300,W,N,A,-,Y,LA,7,10,-,-,32.1,H,-,E,N,4,0,2,3,A,-,03,22350,NA,N,C,C,A,A,H,-,A,D,1,NA,NA,NA,NA,Y,NA,D,22,0,0,2,0,0,0,0,0,0,-,-,34.06718,-117.98369,LOS ANGELES,BALDWIN PARK,-117.98387337,34.06720256
7109190,2015,2017-01-03,9525,2015-05-28,1605,19682,NA,4,2,6,1955,0,1,1,NA,2,109,RT 10,WHITE AV,1000,W,N,A,-,Y,LA,7,10,-,-,45.03,H,-,W,Y,4,0,1,2,A,-,07,21658,A,N,B,C,A,A,H,-,A,D,1,NA,NA,NA,Y,Y,NA,G,27,0,0,1,0,0,0,0,0,0,-,-,34.07122,-117.76408,LOS ANGELES,POMONA,-117.76386786,34.07099541
7109203,2015,2015-11-06,1969,2015-10-09,2110,20226,TRAFF,5,5,5,1969,0,0,0,NA,0,005,NORTH SOMERSET RANCH RD,PARAMOUNT BL,50,E,N,A,-,N,NA,NA,NA,NA,NA,NA,NA,NA,NA,N,4,0,2,2,A,-,03,22350,NA,F,C,C,A,A,H,-,C,A,0,NA,NA,NA,NA,Y,NA,D,22,0,0,2,0,0,0,0,0,0,-,-,NA,NA,LOS ANGELES,SOUTH GATE,-118.16000575,33.91123684
7109204,2015,2015-11-06,1969,2015-10-10,1400,10205,PATRO,6,5,5,1969,0,0,0,NA,0,004,DUNCAN WY,ADELLA AV,20,W,N,A,-,N,NA,NA,NA,NA,NA,NA,NA,NA,NA,N,4,0,1,2,A,-,11,21954,A,N,G,B,D,A,H,-,A,D,0,Y,NA,NA,NA,Y,NA,N,60,0,0,1,0,1,0,0,0,0,-,-,NA,NA,LOS ANGELES,SOUTH GATE,-118.17775533,33.94389662
7109205,2015,2015-11-24,1969,2015-10-12,0802,20201,TRAFF,1,5,5,1969,0,0,0,NA,0,005,FIRESTONE BL,NATIONAL AV,13,W,N,A,-,N,NA,NA,NA,NA,NA,NA,NA,NA,NA,N,3,0,2,4,-,-,-,NA,NA,N,C,C,A,A,H,-,A,A,0,NA,NA,NA,NA,Y,NA,-,-,0,1,1,0,0,0,0,0,0,-,-,NA,NA,LOS ANGELES,SOUTH GATE,-118.16758247,33.94950425
7109207,2015,2016-01-28,1969,2015-10-19,1116,10208,NA,1,5,5,1969,0,0,0,NA,0,002,FIRESTONE BL,STATE ST,54,E,N,A,-,N,NA,NA,NA,NA,NA,NA,NA,NA,NA,N,4,0,1,4,A,-,03,22350,NA,M,C,C,A,A,H,-,A,A,0,NA,NA,NA,NA,Y,NA,D,22,0,0,1,0,0,0,0,0,0,-,-,NA,NA,LOS ANGELES,SOUTH GATE,-118.21202369,33.95480144
7109217,2015,2015-12-03,1942,2015-10-26,1200,40811,1687,1,5,7,1942,0,0,0,P,0,21TL64,SAN FERNANDO RD,SUNLAND BL,0,NA,Y,A,-,N,NA,NA,NA,NA,NA,NA,NA,NA,NA,N,2,0,1,2,A,-,12,21453,A,F,-,B,B,A,H,-,A,A,0,Y,NA,NA,NA,Y,NA,D,22,1,0,0,0,1,0,0,0,0,-,-,NA,NA,LOS ANGELES,LOS ANGELES,-118.36899001,34.21911011
7109226,2015,2015-11-16,1900,2015-10-17,1200,478087,0530,6,5,5,1959,0,0,0,NA,0,53T1AM,MISSION DR,MUSCATEL AV,0,NA,Y,A,-,N,NA,NA,NA,NA,NA,NA,NA,NA,NA,N,3,0,1,2,A,-,12,21453,A,N,D,G,A,A,H,-,A,A,0,NA,Y,NA,Y,Y,NA,L,04,0,1,0,0,0,0,1,0,0,-,-,NA,NA,LOS ANGELES,ROSEMEAD,-118.07774009,34.08602004
7109227,2015,2015-11-16,1900,2015-10-25,1715,523958,0521,7,5,4,1971,0,0,0,NA,0,52T11P,LAS TUNAS DR,OAK AV,144,W,N,A,-,N,NA,NA,NA,NA,NA,NA,NA,NA,NA,N,4,0,1,2,A,-,04,21703,NA,N,C,C,A,A,H,-,A,A,0,NA,NA,NA,NA,Y,NA,A,07,0,0,1,0,0,0,0,0,0,-,-,NA,NA,LOS ANGELES,TEMPLE CITY,-118.06562753,34.10603182
7109239,2015,2015-11-13,1900,2015-10-22,1045,510585,2311,4,5,5,1919,0,0,0,NA,0,230T,GRIDLEY RD,SOUTH ST,15,N,N,A,-,N,NA,NA,NA,NA,NA,NA,NA,NA,NA,N,4,0,1,2,A,-,21,22106,NA,N,C,C,A,A,H,-,A,A,0,NA,NA,NA,Y,Y,NA,F,21,0,0,1,0,0,0,0,0,0,-,-,NA,NA,LOS ANGELES,CERRITOS,-118.09097,33.85854113
7109240,2015,2015-11-17,1900,2015-10-16,1620,523207,2318,5,5,5,1919,0,0,0,NA,0,230T,ARTESIA BL,BELSHIRE AV,0,NA,Y,A,-,N,NA,NA,NA,NA,NA,NA,NA,NA,NA,N,4,0,1,2,A,-,17,21209,NA,N,D,C,A,A,H,-,A,A,0,NA,NA,NA,NA,Y,NA,D,22,0,0,1,0,0,0,0,0,0,-,-,NA,NA,LOS ANGELES,CERRITOS,-118.07075001,33.87317005
7109255,2015,2016-01-28,1900,2015-10-25,0133,526693,2116,7,5,5,1943,0,0,0,NA,0,212H1,PHILADELPHIA WY,ALAMEDA ST,0,NA,Y,A,-,N,NA,NA,NA,NA,NA,NA,NA,NA,NA,Y,4,0,1,1,A,-,01,23152,A,N,E,I,A,A,H,-,C,A,0,NA,NA,NA,NA,Y,NA,D,22,0,0,1,0,0,0,0,0,0,-,-,NA,NA,LOS ANGELES,LYNWOOD,-118.22503007,33.9292101
7109257,2015,2015-11-14,1900,2015-10-17,1715,441896,2111,6,5,5,1943,0,0,0,NA,0,212T3,MARTIN LUTHER KING JR BL,MADERA ST,0,NA,Y,A,-,N,NA,NA,NA,NA,NA,NA,NA,NA,NA,N,3,0,3,2,D,-,00,NA,NA,N,D,C,A,A,H,-,A,A,0,NA,NA,NA,NA,Y,NA,-,-,0,1,2,0,0,0,0,0,0,-,-,NA,NA,LOS ANGELES,LYNWOOD,NA,NA
7109258,2015,2015-11-13,1900,2015-10-03,0745,462141,2117,6,5,5,1943,0,0,0,NA,0,212T4,ATLANTIC AV,JOSEPHINE ST,30,N,N,A,-,N,NA,NA,NA,NA,NA,NA,NA,NA,NA,N,4,0,1,2,A,-,03,22350,NA,N,C,C,A,A,H,-,A,D,0,NA,NA,NA,NA,Y,NA,A,01,0,0,1,0,0,0,0,0,0,-,-,NA,NA,LOS ANGELES,LYNWOOD,-118.18995878,33.91527804
7109273,2015,2015-11-16,1900,2015-10-18,0314,446779,0461,7,5,4,1936,0,0,0,NA,0,46T1,VALLEY VIEW AV,FOSTER RD,24,S,N,A,-,N,NA,NA,NA,NA,NA,NA,NA,NA,NA,Y,4,0,1,1,A,-,08,22107,NA,N,E,I,A,A,H,-,C,A,0,NA,NA,NA,NA,Y,Y,D,22,0,0,1,0,0,0,0,0,0,-,-,NA,NA,LOS ANGELES,LA MIRADA,-118.02930866,33.90968421
7109366,2015,2015-11-16,1948,2015-08-24,1653,450,NA,1,5,5,1948,0,0,0,NA,0,1948,LINCOLN AV,EMERSON AV,5,N,N,A,-,N,NA,NA,NA,NA,NA,NA,NA,NA,NA,N,3,0,1,2,D,-,00,NA,NA,N,A,C,A,A,H,-,A,A,0,NA,NA,NA,NA,Y,NA,-,-,0,1,0,0,0,0,0,0,0,-,-,NA,NA,LOS ANGELES,MONTEREY PARK,-118.12081011,34.06614371
7109370,2015,2015-11-16,1948,2015-08-26,0934,398,1948,3,5,5,1948,0,0,0,NA,0,001,LIGHT VIEW ST,HILLSIDE ST,190,W,N,A,-,N,NA,NA,NA,NA,NA,NA,NA,NA,NA,N,3,0,1,1,A,-,03,22350,NA,N,D,I,A,D,D,-,A,D,0,NA,NA,NA,NA,Y,NA,A,01,0,1,0,0,0,0,0,0,0,-,-,NA,NA,LOS ANGELES,MONTEREY PARK,-118.15411825,34.04631444
7109374,2015,2015-11-16,1948,2015-08-21,1819,447,1948,5,5,5,1948,0,0,0,NA,0,003,ISABELLA AV,POMONA BL,18,N,N,A,-,N,NA,NA,NA,NA,NA,NA,NA,NA,NA,N,4,0,1,2,A,-,05,21650,A,N,H,G,A,A,H,-,A,D,0,NA,Y,NA,NA,Y,NA,L,04,0,0,1,0,0,0,1,0,0,-,-,NA,NA,LOS ANGELES,MONTEREY PARK,-118.13119553,34.03361914
7109378,2015,2015-11-16,1948,2015-08-16,1419,398,1948,7,5,5,1948,0,0,0,NA,0,001,GARVEY AV,MARGUERITA AV,294,E,N,A,-,N,NA,NA,NA,NA,NA,NA,NA,NA,NA,N,4,0,1,2,A,-,03,22350,NA,N,C,C,A,A,H,-,A,D,0,NA,NA,NA,NA,Y,NA,A,01,0,0,1,0,0,0,0,0,0,-,-,NA,NA,LOS ANGELES,MONTEREY PARK,-118.13688152,34.06252
7109386,2015,2015-11-16,1942,2015-08-16,0925,39746,1401,7,5,7,1942,0,0,0,N,0,6TL11,PEARL ST,BARRINGTON AV,0,NA,Y,A,-,N,NA,NA,NA,NA,NA,NA,NA,NA,NA,Y,4,0,1,2,C,-,18,NA,NA,N,D,E,A,A,H,-,A,D,0,NA,NA,NA,NA,Y,NA,-,-,0,0,1,0,0,0,0,0,0,-,-,NA,NA,LOS ANGELES,LOS ANGELES,-118.4436401,34.02897003
7109425,2015,2015-11-16,1948,2015-08-31,1756,414,1948,1,5,5,1948,0,0,0,NA,0,003,RIGGIN ST,BRADSHAWE AV,139,E,N,A,-,N,NA,NA,NA,NA,NA,NA,NA,NA,NA,N,3,0,1,2,A,-,17,22517,NA,N,B,G,A,A,H,-,A,D,0,NA,Y,NA,NA,Y,NA,-,NA,0,1,0,0,0,0,1,0,0,-,-,NA,NA,LOS ANGELES,MONTEREY PARK,-118.14051216,34.03661
7109429,2015,2015-11-16,1948,2015-08-31,2032,242,1948,1,5,5,1948,0,0,0,NA,0,002,ATLANTIC BL,HELLMAN AV,306,S,N,A,-,N,NA,NA,NA,NA,NA,NA,NA,NA,NA,N,4,0,1,4,A,-,03,22350,NA,N,C,C,A,A,H,-,C,A,0,NA,NA,NA,NA,Y,NA,-,NA,0,0,1,0,0,0,0,0,0,-,-,NA,NA,LOS ANGELES,MONTEREY PARK,-118.13438,34.06889173
7109433,2015,2015-11-16,1948,2015-08-27,1741,450,1948,4,5,5,1948,0,0,0,NA,0,003,RAMONA AV,HARDING AV,314,N,N,A,-,N,NA,NA,NA,NA,NA,NA,NA,NA,NA,N,4,0,1,4,A,-,21,22106,NA,N,E,B,F,A,H,-,A,D,0,Y,NA,NA,NA,Y,NA,-,NA,0,0,1,0,1,0,0,0,0,-,-,NA,NA,LOS ANGELES,MONTEREY PARK,-118.12546025,34.05744097
7109441,2015,2015-11-19,1942,2015-10-12,0925,40762,0308,1,5,7,1942,0,0,0,C,0,3A55,HOOVER ST,20TH ST,150,S,N,A,-,N,NA,NA,NA,NA,NA,NA,NA,NA,NA,Y,4,0,1,2,A,-,03,22350,NA,N,C,C,A,A,H,-,A,D,0,NA,NA,NA,NA,Y,NA,A,01,0,0,1,0,0,0,0,0,0,-,-,NA,NA,LOS ANGELES,LOS ANGELES,-118.28402043,34.03770894
7109443,2015,2015-11-17,1948,2015-07-19,2238,357,1948,7,5,5,1948,0,0,0,NA,0,001,RIDGECREST ST,RIDGECREST CT,79,N,N,C,-,N,NA,NA,NA,NA,NA,NA,NA,NA,NA,Y,3,0,1,1,A,-,03,22350,NA,N,E,I,A,B,H,-,C,D,0,NA,NA,NA,NA,Y,NA,-,NA,0,1,0,0,0,0,0,0,0,-,-,NA,NA,LOS ANGELES,MONTEREY PARK,-118.15873837,34.04858018
7109461,2015,2017-02-01,1929,2015-11-06,1812,201,1929,5,5,3,1929,0,0,0,NA,0,003,RT 1,14TH ST,0,NA,Y,A,-,Y,LA,7,1,-,-,21.341,I,5,S,Y,4,0,1,2,A,-,08,22101,D,N,D,C,A,A,H,-,C,A,0,NA,NA,NA,NA,Y,NA,A,07,0,0,1,0,0,0,0,0,0,-,-,NA,NA,LOS ANGELES,HERMOSA BEACH,-118.39313427,33.86480585
7109462,2015,2015-11-17,1948,2015-05-07,2205,445,1948,4,5,5,1948,0,0,0,NA,0,002,GARVEY AV,ALHAMBRA AV,105,E,N,C,-,N,NA,NA,NA,NA,NA,NA,NA,NA,NA,Y,3,0,1,2,A,-,01,23152,A,M,C,E,A,B,H,-,C,D,0,NA,NA,NA,NA,Y,Y,-,NA,0,1,0,0,0,0,0,0,0,-,-,NA,NA,LOS ANGELES,MONTEREY PARK,-118.11645406,34.06259967
7109463,2015,2015-11-17,1948,2015-07-18,0600,448,1948,6,5,5,1948,0,0,0,NA,0,001,RAMONA BL,CENTRE PLAZA DR,279,E,N,A,-,N,NA,NA,NA,NA,NA,NA,NA,NA,NA,Y,4,0,2,2,A,-,09,21801,A,N,A,C,A,A,H,-,A,A,0,NA,NA,NA,NA,Y,NA,-,NA,0,0,2,0,0,0,0,0,0,-,-,NA,NA,LOS ANGELES,MONTEREY PARK,-118.16702652,34.06042634
7109467,2015,2015-11-17,1948,2015-07-17,1157,431,1948,5,5,5,1948,0,0,0,NA,0,004,POTRERO GRANDE DR,SATURN ST,1115,W,N,A,-,N,NA,NA,NA,NA,NA,NA,NA,NA,NA,N,4,0,1,4,A,-,03,22350,NA,N,C,C,A,A,H,-,A,D,0,NA,NA,NA,NA,Y,NA,-,NA,0,0,1,0,0,0,0,0,0,-,-,NA,NA,LOS ANGELES,MONTEREY PARK,-118.11147233,34.03805845
7109471,2015,2015-11-18,1948,2015-07-22,1106,419C,1948,3,5,5,1948,0,0,0,NA,0,002,WEST GARVEY AV,S YNEZ AV,39,W,N,A,-,N,NA,NA,NA,NA,NA,NA,NA,NA,NA,Y,4,0,1,3,A,-,07,21658,A,N,B,E,A,A,H,-,A,A,0,NA,NA,NA,NA,Y,NA,A,01,0,0,1,0,0,0,0,0,0,-,-,NA,NA,LOS ANGELES,MONTEREY PARK,-118.12926849,34.06241913
7109482,2015,2015-11-16,1948,2015-06-17,1651,412,1948,3,5,5,1948,0,0,0,NA,0,001,ATLANTIC BL,EL PORTAL PL,150,N,N,A,-,N,NA,NA,NA,NA,NA,NA,NA,NA,NA,Y,3,0,1,2,A,-,05,21650,NA,N,A,C,A,A,H,-,A,D,0,NA,NA,NA,NA,Y,NA,-,NA,0,1,0,0,0,0,0,0,0,-,-,NA,NA,LOS ANGELES,MONTEREY PARK,-118.13596873,34.05439777
7109490,2015,2015-11-17,1948,2015-07-16,1834,442,1948,4,5,5,1948,0,0,0,NA,0,001,MONTEREY PASS RD,FREEMAN AV,0,NA,Y,A,-,N,NA,NA,NA,NA,NA,NA,NA,NA,NA,Y,4,0,2,2,A,-,09,21801,A,N,A,C,A,A,H,-,A,A,0,NA,NA,NA,NA,Y,NA,-,NA,0,0,2,0,0,0,0,0,0,-,-,NA,NA,LOS ANGELES,MONTEREY PARK,NA,NA
7109494,2015,2015-11-17,1948,2015-07-16,2106,388,1948,4,5,5,1948,0,0,0,NA,0,004,EAST NEWMARK AV,POMELO AV,134,E,N,A,-,N,NA,NA,NA,NA,NA,NA,NA,NA,NA,N,3,0,1,2,A,-,10,21954,B,N,B,B,D,A,H,-,A,D,0,Y,NA,NA,NA,Y,NA,-,NA,0,1,0,0,1,0,0,0,0,-,-,NA,NA,LOS ANGELES,MONTEREY PARK,-118.10981855,34.05985592
7109498,2015,2015-11-17,1948,2015-07-11,1655,431,1948,6,5,5,1948,0,0,0,NA,0,004,ACKLEY ST,ALISAR AV,305,E,N,A,-,N,NA,NA,NA,NA,NA,NA,NA,NA,NA,Y,3,0,2,3,A,-,03,22350,NA,N,A,E,A,A,H,-,A,D,0,NA,NA,NA,NA,Y,Y,-,NA,0,1,1,0,0,0,0,0,0,-,-,NA,NA,LOS ANGELES,MONTEREY PARK,-118.10656651,34.04444037
7109502,2015,2015-11-17,1948,2015-07-08,2001,437,1948,3,5,5,1948,0,0,0,NA,0,004,POMONA BL,WILCOX AV,0,NA,Y,A,-,N,NA,NA,NA,NA,NA,NA,NA,NA,NA,Y,4,0,2,2,A,-,12,21453,A,N,D,C,A,A,H,-,B,A,0,NA,NA,NA,NA,Y,NA,-,NA,0,0,2,0,0,0,0,0,0,-,-,NA,NA,LOS ANGELES,MONTEREY PARK,-118.12507002,34.03361011
7109518,2015,2015-11-17,1948,2015-07-05,1924,442,1948,7,5,5,1948,0,0,0,NA,0,001,ATLANTIC BL,EMERSON AV,36,N,N,A,-,N,NA,NA,NA,NA,NA,NA,NA,NA,NA,N,4,0,1,2,A,-,03,22350,NA,M,C,C,A,A,H,-,A,A,0,NA,NA,NA,NA,Y,NA,-,NA,0,0,1,0,0,0,0,0,0,-,-,NA,NA,LOS ANGELES,MONTEREY PARK,-118.13433,34.06620872
7109527,2015,2015-11-30,1953,2015-06-16,2121,5281,1953,2,5,6,1953,0,0,0,NA,0,005,CORSON ST,EL MOLINO AV,0,NA,Y,A,-,N,NA,NA,NA,NA,NA,NA,NA,NA,NA,Y,4,0,2,2,A,-,12,21453,A,N,D,C,A,A,H,-,C,A,0,NA,NA,NA,NA,Y,NA,-,-,0,0,2,0,0,0,0,0,0,-,-,NA,NA,LOS ANGELES,PASADENA,-118.13690004,34.15125008
7109557,2015,2015-12-01,1948,2015-05-25,1103,398,1948,1,5,5,1948,0,0,0,NA,0,003,ATLANTIC BL,EL MERCADO AV,301,N,N,A,-,N,NA,NA,NA,NA,NA,NA,NA,NA,NA,Y,4,0,1,2,A,-,08,22107,NA,N,B,C,A,A,H,-,A,D,0,NA,NA,NA,NA,Y,NA,A,01,0,0,1,0,0,0,0,0,0,-,-,NA,NA,LOS ANGELES,MONTEREY PARK,-118.13726459,34.05224742
7109668,2015,2016-01-14,1900,2015-09-29,1245,528678,1512,2,5,5,1954,0,0,0,NA,0,151T1D,WHITTIER BL,CHURCH ST,31,W,N,A,-,N,NA,NA,NA,NA,NA,NA,NA,NA,NA,Y,4,0,3,2,A,-,21,22106,NA,N,C,C,A,A,H,-,A,A,0,NA,NA,NA,NA,Y,NA,A,08,0,0,3,0,0,0,0,0,0,-,-,NA,NA,LOS ANGELES,PICO RIVERA,-118.07712987,33.99849028
7109861,2015,2016-01-21,1942,2015-11-01,0045,30083,0153,7,5,7,1942,0,0,0,A,0,11T21,7TH ST,SPRING ST,0,NA,Y,A,-,N,NA,NA,NA,NA,NA,NA,NA,NA,NA,Y,3,0,10,9,A,-,01,23152,A,N,B,C,F,A,H,-,C,D,0,Y,NA,Y,NA,Y,Y,D,22,0,3,7,0,5,0,0,0,1,-,-,NA,NA,LOS ANGELES,LOS ANGELES,-118.25233009,34.04454
7109881,2015,2015-11-18,1942,2015-10-20,1630,36698,1385,2,5,7,1942,0,0,0,M,0,11TL32,CENTRAL AV,57TH ST,10,S,N,A,-,N,NA,NA,NA,NA,NA,NA,NA,NA,NA,Y,4,0,4,4,A,-,03,22350,NA,N,C,C,A,A,H,-,A,D,0,NA,NA,NA,NA,Y,NA,A,01,0,0,4,0,0,0,0,0,0,-,-,NA,NA,LOS ANGELES,LOS ANGELES,-118.25645,33.99107258
7109885,2015,2015-11-23,1942,2015-10-22,0650,31152,1309,4,5,7,1942,0,0,0,M,0,11TL25,7TH ST,MATEO ST,60,W,N,A,-,N,NA,NA,NA,NA,NA,NA,NA,NA,NA,Y,3,0,1,2,A,-,03,22350,NA,N,C,C,A,A,H,-,B,D,0,NA,NA,NA,Y,Y,NA,A,01,0,1,0,0,0,0,0,0,0,-,-,NA,NA,LOS ANGELES,LOS ANGELES,-118.23249764,34.0346
7109887,2015,2015-11-19,1942,2015-10-27,1300,38282,0765,2,5,7,1942,0,0,0,G,0,20TL59,LA BREA AV,PICO BL,25,N,N,A,-,N,NA,NA,NA,NA,NA,NA,NA,NA,NA,Y,4,0,1,3,A,-,05,21460,A,N,B,C,A,A,H,-,A,A,0,NA,NA,NA,NA,Y,NA,A,01,0,0,1,0,0,0,0,0,0,-,-,NA,NA,LOS ANGELES,LOS ANGELES,-118.34463529,34.04795541