CASE_ID,ACCIDENT_YEAR,PROC_DATE,JURIS,COLLISION_DATE,COLLISION_TIME,OFFICER_ID,REPORTING_DISTRICT,DAY_OF_WEEK,CHP_SHIFT,POPULATION,CNTY_CITY_LOC,SPECIAL_COND,BEAT_TYPE,CHP_BEAT_TYPE,CITY_DIVISION_LAPD,CHP_BEAT_CLASS,BEAT_NUMBER,PRIMARY_RD,SECONDARY_RD,DISTANCE,DIRECTION,INTERSECTION,WEATHER_1,WEATHER_2,STATE_HWY_IND,CALTRANS_COUNTY,CALTRANS_DISTRICT,STATE_ROUTE,ROUTE_SUFFIX,POSTMILE_PREFIX,POSTMILE,LOCATION_TYPE,RAMP_INTERSECTION,SIDE_OF_HWY,TOW_AWAY,COLLISION_SEVERITY,NUMBER_KILLED,NUMBER_INJURED,PARTY_COUNT,PRIMARY_COLL_FACTOR,PCF_CODE_OF_VIOL,PCF_VIOL_CATEGORY,PCF_VIOLATION,PCF_VIOL_SUBSECTION,HIT_AND_RUN,TYPE_OF_COLLISION,MVIW,PED_ACTION,ROAD_SURFACE,ROAD_COND_1,ROAD_COND_2,LIGHTING,CONTROL_DEVICE,CHP_ROAD_TYPE,PEDESTRIAN_ACCIDENT,BICYCLE_ACCIDENT,MOTORCYCLE_ACCIDENT,TRUCK_ACCIDENT,NOT_PRIVATE_PROPERTY,ALCOHOL_INVOLVED,STWD_VEHTYPE_AT_FAULT,CHP_VEHTYPE_AT_FAULT,COUNT_SEVERE_INJ,COUNT_VISIBLE_INJ,COUNT_COMPLAINT_PAIN,COUNT_PED_KILLED,COUNT_PED_INJURED,COUNT_BICYCLIST_KILLED,COUNT_BICYCLIST_INJURED,COUNT_MC_KILLED,COUNT_MC_INJURED,PRIMARY_RAMP,SECONDARY_RAMP,LATITUDE,LONGITUDE,COUNTY,CITY,POINT_X,POINT_Y
7109891,2015,2017-02-01,1942,2015-10-27,1315,37613,1433,2,5,7,1942,0,0,0,N,0,14TL54,LINCOLN BL,LUCILLE AV,22,N,N,A,-,Y,LA,7,1,-,-,32.26,H,-,S,N,4,0,1,2,A,-,08,22107,NA,N,D,C,A,A,H,-,A,A,0,NA,NA,NA,NA,Y,NA,A,01,0,0,1,0,0,0,0,0,0,-,-,NA,NA,LOS ANGELES,LOS ANGELES,-118.45422663,33.99470494
7109899,2015,2015-11-17,1942,2015-10-23,2350,41822,RD140,5,5,7,1942,0,0,0,NA,0,14A13,NATIONA BL,SEPULVEDA BL,18,W,N,A,-,N,NA,NA,NA,NA,NA,NA,NA,NA,NA,Y,4,0,1,2,A,-,08,22100,NA,N,B,C,A,A,H,-,C,A,0,NA,NA,NA,NA,Y,NA,A,01,0,0,1,0,0,0,0,0,0,-,-,NA,NA,LOS ANGELES,LOS ANGELES,-118.42871345,34.02733862
7109900,2015,2015-11-23,1942,2015-11-02,1720,31934,1723,1,5,7,1942,0,0,0,Q,0,17495,DE SOTO AV,SAN JOSE ST,150,S,N,C,-,N,NA,NA,NA,NA,NA,NA,NA,NA,NA,Y,4,0,1,5,A,-,03,22350,NA,F,C,C,A,B,H,-,D,D,0,NA,NA,NA,NA,Y,NA,-,99,0,0,1,0,0,0,0,0,0,-,-,NA,NA,LOS ANGELES,LOS ANGELES,-118.58859,34.26044851
7109912,2015,2015-11-20,1900,2015-10-28,0801,524061,0561,3,5,3,1968,0,0,0,NA,0,55T1AM,SANTA ANITA AV,MERCED AV,0,NA,Y,A,-,N,NA,NA,NA,NA,NA,NA,NA,NA,NA,Y,3,0,2,2,A,-,09,21801,A,N,A,C,A,A,H,-,A,A,0,NA,NA,NA,NA,Y,NA,A,07,0,2,0,0,0,0,0,0,0,-,-,NA,NA,LOS ANGELES,SOUTH EL MONTE,-118.05005010000001,34.04089008
7109930,2015,2016-01-28,1942,2015-10-14,1720,26514,477,3,5,7,1942,0,0,0,NA,0,A97,WHITTIER BL,SOTO ST,50,W,N,A,-,N,NA,NA,NA,NA,NA,NA,NA,NA,NA,N,4,0,1,2,D,-,00,NA,NA,N,-,C,A,A,H,-,A,D,0,NA,NA,NA,NA,Y,NA,-,-,0,0,1,0,0,0,0,0,0,-,-,NA,NA,LOS ANGELES,LOS ANGELES,-118.21584568,34.03443396
7110002,2015,2015-11-16,1900,2015-08-28,0715,430275,1618,5,5,5,1977,0,0,0,NA,0,160T,223 ST,GRACE AV,0,NA,Y,A,-,N,NA,NA,NA,NA,NA,NA,NA,NA,NA,Y,4,0,4,3,A,-,09,21801,A,N,D,C,A,A,H,-,A,A,0,NA,NA,NA,NA,Y,NA,A,01,0,0,4,0,0,0,0,0,0,-,-,NA,NA,LOS ANGELES,CARSON,-118.268039,33.824216
7110006,2015,2015-11-13,1900,2015-08-27,0709,506392,1623,4,5,5,1977,0,0,0,NA,0,164T,224TH ST,RAVENNA AV,74,E,N,A,-,N,NA,NA,NA,NA,NA,NA,NA,NA,NA,N,4,0,1,2,A,-,11,21954,A,N,G,B,D,A,H,-,A,D,0,Y,NA,NA,NA,Y,NA,N,60,0,0,1,0,1,0,0,0,0,-,-,NA,NA,LOS ANGELES,CARSON,-118.26863684,33.82333
7110009,2015,2015-11-14,1942,2015-08-18,1320,41820,5A17,2,5,7,1942,0,0,0,NA,0,0557,GRAND AV,7TH ST,0,NA,Y,A,-,N,NA,NA,NA,NA,NA,NA,NA,NA,NA,N,4,0,1,2,A,-,12,22450,A,F,G,B,B,A,-,-,A,A,0,Y,NA,NA,NA,Y,NA,-,99,0,0,1,0,1,0,0,0,0,-,-,NA,NA,LOS ANGELES,LOS ANGELES,-118.29016007,33.73787005
7110010,2015,2015-11-13,1900,2015-08-18,1755,536378,1628,2,5,5,1977,0,0,0,NA,0,167T1,CARSON ST,BONITA ST,600,E,N,A,-,N,NA,NA,NA,NA,NA,NA,NA,NA,NA,Y,4,0,1,2,A,-,04,21703,NA,N,C,C,A,A,H,-,A,D,0,NA,NA,NA,NA,Y,NA,A,07,0,0,1,0,0,0,0,0,0,-,-,NA,NA,LOS ANGELES,CARSON,-118.25733824,33.83163
7110014,2015,2015-11-13,1900,2015-08-28,0900,512477,1617,5,5,5,1977,0,0,0,NA,0,168T,FIGUEROA ST,220TH ST,0,NA,Y,A,-,N,NA,NA,NA,NA,NA,NA,NA,NA,NA,Y,4,0,1,2,A,-,12,21453,A,M,D,C,A,A,H,-,A,A,0,NA,NA,NA,NA,Y,NA,A,01,0,0,1,0,0,0,0,0,0,-,-,NA,NA,LOS ANGELES,CARSON,-118.28599,33.828
7110018,2015,2015-11-14,1900,2015-08-24,1545,507487,1624,1,5,5,1977,0,0,0,NA,0,167A,AVALON BL,SCOTTSDALE DR,0,NA,Y,A,-,N,NA,NA,NA,NA,NA,NA,NA,NA,NA,Y,4,0,3,2,A,-,09,21801,A,N,D,C,A,A,H,-,A,A,0,NA,NA,NA,NA,Y,NA,A,01,0,0,3,0,0,0,0,0,0,-,-,NA,NA,LOS ANGELES,CARSON,-118.26400013,33.81273004
7110019,2015,2015-11-14,1907,2015-08-19,0525,226,BG,3,5,4,1907,0,0,0,NA,0,NA,FLORENCE AV,FLORENCE BRIDGE,100,W,N,A,-,N,NA,NA,NA,NA,NA,NA,NA,NA,NA,Y,4,0,1,3,A,-,03,22350,NA,F,C,C,A,A,H,-,C,D,0,NA,NA,NA,NA,Y,NA,-,NA,0,0,1,0,0,0,0,0,0,-,-,NA,NA,LOS ANGELES,BELL,-118.20331501,33.97192334
7110022,2015,2015-11-13,1900,2015-08-15,2030,514205,1610,6,5,5,1977,0,0,0,NA,0,0FM,ALBETONI ST,MAIN ST,0,NA,Y,A,-,N,NA,NA,NA,NA,NA,NA,NA,NA,NA,N,4,0,2,3,A,-,11,21956,A,N,B,B,E,A,H,-,D,A,0,Y,NA,NA,NA,Y,Y,N,60,0,0,2,0,2,0,0,0,0,-,-,NA,NA,LOS ANGELES,CARSON,-118.27548008,33.87125006
7110027,2015,2015-11-14,1900,2015-08-24,1711,517840,2607,1,5,6,1950,0,0,0,NA,0,264T1,40TH ST EAST,AVENUE S,0,NA,Y,A,-,N,NA,NA,NA,NA,NA,NA,NA,NA,NA,Y,3,0,1,2,A,-,01,23152,A,N,D,C,A,A,H,-,A,A,0,NA,NA,NA,NA,Y,Y,A,07,0,1,0,0,0,0,0,0,0,-,-,NA,NA,LOS ANGELES,PALMDALE,-118.05857006,34.55810008
7110030,2015,2015-11-14,1900,2015-08-29,0940,257075,0813,6,5,4,1960,0,0,0,NA,0,81K2,RABORN ST,SHAFTSBURY AV,39,W,N,A,-,N,NA,NA,NA,NA,NA,NA,NA,NA,NA,N,3,0,1,2,A,-,21,22106,NA,N,D,C,A,A,H,-,A,D,0,NA,NA,NA,NA,Y,NA,A,07,0,1,0,0,0,0,0,0,0,-,-,NA,NA,LOS ANGELES,SAN DIMAS,-117.79586853,34.11676925
7110034,2015,2015-11-14,1900,2015-08-14,2004,448684,0814,5,5,4,1960,0,0,0,NA,0,81K1,ARROW HWY,SAN DIMAS AV,0,NA,Y,A,-,N,NA,NA,NA,NA,NA,NA,NA,NA,NA,N,4,0,1,2,A,-,10,21950,A,N,G,B,B,A,H,-,B,A,0,Y,NA,NA,NA,Y,NA,A,07,0,0,1,0,1,0,0,0,0,-,-,NA,NA,LOS ANGELES,SAN DIMAS,-117.80713006,34.10311009
7110037,2015,2015-11-13,1900,2015-08-25,0843,506392,1611,2,5,5,1977,0,0,0,NA,0,164T,CENTRAL AV,WALNUT ST,450,N,N,A,-,N,NA,NA,NA,NA,NA,NA,NA,NA,NA,N,4,0,1,2,A,-,08,22107,NA,N,D,C,A,A,H,-,A,D,0,NA,NA,NA,NA,Y,NA,A,01,0,0,1,0,0,0,0,0,0,-,-,NA,NA,LOS ANGELES,CARSON,-118.2487935,33.87673411
7110041,2015,2015-11-16,1942,2015-10-16,1130,35688,0358,5,5,7,1942,0,0,0,C,0,3T5,FIGUEROA ST,ESPOSITION BL,0,NA,Y,A,-,N,NA,NA,NA,NA,NA,NA,NA,NA,NA,N,4,0,2,2,A,-,09,21801,A,N,A,C,A,A,H,-,A,A,0,NA,NA,NA,NA,Y,NA,A,01,0,0,2,0,0,0,0,0,0,-,-,NA,NA,LOS ANGELES,LOS ANGELES,-118.28242,34.01815
7110046,2015,2015-11-16,1955,2015-10-11,1917,41161,0030,7,5,6,1955,0,0,0,NA,0,002,EAST FOOTHILL BL,SUMNER AV,18,NA,N,A,-,N,NA,NA,NA,NA,NA,NA,NA,NA,NA,N,3,0,1,2,A,-,11,21954,A,N,G,B,D,A,-,-,C,A,0,Y,NA,NA,NA,Y,Y,N,60,0,1,0,0,1,0,0,0,0,-,-,NA,NA,LOS ANGELES,POMONA,-117.74212011,34.10711003
7110050,2015,2015-11-16,1955,2015-10-22,0857,30405,0083,4,5,6,1955,0,0,0,NA,0,005,WHITE AV,LEXINGTON AV,0,NA,Y,A,-,N,NA,NA,NA,NA,NA,NA,NA,NA,NA,N,4,0,1,2,A,-,10,21950,A,N,G,B,B,A,H,-,A,A,0,Y,NA,NA,NA,Y,NA,A,08,0,0,1,0,1,0,0,0,0,-,-,NA,NA,LOS ANGELES,POMONA,-117.75813011,34.03668007
7110081,2015,2015-11-18,1942,2015-11-03,0730,37398,461,2,5,7,1942,0,0,0,NA,0,11T32,4TH ST,BOYLE AV,245,W,N,A,-,N,NA,NA,NA,NA,NA,NA,NA,NA,NA,N,4,0,1,2,A,-,04,21703,NA,N,C,D,A,A,H,-,A,D,0,NA,NA,Y,NA,Y,NA,C,02,0,0,1,0,0,0,0,0,0,-,-,NA,NA,LOS ANGELES,LOS ANGELES,-118.22044543,34.04301684
7110084,2015,2015-11-18,1900,2015-11-01,1425,512477,1622,7,5,5,1977,0,0,0,NA,0,168T,DOMINGUEZ ST,HARBOR VIEW AV,0,NA,Y,A,-,N,NA,NA,NA,NA,NA,NA,NA,NA,NA,N,4,0,1,2,A,-,12,22450,A,M,D,C,A,A,H,-,A,A,0,NA,NA,NA,NA,Y,NA,A,01,0,0,1,0,0,0,0,0,0,-,-,NA,NA,LOS ANGELES,CARSON,-118.22173001,33.83920007
7110085,2015,2015-11-18,1942,2015-11-02,1645,39889,0457,1,5,7,1942,0,0,0,D,0,11TL32,CESAR E CHAVEZ AV,MOTT ST,221,W,N,A,-,N,NA,NA,NA,NA,NA,NA,NA,NA,NA,Y,4,0,2,2,A,-,09,21804,A,N,D,C,A,A,H,-,C,D,0,NA,NA,NA,NA,Y,NA,A,01,0,0,2,0,0,0,0,0,0,-,-,NA,NA,LOS ANGELES,LOS ANGELES,-118.20471335,34.04546334
7110087,2015,2015-11-18,1942,2015-11-03,2100,40003,0397,2,5,7,1942,0,0,0,C,0,3T5,MARTIN LUTHER KING BL,WALTON,60,E,N,A,-,N,NA,NA,NA,NA,NA,NA,NA,NA,NA,Y,3,0,2,2,A,-,09,21801,A,N,A,C,A,A,H,-,D,D,0,NA,NA,NA,NA,Y,NA,A,01,0,2,0,0,0,0,0,0,0,-,-,NA,NA,LOS ANGELES,LOS ANGELES,-118.2939024,34.01087
7110088,2015,2015-11-18,1900,2015-11-03,1845,524692,2914,2,5,4,1974,0,0,0,NA,0,291K1,AMAR RD,WILDCAT CANYON RD,36,W,N,B,-,N,NA,NA,NA,NA,NA,NA,NA,NA,NA,N,4,0,1,4,A,-,03,22350,NA,N,C,C,A,B,H,-,C,D,0,NA,NA,NA,NA,Y,NA,A,07,0,0,1,0,0,0,0,0,0,-,-,NA,NA,LOS ANGELES,WALNUT,-117.8613477,34.03802177
7110089,2015,2015-11-18,1942,2015-11-03,0920,37398,453,2,5,7,1942,0,0,0,NA,0,11T32,STATE ST,1ST ST,158,N,N,A,-,N,NA,NA,NA,NA,NA,NA,NA,NA,NA,N,4,0,1,2,A,-,09,21804,A,N,D,B,E,A,H,-,A,D,0,Y,NA,NA,NA,Y,NA,A,08,0,0,1,0,1,0,0,0,0,-,-,NA,NA,LOS ANGELES,LOS ANGELES,-118.21744,34.04654
7110093,2015,2015-11-18,1942,2015-11-01,1300,31288,0355,7,5,7,1942,0,0,0,C,0,3T57,JEFFERSON BL,CIMARRON,0,NA,Y,A,-,N,NA,NA,NA,NA,NA,NA,NA,NA,NA,N,4,0,4,2,A,-,03,22350,NA,F,C,C,A,A,H,-,A,D,0,NA,NA,NA,NA,Y,NA,-,99,0,0,4,0,0,0,0,0,0,-,-,NA,NA,LOS ANGELES,LOS ANGELES,-118.31559003,34.02555004
7110095,2015,2015-11-18,1925,2015-11-03,1107,24111,237,2,5,6,1925,0,0,0,NA,0,004,BROADWAY,GLENDALE AV,0,NA,Y,A,-,N,NA,NA,NA,NA,NA,NA,NA,NA,NA,N,4,0,1,2,A,-,10,21950,A,N,G,B,B,A,H,-,A,A,0,Y,NA,NA,NA,Y,NA,A,01,0,0,1,0,1,0,0,0,0,-,-,NA,NA,LOS ANGELES,GLENDALE,-118.24719008,34.1463001
7110098,2015,2017-02-02,1956,2015-11-02,1200,1226,50,1,5,5,1956,0,0,0,NA,0,005,RT 107,182ND ST,800,N,N,B,-,Y,LA,7,107,-,-,4.32,I,5,S,Y,4,0,1,2,A,-,09,21804,A,N,D,C,A,A,H,-,A,D,0,NA,NA,NA,NA,Y,NA,A,01,0,0,1,0,0,0,0,0,0,-,-,NA,NA,LOS ANGELES,REDONDO BEACH,-118.35265819,33.86741692
7110099,2015,2015-11-18,1925,2015-11-03,1453,24111,239,2,5,6,1925,0,0,0,NA,0,004,VERDUGO RD,STANLEY AV,0,NA,Y,A,-,N,NA,NA,NA,NA,NA,NA,NA,NA,NA,Y,4,0,1,2,A,-,09,21802,A,N,D,C,A,A,H,-,A,A,0,NA,NA,NA,NA,Y,NA,A,01,0,0,1,0,0,0,0,0,0,-,-,NA,NA,LOS ANGELES,GLENDALE,-118.23582005,34.14901002
7110103,2015,2015-11-18,1925,2015-11-03,1540,22458,279,2,5,6,1925,0,0,0,NA,0,003,CHEVY CHASE DR,GLENDALE AV,211,E,N,B,-,N,NA,NA,NA,NA,NA,NA,NA,NA,NA,N,4,0,1,2,A,-,03,22350,NA,N,C,C,A,A,H,-,A,D,0,NA,NA,NA,NA,Y,NA,A,07,0,0,1,0,0,0,0,0,0,-,-,NA,NA,LOS ANGELES,GLENDALE,-118.25129429,34.13353
7110106,2015,2015-11-18,1962,2015-11-01,1745,102,1962,7,5,4,1962,0,0,0,NA,0,025,SAN GABRIEL BL,VALLEY BL,62,S,N,A,-,N,NA,NA,NA,NA,NA,NA,NA,NA,NA,Y,3,0,4,5,A,-,03,22350,NA,N,C,C,A,A,H,-,C,A,0,NA,NA,NA,NA,Y,NA,A,07,0,2,2,0,0,0,0,0,0,-,-,NA,NA,LOS ANGELES,SAN GABRIEL,-118.09075,34.07999
7110107,2015,2015-11-18,1925,2015-11-02,0119,21753,278,1,5,6,1925,0,0,0,NA,0,002,SAN FERNANDO RD,CERRITOS AV,183,N,N,B,-,N,NA,NA,NA,NA,NA,NA,NA,NA,NA,Y,3,0,2,1,A,-,08,22107,NA,N,A,I,A,A,H,-,C,D,0,NA,NA,NA,NA,Y,NA,A,01,0,2,0,0,0,0,0,0,0,-,-,NA,NA,LOS ANGELES,GLENDALE,-118.25696752,34.12573752
7110112,2015,2015-11-18,1942,2015-11-02,1725,38357,0291,1,5,7,1942,0,0,0,B,0,4TL4,VENICE BL,COURTLAND AV,30,E,N,C,-,N,NA,NA,NA,NA,NA,NA,NA,NA,NA,N,3,0,1,2,A,-,11,21955,NA,N,G,B,D,B,H,-,C,D,0,Y,NA,NA,NA,Y,NA,N,60,0,1,0,0,1,0,0,0,0,-,-,NA,NA,LOS ANGELES,LOS ANGELES,-118.28377421,34.04365915
7110115,2015,2015-11-18,1900,2015-11-01,0711,441896,2116,7,5,5,1943,0,0,0,NA,0,212T4,SANTA FE AV,EL SEGUNDO BL,0,NA,Y,A,-,N,NA,NA,NA,NA,NA,NA,NA,NA,NA,N,4,0,1,2,A,-,12,21453,A,N,D,C,A,A,H,-,A,A,0,NA,NA,NA,NA,Y,NA,A,01,0,0,1,0,0,0,0,0,0,-,-,NA,NA,LOS ANGELES,LYNWOOD,-118.21753002,33.91681011
7110116,2015,2015-11-18,1942,2015-11-02,0655,31324,0265,1,5,7,1942,0,0,0,B,0,11TL32,8TH ST,ALVARADO ST,184,E,N,B,-,N,NA,NA,NA,NA,NA,NA,NA,NA,NA,N,4,0,1,2,A,-,00,21955,A,N,G,B,D,A,H,-,B,A,0,Y,NA,NA,NA,Y,NA,N,60,0,0,1,0,1,0,0,0,0,-,-,NA,NA,LOS ANGELES,LOS ANGELES,-118.2773076,34.05464859
7110118,2015,2015-11-18,1942,2015-11-02,0910,31814,0378,1,5,7,1942,0,0,0,C,0,3TL5,MARTIN LUTHER KING JR BL,HOOVER,25,W,N,A,-,N,NA,NA,NA,NA,NA,NA,NA,NA,NA,Y,3,0,1,2,A,-,03,22350,NA,N,C,C,A,A,H,-,A,A,0,NA,NA,NA,NA,Y,NA,A,01,0,1,0,0,0,0,0,0,0,-,-,NA,NA,LOS ANGELES,LOS ANGELES,-118.25223232,34.01121901
7110119,2015,2015-11-18,1900,2015-11-02,1940,505176,2113,1,5,5,1943,0,0,0,NA,0,212T2,IMPERIAL HWY,COLYER AV,58,E,N,C,-,N,NA,NA,NA,NA,NA,NA,NA,NA,NA,N,3,0,1,1,A,-,03,22350,NA,N,E,I,A,B,H,-,C,D,0,NA,NA,NA,NA,Y,NA,A,01,0,1,0,0,0,0,0,0,0,-,-,NA,NA,LOS ANGELES,LYNWOOD,-118.19103999,33.93126538
7110120,2015,2015-11-18,1942,2015-11-03,0930,40726,0233,2,5,7,1942,0,0,0,B,0,1TL11,BEVERLY BL,BENTON WY,0,NA,Y,A,-,N,NA,NA,NA,NA,NA,NA,NA,NA,NA,Y,4,0,1,2,A,-,12,21453,A,N,D,C,A,A,H,-,A,A,0,NA,NA,NA,NA,Y,NA,-,-,0,0,1,0,0,0,0,0,0,-,-,NA,NA,LOS ANGELES,LOS ANGELES,-118.27766008,34.06987011
7110130,2015,2015-11-14,1925,2015-10-27,0008,19693,172,2,5,6,1925,0,0,0,NA,0,001,GLENOAKS BL,KENILWORTH AV,169,W,N,A,-,N,NA,NA,NA,NA,NA,NA,NA,NA,NA,Y,3,0,1,2,A,-,03,22350,NA,N,F,E,A,A,H,-,C,A,0,NA,NA,Y,NA,Y,NA,C,02,0,1,0,0,0,0,0,0,1,-,-,NA,NA,LOS ANGELES,GLENDALE,-118.26765446,34.15982864
7110134,2015,2015-11-14,1925,2015-10-21,1000,21092,199,3,5,6,1925,0,0,0,NA,0,001,FLOWER ST,SONORA AV,0,NA,Y,A,-,N,NA,NA,NA,NA,NA,NA,NA,NA,NA,Y,3,0,1,2,A,-,12,21453,A,N,D,C,A,A,H,-,A,A,0,NA,NA,NA,NA,Y,NA,A,01,0,1,0,0,0,0,0,0,0,-,-,NA,NA,LOS ANGELES,GLENDALE,-118.29147001,34.16296003
7110138,2015,2015-11-14,1925,2015-10-25,0334,17837,172,7,5,6,1925,0,0,0,NA,0,001,PACIFIC AV,SOUTH ST,0,NA,Y,A,-,N,NA,NA,NA,NA,NA,NA,NA,NA,NA,Y,4,0,1,3,A,-,01,23152,A,N,C,E,A,A,H,-,C,D,0,NA,NA,NA,NA,Y,Y,A,07,0,0,1,0,0,0,0,0,0,-,-,NA,NA,LOS ANGELES,GLENDALE,-118.26476,34.16238008
7110142,2015,2015-11-14,1925,2015-10-21,1020,20089,267,3,5,6,1925,0,0,0,NA,0,002,COLUMBUS AV,LOMITA AV,0,NA,Y,A,-,N,NA,NA,NA,NA,NA,NA,NA,NA,NA,N,4,0,1,2,A,-,09,21804,A,N,D,G,A,A,H,-,A,A,0,NA,Y,NA,NA,Y,NA,L,04,0,0,1,0,0,0,1,0,0,-,-,NA,NA,LOS ANGELES,GLENDALE,-118.26082006,34.13992012
7110146,2015,2015-11-14,1925,2015-10-20,1657,24111,217,2,5,6,1925,0,0,0,NA,0,2T40,BROADWAY,SAN FERNANDO RD,0,NA,Y,A,-,N,NA,NA,NA,NA,NA,NA,NA,NA,NA,N,4,0,2,3,A,-,09,21801,A,N,D,C,A,A,H,-,A,A,0,NA,NA,NA,NA,Y,NA,A,01,0,0,2,0,0,0,0,0,0,-,-,NA,NA,LOS ANGELES,GLENDALE,-118.2718301,34.14678005
7110150,2015,2015-11-14,1925,2015-10-29,1523,21092,150,4,5,6,1925,0,0,0,NA,0,004,CANADA BL,TOWNE ST,0,NA,Y,A,-,N,NA,NA,NA,NA,NA,NA,NA,NA,NA,Y,4,0,2,2,A,-,09,21801,A,N,A,C,A,A,H,-,A,A,0,NA,NA,NA,NA,Y,NA,-,-,0,0,2,0,0,0,0,0,0,-,-,NA,NA,LOS ANGELES,GLENDALE,-118.22908011,34.1696001
7110154,2015,2015-11-14,1925,2015-10-29,0808,19364,280,4,5,6,1925,0,0,0,NA,0,003,CHEVY CHASE DR,BOYNTON ST,625,E,N,A,-,N,NA,NA,NA,NA,NA,NA,NA,NA,NA,N,3,0,1,2,A,-,06,21750,A,N,B,G,A,A,H,-,A,D,0,NA,Y,NA,NA,Y,NA,A,01,0,1,0,0,0,0,1,0,0,-,-,NA,NA,LOS ANGELES,GLENDALE,-118.24703285,34.13379956
7110158,2015,2015-11-14,1925,2015-10-23,1357,22598,227,5,5,6,1925,0,0,0,NA,0,004,LOUISE ST,MONTEREY RD,0,NA,Y,A,-,N,NA,NA,NA,NA,NA,NA,NA,NA,NA,Y,3,0,1,2,A,-,12,21453,A,N,D,C,A,A,H,-,A,A,0,NA,NA,NA,NA,Y,NA,A,01,0,1,0,0,0,0,0,0,0,-,-,NA,NA,LOS ANGELES,GLENDALE,-118.25266,34.15741006
7110161,2015,2015-11-18,1925,2015-10-23,1140,22598,3,5,5,6,1925,0,0,0,NA,0,250,GLENDALE AV,COLORADO ST,20,S,N,A,-,N,NA,NA,NA,NA,NA,NA,NA,NA,NA,Y,3,0,1,1,A,-,03,22350,NA,N,F,A,A,A,H,-,A,A,0,NA,NA,Y,NA,Y,NA,C,02,0,1,0,0,0,0,0,0,1,-,-,NA,NA,LOS ANGELES,GLENDALE,-118.24930042,34.14261133
7110164,2015,2015-11-18,1900,2015-10-30,1857,281365,1628,5,5,5,1977,0,0,0,NA,0,164T1,CARSON ST,BONITA ST,45,W,N,A,-,N,NA,NA,NA,NA,NA,NA,NA,NA,NA,N,4,0,1,2,A,-,11,21955,NA,N,G,B,D,A,H,-,C,A,0,Y,NA,NA,NA,Y,NA,N,60,0,0,1,0,1,0,0,0,0,-,-,NA,NA,LOS ANGELES,CARSON,-118.25945788,33.83163
7110165,2015,2015-11-18,1925,2015-10-27,1518,21601,242,2,5,6,1925,0,0,0,NA,0,003,COLORADO ST,PORTER ST,8,E,N,A,-,N,NA,NA,NA,NA,NA,NA,NA,NA,NA,Y,4,0,1,3,A,-,03,22350,NA,N,C,B,-,A,H,-,A,A,0,Y,NA,NA,NA,Y,NA,A,01,0,0,1,0,1,0,0,0,0,-,-,NA,NA,LOS ANGELES,GLENDALE,-118.23732363,34.14268073
7110168,2015,2015-11-18,1900,2015-10-29,1550,281365,1614,4,5,5,1977,0,0,0,NA,0,104T1,MAIN ST,192ND ST,0,NA,Y,A,-,N,NA,NA,NA,NA,NA,NA,NA,NA,NA,Y,3,0,5,2,A,-,09,21801,A,N,D,C,A,A,H,-,A,A,0,NA,NA,NA,NA,Y,NA,A,01,0,3,2,0,0,0,0,0,0,-,-,NA,NA,LOS ANGELES,CARSON,-118.27661009,33.8579801
7110169,2015,2015-11-18,1925,2015-10-26,0755,15427,234,1,5,6,1925,0,0,0,NA,0,004,VERDUGO RD,WOODBURY RD,0,NA,Y,A,-,N,NA,NA,NA,NA,NA,NA,NA,NA,NA,N,4,0,1,2,A,-,09,21801,A,N,D,G,A,A,H,-,A,D,0,NA,Y,NA,NA,Y,NA,A,01,0,0,1,0,0,0,1,0,0,-,-,NA,NA,LOS ANGELES,GLENDALE,-118.23726009,34.15414011
7110172,2015,2015-12-04,1900,2015-10-27,1725,517796,1617,2,5,5,1977,0,0,0,NA,0,167T1,MAIN ST,DOMINGUEZ ST,300,N,N,A,-,N,NA,NA,NA,NA,NA,NA,NA,NA,NA,Y,4,0,1,3,A,-,04,21703,NA,N,C,C,A,A,H,-,B,A,0,NA,NA,NA,NA,Y,NA,A,01,0,0,1,0,0,0,0,0,0,-,-,NA,NA,LOS ANGELES,CARSON,-118.27982017,33.8399617
7110173,2015,2015-11-18,1925,2015-10-19,1926,22000,NA,1,5,6,1925,0,0,0,NA,0,003,SOUTH GLENDORA AV,E LOMITA AV,0,NA,Y,B,-,N,NA,NA,NA,NA,NA,NA,NA,NA,NA,N,3,0,2,2,A,-,09,21453,B,N,D,C,A,A,H,-,C,A,0,NA,NA,NA,NA,Y,NA,A,01,0,1,1,0,0,0,0,0,0,-,-,NA,NA,LOS ANGELES,GLENDALE,-118.250101,34.140867
7110177,2015,2015-12-04,1925,2015-10-29,1400,24111,222,4,5,6,1925,0,0,0,NA,0,002,LEXINGTON DR,CENTRAL AV,0,NA,Y,A,-,N,NA,NA,NA,NA,NA,NA,NA,NA,NA,Y,3,0,2,2,A,-,12,21453,A,N,D,C,A,A,H,-,A,A,0,NA,NA,NA,NA,Y,NA,-,-,0,1,1,0,0,0,0,0,0,-,-,NA,NA,LOS ANGELES,GLENDALE,-118.25791005,34.15170005
7110181,2015,2015-12-04,1925,2015-10-28,0659,14676,266,3,5,6,1925,0,0,0,NA,0,002,SAN FERNANDO RD,ELK AV,0,NA,Y,A,B,N,NA,NA,NA,NA,NA,NA,NA,NA,NA,Y,4,0,3,2,A,-,12,21453,A,N,D,C,A,A,H,-,A,A,0,NA,NA,NA,NA,Y,NA,A,01,0,0,3,0,0,0,0,0,0,-,-,NA,NA,LOS ANGELES,GLENDALE,-118.26918004,34.14167009