CASE_ID,ACCIDENT_YEAR,PROC_DATE,JURIS,COLLISION_DATE,COLLISION_TIME,OFFICER_ID,REPORTING_DISTRICT,DAY_OF_WEEK,CHP_SHIFT,POPULATION,CNTY_CITY_LOC,SPECIAL_COND,BEAT_TYPE,CHP_BEAT_TYPE,CITY_DIVISION_LAPD,CHP_BEAT_CLASS,BEAT_NUMBER,PRIMARY_RD,SECONDARY_RD,DISTANCE,DIRECTION,INTERSECTION,WEATHER_1,WEATHER_2,STATE_HWY_IND,CALTRANS_COUNTY,CALTRANS_DISTRICT,STATE_ROUTE,ROUTE_SUFFIX,POSTMILE_PREFIX,POSTMILE,LOCATION_TYPE,RAMP_INTERSECTION,SIDE_OF_HWY,TOW_AWAY,COLLISION_SEVERITY,NUMBER_KILLED,NUMBER_INJURED,PARTY_COUNT,PRIMARY_COLL_FACTOR,PCF_CODE_OF_VIOL,PCF_VIOL_CATEGORY,PCF_VIOLATION,PCF_VIOL_SUBSECTION,HIT_AND_RUN,TYPE_OF_COLLISION,MVIW,PED_ACTION,ROAD_SURFACE,ROAD_COND_1,ROAD_COND_2,LIGHTING,CONTROL_DEVICE,CHP_ROAD_TYPE,PEDESTRIAN_ACCIDENT,BICYCLE_ACCIDENT,MOTORCYCLE_ACCIDENT,TRUCK_ACCIDENT,NOT_PRIVATE_PROPERTY,ALCOHOL_INVOLVED,STWD_VEHTYPE_AT_FAULT,CHP_VEHTYPE_AT_FAULT,COUNT_SEVERE_INJ,COUNT_VISIBLE_INJ,COUNT_COMPLAINT_PAIN,COUNT_PED_KILLED,COUNT_PED_INJURED,COUNT_BICYCLIST_KILLED,COUNT_BICYCLIST_INJURED,COUNT_MC_KILLED,COUNT_MC_INJURED,PRIMARY_RAMP,SECONDARY_RAMP,LATITUDE,LONGITUDE,COUNTY,CITY,POINT_X,POINT_Y
7110436,2015,2015-11-16,1942,2015-10-20,0745,35393,0558,2,5,7,1942,0,0,0,E,0,3T5,OFARRELL ST,PALOS VERDES ST,125,W,N,A,-,N,NA,NA,NA,NA,NA,NA,NA,NA,NA,Y,4,0,1,2,A,-,09,21804,A,N,D,C,A,A,H,-,A,D,0,NA,NA,NA,NA,Y,NA,A,07,0,0,1,0,0,0,0,0,0,-,-,NA,NA,LOS ANGELES,LOS ANGELES,-118.28216038,33.746
7110438,2015,2015-11-16,1942,2015-10-17,0700,41923,412,6,5,7,1942,0,0,0,NA,0,5A25,LOMITA BL,WESTERN AV,0,NA,Y,B,-,N,NA,NA,NA,NA,NA,NA,NA,NA,NA,N,4,0,2,2,A,-,09,21801,A,N,D,C,A,A,H,-,A,A,0,NA,NA,NA,NA,Y,NA,A,01,0,0,2,0,0,0,0,0,0,-,-,NA,NA,LOS ANGELES,LOS ANGELES,-118.30765,33.79782007
7110439,2015,2015-11-16,1942,2015-10-14,0545,41001,0542,3,5,7,1942,0,0,0,E,0,587,PACIFIC AV,34TH ST,35,S,N,A,-,N,NA,NA,NA,NA,NA,NA,NA,NA,NA,N,3,0,1,2,A,-,07,21658,A,F,C,G,A,A,H,-,C,A,0,NA,Y,NA,NA,Y,NA,-,99,0,1,0,0,0,0,1,0,0,-,-,NA,NA,LOS ANGELES,LOS ANGELES,-118.28794,33.71325401
7110440,2015,2015-11-16,1942,2015-10-17,0015,35936,0583,6,5,7,1942,0,0,0,E,0,3T5,PASEO DEL MAR,WESTERN AV,721,E,N,B,-,N,NA,NA,NA,NA,NA,NA,NA,NA,NA,Y,3,0,1,1,A,-,03,22350,NA,N,E,I,A,A,H,-,C,D,0,NA,NA,NA,NA,Y,NA,A,01,0,1,0,0,0,0,0,0,0,-,-,NA,NA,LOS ANGELES,LOS ANGELES,-118.32012,33.71876
7110442,2015,2015-11-17,1942,2015-10-11,1615,40383,2185,7,5,7,1942,0,0,0,NA,0,19T78,TOPANGA CANYON BL,YBARRA RD,195,N,N,A,-,N,NA,NA,NA,NA,NA,NA,NA,NA,NA,N,4,0,1,2,A,-,10,21950,A,F,G,B,E,-,H,-,A,D,0,Y,NA,NA,NA,Y,NA,-,99,0,0,1,0,1,0,0,0,0,-,-,NA,NA,LOS ANGELES,LOS ANGELES,-118.60581634,34.15496492
7110446,2015,2015-11-18,1942,2015-10-24,0038,36755,1756,6,5,7,1942,0,0,0,Q,0,17T17,DEVONSHIRE ST,AMESTOY ST,30,W,N,A,-,N,NA,NA,NA,NA,NA,NA,NA,NA,NA,N,4,0,1,2,A,-,03,22350,NA,F,C,C,A,A,H,-,C,A,0,NA,NA,NA,NA,Y,NA,-,99,0,0,1,0,0,0,0,0,0,-,-,NA,NA,LOS ANGELES,LOS ANGELES,-118.50683911,34.25755
7110450,2015,2015-11-18,1942,2015-10-24,1320,41500,1006,6,5,7,1942,0,0,0,J,0,10X24,BALBOA,SATICOY,0,NA,Y,A,-,N,NA,NA,NA,NA,NA,NA,NA,NA,NA,N,4,0,2,2,A,-,09,21801,A,N,D,C,A,A,H,-,A,A,0,NA,NA,NA,NA,Y,NA,A,01,0,0,2,0,0,0,0,0,0,-,-,NA,NA,LOS ANGELES,LOS ANGELES,-118.5011601,34.20842001
7110454,2015,2015-11-17,1942,2015-10-07,1800,39633,2138,3,5,7,1942,0,0,0,NA,0,21X98,SATICOY ST,OSO AV,80,W,N,A,-,N,NA,NA,NA,NA,NA,NA,NA,NA,NA,Y,4,0,1,2,A,-,08,22103,NA,F,D,C,A,A,H,-,A,A,0,NA,NA,Y,NA,Y,NA,A,01,0,0,1,0,0,0,0,0,1,-,-,NA,NA,LOS ANGELES,LOS ANGELES,-118.57564415,34.20835
7110458,2015,2015-11-17,1942,2015-10-27,1415,38356,1023,2,5,7,1942,0,0,0,J,0,16TL26,SHERMAN WY,VANALDEN AV,0,NA,Y,B,-,N,NA,NA,NA,NA,NA,NA,NA,NA,NA,Y,4,0,2,2,A,-,12,21453,A,N,D,C,A,A,H,-,A,A,0,NA,NA,NA,NA,Y,NA,A,01,0,0,2,0,0,0,0,0,0,-,-,NA,NA,LOS ANGELES,LOS ANGELES,-118.5491301,34.20103007
7110459,2015,2015-11-17,1942,2015-10-26,1735,41496,1025,1,5,7,1942,0,0,0,J,0,10FB6,SHERMAN WY,ETIWANDA AV,0,NA,N,A,-,N,NA,NA,NA,NA,NA,NA,NA,NA,NA,N,3,0,1,2,A,-,09,21801,A,N,B,C,A,A,H,-,A,A,0,NA,NA,Y,NA,Y,NA,A,07,0,1,0,0,0,0,0,0,1,-,-,NA,NA,LOS ANGELES,LOS ANGELES,-118.53168012,34.20118004
7110462,2015,2015-11-17,1942,2015-10-13,0905,30947,10,2,5,7,1942,0,0,0,J,0,9A63,SHERMAN WY,HAVENHURST,40,E,N,A,-,N,NA,NA,NA,NA,NA,NA,NA,NA,NA,N,4,0,1,2,A,-,03,22350,NA,N,C,C,A,A,H,-,A,D,0,NA,NA,NA,NA,Y,NA,A,01,0,0,1,0,0,0,0,0,0,-,-,NA,NA,LOS ANGELES,LOS ANGELES,-118.49227795,34.20123
7110466,2015,2015-11-17,1942,2015-10-13,0707,40290,1049,2,5,7,1942,0,0,0,J,0,15TL47,WOODLEY AV,VICTORY BL,14,S,N,A,-,N,NA,NA,NA,NA,NA,NA,NA,NA,NA,N,4,0,1,2,A,-,08,22100,A,N,D,G,A,A,H,-,A,A,0,NA,Y,NA,NA,Y,NA,A,01,0,0,1,0,0,0,1,0,0,-,-,NA,NA,LOS ANGELES,LOS ANGELES,-118.48365,34.1865816
7110470,2015,2015-11-17,1942,2015-10-25,1125,38349,1028,7,5,7,1942,0,0,0,J,0,10TL35,SHERMAN WY,HAYVENHURST AV,0,NA,Y,A,-,N,NA,NA,NA,NA,NA,NA,NA,NA,NA,Y,3,0,1,1,A,-,03,22350,NA,N,E,I,A,A,H,-,A,A,0,NA,NA,NA,NA,Y,NA,A,07,0,1,0,0,0,0,0,0,0,-,-,NA,NA,LOS ANGELES,LOS ANGELES,-118.49241012,34.20123002
7110474,2015,2015-11-17,1942,2015-10-26,1540,27595,1031,1,5,7,1942,0,0,0,J,0,35M38,TAMPA AV,VICTORY,298,N,N,A,-,N,NA,NA,NA,NA,NA,NA,NA,NA,NA,Y,4,0,1,2,A,-,08,22107,NA,N,C,C,A,A,H,-,A,D,0,NA,NA,NA,NA,Y,NA,A,07,0,0,1,0,0,0,0,0,0,-,-,NA,NA,LOS ANGELES,LOS ANGELES,-118.55349,34.18738747
7110478,2015,2015-11-17,1942,2015-10-25,0155,41198,1001,7,5,7,1942,0,0,0,J,0,9TL53,WILBUR AV,STRATHERN ST,2,N,N,A,-,N,NA,NA,NA,NA,NA,NA,NA,NA,NA,Y,3,0,1,1,A,-,03,22350,NA,N,A,I,A,A,H,-,C,-,0,NA,NA,NA,NA,Y,NA,A,01,0,1,0,0,0,0,0,0,0,-,-,NA,NA,LOS ANGELES,LOS ANGELES,-118.54478013,34.21564549
7110521,2015,2015-11-16,1942,2015-10-29,1820,38503,0311,4,5,7,1942,0,0,0,C,0,12T73,HAUSER BL,GEER AV,50,N,N,A,-,N,NA,NA,NA,NA,NA,NA,NA,NA,NA,Y,3,0,1,1,A,-,03,22350,NA,N,H,A,A,A,H,-,B,A,0,NA,NA,Y,NA,Y,NA,C,03,0,1,0,0,0,0,0,0,1,-,-,NA,NA,LOS ANGELES,LOS ANGELES,-118.36350999,34.03026066
7110522,2015,2015-11-16,1942,2015-10-07,1740,34317,0585,3,5,7,1942,0,0,0,E,0,5TL25,CABRILLO AV,23RD ST,0,NA,Y,A,-,N,NA,NA,NA,NA,NA,NA,NA,NA,NA,N,3,0,1,2,A,-,10,21950,A,N,G,B,B,A,H,-,A,A,0,Y,NA,NA,NA,Y,NA,A,07,0,1,0,0,1,0,0,0,0,-,-,NA,NA,LOS ANGELES,LOS ANGELES,-118.29462008,33.72339003
7110523,2015,2015-11-16,1942,2015-10-30,1920,33599,0564,5,5,7,1942,0,0,0,E,0,3T5,PACIFIC AV,6TH ST,40,N,N,A,-,N,NA,NA,NA,NA,NA,NA,NA,NA,NA,N,3,0,2,2,A,-,05,21650,NA,N,A,C,A,A,H,-,C,A,0,NA,NA,NA,NA,Y,NA,A,01,0,2,0,0,0,0,0,0,0,-,-,NA,NA,LOS ANGELES,LOS ANGELES,-118.28791,33.7388797
7110524,2015,2015-11-16,1942,2015-10-23,2140,40801,524,5,5,7,1942,0,0,0,NA,0,6A25,ANAHEIM,WILMINGTON,10,W,N,A,-,N,NA,NA,NA,NA,NA,NA,NA,NA,NA,N,3,0,2,2,A,-,09,21801,A,N,A,C,A,A,H,-,C,A,0,NA,NA,NA,NA,Y,NA,A,08,0,2,0,0,0,0,0,0,0,-,-,NA,NA,LOS ANGELES,LOS ANGELES,-118.27420278,33.77932828
7110525,2015,2015-11-16,1942,2015-10-10,0925,38644,0551,6,5,7,1942,0,0,0,E,0,5A55,1ST ST,WALKER AV,100,E,N,A,-,N,NA,NA,NA,NA,NA,NA,NA,NA,NA,N,4,0,1,2,A,-,03,22350,NA,N,C,C,A,A,H,-,A,D,0,NA,NA,NA,NA,Y,NA,A,07,0,0,1,0,0,0,0,0,0,-,-,NA,NA,LOS ANGELES,LOS ANGELES,-118.30396172,33.74334297
7110526,2015,2017-02-01,1942,2015-10-06,1835,36754,0531,2,5,7,1942,0,0,0,E,0,18T39,PACIFIC COAST HWY,BELLE PORTE AV,24,N,N,A,-,Y,LA,7,1,-,-,18.733,I,5,S,Y,4,0,2,4,A,-,03,22350,NA,N,C,C,A,A,H,-,A,A,0,NA,NA,NA,NA,Y,NA,A,01,0,0,2,0,0,0,0,0,0,-,-,NA,NA,LOS ANGELES,LOS ANGELES,-118.38563962,33.82687399
7110527,2015,2015-11-16,1942,2015-10-31,2205,41255,0374,6,5,7,1942,0,0,0,C,0,3A63,2ND AV,KING BL,0,NA,Y,A,-,N,NA,NA,NA,NA,NA,NA,NA,NA,NA,Y,4,0,1,2,A,-,09,21802,A,N,D,C,A,A,H,-,C,A,0,NA,NA,NA,NA,Y,NA,A,01,0,0,1,0,0,0,0,0,0,-,-,NA,NA,LOS ANGELES,LOS ANGELES,-118.31929,34.01081
7110529,2015,2015-11-16,1942,2015-10-09,1825,36989,0515,5,5,7,1942,0,0,0,E,0,5A24,Q ST,GULF AV,0,NA,Y,A,-,N,NA,NA,NA,NA,NA,NA,NA,NA,NA,N,4,0,1,2,A,-,12,22450,A,N,D,J,A,A,H,-,B,D,0,NA,NA,Y,NA,Y,NA,C,03,0,0,1,0,0,0,0,0,1,-,-,NA,NA,LOS ANGELES,LOS ANGELES,-118.27418013,33.79483006
7110530,2015,2015-11-16,1942,2015-10-03,1650,39317,0555,6,5,7,1942,0,0,0,E,0,3T57,ELBERON AV,GAFFEY PL,0,NA,Y,A,-,N,NA,NA,NA,NA,NA,NA,NA,NA,NA,Y,3,0,1,2,A,-,09,21802,A,N,D,C,A,A,H,-,A,A,0,NA,NA,NA,NA,Y,NA,A,01,0,1,0,0,0,0,0,0,0,-,-,NA,NA,LOS ANGELES,LOS ANGELES,-118.2923401,33.7484001
7110531,2015,2015-11-16,1942,2015-10-28,0810,38707,0397,3,5,7,1942,0,0,0,C,0,18T23,41ST PL,HALLDALE AV,0,NA,Y,A,-,N,NA,NA,NA,NA,NA,NA,NA,NA,NA,Y,4,0,1,2,A,-,08,22107,NA,N,B,C,A,A,H,-,A,A,0,NA,NA,NA,NA,Y,NA,A,07,0,0,1,0,0,0,0,0,0,-,-,NA,NA,LOS ANGELES,LOS ANGELES,-118.30234009,34.00844003
7110532,2015,2015-11-16,1942,2015-10-06,1700,41681,0513,2,5,7,1942,0,0,0,E,0,5A55,NORMANDIE AV,255TH ST,81,N,N,A,-,N,NA,NA,NA,NA,NA,NA,NA,NA,NA,N,4,0,1,2,A,-,03,22350,NA,N,C,C,A,A,H,-,A,D,0,NA,NA,NA,NA,Y,NA,A,07,0,0,1,0,0,0,0,0,0,-,-,NA,NA,LOS ANGELES,LOS ANGELES,-118.29749,33.79305215
7110533,2015,2015-11-17,1942,2015-10-09,1615,38205,555,5,5,7,1942,0,0,0,NA,0,5FL9,PACIFIC AV,5TH ST,0,NA,Y,A,-,N,NA,NA,NA,NA,NA,NA,NA,NA,NA,N,3,0,1,2,A,-,12,21453,A,N,D,G,A,A,H,-,A,A,0,NA,Y,NA,NA,Y,Y,L,04,0,1,0,0,0,0,1,0,0,-,-,NA,NA,LOS ANGELES,LOS ANGELES,-118.28791005,33.73969006
7110534,2015,2015-11-16,1942,2015-10-23,1240,40053,0564,5,5,7,1942,0,0,0,E,0,3T57,SANTA CRUZ ST,PALOS VERDES ST,0,NA,Y,A,-,N,NA,NA,NA,NA,NA,NA,NA,NA,NA,N,4,0,1,2,A,-,09,21801,A,N,A,C,A,A,H,-,C,D,0,NA,NA,NA,NA,Y,NA,A,08,0,0,1,0,0,0,0,0,0,-,-,NA,NA,LOS ANGELES,LOS ANGELES,-118.28174006,33.74420012
7110535,2015,2015-11-16,1942,2015-10-28,1440,38707,0361,3,5,7,1942,0,0,0,C,0,18T23,LA BREA AV,RODEO RD,800,N,N,A,-,N,NA,NA,NA,NA,NA,NA,NA,NA,NA,Y,3,0,6,2,A,-,09,21801,A,N,D,C,A,A,H,-,A,A,0,NA,NA,NA,NA,Y,NA,A,07,0,1,5,0,0,0,0,0,0,-,-,NA,NA,LOS ANGELES,LOS ANGELES,-118.35554309,34.02371764
7110536,2015,2015-11-16,1942,2015-10-06,0610,22934,0515,2,5,7,1942,0,0,0,E,0,5A15,SANDISON AV,WILMINGTON AV,13,E,N,A,-,N,NA,NA,NA,NA,NA,NA,NA,NA,NA,N,3,0,1,2,A,-,11,21954,A,N,A,B,B,A,H,-,A,-,0,Y,NA,NA,NA,Y,NA,N,60,0,1,0,0,1,0,0,0,0,-,-,NA,NA,LOS ANGELES,LOS ANGELES,-118.27505737,33.79268209
7110537,2015,2015-11-16,1942,2015-10-09,1120,18253,551,5,5,7,1942,0,0,0,NA,0,5A25,1ST ST,WESTERN AV,0,NA,Y,A,-,N,NA,NA,NA,NA,NA,NA,NA,NA,NA,N,3,0,1,2,A,-,05,21650,NA,N,G,B,A,A,H,-,A,A,0,NA,Y,NA,NA,Y,NA,L,04,0,1,0,0,0,0,1,0,0,-,-,NA,NA,LOS ANGELES,LOS ANGELES,-118.30913001,34.07366002
7110538,2015,2015-11-16,1942,2015-10-23,0550,38707,0507,5,5,7,1942,0,0,0,E,0,18T23,NORMANDIE AV,223RD ST,0,NA,Y,A,-,N,NA,NA,NA,NA,NA,NA,NA,NA,NA,N,4,0,1,2,A,-,09,21802,A,F,D,C,A,A,H,-,A,A,0,NA,NA,NA,NA,Y,NA,A,07,0,0,1,0,0,0,0,0,0,-,-,NA,NA,LOS ANGELES,LOS ANGELES,-118.29957004,33.82449011
7110539,2015,2015-11-16,1942,2015-10-01,1035,26747,504,4,5,7,1942,0,0,0,NA,0,5Z3,NORMANDIE,190TH ST,100,N,N,A,-,N,NA,NA,NA,NA,NA,NA,NA,NA,NA,N,3,0,1,2,A,-,05,21650,NA,N,B,H,A,A,H,-,A,D,0,NA,Y,NA,NA,Y,NA,L,04,0,1,0,0,0,0,1,0,0,-,-,NA,NA,LOS ANGELES,LOS ANGELES,-118.29925,33.85834
7110540,2015,2017-02-01,1942,2015-10-06,0745,38644,0515,2,5,7,1942,0,0,0,E,0,5A85,NEPTUNE AV,PACIFIC COAST HWY,0,NA,Y,A,-,Y,LA,7,1,-,-,10.901,I,6,S,N,3,0,1,2,A,-,09,21804,A,N,G,G,A,A,H,-,A,A,0,NA,Y,NA,NA,Y,NA,L,04,0,1,0,0,0,0,1,0,0,-,-,NA,NA,LOS ANGELES,LOS ANGELES,-118.26971807,33.79077153
7110541,2015,2017-01-28,1942,2015-10-13,2255,40971,0531,2,5,7,1942,0,0,0,E,0,18T23,PACIFIC COAST HWY,WESTERN AV,48,E,N,A,-,Y,LA,7,1,-,-,13.09,H,-,N,N,4,0,1,2,A,-,03,22350,NA,F,C,C,A,A,H,-,C,A,0,NA,NA,NA,NA,Y,NA,-,99,0,0,1,0,0,0,0,0,0,-,-,NA,NA,LOS ANGELES,LOS ANGELES,-118.30737303,33.78953353
7110542,2015,2015-11-16,1942,2015-10-27,1015,37807,0505,2,5,7,1942,0,0,0,E,0,18TL23,HAMILTON AV,KNOX ST,540,S,N,A,-,N,NA,NA,NA,NA,NA,NA,NA,NA,NA,N,4,0,1,2,A,-,08,22107,NA,N,D,C,A,A,A,-,A,A,0,NA,NA,NA,NA,Y,NA,A,01,0,0,1,0,0,0,0,0,0,-,-,NA,NA,LOS ANGELES,LOS ANGELES,-118.28605866,33.85275902
7110543,2015,2017-02-01,1942,2015-10-01,0740,33118,0513,4,5,7,1942,0,0,0,E,0,523,PCH,VERMONT AV,350,W,N,A,-,Y,LA,7,1,-,-,12.24,H,-,N,N,3,0,2,2,A,-,09,21801,A,N,D,C,A,A,H,-,A,A,0,NA,NA,NA,NA,Y,NA,A,08,0,2,0,0,0,0,0,0,0,-,-,NA,NA,LOS ANGELES,LOS ANGELES,-118.29293366,33.79106415
7110545,2015,2017-02-01,1942,2015-10-12,2340,35925,0515,1,5,7,1942,0,0,0,E,0,12T41,PACIFIC COAST HWY,EUBANKS AV,223,E,N,A,-,Y,LA,7,1,-,-,10.08,H,-,S,Y,4,0,1,1,A,-,03,22350,NA,N,E,I,A,A,H,-,D,D,0,NA,NA,NA,NA,Y,NA,A,01,0,0,1,0,0,0,0,0,0,-,-,NA,NA,LOS ANGELES,LOS ANGELES,-118.25548801,33.79155247
7110546,2015,2015-11-16,1942,2015-10-27,2000,35925,0508,2,5,7,1942,0,0,0,E,0,18T23,WESTERN AV,237TH ST,0,NA,Y,A,-,N,NA,NA,NA,NA,NA,NA,NA,NA,NA,Y,3,0,1,2,A,-,09,21802,A,N,D,C,A,A,H,-,C,A,0,NA,NA,NA,NA,Y,NA,A,01,0,1,0,0,0,0,0,0,0,-,-,NA,NA,LOS ANGELES,LOS ANGELES,-118.3085,33.81022
7110547,2015,2015-11-16,1942,2015-10-01,0630,37947,0514,4,5,7,1942,0,0,0,E,0,5A15,FIGUEROA AV,WEST M ST,40,S,N,A,-,N,NA,NA,NA,NA,NA,NA,NA,NA,NA,Y,4,0,1,1,A,-,03,22350,NA,N,E,I,A,A,H,-,B,D,0,NA,NA,NA,NA,Y,NA,A,01,0,0,1,0,0,0,0,0,0,-,-,NA,NA,LOS ANGELES,LOS ANGELES,-118.28087983,33.78851546
7110549,2015,2015-11-16,1942,2015-10-09,1345,31288,0515,5,5,7,1942,0,0,0,E,0,5T25,SANDISON,WEST AVALON,150,W,N,A,-,N,NA,NA,NA,NA,NA,NA,NA,NA,NA,N,4,0,1,2,A,-,09,21804,A,N,-,G,A,A,H,-,A,A,0,NA,Y,NA,NA,Y,NA,L,04,0,0,1,0,0,0,1,0,0,-,-,NA,NA,LOS ANGELES,LOS ANGELES,-118.26398238,33.79328461
7110550,2015,2015-11-16,1942,2015-10-27,0810,35393,0518,2,5,7,1942,0,0,0,E,0,3T5,LOMITA BL,AVALON BL,0,NA,Y,A,-,N,NA,NA,NA,NA,NA,NA,NA,NA,NA,Y,4,0,3,2,A,-,09,21801,A,N,D,C,A,A,H,-,A,A,0,NA,NA,NA,NA,Y,NA,-,NA,0,0,3,0,0,0,0,0,0,-,-,NA,NA,LOS ANGELES,LOS ANGELES,-118.26394,33.79916009
7110551,2015,2015-11-16,1942,2015-10-02,0315,40602,0561,5,5,7,1942,0,0,0,E,0,5A55,WESTERN AV,MORSE DR,200,S,N,A,-,N,NA,NA,NA,NA,NA,NA,NA,NA,NA,Y,3,0,1,1,A,-,03,22350,NA,N,A,I,A,A,H,-,C,D,0,NA,NA,NA,NA,Y,NA,A,01,0,1,0,0,0,0,0,0,0,-,-,NA,NA,LOS ANGELES,LOS ANGELES,-118.31120771,33.72651514
7110553,2015,2015-11-16,1942,2015-10-19,1445,40869,555,1,5,7,1942,0,0,0,NA,0,3TL57,OFARRELL ST,PACIFIC AV,15,W,N,A,-,N,NA,NA,NA,NA,NA,NA,NA,NA,NA,N,3,0,1,2,A,-,12,21453,NA,N,G,B,D,A,H,-,A,A,0,Y,NA,NA,NA,Y,NA,A,07,0,1,0,0,1,0,0,0,0,-,-,NA,NA,LOS ANGELES,LOS ANGELES,-118.28792925,33.74604
7110554,2015,2017-02-01,1942,2015-10-31,1330,40053,0518,6,5,7,1942,0,0,0,E,0,3T57,PACIFIC COAST HWY,BROAD AV,400,E,N,A,-,Y,LA,7,1,-,-,10.36,H,-,N,NA,4,0,1,2,A,-,09,21804,A,N,-,-,A,A,H,-,A,-,0,NA,NA,NA,NA,Y,NA,A,08,0,0,1,0,0,0,0,0,0,-,-,NA,NA,LOS ANGELES,LOS ANGELES,-118.26035054,33.79142154
7110555,2015,2015-11-16,1942,2015-10-22,2245,41816,0525,4,5,7,1942,0,0,0,E,0,NA,WILMINGTON AV,DENNI ST,0,NA,Y,A,-,N,NA,NA,NA,NA,NA,NA,NA,NA,NA,Y,4,0,1,2,A,-,09,21802,A,N,D,C,A,A,H,-,C,A,0,NA,NA,NA,NA,Y,NA,A,01,0,0,1,0,0,0,0,0,0,-,-,NA,NA,LOS ANGELES,LOS ANGELES,-118.27459011,33.78434003
7110557,2015,2017-02-01,1942,2015-10-23,1235,38707,0503,5,5,7,1942,0,0,0,E,0,18T23,FIGUEROA PL,PACIFIC COAST HWY,85,N,N,A,-,Y,LA,7,110,-,-,4.205,R,1,S,N,4,0,1,2,A,-,09,21804,A,N,D,G,A,A,H,-,A,A,0,NA,Y,NA,NA,Y,NA,L,04,0,0,1,0,0,0,1,0,0,-,-,NA,NA,LOS ANGELES,LOS ANGELES,-118.28304556,33.7924745
7110558,2015,2015-11-16,1942,2015-10-31,1655,40053,0565,6,5,7,1942,0,0,0,E,0,3T57,PACIFIC AV,FRONT ST,70,N,N,A,-,N,NA,NA,NA,NA,NA,NA,NA,NA,NA,N,3,0,1,1,A,-,03,22350,NA,N,H,G,A,A,H,-,A,A,0,NA,Y,NA,NA,Y,NA,L,04,0,1,0,0,0,0,1,0,0,-,-,NA,NA,LOS ANGELES,LOS ANGELES,-118.28734734,33.75124734
7110559,2015,2015-11-16,1942,2015-10-23,1330,26747,501,5,5,7,1942,0,0,0,NA,0,5A1,VERMONT AV,182ND ST,0,NA,Y,A,-,N,NA,NA,NA,NA,NA,NA,NA,NA,NA,N,4,0,2,2,A,-,09,21801,A,N,D,C,A,A,H,-,A,A,0,NA,NA,NA,NA,Y,NA,A,01,0,0,2,0,0,0,0,0,0,-,-,NA,NA,LOS ANGELES,LOS ANGELES,-118.29058,33.86714
7110575,2015,2015-11-18,1928,2015-10-26,1241,352,529,1,5,5,1928,0,0,0,NA,0,0H2,VAN NESS AV,EL SEGUNDO BL,0,NA,Y,A,-,N,NA,NA,NA,NA,NA,NA,NA,NA,NA,Y,4,0,1,2,A,-,09,21801,A,N,D,C,A,A,H,-,A,A,0,NA,NA,NA,NA,Y,NA,A,01,0,0,1,0,0,0,0,0,0,-,-,33.9164,-118.31786,LOS ANGELES,HAWTHORNE,-118.3178401,33.91646008
7110579,2015,2015-11-18,1928,2015-10-28,0402,345,501,3,5,5,1928,0,0,0,NA,0,501,EL SEGUNDO BL,HAWTHORNE BL,45,E,N,A,-,N,NA,NA,NA,NA,NA,NA,NA,NA,NA,N,4,0,2,1,A,-,08,22107,NA,N,E,I,A,A,H,-,C,D,0,NA,NA,NA,NA,Y,Y,A,01,0,0,2,0,0,0,0,0,0,-,-,33.91642,-118.35255,LOS ANGELES,HAWTHORNE,-118.35255196,33.91642
7110583,2015,2015-11-18,1900,2015-10-29,1330,530382,2811,4,5,5,1915,0,0,0,NA,0,283T3,ROSECRANS AV,PARMELEE AV,200,E,N,A,-,N,NA,NA,NA,NA,NA,NA,NA,NA,NA,Y,4,0,1,1,A,-,03,22350,NA,F,F,I,A,A,H,-,A,D,0,NA,NA,NA,NA,Y,NA,A,01,0,0,1,0,0,0,0,0,0,-,-,NA,NA,LOS ANGELES,COMPTON,-118.25048333,33.90300118
7110587,2015,2015-11-18,1900,2015-10-28,1659,533031,2831,3,5,5,1915,0,0,0,NA,0,287D,MCKINLEY AV,CALDWELL ST,0,NA,Y,A,-,N,NA,NA,NA,NA,NA,NA,NA,NA,NA,N,3,0,1,2,A,-,12,22450,A,F,D,G,A,A,H,-,A,D,0,NA,Y,NA,NA,Y,NA,-,99,0,1,0,0,0,0,1,0,0,-,-,NA,NA,LOS ANGELES,COMPTON,-118.25873001,33.88256003
7110595,2015,2015-11-18,1900,2015-10-25,1658,533018,2835,7,5,5,1915,0,0,0,NA,0,283T1,WILMINGTON AV,LAUREL ST,0,NA,Y,A,-,N,NA,NA,NA,NA,NA,NA,NA,NA,NA,Y,3,0,1,2,A,-,12,21453,A,N,B,C,A,A,H,-,A,A,0,NA,NA,NA,NA,Y,NA,A,01,0,1,0,0,0,0,0,0,0,-,-,NA,NA,LOS ANGELES,COMPTON,-118.23737001,33.8927801
7110596,2015,2015-11-18,1969,2015-10-03,1706,10211,PATRO,6,5,5,1969,0,0,0,NA,0,002,CALIFORNIA AV,LIBERTY,0,NA,Y,A,-,N,NA,NA,NA,NA,NA,NA,NA,NA,NA,Y,3,0,2,2,A,-,09,21801,A,N,A,C,A,A,H,-,A,A,0,NA,NA,NA,NA,Y,NA,A,01,0,1,1,0,0,0,0,0,0,-,-,NA,NA,LOS ANGELES,SOUTH GATE,-118.2050801,33.96000003
7110599,2015,2015-11-18,1969,2015-10-18,1328,10038,PATRO,7,5,5,1969,0,0,0,NA,0,003,SAN LUIS AV,LIBERTY BL,300,N,N,A,-,N,NA,NA,NA,NA,NA,NA,NA,NA,NA,NA,3,0,1,2,A,-,11,21954,A,N,G,B,D,A,H,-,A,D,0,Y,NA,NA,NA,Y,NA,N,60,0,1,0,0,1,0,0,0,0,-,-,NA,NA,LOS ANGELES,SOUTH GATE,-118.19928455,33.96027705