CASE_ID,ACCIDENT_YEAR,PROC_DATE,JURIS,COLLISION_DATE,COLLISION_TIME,OFFICER_ID,REPORTING_DISTRICT,DAY_OF_WEEK,CHP_SHIFT,POPULATION,CNTY_CITY_LOC,SPECIAL_COND,BEAT_TYPE,CHP_BEAT_TYPE,CITY_DIVISION_LAPD,CHP_BEAT_CLASS,BEAT_NUMBER,PRIMARY_RD,SECONDARY_RD,DISTANCE,DIRECTION,INTERSECTION,WEATHER_1,WEATHER_2,STATE_HWY_IND,CALTRANS_COUNTY,CALTRANS_DISTRICT,STATE_ROUTE,ROUTE_SUFFIX,POSTMILE_PREFIX,POSTMILE,LOCATION_TYPE,RAMP_INTERSECTION,SIDE_OF_HWY,TOW_AWAY,COLLISION_SEVERITY,NUMBER_KILLED,NUMBER_INJURED,PARTY_COUNT,PRIMARY_COLL_FACTOR,PCF_CODE_OF_VIOL,PCF_VIOL_CATEGORY,PCF_VIOLATION,PCF_VIOL_SUBSECTION,HIT_AND_RUN,TYPE_OF_COLLISION,MVIW,PED_ACTION,ROAD_SURFACE,ROAD_COND_1,ROAD_COND_2,LIGHTING,CONTROL_DEVICE,CHP_ROAD_TYPE,PEDESTRIAN_ACCIDENT,BICYCLE_ACCIDENT,MOTORCYCLE_ACCIDENT,TRUCK_ACCIDENT,NOT_PRIVATE_PROPERTY,ALCOHOL_INVOLVED,STWD_VEHTYPE_AT_FAULT,CHP_VEHTYPE_AT_FAULT,COUNT_SEVERE_INJ,COUNT_VISIBLE_INJ,COUNT_COMPLAINT_PAIN,COUNT_PED_KILLED,COUNT_PED_INJURED,COUNT_BICYCLIST_KILLED,COUNT_BICYCLIST_INJURED,COUNT_MC_KILLED,COUNT_MC_INJURED,PRIMARY_RAMP,SECONDARY_RAMP,LATITUDE,LONGITUDE,COUNTY,CITY,POINT_X,POINT_Y
7110609,2015,2015-11-13,1928,2015-10-25,1549,389,509,7,5,5,1928,0,0,0,NA,0,502,CRENSHAW BL,ROCKET RD,20,S,N,A,-,N,NA,NA,NA,NA,NA,NA,NA,NA,NA,Y,4,0,1,2,A,-,12,21453,A,N,D,C,A,A,H,-,A,A,0,NA,NA,NA,NA,Y,NA,A,01,0,0,1,0,0,0,0,0,0,-,-,NA,NA,LOS ANGELES,HAWTHORNE,-118.32652,33.92125515
7110633,2015,2015-11-13,1900,2015-10-08,0845,528504,0333,4,5,4,1939,0,0,0,NA,0,35T1,162ND ST,GREVILLEA AV,14,E,N,A,-,N,NA,NA,NA,NA,NA,NA,NA,NA,NA,N,3,0,1,2,A,-,10,21950,A,F,G,B,B,A,H,-,A,A,0,Y,NA,NA,NA,Y,NA,-,99,0,1,0,0,1,0,0,0,0,-,-,NA,NA,LOS ANGELES,LAWNDALE,-118.35479396,33.88354978
7110684,2015,2015-11-19,1942,2015-10-24,1625,38644,519,6,5,7,1942,0,0,0,NA,0,5A17,ALAMEDA ST,D ST,0,NA,Y,A,-,N,NA,NA,NA,NA,NA,NA,NA,NA,NA,N,4,0,2,2,A,-,09,21801,A,N,A,C,A,A,H,-,A,A,0,NA,NA,NA,NA,Y,NA,A,07,0,0,2,0,0,0,0,0,0,-,-,NA,NA,LOS ANGELES,LOS ANGELES,-118.250789,33.774785
7110688,2015,2015-11-19,1942,2015-10-24,1330,41791,HARBO,6,5,7,1942,0,0,0,NA,0,5A17,PACIFIC AV,7TH ST,20,S,N,A,-,N,NA,NA,NA,NA,NA,NA,NA,NA,NA,N,4,0,1,3,A,-,04,21703,NA,N,C,C,A,A,H,-,A,A,0,NA,NA,NA,NA,Y,NA,A,01,0,0,1,0,0,0,0,0,0,-,-,NA,NA,LOS ANGELES,LOS ANGELES,-118.28792114,33.73782516
7110692,2015,2015-11-19,1942,2015-10-26,1430,41820,0511,1,5,7,1942,0,0,0,E,0,5A15,PACIFIC COAST HWY,WESTERN,74,W,N,A,-,N,NA,NA,NA,NA,NA,NA,NA,NA,NA,N,3,0,1,2,A,-,12,21453,A,N,B,C,A,A,H,-,A,A,0,NA,NA,Y,NA,Y,NA,-,-,0,1,0,0,0,0,0,0,1,-,-,NA,NA,LOS ANGELES,LOS ANGELES,-118.30793305,33.7894668
7110696,2015,2015-11-19,1942,2015-10-29,2305,38600,0509,4,5,7,1942,0,0,0,E,0,5A84,WESTERN AV,LOMITA BL,0,NA,Y,A,-,N,NA,NA,NA,NA,NA,NA,NA,NA,NA,Y,4,0,2,3,A,-,12,21453,A,N,D,C,A,A,H,-,C,A,0,NA,NA,NA,NA,Y,NA,A,01,0,0,2,0,0,0,0,0,0,-,-,NA,NA,LOS ANGELES,LOS ANGELES,-118.30765,33.79782007
7110699,2015,2015-11-19,1942,2015-10-23,1200,41604,1239,5,5,7,1942,0,0,0,L,0,NA,HOOVER AV,61ST,45,S,N,A,-,N,NA,NA,NA,NA,NA,NA,NA,NA,NA,N,4,0,2,2,A,-,03,22350,NA,F,C,C,A,A,H,-,A,A,0,NA,NA,NA,NA,Y,NA,-,99,0,0,2,0,0,0,0,0,0,-,-,NA,NA,LOS ANGELES,LOS ANGELES,-118.28707,33.98449658
7110703,2015,2015-11-19,1942,2015-10-30,0816,40761,1245,5,5,7,1942,0,0,0,L,0,12A49,FLORENCE AV,DENKER,20,E,N,A,-,N,NA,NA,NA,NA,NA,NA,NA,NA,NA,Y,4,0,1,2,A,-,12,21453,NA,F,A,C,A,A,H,-,A,A,0,NA,NA,NA,NA,Y,NA,A,01,0,0,1,0,0,0,0,0,0,-,-,NA,NA,LOS ANGELES,LOS ANGELES,-118.30456416,33.97457
7110707,2015,2015-11-19,1942,2015-10-18,1605,36023,1265,7,5,7,1942,0,0,0,L,0,18X36,MANCHESTER AV,NORMANDIE AV,46,E,N,B,-,N,NA,NA,NA,NA,NA,NA,NA,NA,NA,Y,3,0,1,2,A,-,03,22350,NA,F,D,C,A,A,H,-,A,A,0,NA,NA,NA,NA,Y,NA,A,01,0,1,0,0,0,0,0,0,0,-,-,NA,NA,LOS ANGELES,LOS ANGELES,-118.3001186,33.96001
7110708,2015,2015-11-19,1942,2015-10-28,1620,33068,529,3,5,7,1942,0,0,0,NA,0,5A24,ANAHEIM ST,BANNING BL,150,W,N,A,-,N,NA,NA,NA,NA,NA,NA,NA,NA,NA,Y,4,0,1,3,A,-,09,21801,A,N,D,B,A,A,H,-,A,D,0,NA,NA,NA,NA,Y,NA,A,07,0,0,1,0,0,0,0,0,0,-,-,NA,NA,LOS ANGELES,LOS ANGELES,-118.25781186,33.78022676
7110711,2015,2016-05-02,1942,2015-10-31,1540,31844,1267,6,5,7,1942,0,0,0,L,0,12A73W,VERMONT AV,54TH ST,0,NA,Y,A,-,N,NA,NA,NA,NA,NA,NA,NA,NA,NA,N,3,0,3,2,A,-,12,22450,A,F,D,C,A,A,H,-,A,A,0,NA,NA,NA,NA,Y,Y,-,99,0,2,1,0,0,0,0,0,0,-,-,NA,NA,LOS ANGELES,LOS ANGELES,-118.2915,33.99321
7110712,2015,2015-11-19,1942,2015-10-29,0600,37901,0513,4,5,7,1942,0,0,0,E,0,5A11,PACIFIC COAST HWY,BIXBY AV,32,S,N,A,-,N,NA,NA,NA,NA,NA,NA,NA,NA,NA,N,2,0,1,2,A,-,09,21804,A,N,D,G,A,A,H,-,C,-,0,NA,Y,NA,NA,Y,NA,L,04,1,0,0,0,0,0,1,0,0,-,-,NA,NA,LOS ANGELES,LOS ANGELES,-118.29085,33.79099
7110716,2015,2015-11-19,1942,2015-10-29,1615,36871,0517,4,5,7,1942,0,0,0,E,0,5A25,AVALON BL,OPP ST,0,NA,Y,A,-,N,NA,NA,NA,NA,NA,NA,NA,NA,NA,N,3,0,1,2,A,-,12,21453,A,F,B,C,A,A,H,-,A,A,0,NA,NA,Y,NA,Y,NA,-,99,0,1,0,0,0,0,0,0,1,-,-,NA,NA,LOS ANGELES,LOS ANGELES,-118.26268002,33.78293007
7110901,2015,2015-11-19,1900,2015-10-15,2329,501908,2822,4,5,5,1915,0,0,0,NA,0,281T1,COMPTON BL,WILLOWBROOK AV,373,E,N,A,-,N,NA,NA,NA,NA,NA,NA,NA,NA,NA,Y,4,0,2,1,D,-,00,NA,NA,N,A,I,A,A,H,-,C,D,0,NA,NA,NA,NA,Y,NA,-,-,0,0,2,0,0,0,0,0,0,-,-,NA,NA,LOS ANGELES,COMPTON,-118.22438,33.89599
7110909,2015,2015-11-19,1900,2015-10-25,1447,533018,2844,7,5,5,1915,0,0,0,NA,0,283T1,ALONDRA BL,MAYO AV,0,NA,Y,A,-,N,NA,NA,NA,NA,NA,NA,NA,NA,NA,N,3,0,1,2,A,-,12,21453,A,N,B,G,A,A,H,-,A,D,0,NA,Y,NA,NA,Y,NA,L,04,0,1,0,0,0,0,1,0,0,-,-,NA,NA,LOS ANGELES,COMPTON,-118.21262007,33.88865005
7110913,2015,2015-11-19,1900,2015-10-18,1343,533018,2820,7,5,5,1915,0,0,0,NA,0,283T1,ALAMEDA ST,EL SEGUNDO BL,0,NA,Y,A,-,N,NA,NA,NA,NA,NA,NA,NA,NA,NA,N,2,0,1,2,D,-,00,NA,NA,F,G,B,-,A,H,-,A,A,0,Y,NA,NA,NA,Y,NA,-,-,1,0,0,0,1,0,0,0,0,-,-,NA,NA,LOS ANGELES,COMPTON,-118.22306008,33.91621003
7110917,2015,2015-11-19,1900,2015-10-15,1455,532570,2847,4,5,5,1915,0,0,0,NA,0,283T1,ATLANTIC DR,GREENLEAF BL,450,N,N,A,-,N,NA,NA,NA,NA,NA,NA,NA,NA,NA,Y,4,0,1,1,C,-,18,NA,NA,N,A,I,A,A,H,-,A,D,0,NA,NA,NA,NA,Y,NA,-,-,0,0,1,0,0,0,0,0,0,-,-,NA,NA,LOS ANGELES,COMPTON,-118.19249775,33.88265939
7111042,2015,2015-11-13,1948,2015-09-28,1559,NA,1948,1,5,5,1948,0,0,0,NA,0,004,NEWMARK AV,GARFIELD AV,111,E,N,A,-,N,NA,NA,NA,NA,NA,NA,NA,NA,NA,N,3,0,1,2,A,-,17,21200,A,N,D,G,A,A,H,-,A,D,0,NA,Y,NA,NA,Y,NA,L,04,0,1,0,0,0,0,1,0,0,-,-,NA,NA,LOS ANGELES,MONTEREY PARK,-118.12282,34.05979
7111061,2015,2015-11-16,1900,2015-09-27,1617,523432,2316,7,5,5,1919,0,0,0,NA,0,230T1P,CARMENITA RD,183RD ST,0,NA,Y,A,-,N,NA,NA,NA,NA,NA,NA,NA,NA,NA,Y,4,0,1,3,A,-,12,21453,A,N,D,C,A,A,H,-,A,A,0,NA,NA,NA,NA,Y,NA,A,01,0,0,1,0,0,0,0,0,0,-,-,NA,NA,LOS ANGELES,CERRITOS,-118.04641003,33.8660101
7111073,2015,2015-11-13,1948,2015-09-30,0643,398,1948,3,5,5,1948,0,0,0,NA,0,002,HELLMAN AV,NICHOLSON AV,0,NA,Y,A,-,N,NA,NA,NA,NA,NA,NA,NA,NA,NA,N,3,0,1,2,A,-,09,21802,A,N,D,C,A,A,H,-,A,D,0,NA,NA,NA,NA,Y,NA,A,01,0,1,0,0,0,0,0,0,0,-,-,NA,NA,LOS ANGELES,MONTEREY PARK,-118.1188301,34.06977011
7111077,2015,2015-11-13,1948,2015-09-21,1713,398,1948,1,5,5,1948,0,0,0,NA,0,004,POMONA BL,GARFIELD AV,0,NA,Y,A,-,N,NA,NA,NA,NA,NA,NA,NA,NA,NA,Y,4,0,1,2,A,-,09,21800,A,N,D,C,A,A,H,-,A,A,0,NA,NA,NA,NA,Y,NA,A,01,0,0,1,0,0,0,0,0,0,-,-,NA,NA,LOS ANGELES,MONTEREY PARK,-118.13011002,34.03358009
7111081,2015,2015-11-13,1948,2015-09-03,2242,357,1948,4,5,5,1948,0,0,0,NA,0,001,GARVEY AV,ATLANTIC BL,27,W,N,A,-,N,NA,NA,NA,NA,NA,NA,NA,NA,NA,Y,4,0,1,2,A,-,01,23152,A,N,C,C,A,A,H,-,C,A,0,NA,NA,NA,NA,Y,Y,A,01,0,0,1,0,0,0,0,0,0,-,-,NA,NA,LOS ANGELES,MONTEREY PARK,-118.13432896,34.06250071
7111121,2015,2015-11-05,1942,2015-10-07,1530,33512,1749,3,5,7,1942,0,0,0,Q,0,17A67,LASSEN ST,ZELZAH AV,18,E,N,A,-,N,NA,NA,NA,NA,NA,NA,NA,NA,NA,Y,4,0,1,3,A,-,12,21453,A,N,A,C,A,A,H,-,A,A,0,NA,NA,NA,NA,Y,NA,A,01,0,0,1,0,0,0,0,0,0,-,-,NA,NA,LOS ANGELES,LOS ANGELES,-118.52326055,34.25038901
7111122,2015,2015-11-10,1942,2015-10-17,1530,31755,1268,6,5,7,1942,0,0,0,L,0,25MQ57,MANCHESTER AV,WALL ST,0,NA,Y,A,-,N,NA,NA,NA,NA,NA,NA,NA,NA,NA,N,4,0,3,2,A,-,09,21801,A,N,A,C,A,A,H,-,A,D,0,NA,NA,NA,NA,Y,NA,D,22,0,0,3,0,0,0,0,0,0,-,-,NA,NA,LOS ANGELES,LOS ANGELES,-118.27169001,33.96010002
7111123,2015,2015-11-04,1942,2015-09-07,0945,41704,0334,1,5,7,1942,0,0,0,C,0,3A55,JEFFERSON BL,11TH AV,0,NA,Y,A,-,N,NA,NA,NA,NA,NA,NA,NA,NA,NA,Y,4,0,1,2,A,-,09,21802,A,N,D,C,A,A,H,-,A,A,0,NA,NA,NA,NA,Y,Y,A,01,0,0,1,0,0,0,0,0,0,-,-,NA,NA,LOS ANGELES,LOS ANGELES,-118.32932001,34.0256
7111124,2015,2015-11-03,1942,2015-09-25,0910,41798,0392,5,5,7,1942,0,0,0,C,0,3A15,ARLINGTON AV,W 52ND ST,20,S,N,A,-,N,NA,NA,NA,NA,NA,NA,NA,NA,NA,N,4,0,1,2,A,-,17,22517,NA,N,H,G,A,A,H,-,A,A,0,NA,Y,NA,NA,Y,NA,A,01,0,0,1,0,0,0,1,0,0,-,-,NA,NA,LOS ANGELES,LOS ANGELES,-118.318175,33.995005
7111125,2015,2015-11-06,1942,2015-10-13,1945,41169,1797,2,5,7,1942,0,0,0,Q,0,17X54W,WOODLEY AV,PARTHENIA ST,0,NA,Y,A,-,N,NA,NA,NA,NA,NA,NA,NA,NA,NA,Y,3,0,2,2,A,-,09,21801,A,N,B,C,A,A,H,-,A,A,0,NA,NA,NA,NA,Y,NA,D,22,0,1,1,0,0,0,0,0,0,-,-,NA,NA,LOS ANGELES,LOS ANGELES,-118.48515011,34.22838004
7111127,2015,2015-11-04,1942,2015-09-14,2325,41808,0319,1,5,7,1942,0,0,0,C,0,3A64,ADAMS BL,FLOWER ST,0,NA,Y,A,-,N,NA,NA,NA,NA,NA,NA,NA,NA,NA,N,4,0,1,2,A,-,04,21703,A,N,C,C,A,A,H,-,C,A,0,NA,NA,NA,NA,Y,NA,A,01,0,0,1,0,0,0,0,0,0,-,-,NA,NA,LOS ANGELES,LOS ANGELES,-118.2749201,34.02764008
7111128,2015,2015-11-03,1942,2015-09-12,2045,40895,D391,6,5,7,1942,0,0,0,NA,0,3A41,DON LORENZO,DON ZAREMBO,40,E,N,A,-,N,NA,NA,NA,NA,NA,NA,NA,NA,NA,N,4,0,1,2,A,-,11,21956,A,F,G,B,E,A,H,-,D,D,0,Y,NA,NA,NA,Y,NA,N,60,0,0,1,0,1,0,0,0,0,-,-,NA,NA,LOS ANGELES,LOS ANGELES,-118.35703667,34.00160854
7111129,2015,2015-11-09,1942,2015-10-13,0900,38992,0904,2,5,7,1942,0,0,0,I,0,9A37,SEPULVEDA BL,VALERIO,40,S,N,A,-,N,NA,NA,NA,NA,NA,NA,NA,NA,NA,N,4,0,1,3,A,-,04,21703,NA,N,C,C,A,A,H,-,-,A,0,NA,NA,NA,NA,Y,NA,D,22,0,0,1,0,0,0,0,0,0,-,-,NA,NA,LOS ANGELES,LOS ANGELES,-118.46621,34.20473028
7111130,2015,2015-12-03,1942,2015-10-09,1050,42050,1252,5,5,7,1942,0,0,0,L,0,12A51,FLORENCE AV,3RD AV,0,NA,Y,A,-,N,NA,NA,NA,NA,NA,NA,NA,NA,NA,Y,3,0,1,2,A,-,05,21651,A,N,A,C,A,A,H,-,A,D,0,NA,NA,NA,Y,Y,NA,A,01,0,1,0,0,0,0,0,0,0,-,-,NA,NA,LOS ANGELES,LOS ANGELES,-118.32067012,33.97459009
7111131,2015,2015-11-04,1942,2015-09-01,0940,38577,0354,2,5,7,1942,0,0,0,C,0,3A99W2,JEFFERSON BL,7TH AV,0,NA,Y,A,-,N,NA,NA,NA,NA,NA,NA,NA,NA,NA,N,4,0,2,3,A,-,03,22350,NA,N,C,C,A,A,H,-,A,A,0,NA,NA,NA,NA,Y,NA,A,01,0,0,2,0,0,0,0,0,0,-,-,NA,NA,LOS ANGELES,LOS ANGELES,-118.32478004,34.0255901
7111133,2015,2015-11-06,1942,2015-10-08,1720,27194,963,4,5,7,1942,0,0,0,NA,0,9A1,MAGNOLIA BL,KESTER AV,36,W,N,A,-,N,NA,NA,NA,NA,NA,NA,NA,NA,NA,Y,3,0,2,2,A,-,09,21801,A,N,A,C,A,A,H,-,A,A,0,NA,NA,NA,NA,Y,NA,D,22,0,1,1,0,0,0,0,0,0,-,-,NA,NA,LOS ANGELES,LOS ANGELES,-118.45752879,34.16485
7111134,2015,2015-11-06,1942,2015-10-04,2110,40617,1211,7,5,7,1942,0,0,0,L,0,12A15,CRENSHAW BL,SLAUSON AV,3,S,N,A,-,N,NA,NA,NA,NA,NA,NA,NA,NA,NA,N,4,0,1,2,A,-,04,21703,NA,F,C,C,A,A,H,-,C,A,0,NA,NA,NA,NA,Y,NA,-,99,0,0,1,0,0,0,0,0,0,-,-,NA,NA,LOS ANGELES,LOS ANGELES,-118.33091,33.98900177
7111135,2015,2015-11-04,1942,2015-09-02,1250,40762,0308,3,5,7,1942,0,0,0,C,0,3A19,HOOVER ST,24TH ST,0,NA,Y,A,-,N,NA,NA,NA,NA,NA,NA,NA,NA,NA,Y,4,0,2,2,A,-,03,22350,NA,N,C,C,A,A,H,-,A,A,0,NA,NA,NA,NA,Y,NA,A,01,0,0,2,0,0,0,0,0,0,-,-,NA,NA,LOS ANGELES,LOS ANGELES,-118.28399012,34.03439005
7111137,2015,2015-11-05,1942,2015-10-20,1220,38356,0946,2,5,7,1942,0,0,0,I,0,16T26,HAZELTINE AV,OXNARD ST,0,NA,Y,A,-,N,NA,NA,NA,NA,NA,NA,NA,NA,NA,Y,4,0,1,2,A,-,09,21801,A,N,A,C,A,A,H,-,A,A,0,NA,NA,NA,NA,Y,NA,D,22,0,0,1,0,0,0,0,0,0,-,-,NA,NA,LOS ANGELES,LOS ANGELES,-118.43997011,34.17940005
7111138,2015,2015-11-06,1942,2015-10-05,1630,40258,1258,1,5,7,1942,0,0,0,L,0,NA,FLORENCE AV,MAIN ST,0,NA,Y,C,-,N,NA,NA,NA,NA,NA,NA,NA,NA,NA,Y,4,0,2,2,A,-,09,21801,A,N,A,C,A,B,H,-,A,A,0,NA,NA,NA,NA,Y,NA,A,01,0,0,2,0,0,0,0,0,0,-,-,NA,NA,LOS ANGELES,LOS ANGELES,-118.27394008,33.97468005
7111139,2015,2015-11-04,1942,2015-09-05,1445,41297,0359,6,5,7,1942,0,0,0,C,0,1445,FLOWER ST,JEFFERSON BL,0,NA,Y,A,-,N,NA,NA,NA,NA,NA,NA,NA,NA,NA,N,3,0,1,2,A,-,12,21453,NA,N,G,B,B,A,H,-,A,A,0,Y,NA,NA,NA,Y,NA,A,01,0,1,0,0,1,0,0,0,0,-,-,NA,NA,LOS ANGELES,LOS ANGELES,-118.27873009,34.02138004
7111141,2015,2015-11-12,1942,2015-09-10,1135,39164,0374,4,5,7,1942,0,0,0,C,0,3A55,2ND ST,39TH,0,NA,Y,A,-,N,NA,NA,NA,NA,NA,NA,NA,NA,NA,Y,4,0,2,2,A,-,09,21802,A,F,D,C,A,A,H,-,A,A,0,NA,NA,NA,NA,Y,NA,-,99,0,0,2,0,0,0,0,0,0,-,-,NA,NA,LOS ANGELES,LOS ANGELES,-118.31931006,34.01457001
7111142,2015,2015-12-03,1942,2015-10-01,0720,37961,1207,4,5,7,1942,0,0,0,L,0,12A49,HOOVER ST,51ST ST,0,NA,Y,A,-,N,NA,NA,NA,NA,NA,NA,NA,NA,NA,Y,4,0,1,2,A,-,09,21801,A,N,A,C,A,A,H,-,A,A,0,NA,NA,NA,NA,Y,NA,A,07,0,0,1,0,0,0,0,0,0,-,-,NA,NA,LOS ANGELES,LOS ANGELES,-118.28716007,33.99643
7111143,2015,2015-11-30,1942,2015-09-02,1215,38594,0333,3,5,7,1942,0,0,0,C,0,3A99W2,CRENSHAW BL,36TH ST,0,NA,Y,A,-,N,NA,NA,NA,NA,NA,NA,NA,NA,NA,N,4,0,1,3,A,-,09,21801,A,N,D,C,A,A,H,-,A,B,0,NA,NA,NA,NA,Y,NA,A,01,0,0,1,0,0,0,0,0,0,-,-,NA,NA,LOS ANGELES,LOS ANGELES,-118.33511,34.024
7111147,2015,2015-11-03,1942,2015-09-06,0005,34753,0314,7,5,7,1942,0,0,0,C,0,3L50,ADAMS BL,6TH AV,0,NA,Y,A,-,N,NA,NA,NA,NA,NA,NA,NA,NA,NA,Y,3,0,2,2,A,-,09,21801,A,F,A,C,A,A,H,-,C,A,0,NA,NA,NA,NA,Y,NA,-,99,0,1,1,0,0,0,0,0,0,-,-,NA,NA,LOS ANGELES,LOS ANGELES,-118.32360008,34.03262002
7111151,2015,2015-11-03,1942,2015-09-09,1815,41838,0331,3,5,7,1942,0,0,0,C,0,3A74,JEFFERSON,FIELD AV,0,NA,Y,A,-,N,NA,NA,NA,NA,NA,NA,NA,NA,NA,NA,4,0,1,2,A,-,09,21802,A,N,D,C,A,A,H,-,A,A,0,NA,NA,NA,NA,Y,NA,A,01,0,0,1,0,0,0,0,0,0,-,-,NA,NA,LOS ANGELES,LOS ANGELES,-118.34711007,34.02554005
7111153,2015,2015-12-21,1942,2015-10-06,1450,36754,0378,2,5,7,1942,0,0,0,C,0,18T39,VERMONT AV,KING,17,N,N,A,-,N,NA,NA,NA,NA,NA,NA,NA,NA,NA,Y,3,0,2,5,A,-,03,22350,NA,N,B,C,A,A,H,-,A,A,0,NA,NA,NA,NA,Y,NA,D,22,0,1,1,0,0,0,0,0,0,-,-,NA,NA,LOS ANGELES,LOS ANGELES,NA,NA
7111154,2015,2015-11-06,1942,2015-10-08,2320,41806,1213,4,5,7,1942,0,0,0,L,0,12A3,SLAUSON AV,WESTERN AV,25,W,N,A,-,N,NA,NA,NA,NA,NA,NA,NA,NA,NA,N,4,0,1,3,A,-,03,22350,NA,F,C,C,A,A,H,-,C,A,0,NA,NA,NA,NA,Y,NA,-,99,0,0,1,0,0,0,0,0,0,-,-,NA,NA,LOS ANGELES,LOS ANGELES,-118.3090323,33.98914889
7111155,2015,2015-11-03,1942,2015-09-27,2100,41618,0316,7,5,7,1942,0,0,0,C,0,3XL95,NORMANDIE AV,25TH ST,0,NA,Y,A,-,N,NA,NA,NA,NA,NA,NA,NA,NA,NA,N,4,0,2,2,A,-,03,22350,NA,F,C,C,A,A,H,-,C,D,0,NA,NA,NA,NA,Y,NA,-,99,0,0,2,0,0,0,0,0,0,-,-,NA,NA,LOS ANGELES,LOS ANGELES,-118.30026002,34.03370002
7111157,2015,2015-11-18,1942,2015-10-16,1730,38503,0333,5,5,7,1942,0,0,0,C,0,12T73,ADAMS BL,SOMERSET DR,24,E,N,B,-,N,NA,NA,NA,NA,NA,NA,NA,NA,NA,Y,3,0,3,2,A,-,05,21650,NA,N,A,C,A,A,H,-,A,A,0,NA,NA,NA,NA,Y,NA,-,-,0,1,2,0,0,0,0,0,0,-,-,NA,NA,LOS ANGELES,LOS ANGELES,-118.33732095,34.03257906
7111158,2015,2015-11-06,1942,2015-10-08,1940,41806,1218,4,5,7,1942,0,0,0,L,0,12A3,HOOVER ST,54TH ST,6,S,N,A,-,N,NA,NA,NA,NA,NA,NA,NA,NA,NA,N,4,0,1,3,A,-,03,22350,NA,F,C,B,F,A,H,-,B,A,0,Y,NA,NA,NA,Y,NA,-,99,0,0,1,0,1,0,0,0,0,-,-,NA,NA,LOS ANGELES,LOS ANGELES,-118.28715,33.99323354
7111159,2015,2015-11-03,1942,2015-09-03,0740,41579,0374,4,5,7,1942,0,0,0,C,0,3A63,RODEO RD,6TH AV,0,NA,Y,A,-,N,NA,NA,NA,NA,NA,NA,NA,NA,NA,Y,4,0,2,2,A,-,09,21802,A,N,D,C,A,A,H,-,A,A,0,NA,NA,NA,NA,Y,NA,A,01,0,0,2,0,0,0,0,0,0,-,-,NA,NA,LOS ANGELES,LOS ANGELES,-118.32413001,34.01889011
7111161,2015,2015-11-12,1942,2015-09-12,0320,41579,0337,6,5,7,1942,0,0,0,C,0,3A57,WESERN AV,30TH ST,20,W,N,A,-,N,NA,NA,NA,NA,NA,NA,NA,NA,NA,N,4,0,1,2,A,-,03,22350,NA,N,A,C,A,A,H,-,C,A,0,NA,NA,NA,NA,Y,NA,D,22,0,0,1,0,0,0,0,0,0,-,-,NA,NA,LOS ANGELES,LOS ANGELES,-118.30893,34.02738
7111163,2015,2015-11-03,1942,2015-09-05,2215,40911,0393,6,5,7,1942,0,0,0,C,0,NA,43RD ST,NORTON,0,NA,Y,A,-,N,NA,NA,NA,NA,NA,NA,NA,NA,NA,N,3,0,1,2,A,-,09,21802,A,N,H,G,A,A,H,-,C,A,0,NA,Y,NA,NA,Y,NA,L,04,0,1,0,0,0,0,1,0,0,-,-,NA,NA,LOS ANGELES,LOS ANGELES,-118.33245003,34.00600005
7111164,2015,2015-11-12,1965,2015-09-16,1255,2972,B3A,3,5,5,1965,0,0,0,NA,0,B003,WILSHIRE BL,12TH ST,0,NA,Y,A,-,N,NA,NA,NA,NA,NA,NA,NA,NA,NA,N,4,0,1,2,A,-,09,21802,A,N,D,C,A,A,H,-,A,A,0,NA,NA,NA,NA,Y,NA,D,22,0,0,1,0,0,0,0,0,0,-,-,NA,NA,LOS ANGELES,SANTA MONICA,-118.49076007,34.02525001
7111165,2015,2016-07-20,1942,2015-09-04,2020,40717,0373,5,5,7,1942,0,0,0,C,0,3A63,BRONSON AV,39TH ST,333,N,N,A,-,N,NA,NA,NA,NA,NA,NA,NA,NA,NA,N,2,0,1,2,A,-,11,21954,A,N,G,B,D,A,H,-,C,A,0,Y,NA,NA,NA,Y,NA,N,60,1,0,0,0,1,0,0,0,0,-,-,NA,NA,LOS ANGELES,LOS ANGELES,-118.33397,34.01550081
7111167,2015,2015-11-04,1942,2015-09-04,1115,41217,0334,5,5,7,1942,0,0,0,C,0,3A73,ADAMS,MONTCLAIR ST,0,NA,Y,A,-,N,NA,NA,NA,NA,NA,NA,NA,NA,NA,Y,4,0,1,3,A,-,09,21801,A,N,D,C,A,A,H,-,A,A,0,NA,NA,NA,NA,Y,NA,A,01,0,0,1,0,0,0,0,0,0,-,-,NA,NA,LOS ANGELES,LOS ANGELES,-118.33273013,34.03258005
7111171,2015,2015-11-03,1942,2015-09-08,1320,36847,0351,2,5,7,1942,0,0,0,C,0,3A31,EXPOSITION BL,VINEYARD BL,200,W,N,A,-,N,NA,NA,NA,NA,NA,NA,NA,NA,NA,N,4,0,1,1,A,-,03,22350,NA,N,D,J,A,A,H,-,A,D,0,NA,NA,Y,NA,Y,NA,C,03,0,0,1,0,0,0,0,0,1,-,-,NA,NA,LOS ANGELES,LOS ANGELES,-118.34903406,34.02436568
7111175,2015,2015-11-03,1942,2015-09-16,1600,38794,0311,3,5,7,1942,0,0,0,C,0,321W2,HAUSER AV,ADAMS BL,300,N,N,A,-,N,NA,NA,NA,NA,NA,NA,NA,NA,NA,N,4,0,1,2,A,-,03,22350,NA,N,C,C,A,A,H,-,A,A,0,NA,NA,NA,NA,Y,NA,A,07,0,0,1,0,0,0,0,0,0,-,-,NA,NA,LOS ANGELES,LOS ANGELES,-118.3624113,34.03326752