CASE_ID,ACCIDENT_YEAR,PROC_DATE,JURIS,COLLISION_DATE,COLLISION_TIME,OFFICER_ID,REPORTING_DISTRICT,DAY_OF_WEEK,CHP_SHIFT,POPULATION,CNTY_CITY_LOC,SPECIAL_COND,BEAT_TYPE,CHP_BEAT_TYPE,CITY_DIVISION_LAPD,CHP_BEAT_CLASS,BEAT_NUMBER,PRIMARY_RD,SECONDARY_RD,DISTANCE,DIRECTION,INTERSECTION,WEATHER_1,WEATHER_2,STATE_HWY_IND,CALTRANS_COUNTY,CALTRANS_DISTRICT,STATE_ROUTE,ROUTE_SUFFIX,POSTMILE_PREFIX,POSTMILE,LOCATION_TYPE,RAMP_INTERSECTION,SIDE_OF_HWY,TOW_AWAY,COLLISION_SEVERITY,NUMBER_KILLED,NUMBER_INJURED,PARTY_COUNT,PRIMARY_COLL_FACTOR,PCF_CODE_OF_VIOL,PCF_VIOL_CATEGORY,PCF_VIOLATION,PCF_VIOL_SUBSECTION,HIT_AND_RUN,TYPE_OF_COLLISION,MVIW,PED_ACTION,ROAD_SURFACE,ROAD_COND_1,ROAD_COND_2,LIGHTING,CONTROL_DEVICE,CHP_ROAD_TYPE,PEDESTRIAN_ACCIDENT,BICYCLE_ACCIDENT,MOTORCYCLE_ACCIDENT,TRUCK_ACCIDENT,NOT_PRIVATE_PROPERTY,ALCOHOL_INVOLVED,STWD_VEHTYPE_AT_FAULT,CHP_VEHTYPE_AT_FAULT,COUNT_SEVERE_INJ,COUNT_VISIBLE_INJ,COUNT_COMPLAINT_PAIN,COUNT_PED_KILLED,COUNT_PED_INJURED,COUNT_BICYCLIST_KILLED,COUNT_BICYCLIST_INJURED,COUNT_MC_KILLED,COUNT_MC_INJURED,PRIMARY_RAMP,SECONDARY_RAMP,LATITUDE,LONGITUDE,COUNTY,CITY,POINT_X,POINT_Y
7111179,2015,2015-11-04,1942,2015-09-16,0750,37411,373,3,5,7,1942,0,0,0,NA,0,3A99,RODEO RD,CRENSHAW BL,75,W,N,A,-,N,NA,NA,NA,NA,NA,NA,NA,NA,NA,N,4,0,1,2,A,-,03,22350,NA,N,C,C,A,A,H,-,A,A,0,NA,NA,NA,NA,Y,NA,A,07,0,0,1,0,0,0,0,0,0,-,-,NA,NA,LOS ANGELES,LOS ANGELES,-118.335347,34.02143374
7111182,2015,2016-08-09,1976,2015-10-26,1539,297,NA,1,5,5,1976,0,0,0,NA,0,001,NORWALK BL,PLEASANT WY,35,S,N,A,-,N,NA,NA,NA,NA,NA,NA,NA,NA,NA,Y,4,0,1,2,A,-,09,21801,A,N,D,C,A,A,H,-,A,D,0,NA,NA,NA,NA,Y,NA,A,01,0,0,1,0,0,0,0,0,0,-,-,NA,NA,LOS ANGELES,WHITTIER,-118.06445374,33.98946626
7111183,2015,2015-11-04,1942,2015-09-14,0835,41241,0391,1,5,7,1942,0,0,0,C,0,3A99,LA BREA AV,DON LORENZO DR,45,S,N,B,-,N,NA,NA,NA,NA,NA,NA,NA,NA,NA,N,4,0,1,3,A,-,03,22350,NA,N,C,C,A,A,H,-,A,A,0,NA,NA,NA,NA,Y,NA,A,07,0,0,1,0,0,0,0,0,0,-,-,NA,NA,LOS ANGELES,LOS ANGELES,-118.358942,34.00069642
7111187,2015,2015-11-03,1942,2015-09-16,1635,41613,0391,3,5,7,1942,0,0,0,C,0,3A12,LA BREA,DON LORENZO,370,N,N,A,-,N,NA,NA,NA,NA,NA,NA,NA,NA,NA,Y,4,0,1,1,A,-,03,22350,NA,N,E,I,A,A,H,-,A,D,0,NA,NA,NA,NA,Y,NA,A,01,0,0,1,0,0,0,0,0,0,-,-,NA,NA,LOS ANGELES,LOS ANGELES,-118.3591534,34.00181089
7111189,2015,2015-11-06,1942,2015-10-23,1930,41676,1273,5,5,7,1942,0,0,0,L,0,12A73,MANCHESTER AV,WESTERN,50,W,N,A,-,N,NA,NA,NA,NA,NA,NA,NA,NA,NA,N,4,0,1,2,A,-,04,21703,NA,F,C,C,A,A,H,-,C,A,0,NA,NA,NA,NA,Y,NA,-,99,0,0,1,0,0,0,0,0,0,-,-,NA,NA,LOS ANGELES,LOS ANGELES,-118.30917454,33.95996758
7111191,2015,2015-11-03,1942,2015-09-25,2210,41858,0321,5,5,7,1942,0,0,0,C,0,3A63,SUNLIGHT PL,CLYDE AV,30,E,N,A,-,N,NA,NA,NA,NA,NA,NA,NA,NA,NA,N,4,0,1,2,A,-,01,23152,A,N,A,C,A,A,H,-,C,D,0,NA,NA,NA,NA,Y,Y,A,01,0,0,1,0,0,0,0,0,0,-,-,NA,NA,LOS ANGELES,LOS ANGELES,-118.36910118,34.02217953
7111194,2015,2016-08-03,1900,2015-10-20,0935,466734,0466,2,5,4,1936,0,0,0,NA,0,46T2,FIRESTONE BL,VALLEY VIEW AV,3696,E,N,A,-,N,NA,NA,NA,NA,NA,NA,NA,NA,NA,Y,4,0,1,2,A,-,07,21658,A,N,B,C,A,A,H,-,A,D,0,NA,NA,NA,Y,Y,NA,A,01,0,0,1,0,0,0,0,0,0,-,-,NA,NA,LOS ANGELES,LA MIRADA,-118.01994251,33.87951444
7111195,2015,2015-11-03,1942,2015-09-24,1800,41290,0355,4,5,7,1942,0,0,0,C,0,3A12,W 36TH PL,RUTHELEN ST,40,E,N,A,-,N,NA,NA,NA,NA,NA,NA,NA,NA,NA,N,4,0,4,2,A,-,21,22106,NA,N,H,C,A,A,H,-,A,D,0,NA,NA,NA,NA,Y,NA,A,01,0,0,4,0,0,0,0,0,0,-,-,NA,NA,LOS ANGELES,LOS ANGELES,-118.31267826,34.02187146
7111199,2015,2015-11-03,1942,2015-09-25,1825,41793,0379,5,5,7,1942,0,0,0,C,0,3A74,VERMONT,39TH,20,S,N,A,-,N,NA,NA,NA,NA,NA,NA,NA,NA,NA,N,4,0,2,2,A,-,03,22350,NA,N,C,C,A,A,H,-,A,A,0,NA,NA,NA,NA,Y,NA,A,01,0,0,2,0,0,0,0,0,0,-,-,NA,NA,LOS ANGELES,LOS ANGELES,-118.29154,34.01542515
7111201,2015,2015-11-03,1942,2015-10-22,1000,33504,1684,4,5,7,1942,0,0,0,P,0,9TL57,STRATHERN ST,MORELLA AV,0,NA,Y,B,-,N,NA,NA,NA,NA,NA,NA,NA,NA,NA,Y,4,0,1,2,A,-,09,21801,A,F,A,C,A,A,B,-,A,D,0,NA,NA,NA,NA,Y,NA,A,01,0,0,1,0,0,0,0,0,0,-,-,NA,NA,LOS ANGELES,LOS ANGELES,-118.38994001,34.21573004
7111202,2015,2015-11-03,1942,2015-10-21,0615,35393,362,3,5,7,1942,0,0,0,NA,0,12T41,SANTA ROSALIA DR,HILLCREST DR,0,NA,Y,A,-,N,NA,NA,NA,NA,NA,NA,NA,NA,NA,N,4,0,1,2,A,-,12,21453,A,N,G,B,B,A,H,-,B,A,0,Y,NA,NA,NA,Y,NA,A,01,0,0,1,0,1,0,0,0,0,-,-,NA,NA,LOS ANGELES,LOS ANGELES,-118.34651011,34.01375004
7111204,2015,2015-11-06,1942,2015-10-02,1450,41663,1205,5,5,7,1942,0,0,0,L,0,3A32,VERMONT,51ST PL,0,NA,Y,A,-,N,NA,NA,NA,NA,NA,NA,NA,NA,NA,Y,3,0,2,3,A,-,09,21801,A,N,A,C,A,A,H,-,A,D,0,NA,NA,NA,NA,Y,NA,-,NA,0,1,1,0,0,0,0,0,0,-,-,NA,NA,LOS ANGELES,LOS ANGELES,-118.29153007,33.99597005
7111205,2015,2015-11-03,1942,2015-10-24,1145,40383,1755,6,5,7,1942,0,0,0,Q,0,16T28,LINDLEY AV,LASSEN ST,0,NA,Y,A,-,N,NA,NA,NA,NA,NA,NA,NA,NA,NA,Y,4,0,1,2,A,-,12,21453,A,M,A,C,A,A,H,-,A,A,0,NA,NA,NA,NA,Y,NA,A,01,0,0,1,0,0,0,0,0,0,-,-,NA,NA,LOS ANGELES,LOS ANGELES,-118.52735008,34.25000006
7111206,2015,2015-11-03,1942,2015-10-16,1830,40440,326,5,5,7,1942,0,0,0,NA,0,3TL57,WESTERN AV,29TH ST,0,NA,Y,A,-,N,NA,NA,NA,NA,NA,NA,NA,NA,NA,N,4,0,2,2,A,-,12,21453,A,N,D,C,A,A,H,-,C,A,0,NA,NA,NA,NA,Y,NA,A,08,0,0,2,0,0,0,0,0,0,-,-,NA,NA,LOS ANGELES,LOS ANGELES,-118.30894,34.02909
7111208,2015,2015-11-06,1942,2015-10-20,1900,41056,1268,2,5,7,1942,0,0,0,L,0,12T41,BROADWAY,MANCHESTER,0,NA,Y,A,-,N,NA,NA,NA,NA,NA,NA,NA,NA,NA,N,4,0,3,2,A,-,09,21801,A,N,A,C,A,A,H,-,C,A,0,NA,NA,NA,NA,Y,NA,A,01,0,0,3,0,0,0,0,0,0,-,-,NA,NA,LOS ANGELES,LOS ANGELES,-118.27828005,33.96008008
7111209,2015,2015-11-03,1942,2015-10-14,1910,34599,1522,3,5,7,1942,0,0,0,O,0,15T43,SHERMAN WAY,COLDWATER CANYON AV,0,NA,Y,A,-,N,NA,NA,NA,NA,NA,NA,NA,NA,NA,N,4,0,5,2,A,-,09,21801,B,N,D,C,A,A,H,-,B,A,0,NA,NA,NA,NA,Y,NA,A,01,0,0,5,0,0,0,0,0,0,-,-,NA,NA,LOS ANGELES,LOS ANGELES,-118.41380014,34.20119004
7111210,2015,2015-11-04,1942,2015-10-16,0740,35688,336,5,5,7,1942,0,0,0,NA,0,3T5,JEFFERSON AV,2ND AV,0,NA,Y,A,-,N,NA,NA,NA,NA,NA,NA,NA,NA,NA,Y,3,0,2,2,A,-,09,21802,A,N,D,C,A,A,H,-,A,A,0,NA,NA,NA,NA,Y,NA,A,08,0,2,0,0,0,0,0,0,0,-,-,NA,NA,LOS ANGELES,LOS ANGELES,-118.31887012,34.02554005
7111211,2015,2016-08-09,1965,2015-10-27,2140,3477,B2A,2,5,5,1965,0,0,0,NA,0,002,LINCOLN BL,MAPLE ST,0,NA,Y,A,-,N,NA,NA,NA,NA,NA,NA,NA,NA,NA,Y,3,0,3,3,A,-,03,22350,NA,N,C,C,A,A,H,-,C,D,0,NA,NA,NA,NA,Y,NA,A,07,0,1,2,0,0,0,0,0,0,-,-,NA,NA,LOS ANGELES,SANTA MONICA,-118.47716002,34.00761004
7111212,2015,2015-11-06,1942,2015-10-26,1840,35925,1254,1,5,7,1942,0,0,0,L,0,12741,FLORENCE AV,CENTRAL AV,0,NA,Y,A,-,N,NA,NA,NA,NA,NA,NA,NA,NA,NA,Y,3,0,4,2,A,-,09,21801,A,N,D,C,A,A,H,-,B,A,0,NA,NA,NA,NA,Y,NA,A,01,0,1,3,0,0,0,0,0,0,-,-,NA,NA,LOS ANGELES,LOS ANGELES,-118.25646003,33.97476003
7111213,2015,2015-11-03,1942,2015-10-17,1715,39217,1743,6,5,7,1942,0,0,0,Q,0,21TL62,RESEDA BL,CHATSWORTH ST,0,NA,Y,A,-,N,NA,NA,NA,NA,NA,NA,NA,NA,NA,Y,3,0,2,2,A,-,09,21801,A,N,D,C,A,A,H,-,A,A,0,NA,NA,NA,NA,Y,NA,A,07,0,2,0,0,0,0,0,0,0,-,-,NA,NA,LOS ANGELES,LOS ANGELES,-118.53611002,34.26454011
7111214,2015,2015-11-03,1942,2015-10-11,2255,40003,355,7,5,7,1942,0,0,0,NA,0,18T23,ARLINGTON AV,36TH PL,0,NA,Y,A,-,N,NA,NA,NA,NA,NA,NA,NA,NA,NA,N,3,0,1,2,A,-,03,22350,NA,F,A,B,B,A,H,-,C,A,0,Y,NA,NA,NA,Y,NA,-,99,0,1,0,0,1,0,0,0,0,-,-,NA,NA,LOS ANGELES,LOS ANGELES,-118.31766004,34.02185005
7111215,2015,2015-11-06,1965,2015-10-21,1723,3869,0B3A,3,5,5,1965,0,0,0,NA,0,003,SANTA MONICA BL,19TH ST,0,NA,Y,A,-,N,NA,NA,NA,NA,NA,NA,NA,NA,NA,Y,4,0,1,2,A,-,09,21802,A,N,D,C,A,A,H,-,A,D,0,NA,NA,NA,NA,Y,NA,A,01,0,0,1,0,0,0,0,0,0,-,-,NA,NA,LOS ANGELES,SANTA MONICA,-118.48098014,34.02790003
7111216,2015,2015-11-06,1942,2015-10-20,1150,36571,1255,2,5,7,1942,0,0,0,L,0,12TL41,78TH ST,DENKER AV,0,NA,Y,A,-,N,NA,NA,NA,NA,NA,NA,NA,NA,NA,N,4,0,1,2,A,-,09,21802,A,N,D,C,A,A,H,-,A,A,0,NA,NA,NA,NA,Y,NA,A,07,0,0,1,0,0,0,0,0,0,-,-,NA,NA,LOS ANGELES,LOS ANGELES,-118.30464006,33.96907012
7111217,2015,2015-11-03,1942,2015-10-12,1540,39217,1701,1,5,7,1942,0,0,0,Q,0,21TL62,RINALDI ST,TORINO WAY,0,NA,Y,A,-,N,NA,NA,NA,NA,NA,NA,NA,NA,NA,Y,3,0,2,1,A,-,03,22350,NA,N,E,I,A,A,H,-,A,-,0,NA,NA,NA,NA,Y,NA,A,01,0,2,0,0,0,0,0,0,0,-,-,NA,NA,LOS ANGELES,LOS ANGELES,-118.58109005,34.27449009
7111218,2015,2015-11-03,1942,2015-10-24,0040,38185,1028,6,5,7,1942,0,0,0,J,0,19T75,VICTORY BL,PETIT AV,0,E,N,A,-,N,NA,NA,NA,NA,NA,NA,NA,NA,NA,Y,3,0,1,6,A,-,01,23152,A,M,C,E,A,A,H,-,C,A,0,NA,NA,NA,NA,Y,Y,A,01,0,1,0,0,0,0,0,0,0,-,-,NA,NA,LOS ANGELES,LOS ANGELES,-118.49716013,34.18661006
7111219,2015,2015-11-06,1965,2015-10-22,0803,3178,B4B,4,5,5,1965,0,0,0,NA,0,B004,CARLYLE AV,17TH ST,0,NA,Y,A,-,N,NA,NA,NA,NA,NA,NA,NA,NA,NA,N,4,0,1,2,D,-,00,NA,NA,N,D,G,A,A,H,-,A,A,0,NA,Y,NA,NA,Y,NA,-,-,0,0,1,0,0,0,1,0,0,-,-,NA,NA,LOS ANGELES,SANTA MONICA,-118.49747,34.03887001
7111221,2015,2015-11-03,1942,2015-10-19,1700,39510,914,1,5,7,1942,0,0,0,NA,0,9A37,VANOWEN ST,VESPER AV,0,NA,Y,B,-,N,NA,NA,NA,NA,NA,NA,NA,NA,NA,Y,4,0,1,3,A,-,12,21453,NA,N,B,C,A,B,H,-,B,A,0,NA,NA,NA,NA,Y,NA,A,08,0,0,1,0,0,0,0,0,0,-,-,NA,NA,LOS ANGELES,LOS ANGELES,-118.45095013,34.19393001
7111222,2015,2015-11-03,1942,2015-10-22,0740,33504,1008,4,5,7,1942,0,0,0,J,0,9TL57,NEWCASTLE AV,LORNE ST,206,S,N,B,-,N,NA,NA,NA,NA,NA,NA,NA,NA,NA,N,4,0,1,2,A,-,21,22106,NA,N,D,C,A,A,H,-,A,D,0,NA,NA,NA,NA,Y,NA,A,07,0,0,1,0,0,0,0,0,0,-,-,NA,NA,LOS ANGELES,LOS ANGELES,-118.52548379,34.21691494
7111223,2015,2017-01-28,1965,2015-10-08,1007,3178,B1G,4,5,5,1965,0,0,0,NA,0,B001,4TH ST,OLYMPIC DR,0,NA,Y,A,-,Y,LA,7,1,-,R,34.597,R,4,S,Y,3,0,1,2,A,-,12,21453,A,N,D,D,A,A,G,-,A,A,0,NA,NA,NA,NA,Y,NA,A,01,0,1,0,0,0,0,0,0,0,-,-,NA,NA,LOS ANGELES,SANTA MONICA,-118.48623751,34.01453175
7111225,2015,2015-11-03,1942,2015-10-19,1840,40880,VAN N,1,5,7,1942,0,0,0,NA,0,963,MAGNOLIA,KESTER,0,NA,Y,C,-,N,NA,NA,NA,NA,NA,NA,NA,NA,NA,Y,3,0,2,2,A,-,09,21801,A,N,A,C,A,B,H,-,C,A,0,NA,NA,NA,NA,Y,NA,A,01,0,1,1,0,0,0,0,0,0,-,-,NA,NA,LOS ANGELES,LOS ANGELES,-118.45741006,34.16485011
7111226,2015,2015-11-03,1942,2015-10-20,1025,40526,1099,2,5,7,1942,0,0,0,J,0,9A19,SEPULVEDA BL,ROYAL HILLS,36,S,N,A,-,N,NA,NA,NA,NA,NA,NA,NA,NA,NA,Y,4,0,1,2,A,-,03,22350,NA,N,C,C,A,A,H,-,A,D,0,NA,NA,Y,NA,Y,NA,C,02,0,0,1,0,0,0,0,0,1,-,-,NA,NA,LOS ANGELES,LOS ANGELES,-118.48741097,34.13529732
7111227,2015,2015-11-06,1965,2015-10-20,1600,3158,0B4D,2,5,5,1965,0,0,0,NA,0,B004,2ND ST,IDAHO AV,0,NA,Y,A,-,N,NA,NA,NA,NA,NA,NA,NA,NA,NA,Y,4,0,1,2,A,-,08,22103,NA,N,D,C,A,A,H,-,A,A,0,NA,NA,NA,NA,Y,NA,A,01,0,0,1,0,0,0,0,0,0,-,-,NA,NA,LOS ANGELES,SANTA MONICA,-118.50501013,34.02168001
7111229,2015,2015-11-04,1942,2015-10-12,0830,37080,1037,1,5,7,1942,0,0,0,J,0,21TL63,VICTORY BL,LOUISE AV,0,NA,Y,A,-,N,NA,NA,NA,NA,NA,NA,NA,NA,NA,Y,3,0,4,2,A,-,12,21453,A,N,D,C,A,A,H,-,A,A,0,NA,NA,NA,NA,Y,NA,A,01,0,2,2,0,0,0,0,0,0,-,-,NA,NA,LOS ANGELES,LOS ANGELES,-118.51006006,34.18682006
7111230,2015,2015-11-03,1942,2015-10-19,1505,39217,929,1,5,7,1942,0,0,0,NA,0,21TL62,FULTON AV,VICTORY BL,650,N,N,A,-,N,NA,NA,NA,NA,NA,NA,NA,NA,NA,Y,3,0,1,2,A,-,09,21801,A,N,D,C,A,A,H,-,A,D,0,NA,NA,Y,NA,Y,NA,A,01,0,1,0,0,0,0,0,0,1,-,-,NA,NA,LOS ANGELES,LOS ANGELES,-118.42251629,34.18846279
7111231,2015,2015-11-06,1956,2015-10-23,0947,1257,39,5,5,5,1956,0,0,0,NA,0,002,ANITA ST,FLAGLER LN,0,NA,Y,A,-,N,NA,NA,NA,NA,NA,NA,NA,NA,NA,Y,4,0,1,2,A,-,09,21802,A,N,B,C,A,A,H,-,A,A,0,NA,NA,NA,NA,Y,NA,A,01,0,0,1,0,0,0,0,0,0,-,-,NA,NA,LOS ANGELES,REDONDO BEACH,-118.37891013,33.85807006
7111233,2015,2015-11-04,1942,2015-10-10,0025,40639,1023,6,5,7,1942,0,0,0,J,0,21T61,TAMPA AV,HART ST,0,NA,Y,A,-,N,NA,NA,NA,NA,NA,NA,NA,NA,NA,Y,4,0,2,2,A,-,09,21801,A,N,D,C,A,A,H,-,C,A,0,NA,NA,NA,NA,Y,NA,A,01,0,0,2,0,0,0,0,0,0,-,-,NA,NA,LOS ANGELES,LOS ANGELES,-118.55346012,34.19746002
7111234,2015,2015-11-03,1942,2015-10-19,1345,41984,937,1,5,7,1942,0,0,0,NA,0,9A41,VICTORY BL,MATILIJA ST,50,E,N,A,-,N,NA,NA,NA,NA,NA,NA,NA,NA,NA,N,4,0,1,2,A,-,04,21703,NA,N,C,C,A,A,H,-,A,A,0,NA,NA,NA,NA,Y,NA,A,01,0,0,1,0,0,0,0,0,0,-,-,NA,NA,LOS ANGELES,LOS ANGELES,-118.43329497,34.18667
7111235,2015,2015-11-06,1956,2015-10-22,1123,1257,67,4,5,5,1956,0,0,0,NA,0,004,MARINE AV,METTLER LN,0,NA,Y,A,-,N,NA,NA,NA,NA,NA,NA,NA,NA,NA,N,4,0,1,2,A,-,21,22106,NA,N,C,G,A,A,H,-,A,A,0,NA,Y,NA,NA,Y,NA,A,01,0,0,1,0,0,0,1,0,0,-,-,NA,NA,LOS ANGELES,REDONDO BEACH,-118.37212,33.8946401
7111236,2015,2015-11-06,1965,2015-10-23,1223,3764,0B3A,5,5,5,1965,0,0,0,NA,0,B003,HARVARD ST,WILSHIRE BL,187,N,N,A,-,N,NA,NA,NA,NA,NA,NA,NA,NA,NA,Y,4,0,1,2,A,-,09,21804,A,N,A,C,A,A,H,-,A,D,0,NA,NA,NA,NA,Y,NA,A,01,0,0,1,0,0,0,0,0,0,-,-,NA,NA,LOS ANGELES,SANTA MONICA,-118.47571,34.03743
7111237,2015,2015-11-04,1942,2015-10-19,1820,42034,1035,1,5,7,1942,0,0,0,J,0,10X28,VANOWEN ST,RESEDA BL,0,NA,Y,B,-,N,NA,NA,NA,NA,NA,NA,NA,NA,NA,N,4,0,1,2,A,-,07,21658,A,N,B,C,A,A,H,-,B,A,0,NA,NA,Y,NA,Y,NA,A,01,0,0,1,0,0,0,0,0,0,-,-,NA,NA,LOS ANGELES,LOS ANGELES,-118.53604009,34.19385
7111238,2015,2015-11-12,1942,2015-10-14,1535,42026,1039,3,5,7,1942,0,0,0,J,0,10X6,VANOWEN,BALBOA,1056,E,N,A,-,N,NA,NA,NA,NA,NA,NA,NA,NA,NA,N,3,0,1,2,A,-,17,21200,NA,N,G,G,A,A,D,-,A,A,0,NA,Y,NA,NA,Y,NA,L,04,0,1,0,0,0,0,1,0,0,-,-,NA,NA,LOS ANGELES,LOS ANGELES,-118.49763446,34.1939
7111239,2015,2015-11-06,1956,2015-10-22,0719,1257,53,4,5,5,1956,0,0,0,NA,0,004,MACKAY LN,ARTESIA BL,0,NA,Y,A,-,N,NA,NA,NA,NA,NA,NA,NA,NA,NA,N,4,0,1,2,A,-,10,21950,A,N,G,B,B,A,H,-,A,A,0,Y,NA,NA,NA,Y,NA,A,01,0,0,1,0,1,0,0,0,0,-,-,NA,NA,LOS ANGELES,REDONDO BEACH,-118.36856009,33.8729001
7111240,2015,2015-11-06,1965,2015-10-26,0746,3693,0B1K,1,5,5,1965,0,0,0,NA,0,B001,4TH ST,SANTA MONICA BL,333,S,N,A,-,N,NA,NA,NA,NA,NA,NA,NA,NA,NA,Y,4,0,1,2,A,-,03,22350,NA,N,C,C,A,A,H,-,A,D,0,NA,NA,NA,NA,Y,NA,A,01,0,0,1,0,0,0,0,0,0,-,-,NA,NA,LOS ANGELES,SANTA MONICA,-118.49442817,34.01577305
7111241,2015,2015-11-04,1942,2015-10-21,0755,39192,1001,3,5,7,1942,0,0,0,J,0,10TL39,TAMPA AV,STRATHERN ST,0,NA,Y,A,-,N,NA,NA,NA,NA,NA,NA,NA,NA,NA,N,4,0,1,2,A,-,12,21453,A,N,D,C,A,A,H,-,A,A,0,NA,NA,NA,NA,Y,NA,-,-,0,0,1,0,0,0,0,0,0,-,-,NA,NA,LOS ANGELES,LOS ANGELES,-118.55352003,34.21564001
7111242,2015,2015-11-04,1942,2015-10-21,1615,40193,1033,3,5,7,1942,0,0,0,J,0,17TL14,VICTORY BL,RESEDA BL,420,W,N,A,-,N,NA,NA,NA,NA,NA,NA,NA,NA,NA,Y,3,0,1,1,C,-,18,NA,NA,N,H,J,A,A,H,-,A,D,0,NA,NA,Y,NA,Y,NA,-,-,0,1,0,0,0,0,0,0,1,-,-,NA,NA,LOS ANGELES,LOS ANGELES,-118.53740623,34.18656584
7111243,2015,2015-11-06,1956,2015-10-26,1732,1272,75,1,5,5,1956,0,0,0,NA,0,001,S PROSPECT,AVE B,0,NA,Y,A,-,N,NA,NA,NA,NA,NA,NA,NA,NA,NA,Y,4,0,2,2,A,-,09,21801,A,N,D,C,A,A,H,-,A,D,0,NA,NA,NA,NA,Y,NA,A,07,0,0,2,0,0,0,0,0,0,-,-,NA,NA,LOS ANGELES,REDONDO BEACH,-118.37690005,33.82604009
7111244,2015,2016-08-03,1965,2015-10-23,0945,3598,0B3B,5,5,5,1965,0,0,0,NA,0,B003,SANTA MONICA BL,16TH ST,156,W,N,A,-,N,NA,NA,NA,NA,NA,NA,NA,NA,NA,Y,3,0,2,2,A,-,21,22106,NA,N,D,C,A,A,H,-,A,D,0,NA,NA,NA,NA,Y,NA,-,NA,0,1,1,0,0,0,0,0,0,-,-,NA,NA,LOS ANGELES,SANTA MONICA,-118.48418091,34.0253238
7111245,2015,2015-11-04,1942,2015-10-15,0855,36257,1097,4,5,7,1942,0,0,0,J,0,15TL45,CALNEVA DR,DELLVALE PL,0,NA,Y,B,-,N,NA,NA,NA,NA,NA,NA,NA,NA,NA,N,3,0,1,2,A,-,09,21801,A,N,D,C,A,A,H,-,A,D,0,NA,NA,NA,NA,Y,NA,A,08,0,1,0,0,0,0,0,0,0,-,-,NA,NA,LOS ANGELES,LOS ANGELES,-118.49555008,34.13597008
7111246,2015,2015-11-04,1942,2015-10-21,0740,38326,1768,3,5,7,1942,0,0,0,Q,0,15TL43,LASSEN ST,BALBOA BL,0,NA,N,A,-,N,NA,NA,NA,NA,NA,NA,NA,NA,NA,N,4,0,2,2,A,-,03,22350,NA,N,C,C,A,A,H,-,A,D,0,NA,NA,NA,NA,Y,NA,A,01,0,0,2,0,0,0,0,0,0,-,-,NA,NA,LOS ANGELES,LOS ANGELES,-118.50239007,34.25027009
7111248,2015,2015-11-06,1965,2015-10-19,1420,3158,0B2B,1,5,5,1965,0,0,0,NA,0,B002,11TH ST,PICO BL,140,N,N,A,-,N,NA,NA,NA,NA,NA,NA,NA,NA,NA,N,3,0,1,2,A,-,17,21209,A,F,B,C,A,A,H,-,A,A,0,NA,NA,Y,NA,Y,NA,C,02,0,1,0,0,0,0,0,0,0,-,-,NA,NA,LOS ANGELES,SANTA MONICA,-118.47989379,34.01437346
7111249,2015,2015-11-03,1942,2015-10-20,2040,40207,1764,2,5,7,1942,0,0,0,Q,0,17T13,LASSEN ST,TUNNEY AV,0,NA,Y,A,-,N,NA,NA,NA,NA,NA,NA,NA,NA,NA,Y,4,0,2,2,A,-,09,21802,A,N,D,C,A,A,H,-,C,A,0,NA,NA,NA,NA,Y,NA,A,01,0,0,2,0,0,0,0,0,0,-,-,NA,NA,LOS ANGELES,LOS ANGELES,-118.55793013,34.24999001
7111250,2015,2015-11-04,1942,2015-10-20,1340,26319,1785,2,5,7,1942,0,0,0,Q,0,19TL74,DEARBORN ST,DARBY AV,160,W,N,A,-,N,NA,NA,NA,NA,NA,NA,NA,NA,NA,N,4,0,1,2,A,-,09,21801,A,N,B,C,A,A,H,-,A,D,0,NA,NA,Y,NA,Y,NA,A,01,0,0,1,0,0,0,0,0,1,-,-,NA,NA,LOS ANGELES,LOS ANGELES,-118.53431846,34.23731
7111251,2015,2015-11-06,1942,2015-10-09,1135,40543,1283,5,5,7,1942,0,0,0,L,0,12A49,WESTERN AV,CENTURY BL,0,NA,N,A,-,N,NA,NA,NA,NA,NA,NA,NA,NA,NA,Y,2,0,1,4,A,-,09,21801,A,N,D,C,A,A,H,-,A,A,0,NA,NA,Y,NA,Y,NA,A,01,1,0,0,0,0,0,0,0,1,-,-,NA,NA,LOS ANGELES,LOS ANGELES,-118.30903014,33.94545005
7111252,2015,2015-11-09,1965,2015-10-23,2315,3687,0B3A,5,5,5,1965,0,0,0,NA,0,B003,HARVARD ST,SANTA MONICA BL,30,N,N,A,-,N,NA,NA,NA,NA,NA,NA,NA,NA,NA,Y,3,0,1,1,A,-,03,22350,NA,N,A,I,A,A,H,-,C,D,0,NA,NA,NA,NA,Y,Y,A,01,0,1,0,0,0,0,0,0,0,-,-,NA,NA,LOS ANGELES,SANTA MONICA,-118.47262938,34.03476861
7111253,2015,2015-11-10,1942,2015-10-13,1500,31934,1798,2,5,7,1942,0,0,0,Q,0,17A23,NORDHOFF ST,COLLETTE AV,0,NA,Y,-,-,N,NA,NA,NA,NA,NA,NA,NA,NA,NA,Y,3,0,4,2,A,-,09,21801,A,N,A,C,A,-,-,-,-,D,0,NA,NA,NA,NA,Y,NA,A,01,0,1,3,0,0,0,0,0,0,-,-,NA,NA,LOS ANGELES,LOS ANGELES,-118.48404003,34.23562004
7111254,2014,2015-11-03,1942,2014-10-09,1535,40193,1775,4,5,7,1942,0,0,0,Q,0,17TL14,BALBOA BL,TUPPER ST,350,S,N,A,-,N,NA,NA,NA,NA,NA,NA,NA,NA,NA,N,4,0,2,3,A,-,04,21703,NA,N,C,C,A,A,H,-,A,D,0,NA,NA,NA,NA,Y,NA,A,07,0,0,2,0,0,0,0,0,0,-,-,NA,NA,LOS ANGELES,LOS ANGELES,-118.50247431,34.23846044