CASE_ID,ACCIDENT_YEAR,PROC_DATE,JURIS,COLLISION_DATE,COLLISION_TIME,OFFICER_ID,REPORTING_DISTRICT,DAY_OF_WEEK,CHP_SHIFT,POPULATION,CNTY_CITY_LOC,SPECIAL_COND,BEAT_TYPE,CHP_BEAT_TYPE,CITY_DIVISION_LAPD,CHP_BEAT_CLASS,BEAT_NUMBER,PRIMARY_RD,SECONDARY_RD,DISTANCE,DIRECTION,INTERSECTION,WEATHER_1,WEATHER_2,STATE_HWY_IND,CALTRANS_COUNTY,CALTRANS_DISTRICT,STATE_ROUTE,ROUTE_SUFFIX,POSTMILE_PREFIX,POSTMILE,LOCATION_TYPE,RAMP_INTERSECTION,SIDE_OF_HWY,TOW_AWAY,COLLISION_SEVERITY,NUMBER_KILLED,NUMBER_INJURED,PARTY_COUNT,PRIMARY_COLL_FACTOR,PCF_CODE_OF_VIOL,PCF_VIOL_CATEGORY,PCF_VIOLATION,PCF_VIOL_SUBSECTION,HIT_AND_RUN,TYPE_OF_COLLISION,MVIW,PED_ACTION,ROAD_SURFACE,ROAD_COND_1,ROAD_COND_2,LIGHTING,CONTROL_DEVICE,CHP_ROAD_TYPE,PEDESTRIAN_ACCIDENT,BICYCLE_ACCIDENT,MOTORCYCLE_ACCIDENT,TRUCK_ACCIDENT,NOT_PRIVATE_PROPERTY,ALCOHOL_INVOLVED,STWD_VEHTYPE_AT_FAULT,CHP_VEHTYPE_AT_FAULT,COUNT_SEVERE_INJ,COUNT_VISIBLE_INJ,COUNT_COMPLAINT_PAIN,COUNT_PED_KILLED,COUNT_PED_INJURED,COUNT_BICYCLIST_KILLED,COUNT_BICYCLIST_INJURED,COUNT_MC_KILLED,COUNT_MC_INJURED,PRIMARY_RAMP,SECONDARY_RAMP,LATITUDE,LONGITUDE,COUNTY,CITY,POINT_X,POINT_Y
7111255,2015,2015-11-06,1942,2015-10-09,2050,41908,1259,5,5,7,1942,0,0,0,L,0,13A41,AVALON BL,FLORENCE AV,0,NA,Y,A,-,N,NA,NA,NA,NA,NA,NA,NA,NA,NA,Y,3,0,1,2,A,-,09,21801,A,N,D,C,A,A,H,-,C,A,0,NA,NA,NA,NA,Y,NA,A,07,0,1,0,0,0,0,0,0,0,-,-,NA,NA,LOS ANGELES,LOS ANGELES,-118.26518003,33.97471005
7111256,2015,2015-11-06,1942,2015-10-27,1935,31288,1239,2,5,7,1942,0,0,0,L,0,12T73,VERMONT AV,N 60TH ST,10,N,N,B,-,N,NA,NA,NA,NA,NA,NA,NA,NA,NA,Y,4,0,1,2,A,-,03,22350,NA,F,C,C,A,A,H,-,C,A,0,NA,NA,NA,NA,Y,NA,-,99,0,0,1,0,0,0,0,0,0,-,-,NA,NA,LOS ANGELES,LOS ANGELES,NA,NA
7111257,2015,2015-11-03,1942,2015-10-17,1900,36733,1701,6,5,7,1942,0,0,0,Q,0,17T17,RINALDI ST,TOWN CENTER DR,0,NA,Y,A,-,N,NA,NA,NA,NA,NA,NA,NA,NA,NA,Y,3,0,3,2,A,-,09,21801,A,N,A,C,A,A,H,-,C,A,0,NA,NA,NA,NA,Y,NA,A,01,0,3,0,0,0,0,0,0,0,-,-,NA,NA,LOS ANGELES,LOS ANGELES,NA,NA
7111258,2015,2015-11-04,1942,2015-10-14,1315,39047,941,3,5,7,1942,0,0,0,NA,0,9A5,SEPULVEDA BL,OXNARD ST,500,S,N,A,-,N,NA,NA,NA,NA,NA,NA,NA,NA,NA,Y,4,0,1,4,A,-,08,22107,NA,N,D,C,A,A,H,-,A,D,0,NA,NA,NA,NA,Y,NA,A,07,0,0,1,0,0,0,0,0,0,-,-,NA,NA,LOS ANGELES,LOS ANGELES,-118.46616,34.17799851
7111259,2015,2015-11-06,1942,2015-10-12,1215,41717,77TH,1,5,7,1942,0,0,0,NA,0,1215,VERMONT AV,57TH ST,0,NA,Y,A,-,N,NA,NA,NA,NA,NA,NA,NA,NA,NA,Y,4,0,1,2,A,-,09,21802,A,N,D,C,A,A,H,-,A,D,0,NA,NA,NA,NA,Y,NA,A,01,0,0,1,0,0,0,0,0,0,-,-,NA,NA,LOS ANGELES,LOS ANGELES,-118.29149,33.99048
7111260,2015,2015-11-06,1942,2015-10-21,1725,39898,1255,3,5,7,1942,0,0,0,L,0,NA,FLORENCE AV,RAYMOND AV,0,NA,N,A,-,N,NA,NA,NA,NA,NA,NA,NA,NA,NA,N,4,0,1,2,A,-,03,22350,A,F,C,C,A,A,H,-,A,A,0,NA,NA,NA,NA,Y,NA,-,99,0,0,1,0,0,0,0,0,0,-,-,NA,NA,LOS ANGELES,LOS ANGELES,-118.29812013,33.97459007
7111261,2015,2015-11-03,1942,2015-10-18,1210,32264,1936,7,5,7,1942,0,0,0,NA,0,16CRO,LAUREL CANYON BL,BRAND BL,0,NA,Y,A,-,N,NA,NA,NA,NA,NA,NA,NA,NA,NA,Y,4,0,1,2,A,-,12,21453,A,N,D,C,A,A,H,-,A,A,0,NA,NA,NA,NA,Y,NA,A,01,0,0,1,0,0,0,0,0,0,-,-,NA,NA,LOS ANGELES,LOS ANGELES,-118.44925004,34.27485006
7111262,2015,2015-11-04,1942,2015-10-17,1000,40290,926,6,5,7,1942,0,0,0,NA,0,15TL47,WOODMAN AV,VANOWEN ST,290,S,N,A,-,N,NA,NA,NA,NA,NA,NA,NA,NA,NA,N,4,0,1,2,A,-,08,21460,5,N,B,D,A,A,H,-,A,D,0,NA,NA,NA,NA,Y,NA,A,01,0,0,1,0,0,0,0,0,0,-,-,NA,NA,LOS ANGELES,LOS ANGELES,-118.43127,34.19314456
7111263,2015,2015-11-06,1942,2015-10-03,1450,39844,1211,6,5,7,1942,0,0,0,L,0,12A31V,CRENSHAW BL,54TH ST,0,NA,Y,A,-,N,NA,NA,NA,NA,NA,NA,NA,NA,NA,N,4,0,4,2,A,-,12,21453,A,N,D,C,A,A,H,-,A,A,0,NA,NA,NA,NA,Y,NA,A,01,0,0,4,0,0,0,0,0,0,-,-,NA,NA,LOS ANGELES,LOS ANGELES,-118.330713,33.993126
7111264,2015,2015-11-06,1942,2015-10-14,2200,35925,1235,3,5,7,1942,0,0,0,L,0,12T41,60TH PL,NORMANDIE AV,37,E,N,A,-,N,NA,NA,NA,NA,NA,NA,NA,NA,NA,Y,3,0,3,3,A,-,09,21802,A,N,D,C,F,A,H,-,C,A,0,Y,NA,NA,NA,Y,NA,A,01,0,1,2,0,1,0,0,0,0,-,-,NA,NA,LOS ANGELES,LOS ANGELES,-118.30012819,33.98501056
7111265,2015,2015-11-03,1942,2015-10-15,1625,30947,935,4,5,7,1942,0,0,0,NA,0,9A37,VAN NUYS BL,OXNARD ST,0,NA,Y,A,-,N,NA,NA,NA,NA,NA,NA,NA,NA,NA,Y,4,0,1,2,A,-,09,21801,A,N,D,C,A,A,H,-,A,A,0,NA,NA,NA,NA,Y,NA,A,01,0,0,1,0,0,0,0,0,0,-,-,NA,NA,LOS ANGELES,LOS ANGELES,-118.44874003,34.17940007
7111267,2015,2015-11-06,1942,2015-10-07,0610,41658,1253,3,5,7,1942,0,0,0,L,0,12A45,FLORENCE AV,WESTERN AV,0,NA,Y,A,-,N,NA,NA,NA,NA,NA,NA,NA,NA,NA,Y,4,0,1,2,A,-,09,21801,A,N,D,C,A,-,H,-,B,A,0,NA,NA,NA,NA,Y,NA,A,01,0,0,1,0,0,0,0,0,0,-,-,NA,NA,LOS ANGELES,LOS ANGELES,-118.30898006,33.97457001
7111268,2015,2015-11-06,1942,2015-10-18,0855,37110,1249,7,5,7,1942,0,0,0,L,0,NA,FIGUEROA,FLORENCE AV,50,S,N,B,-,N,NA,NA,NA,NA,NA,NA,NA,NA,NA,Y,4,0,1,2,A,-,03,22350,A,F,D,C,A,B,H,-,B,A,0,NA,NA,NA,NA,Y,NA,-,99,0,0,1,0,0,0,0,0,0,-,-,NA,NA,LOS ANGELES,LOS ANGELES,-118.2827,33.97452287
7111269,2015,2015-11-10,1942,2015-10-22,0015,40639,D952,4,5,7,1942,0,0,0,NA,0,19T75,KESTER AV,BURBANK BL,0,NA,Y,A,-,N,NA,NA,NA,NA,NA,NA,NA,NA,NA,Y,4,0,1,2,A,-,12,21453,A,N,D,C,A,A,H,-,C,A,0,NA,NA,NA,NA,Y,NA,-,-,0,0,1,0,0,0,0,0,0,-,-,NA,NA,LOS ANGELES,LOS ANGELES,-118.45745011,34.17211003
7111270,2015,2015-11-04,1942,2015-10-11,2240,39560,563,7,5,7,1942,0,0,0,NA,0,5X64,17TH ST,PACIFIC AV,30,W,N,A,-,N,NA,NA,NA,NA,NA,NA,NA,NA,NA,Y,3,0,1,2,A,-,03,22350,NA,N,B,E,A,A,H,-,C,D,0,NA,NA,NA,NA,Y,NA,A,01,0,1,0,0,0,0,0,0,0,-,-,NA,NA,LOS ANGELES,LOS ANGELES,-118.47192062,33.98711244
7111271,2015,2015-11-06,1942,2015-10-01,1100,41868,1207,4,5,7,1942,0,0,0,L,0,12A5,VERNON AV,ORCHARD AV,0,NA,Y,A,-,N,NA,NA,NA,NA,NA,NA,NA,NA,NA,Y,3,0,1,2,A,-,09,21802,A,N,A,C,A,A,H,-,A,D,0,NA,NA,NA,NA,Y,NA,A,01,0,1,0,0,0,0,0,0,0,-,-,NA,NA,LOS ANGELES,LOS ANGELES,-118.2890201,34.00370011
7111272,2015,2015-11-06,1942,2015-10-09,2350,40754,1248,5,5,7,1942,0,0,0,L,0,12E4,FLORENCE AV,MENLO AV,20,W,N,A,-,N,NA,NA,NA,NA,NA,NA,NA,NA,NA,Y,3,0,1,2,A,-,03,22350,A,N,B,E,A,A,H,-,C,D,0,NA,NA,NA,NA,Y,Y,A,01,0,1,0,0,0,0,0,0,0,-,-,NA,NA,LOS ANGELES,LOS ANGELES,-118.28931584,33.97464
7111273,2015,2015-11-03,1942,2015-10-21,1545,35481,963,3,5,7,1942,0,0,0,NA,0,9TL54,SEPULVEDA BL,HARTSOOK ST,0,NA,Y,A,-,N,NA,NA,NA,NA,NA,NA,NA,NA,NA,Y,4,0,1,2,A,-,09,21801,A,N,D,C,A,A,H,-,A,D,0,NA,NA,NA,NA,Y,NA,A,01,0,0,1,0,0,0,0,0,0,-,-,NA,NA,LOS ANGELES,LOS ANGELES,-118.46615007,34.16394003
7111274,2015,2015-11-12,1942,2015-10-01,0005,41957,375,4,5,7,1942,0,0,0,NA,0,3A55,RODEO RD,CIMARRON,50,E,N,A,-,N,NA,NA,NA,NA,NA,NA,NA,NA,NA,Y,3,0,1,8,A,-,07,21658,A,N,B,C,A,A,H,-,C,D,0,NA,NA,NA,NA,Y,NA,-,-,0,1,0,0,0,0,0,0,0,-,-,NA,NA,LOS ANGELES,LOS ANGELES,-118.31593532,34.01826
7111275,2015,2015-11-06,1942,2015-10-02,0625,38331,1245,5,5,7,1942,0,0,0,L,0,12A45,KANSAS AV,69TH ST,0,NA,Y,A,-,N,NA,NA,NA,NA,NA,NA,NA,NA,NA,N,3,0,1,2,A,-,03,22349,NA,N,H,G,A,A,H,-,B,A,0,NA,Y,NA,NA,Y,Y,A,01,0,1,0,0,0,0,1,0,0,-,-,NA,NA,LOS ANGELES,LOS ANGELES,-118.29372011,33.97704008
7111276,2015,2015-11-06,1942,2015-10-04,2100,41207,1205,7,5,7,1942,0,0,0,L,0,NA,51ST,VERMONT AV,0,NA,N,A,-,N,NA,NA,NA,NA,NA,NA,NA,NA,NA,N,4,0,1,1,A,-,03,22350,NA,N,E,I,A,A,H,-,C,D,0,NA,NA,NA,NA,Y,Y,A,01,0,0,1,0,0,0,0,0,0,-,-,NA,NA,LOS ANGELES,LOS ANGELES,-118.29153013,33.9968601
7111277,2015,2015-11-03,1942,2015-10-02,1520,41217,336,5,5,7,1942,0,0,0,NA,0,3A31,31ST ST,ARLINGTON AV,0,NA,Y,A,-,N,NA,NA,NA,NA,NA,NA,NA,NA,NA,N,4,0,3,2,A,-,12,22450,A,N,D,C,A,A,H,-,A,A,0,NA,NA,NA,NA,Y,Y,A,01,0,0,3,0,0,0,0,0,0,-,-,NA,NA,LOS ANGELES,LOS ANGELES,-118.31766006,34.02646006
7111278,2015,2015-11-03,1942,2015-10-13,2120,37618,395,2,5,7,1942,0,0,0,NA,0,125T41,SAINT ANDREWS PL,MARTIN LUTHER KING JR BL,5,N,N,A,-,N,NA,NA,NA,NA,NA,NA,NA,NA,NA,N,3,0,1,2,A,-,21,22106,NA,N,H,G,A,A,H,-,C,D,0,NA,Y,NA,NA,Y,NA,A,01,0,1,0,0,0,0,1,0,0,-,-,NA,NA,LOS ANGELES,LOS ANGELES,-118.31136,34.01086
7111279,2015,2015-11-06,1942,2015-10-02,1850,37470,1255,5,5,7,1942,0,0,0,L,0,12X66,NORMANDIE AV,76TH ST,0,NA,Y,A,-,N,NA,NA,NA,NA,NA,NA,NA,NA,NA,N,4,0,1,2,A,-,05,21650,NA,N,A,C,A,A,H,-,C,A,0,NA,NA,NA,NA,Y,NA,A,01,0,0,1,0,0,0,0,0,0,-,-,NA,NA,LOS ANGELES,LOS ANGELES,-118.30031001,33.97098005
7111280,2015,2015-11-06,1942,2015-10-05,1430,37853,1268,1,5,7,1942,0,0,0,L,0,18U3,MANCHESTER BL,WALL ST,60,W,N,A,-,N,NA,NA,NA,NA,NA,NA,NA,NA,NA,N,4,0,1,2,A,-,07,21658,A,N,B,C,A,A,H,-,A,A,0,NA,NA,NA,NA,Y,NA,A,01,0,0,1,0,0,0,0,0,0,-,-,NA,NA,LOS ANGELES,LOS ANGELES,-118.27188748,33.9601
7111523,2015,2015-12-02,1942,2015-11-06,1000,36238,1363,5,5,7,1942,0,0,0,M,0,4TL45,49TH ST,AVALON BL,625,W,N,A,-,N,NA,NA,NA,NA,NA,NA,NA,NA,NA,N,4,0,1,2,A,-,09,21804,A,M,D,C,A,A,H,-,A,D,0,NA,NA,NA,NA,Y,NA,-,99,0,0,1,0,0,0,0,0,0,-,-,NA,NA,LOS ANGELES,LOS ANGELES,-118.26729778,33.99878838
7111539,2015,2015-12-01,1955,2015-10-30,0744,30405,0060,5,5,6,1955,0,0,0,NA,0,001,TEMPLE AV,INNOVATION WY,0,NA,Y,A,-,N,NA,NA,NA,NA,NA,NA,NA,NA,NA,N,4,0,1,2,A,-,09,21801,A,N,D,C,A,A,H,-,A,A,0,NA,NA,NA,NA,Y,NA,I,20,0,0,1,0,0,0,0,0,0,-,-,NA,NA,LOS ANGELES,POMONA,-117.81443004,34.04944005
7111545,2015,2015-11-30,1942,2015-11-09,0750,40008,1365,1,5,7,1942,0,0,0,M,0,13TL55,HOOPER AV,46TH ST,0,NA,N,A,-,N,NA,NA,NA,NA,NA,NA,NA,NA,NA,N,4,0,1,2,A,-,10,21950,A,N,D,B,B,A,H,-,A,D,0,Y,NA,NA,NA,Y,NA,A,01,0,0,1,0,1,0,0,0,0,-,-,NA,NA,LOS ANGELES,LOS ANGELES,-118.25215006,34.00204001
7111549,2015,2015-12-11,1942,2015-11-09,1455,39889,1373,1,5,7,1942,0,0,0,M,0,1T24,56TH ST,AVALON BL,14,W,N,B,-,N,NA,NA,NA,NA,NA,NA,NA,NA,NA,N,3,0,1,2,A,-,11,21950,B,N,G,B,-,A,H,-,A,A,0,Y,NA,NA,NA,Y,NA,N,60,0,1,0,0,1,0,0,0,0,-,-,NA,NA,LOS ANGELES,LOS ANGELES,-118.26524609,33.99154
7111553,2015,2015-12-01,1942,2015-11-10,0945,37398,1346,2,5,7,1942,0,0,0,M,0,11T32,CENTRAL AV,VERNON AV,0,NA,Y,A,-,N,NA,NA,NA,NA,NA,NA,NA,NA,NA,Y,4,0,1,2,A,-,09,21801,A,N,A,C,A,A,H,-,A,A,0,NA,NA,NA,NA,Y,NA,A,01,0,0,1,0,0,0,0,0,0,-,-,NA,NA,LOS ANGELES,LOS ANGELES,-118.25649004,34.00393001
7111554,2015,2016-08-03,1900,2015-10-30,1400,531276,1434,5,5,4,1937,0,0,0,NA,0,143T1,VALLEY BL,CENTRAL AV,902,W,N,A,-,N,NA,NA,NA,NA,NA,NA,NA,NA,NA,Y,4,0,1,2,A,-,07,21658,A,N,D,C,A,A,H,-,A,D,0,NA,NA,NA,Y,Y,NA,A,01,0,0,1,0,0,0,0,0,0,-,-,34.01532,-117.94657,LOS ANGELES,LA PUENTE,-117.94871137,34.01516797
7111557,2015,2015-12-01,1942,2015-11-04,2030,39041,1341,3,5,7,1942,0,0,0,M,0,13X76,39TH ST,BROADWAY,0,NA,Y,A,-,N,NA,NA,NA,NA,NA,NA,NA,NA,NA,N,4,0,1,2,A,-,11,21456,A,N,A,G,A,A,H,-,C,A,0,NA,Y,NA,NA,Y,NA,L,04,0,0,1,0,0,0,1,0,0,-,-,NA,NA,LOS ANGELES,LOS ANGELES,-118.27796001,34.01259009
7111561,2015,2015-11-30,1942,2015-11-02,1910,40421,1385,1,5,7,1942,0,0,0,M,0,X28,CENTRAL AV,SLAUSON AV,228,S,N,C,-,N,NA,NA,NA,NA,NA,NA,NA,NA,NA,N,4,0,1,2,B,-,22,NA,NA,N,D,E,A,B,H,-,C,D,0,NA,NA,NA,NA,Y,NA,-,99,0,0,1,0,0,0,0,0,0,-,-,NA,NA,LOS ANGELES,LOS ANGELES,-118.25646,33.98871472
7111563,2015,2015-12-01,1900,2015-10-30,1504,550490,1131,5,5,6,1992,0,0,0,NA,0,112T1,DIVISION ST,AVENUE H-8,73,N,N,A,-,N,NA,NA,NA,NA,NA,NA,NA,NA,NA,N,3,0,1,2,A,-,11,21954,A,F,G,B,D,A,H,-,A,D,0,Y,NA,NA,NA,Y,NA,N,60,0,1,0,0,1,0,0,0,0,-,-,NA,NA,LOS ANGELES,LANCASTER,-118.13054,34.71141016
7111568,2015,2015-12-01,1942,2015-10-22,1100,36238,1385,4,5,7,1942,0,0,0,M,0,4TL43,GAGE AV,SAN PEDRO ST,5,W,N,A,-,N,NA,NA,NA,NA,NA,NA,NA,NA,NA,N,3,0,1,2,A,-,11,21950,B,N,G,B,B,A,H,-,A,A,0,Y,NA,NA,NA,Y,NA,N,60,0,1,0,0,1,0,0,0,0,-,-,NA,NA,LOS ANGELES,LOS ANGELES,-118.26959646,33.98244
7111575,2015,2015-12-02,1900,2015-11-09,1440,600122,1127,1,5,6,1992,0,0,0,NA,0,112T2,AVENUE J,VALLEY CENTRAL WY,0,NA,Y,A,-,N,NA,NA,NA,NA,NA,NA,NA,NA,NA,Y,4,0,4,3,D,-,00,NA,NA,N,D,C,A,A,H,-,A,A,0,NA,NA,NA,NA,Y,NA,-,-,0,0,4,0,0,0,0,0,0,-,-,NA,NA,LOS ANGELES,LANCASTER,-118.17221003,34.6894101
7111576,2015,2015-12-15,1942,2015-10-31,1200,37600,1353,6,5,7,1942,0,0,0,M,0,13A85,45TH ST,S CENTRAL AV,12,E,N,A,-,N,NA,NA,NA,NA,NA,NA,NA,NA,NA,N,4,0,1,2,D,-,00,NA,NA,N,B,G,A,A,H,-,A,A,0,NA,Y,NA,NA,Y,NA,-,-,0,0,1,0,0,0,1,0,0,-,-,NA,NA,LOS ANGELES,LOS ANGELES,-118.25645049,34.00298062
7111578,2015,2015-12-02,1900,2015-11-07,1710,406363,1416,6,5,1,1932,0,0,0,NA,0,141T5,COLIMA RD,HANOVER RD,286,E,N,A,-,N,NA,NA,NA,NA,NA,NA,NA,NA,NA,Y,4,0,3,2,A,-,03,22350,NA,N,C,C,A,A,H,-,B,A,0,NA,NA,NA,NA,Y,NA,A,01,0,0,3,0,0,0,0,0,0,-,-,NA,NA,LOS ANGELES,INDUSTRY,-117.92011024,33.99032531
7111579,2015,2015-12-02,1900,2015-11-08,1100,600527,1134,7,5,6,1992,0,0,0,NA,0,111T1,AVENUE I,3RD ST EAST,8,W,N,A,-,N,NA,NA,NA,NA,NA,NA,NA,NA,NA,Y,4,0,1,2,A,-,08,22100,A,N,B,C,A,A,H,-,A,D,0,NA,NA,NA,NA,Y,NA,A,07,0,0,1,0,0,0,0,0,0,-,-,NA,NA,LOS ANGELES,LANCASTER,-118.12602655,34.70402926
7111580,2015,2015-12-02,1942,2015-11-01,1745,38357,1353,7,5,7,1942,0,0,0,M,0,13TL22,AVALON BL,VERNON AV,17,N,N,A,-,N,NA,NA,NA,NA,NA,NA,NA,NA,NA,Y,4,0,2,2,A,-,01,23152,A,N,C,C,A,A,H,-,C,D,0,NA,NA,NA,NA,Y,Y,D,22,0,0,2,0,0,0,0,0,0,-,-,NA,NA,LOS ANGELES,LOS ANGELES,-118.26527,34.00391662
7111585,2015,2015-12-09,1942,2015-10-31,2100,40514,1377,6,5,7,1942,0,0,0,M,0,13X42,BANDERA ST,55TH ST,0,NA,Y,A,-,N,NA,NA,NA,NA,NA,NA,NA,NA,NA,N,4,0,1,2,A,-,03,22350,NA,M,B,E,A,A,H,-,C,D,0,NA,NA,NA,NA,Y,NA,-,99,0,0,1,0,0,0,0,0,0,-,-,NA,NA,LOS ANGELES,LOS ANGELES,-118.24038008,33.99295004
7111587,2015,2015-12-02,1900,2015-11-06,1445,437401,1139,5,5,6,1992,0,0,0,NA,0,111M5,AVENUE K,47TH ST WEST,0,NA,Y,A,-,N,NA,NA,NA,NA,NA,NA,NA,NA,NA,Y,3,0,2,2,A,-,09,21802,A,N,D,C,A,A,H,-,A,A,0,NA,NA,NA,NA,Y,NA,A,NA,0,1,1,0,0,0,0,0,0,-,-,NA,NA,LOS ANGELES,LANCASTER,-118.21458,34.67494007
7111588,2015,2015-12-01,1942,2015-10-30,1905,30083,1371,5,5,7,1942,0,0,0,M,0,11T21,54TH ST,MAIN ST,0,NA,Y,A,-,N,NA,NA,NA,NA,NA,NA,NA,NA,NA,N,4,0,1,2,A,-,09,21801,A,N,D,C,A,A,H,-,B,D,0,NA,Y,NA,NA,Y,NA,D,22,0,0,1,0,0,0,1,0,0,-,-,NA,NA,LOS ANGELES,LOS ANGELES,-118.27397013,33.99333004
7111591,2015,2015-12-02,1900,2015-11-07,1530,236790,1127,6,5,6,1992,0,0,0,NA,0,112T1,AVENUE I,VALLEY CENTRAL WY,22,E,N,A,-,N,NA,NA,NA,NA,NA,NA,NA,NA,NA,Y,4,0,3,3,A,-,09,21453,B,N,C,C,A,A,H,-,A,A,0,NA,NA,NA,NA,Y,NA,A,01,0,0,3,0,0,0,0,0,0,-,-,NA,NA,LOS ANGELES,LANCASTER,-118.17483695,34.70415
7111603,2015,2015-12-01,1900,2015-11-01,1251,550490,1127,7,5,6,1992,0,0,0,NA,0,111T1,VALLEY CENTRAL WY,LANCASTER BL,420,N,N,A,-,N,NA,NA,NA,NA,NA,NA,NA,NA,NA,Y,3,0,1,2,A,-,01,23152,A,N,E,I,F,A,H,-,A,A,0,Y,NA,NA,NA,Y,Y,A,01,0,1,0,0,1,0,0,0,0,-,-,NA,NA,LOS ANGELES,LANCASTER,-118.1724073,34.69772266
7111604,2015,2015-12-01,1900,2015-11-05,1605,260305,0452,4,5,6,1949,0,0,0,NA,0,4371,BLOOMFIELD AV,CIVIC CENTER DR,300,N,N,A,-,N,NA,NA,NA,NA,NA,NA,NA,NA,NA,Y,4,0,3,2,A,-,09,21804,A,N,D,C,A,A,H,-,A,D,0,NA,NA,NA,NA,Y,NA,A,01,0,0,3,0,0,0,0,0,0,-,-,NA,NA,LOS ANGELES,NORWALK,-118.06440529,33.9154022
7111607,2015,2015-12-01,1900,2015-11-01,1050,600527,1122,7,5,6,1992,0,0,0,NA,0,112T2,FIG AV,NEWGROVE ST,0,NA,Y,A,-,N,NA,NA,NA,NA,NA,NA,NA,NA,NA,N,3,0,1,2,A,-,12,22450,A,N,D,C,A,A,H,-,A,A,0,NA,NA,NA,NA,Y,NA,A,01,0,1,0,0,0,0,0,0,0,-,-,NA,NA,LOS ANGELES,LANCASTER,-118.14274011,34.69407003
7111609,2015,2016-02-11,1942,2015-10-30,1555,39321,1149,5,5,7,1942,0,0,0,K,0,11A37,FIGUEROA BL,AVENUE 54,0,NA,Y,A,-,N,NA,NA,NA,NA,NA,NA,NA,NA,NA,Y,4,0,1,2,A,-,03,22350,NA,F,C,-,A,A,H,-,A,A,0,NA,NA,NA,NA,Y,Y,-,NA,0,0,1,0,0,0,0,0,0,-,-,NA,NA,LOS ANGELES,LOS ANGELES,-118.19725011,34.10739006
7111611,2015,2015-12-01,1900,2015-11-08,2012,540658,1126,7,5,6,1992,0,0,0,NA,0,111T1,10TH ST WEST,AVENUE J,45,N,N,A,-,N,NA,NA,NA,NA,NA,NA,NA,NA,NA,Y,4,0,1,2,A,-,07,21658,A,N,B,C,A,A,H,-,C,D,0,NA,NA,NA,NA,Y,Y,A,01,0,0,1,0,0,0,0,0,0,-,-,NA,NA,LOS ANGELES,LANCASTER,-118.1480219,34.68957338
7111612,2015,2015-12-01,1900,2015-11-15,1208,101944,0456,7,5,6,1949,0,0,0,NA,0,43T1/D,BARNWALL ST,ELAINE AV,250,E,N,B,-,N,NA,NA,NA,NA,NA,NA,NA,NA,NA,N,3,0,1,2,A,-,11,21954,A,N,G,B,E,A,H,-,A,D,0,Y,NA,NA,NA,Y,NA,N,60,0,1,0,0,1,0,0,0,0,-,-,NA,NA,LOS ANGELES,NORWALK,-118.07690805,33.891077
7111613,2015,2015-12-14,1900,2015-10-29,1615,489533,0455,4,5,6,1949,0,0,0,NA,0,43T1,EXCELSIOR DR,STUDEBAKER RD,0,NA,Y,A,-,N,NA,NA,NA,NA,NA,NA,NA,NA,NA,N,4,0,1,2,A,-,12,21453,A,N,D,G,A,A,H,-,A,A,0,NA,Y,NA,NA,Y,NA,-,-,0,0,1,0,0,0,1,0,0,-,-,NA,NA,LOS ANGELES,NORWALK,-118.10004005,33.89477002
7111615,2015,2015-12-01,1900,2015-11-10,1526,263565,1132,2,5,6,1992,0,0,0,NA,0,112T2,LANCASTER BL,DIVISION ST,0,NA,Y,A,-,N,NA,NA,NA,NA,NA,NA,NA,NA,NA,Y,3,0,5,3,A,-,09,21801,A,N,D,C,A,A,H,-,A,A,0,NA,NA,NA,NA,Y,NA,A,07,0,1,4,0,0,0,0,0,0,-,-,NA,NA,LOS ANGELES,LANCASTER,-118.13041004,34.69910011
7111617,2015,2015-11-30,1900,2015-10-21,1000,517022,0452,3,5,6,1949,0,0,0,NA,0,46T1PM,TINA ST,PIONEER BL,3,W,N,A,-,N,NA,NA,NA,NA,NA,NA,NA,NA,NA,N,4,0,1,2,A,-,10,21950,A,N,G,B,B,A,H,-,A,A,0,Y,NA,NA,NA,Y,NA,A,01,0,0,1,0,1,0,0,0,0,-,-,NA,NA,LOS ANGELES,NORWALK,-118.08188987,33.92563
7111619,2015,2015-12-01,1900,2015-11-03,1240,600527,1127,2,5,6,1992,0,0,0,NA,0,111T1,AVENUE K,30TH ST WEST,314,E,N,A,-,N,NA,NA,NA,NA,NA,NA,NA,NA,NA,N,4,0,1,2,A,-,03,22350,NA,N,C,C,A,A,H,-,A,D,0,NA,NA,NA,NA,Y,NA,A,08,0,0,1,0,0,0,0,0,0,-,-,NA,NA,LOS ANGELES,LANCASTER,-118.18254789,34.67489
7111623,2015,2015-12-01,1900,2015-11-06,2343,600125,1137,5,5,6,1992,0,0,0,NA,0,112T2,AVENUE K,35TH ST EAST,15,E,N,A,-,N,NA,NA,NA,NA,NA,NA,NA,NA,NA,N,4,0,2,2,A,-,04,21703,NA,N,C,C,A,A,H,-,D,A,0,NA,NA,NA,NA,Y,NA,A,01,0,0,2,0,0,0,0,0,0,-,-,NA,NA,LOS ANGELES,LANCASTER,-118.06786022,34.6752
7111625,2015,2015-11-30,1900,2015-10-31,1330,550490,1126,6,5,6,1992,0,0,0,NA,0,112T1,20TH ST WEST,AVENUE J,660,S,N,A,-,N,NA,NA,NA,NA,NA,NA,NA,NA,NA,N,4,0,1,2,A,-,03,22350,NA,N,C,C,A,A,H,-,A,D,0,NA,NA,NA,NA,Y,NA,A,01,0,0,1,0,0,0,0,0,0,-,-,NA,NA,LOS ANGELES,LANCASTER,-118.16566237,34.68761029