CASE_ID,ACCIDENT_YEAR,PROC_DATE,JURIS,COLLISION_DATE,COLLISION_TIME,OFFICER_ID,REPORTING_DISTRICT,DAY_OF_WEEK,CHP_SHIFT,POPULATION,CNTY_CITY_LOC,SPECIAL_COND,BEAT_TYPE,CHP_BEAT_TYPE,CITY_DIVISION_LAPD,CHP_BEAT_CLASS,BEAT_NUMBER,PRIMARY_RD,SECONDARY_RD,DISTANCE,DIRECTION,INTERSECTION,WEATHER_1,WEATHER_2,STATE_HWY_IND,CALTRANS_COUNTY,CALTRANS_DISTRICT,STATE_ROUTE,ROUTE_SUFFIX,POSTMILE_PREFIX,POSTMILE,LOCATION_TYPE,RAMP_INTERSECTION,SIDE_OF_HWY,TOW_AWAY,COLLISION_SEVERITY,NUMBER_KILLED,NUMBER_INJURED,PARTY_COUNT,PRIMARY_COLL_FACTOR,PCF_CODE_OF_VIOL,PCF_VIOL_CATEGORY,PCF_VIOLATION,PCF_VIOL_SUBSECTION,HIT_AND_RUN,TYPE_OF_COLLISION,MVIW,PED_ACTION,ROAD_SURFACE,ROAD_COND_1,ROAD_COND_2,LIGHTING,CONTROL_DEVICE,CHP_ROAD_TYPE,PEDESTRIAN_ACCIDENT,BICYCLE_ACCIDENT,MOTORCYCLE_ACCIDENT,TRUCK_ACCIDENT,NOT_PRIVATE_PROPERTY,ALCOHOL_INVOLVED,STWD_VEHTYPE_AT_FAULT,CHP_VEHTYPE_AT_FAULT,COUNT_SEVERE_INJ,COUNT_VISIBLE_INJ,COUNT_COMPLAINT_PAIN,COUNT_PED_KILLED,COUNT_PED_INJURED,COUNT_BICYCLIST_KILLED,COUNT_BICYCLIST_INJURED,COUNT_MC_KILLED,COUNT_MC_INJURED,PRIMARY_RAMP,SECONDARY_RAMP,LATITUDE,LONGITUDE,COUNTY,CITY,POINT_X,POINT_Y
7113126,2015,2015-11-06,1942,2015-10-09,0745,1286,1774,5,5,7,1942,0,0,0,Q,0,1J14,ZELZAH AV,SUPERIOR ST,5,E,N,A,-,N,NA,NA,NA,NA,NA,NA,NA,NA,NA,N,3,0,1,2,A,-,10,21950,NA,F,B,B,B,A,-,-,A,A,0,Y,NA,NA,NA,Y,NA,A,NA,0,1,0,0,1,0,0,0,0,-,-,NA,NA,LOS ANGELES,LOS ANGELES,-118.5233,34.24675
7113127,2015,2015-11-06,1942,2015-10-08,1415,41872,1752,4,5,7,1942,0,0,0,Q,0,17A81,DEVONSHIRE ST,VASSAR AV,90,E,N,A,-,N,NA,NA,NA,NA,NA,NA,NA,NA,NA,N,3,0,1,2,A,-,09,21804,A,F,B,C,A,A,H,-,A,D,0,NA,NA,Y,NA,Y,NA,-,99,0,1,0,0,0,0,0,0,1,-,-,NA,NA,LOS ANGELES,LOS ANGELES,-118.60463272,34.25722522
7113128,2015,2017-01-28,1942,2015-10-06,1630,33418,1764,2,5,7,1942,0,0,0,Q,0,17A49,NORDHOFF WY,SHIRLEY,100,W,N,A,-,N,NA,NA,NA,NA,NA,NA,NA,NA,NA,N,4,0,1,2,A,-,04,21703,NA,F,C,C,A,A,H,-,A,A,0,NA,NA,NA,NA,Y,NA,-,99,0,0,1,0,0,0,0,0,0,-,-,NA,NA,LOS ANGELES,LOS ANGELES,-118.55824027,34.23546303
7113212,2015,2015-11-13,1942,2015-10-06,0400,41167,0333,2,5,7,1942,0,0,0,C,0,3A31,JEFFERSON BL,BUCKINGHAM RD,0,NA,Y,A,-,N,NA,NA,NA,NA,NA,NA,NA,NA,NA,N,3,0,2,2,A,-,12,21453,A,N,D,C,A,A,H,-,B,A,0,NA,NA,NA,NA,Y,NA,A,07,0,1,1,0,0,0,0,0,0,-,-,NA,NA,LOS ANGELES,LOS ANGELES,-118.3405001,34.02557009
7113220,2015,2015-11-16,1942,2015-09-18,0725,41680,0563,5,5,7,1942,0,0,0,E,0,5A25,GRAND AV,13TH ST,5,W,N,A,-,N,NA,NA,NA,NA,NA,NA,NA,NA,NA,N,3,0,1,2,A,-,10,21950,A,N,G,B,B,A,H,-,A,A,0,Y,NA,NA,NA,Y,NA,D,22,0,1,0,0,1,0,0,0,0,-,-,NA,NA,LOS ANGELES,LOS ANGELES,-118.29019,33.73243
7113224,2015,2015-11-14,1942,2015-09-11,0705,41586,0517,5,5,7,1942,0,0,0,E,0,5A17,ANAHEIM ST,BROAD AV,44,W,N,A,-,N,NA,NA,NA,NA,NA,NA,NA,NA,NA,Y,3,0,1,3,A,-,03,22350,NA,N,C,C,A,A,H,-,A,D,0,NA,NA,NA,Y,Y,NA,F,25,0,1,0,0,0,0,0,0,0,-,-,NA,NA,LOS ANGELES,LOS ANGELES,-118.26132408,33.7800407
7113225,2015,2015-11-12,1942,2015-09-08,1045,41853,0513,2,5,7,1942,0,0,0,E,0,5A59,VERMONT AV,ANAHEIM ST,54,N,N,A,-,N,NA,NA,NA,NA,NA,NA,NA,NA,NA,Y,4,0,2,2,A,-,03,22350,NA,N,C,C,A,A,H,-,A,A,0,NA,NA,NA,NA,Y,NA,A,01,0,0,2,0,0,0,0,0,0,-,-,NA,NA,LOS ANGELES,LOS ANGELES,-118.29752779,33.78224809
7113228,2015,2015-11-14,1942,2015-08-07,1540,40824,0587,5,5,7,1942,0,0,0,E,0,5A17,GAFFEY ST,SHEPARD ST,0,NA,Y,A,-,N,NA,NA,NA,NA,NA,NA,NA,NA,NA,Y,3,0,3,3,A,-,12,22450,A,N,D,C,A,A,H,-,A,A,0,NA,NA,NA,NA,Y,NA,A,01,0,2,1,0,0,0,0,0,0,-,-,NA,NA,LOS ANGELES,LOS ANGELES,-118.29286005,33.70698005
7113229,2015,2015-11-16,1942,2015-08-10,1850,41121,0587,1,5,7,1942,0,0,0,E,0,5A85W3,25TH ST,GAFFEY ST,90,W,N,A,-,N,NA,NA,NA,NA,NA,NA,NA,NA,NA,N,3,0,1,2,A,-,05,21650,A,N,A,G,A,A,H,-,A,D,0,NA,Y,NA,NA,Y,NA,D,22,0,1,0,0,0,0,1,0,0,-,-,NA,NA,LOS ANGELES,LOS ANGELES,-118.29298211,33.72150526
7113230,2015,2015-11-14,1942,2015-08-14,1000,NA,517,5,5,7,1942,0,0,0,NA,0,5A25,AVALON BL,OPP ST,0,NA,Y,A,-,N,NA,NA,NA,NA,NA,NA,NA,NA,NA,Y,4,0,1,4,A,-,12,21453,A,N,D,C,A,A,H,-,A,A,0,NA,NA,NA,NA,Y,NA,A,01,0,0,1,0,0,0,0,0,0,-,-,NA,NA,LOS ANGELES,LOS ANGELES,-118.26268002,33.78293007
7113266,2015,2015-11-20,1900,2015-11-01,1220,516691,2830,7,5,5,1915,0,0,0,NA,0,282T1,COMPTON BL,REDONDO BEACH BL,0,NA,Y,A,-,N,NA,NA,NA,NA,NA,NA,NA,NA,NA,Y,4,0,1,2,A,-,09,21801,A,N,D,D,A,A,H,-,A,D,0,NA,NA,NA,NA,Y,NA,D,22,0,0,1,0,0,0,0,0,0,-,-,NA,NA,LOS ANGELES,COMPTON,-118.25912011,33.8953501
7113356,2015,2015-11-12,1942,2015-10-26,2325,40003,0303,1,5,7,1942,0,0,0,C,0,12T41,LA BREA AV,ADAMS BL,0,NA,Y,A,-,N,NA,NA,NA,NA,NA,NA,NA,NA,NA,Y,3,0,2,3,A,-,03,22350,NA,N,D,C,A,A,H,-,C,A,0,NA,NA,NA,NA,Y,NA,A,07,0,1,1,0,0,0,0,0,0,-,-,NA,NA,LOS ANGELES,LOS ANGELES,-118.3509301,34.03251006
7113357,2015,2015-11-12,1942,2015-10-27,1940,36700,0375,2,5,7,1942,0,0,0,C,0,3Z1,MARTIN LUTHER KING BL,SAINT ANDREWS PL,0,NA,Y,A,-,N,NA,NA,NA,NA,NA,NA,NA,NA,NA,Y,3,0,1,2,A,-,12,22450,A,F,H,G,A,A,H,-,C,A,0,NA,Y,NA,NA,Y,NA,A,08,0,1,0,0,0,0,1,0,0,-,-,NA,NA,LOS ANGELES,LOS ANGELES,-118.31136,34.01086007
7113358,2015,2015-11-12,1942,2015-10-12,1840,41056,0506,1,5,7,1942,0,0,0,E,0,18T23,NORMANDIE AV,LEVINSON ST,0,S,N,A,-,N,NA,NA,NA,NA,NA,NA,NA,NA,NA,N,2,0,1,2,A,-,11,21956,A,N,A,B,C,A,H,-,C,A,0,Y,NA,NA,NA,Y,NA,A,01,1,0,0,0,1,0,0,0,0,-,-,NA,NA,LOS ANGELES,LOS ANGELES,-118.29923004,33.83441006
7113359,2015,2015-11-12,1942,2015-10-23,2035,37724,0334,5,5,7,1942,0,0,0,C,0,6T57,JEFFERSON BL,12TH AV,10,W,N,A,-,N,NA,NA,NA,NA,NA,NA,NA,NA,NA,Y,4,0,1,2,A,-,01,23152,A,N,C,C,A,A,H,-,C,D,0,NA,NA,NA,NA,Y,Y,A,01,0,0,1,0,0,0,0,0,0,-,-,NA,NA,LOS ANGELES,LOS ANGELES,-118.33170294,34.02558969
7113360,2015,2015-11-12,1942,2015-10-09,0720,41521,0374,5,5,7,1942,0,0,0,C,0,3AC3,39TH ST,3RD AV,0,NA,Y,A,-,N,NA,NA,NA,NA,NA,NA,NA,NA,NA,Y,4,0,1,2,A,-,09,21802,A,N,D,C,A,A,H,-,A,A,0,NA,NA,NA,NA,Y,NA,A,01,0,0,1,0,0,0,0,0,0,-,-,NA,NA,LOS ANGELES,LOS ANGELES,-118.32038003,34.01458007
7113485,2015,2016-01-25,1942,2015-08-29,2140,41743,1107,6,5,7,1942,0,0,0,K,0,11A37,MILWAUKEE AV,WEAVER,10,W,N,A,-,N,NA,NA,NA,NA,NA,NA,NA,NA,NA,Y,3,0,1,5,A,-,03,22350,NA,M,B,E,A,A,H,-,D,D,0,NA,NA,NA,NA,Y,NA,-,NA,0,1,0,0,0,0,0,0,0,-,-,NA,NA,LOS ANGELES,LOS ANGELES,-118.19149792,34.12132338
7113580,2015,2015-11-18,1969,2015-10-27,2020,10205,PATRO,2,5,5,1969,0,0,0,NA,0,0A3,OTIS AV,TENAYA AV,0,NA,Y,A,-,N,NA,NA,NA,NA,NA,NA,NA,NA,NA,Y,4,0,1,2,A,-,09,21801,A,N,A,C,A,A,H,-,C,D,0,NA,NA,NA,NA,Y,NA,D,22,0,0,1,0,0,0,0,0,0,-,-,NA,NA,LOS ANGELES,SOUTH GATE,-118.1982901,33.93803007
7113594,2015,2016-04-06,1942,2015-10-29,1340,31288,1211,4,5,7,1942,0,0,0,L,0,3T57,SLAUSON AV,CRENSHAW BL,75,E,N,A,-,N,NA,NA,NA,NA,NA,NA,NA,NA,NA,N,4,0,1,4,A,-,03,22350,NA,F,-,C,A,A,H,-,A,A,0,NA,NA,NA,NA,Y,Y,-,99,0,0,1,0,0,0,0,0,0,-,-,NA,NA,LOS ANGELES,LOS ANGELES,-118.33066306,33.98901
7113683,2015,2015-11-23,1942,2015-10-17,1730,37613,0884,6,5,7,1942,0,0,0,H,0,14TL52,PICO BL,SANTELLE BL,0,NA,Y,A,-,N,NA,NA,NA,NA,NA,NA,NA,NA,NA,Y,3,0,4,2,A,-,09,21801,A,N,A,C,A,A,H,-,A,A,0,NA,NA,NA,NA,Y,NA,A,01,0,1,3,0,0,0,0,0,0,-,-,NA,NA,LOS ANGELES,LOS ANGELES,NA,NA
7113687,2015,2015-11-23,1942,2015-10-09,0720,41054,0897,5,5,7,1942,0,0,0,H,0,6TL7,CASTLE HEIGHTS AV,NATIONAL BL,0,NA,Y,A,-,N,NA,NA,NA,NA,NA,NA,NA,NA,NA,N,4,0,1,2,A,-,10,21950,A,N,G,B,B,A,H,-,A,A,0,Y,NA,NA,NA,Y,NA,A,07,0,0,1,0,1,0,0,0,0,-,-,NA,NA,LOS ANGELES,LOS ANGELES,-118.39985011,34.03139006
7113688,2015,2015-11-13,1942,2015-10-24,2055,38380,0636,6,5,7,1942,0,0,0,F,0,8TL35,FRANKLIN AV,CHEROKEE AV,0,NA,Y,A,-,N,NA,NA,NA,NA,NA,NA,NA,NA,NA,Y,3,0,5,2,A,-,01,23152,A,F,D,C,A,A,H,-,C,A,0,NA,NA,NA,NA,Y,NA,A,01,0,4,1,0,0,0,0,0,0,-,-,NA,NA,LOS ANGELES,LOS ANGELES,-118.33478012,34.10518007
7113691,2015,2015-11-14,1942,2015-10-15,1420,40901,0636,4,5,7,1942,0,0,0,F,0,6FB33,CAHUENGA BL,HOLLYWOOD BL,0,NA,Y,A,-,N,NA,NA,NA,NA,NA,NA,NA,NA,NA,N,4,0,2,2,A,-,09,21801,A,N,A,C,A,A,H,-,A,A,0,NA,NA,NA,NA,Y,NA,A,01,0,0,2,0,0,0,0,0,0,-,-,NA,NA,LOS ANGELES,LOS ANGELES,-118.32951007,34.10161007
7113692,2015,2015-11-13,1942,2015-10-23,0135,37575,0644,5,5,7,1942,0,0,0,F,0,6T7,SUNSET ST,GARDNER ST,0,NA,Y,A,-,N,NA,NA,NA,NA,NA,NA,NA,NA,NA,N,2,0,1,2,A,-,11,21456,B,N,G,B,B,A,H,-,C,A,0,Y,NA,NA,NA,Y,Y,N,60,1,0,0,0,1,0,0,0,0,-,-,NA,NA,LOS ANGELES,LOS ANGELES,-118.35287003,34.09802012
7113693,2015,2017-02-01,1929,2015-10-24,1716,177,NA,6,5,3,1929,0,0,0,NA,0,NA,PACIFIC COAST HWY,1ST ST,0,NA,Y,A,-,Y,LA,7,1,-,-,20.661,I,5,S,Y,4,0,1,2,A,-,09,21801,A,N,D,C,A,A,H,-,A,A,0,NA,NA,NA,NA,Y,NA,-,NA,0,0,1,0,0,0,0,0,0,-,-,NA,NA,LOS ANGELES,HERMOSA BEACH,-118.39043291,33.85505743
7113695,2015,2015-11-14,1942,2015-10-18,2250,34088,0637,7,5,7,1942,0,0,0,F,0,14TL47,FRANKLIN AV,VINE ST,0,NA,Y,A,-,N,NA,NA,NA,NA,NA,NA,NA,NA,NA,Y,4,0,2,2,A,-,12,21453,A,N,D,C,A,A,H,-,C,A,0,NA,NA,NA,NA,Y,NA,A,01,0,0,2,0,0,0,0,0,0,-,-,NA,NA,LOS ANGELES,LOS ANGELES,-118.32672007,34.10523012
7113696,2015,2015-11-13,1942,2015-10-26,0900,41510,0891,1,5,7,1942,0,0,0,H,0,8A29-W,CENTINELA AV,PICO BL,0,NA,Y,A,-,N,NA,NA,NA,NA,NA,NA,NA,NA,NA,N,4,0,1,2,A,-,09,21804,A,N,D,G,A,A,H,-,A,A,0,NA,Y,NA,NA,Y,NA,L,04,0,0,1,0,0,0,1,0,0,-,-,NA,NA,LOS ANGELES,LOS ANGELES,-118.45295001,34.02804005
7113699,2015,2015-11-13,1942,2015-10-21,0745,35945,0663,3,5,7,1942,0,0,0,F,0,6TL7,HIGHLAND AV,FOUNTAIN AV,0,NA,Y,A,-,N,NA,NA,NA,NA,NA,NA,NA,NA,NA,N,4,0,1,2,A,-,11,21456,B,N,G,B,B,A,H,-,A,A,0,Y,NA,NA,NA,Y,NA,N,60,0,0,1,0,1,0,0,0,0,-,-,NA,NA,LOS ANGELES,LOS ANGELES,-118.33864012,34.0943701
7113700,2015,2015-11-13,1942,2015-10-21,1520,31255,0825,3,5,7,1942,0,0,0,H,0,20T56,SAN VICENTE BL,AVONDALE AV,0,NA,Y,A,-,N,NA,NA,NA,NA,NA,NA,NA,NA,NA,Y,3,0,1,2,A,-,09,21802,A,N,D,C,A,A,H,-,A,A,0,NA,NA,Y,NA,Y,NA,C,03,0,1,0,0,0,0,0,0,1,-,-,NA,NA,LOS ANGELES,LOS ANGELES,-118.48973012,34.04891002
7113701,2015,2017-02-01,1941,2015-10-25,1831,6321,NA,7,5,7,1941,0,0,0,NA,0,NA,PACIFIC COAST HWY,W HAYES AV,108,W,N,A,-,Y,LA,7,1,-,-,7.98,H,-,S,Y,2,0,2,1,A,-,07,21658,A,N,E,I,A,A,H,-,B,D,0,NA,NA,NA,NA,Y,Y,A,NA,1,0,1,0,0,0,0,0,0,-,-,NA,NA,LOS ANGELES,LONG BEACH,-118.21902277,33.78981688
7113703,2015,2015-11-13,1942,2015-10-20,1610,37613,0642,2,5,7,1942,0,0,0,F,0,6T4,SUNSET BL,FAIRFAX AV,0,NA,Y,A,-,N,NA,NA,NA,NA,NA,NA,NA,NA,NA,N,4,0,1,2,A,-,09,21801,A,N,D,C,A,A,H,-,A,A,0,NA,NA,NA,NA,Y,NA,A,01,0,0,1,0,0,0,0,0,0,-,-,NA,NA,LOS ANGELES,LOS ANGELES,-118.36155005,34.09806006
7113704,2015,2015-11-13,1942,2015-10-25,1845,39624,0832,7,5,7,1942,0,0,0,H,0,8T32,SAN VINCENTE AV,GORHAM AV,0,NA,Y,A,-,N,NA,NA,NA,NA,NA,NA,NA,NA,NA,N,3,0,1,2,A,-,10,21950,A,N,G,B,B,A,H,-,C,A,0,Y,NA,NA,NA,Y,NA,A,07,0,1,0,0,1,0,0,0,0,-,-,NA,NA,LOS ANGELES,LOS ANGELES,-118.467,34.05326
7113705,2015,2015-11-13,1941,2015-10-19,1746,10028,NA,1,5,7,1941,0,0,0,NA,0,NA,TERMINO AV,3RD ST,0,NA,N,A,-,N,NA,NA,NA,NA,NA,NA,NA,NA,NA,N,4,0,1,2,A,-,17,22517,NA,N,A,-,A,A,H,-,A,D,0,NA,Y,NA,NA,Y,NA,A,NA,0,0,1,0,0,0,1,0,0,-,-,NA,NA,LOS ANGELES,LONG BEACH,-118.14681006,33.76805008
7113707,2015,2015-11-13,1942,2015-10-26,0740,37550,0644,1,5,7,1942,0,0,0,F,0,6TL7,SUNSET BL,FORMOSA AV,0,NA,Y,A,-,N,NA,NA,NA,NA,NA,NA,NA,NA,NA,Y,4,0,1,2,A,-,00,22801,A,N,D,C,A,A,H,-,A,D,0,NA,NA,NA,NA,Y,NA,A,01,0,0,1,0,0,0,0,0,0,-,-,NA,NA,LOS ANGELES,LOS ANGELES,-118.34682003,34.09799009
7113708,2015,2015-11-13,1942,2015-10-22,1850,41288,814,4,5,7,1942,0,0,0,NA,0,8A29,SUNSET BL,CHURCH LN,0,NA,Y,A,-,N,NA,NA,NA,NA,NA,NA,NA,NA,NA,N,3,0,1,2,A,-,10,21950,A,N,G,B,B,A,H,-,C,A,0,Y,NA,NA,NA,Y,NA,-,NA,0,1,0,0,1,0,0,0,0,-,-,NA,NA,LOS ANGELES,LOS ANGELES,-118.46742013,34.07244006
7113711,2015,2015-11-13,1942,2015-10-23,0220,39546,0734,5,5,7,1942,0,0,0,G,0,7TY1-W,FAIRFAX AV,3RD ST,0,NA,Y,A,-,N,NA,NA,NA,NA,NA,NA,NA,NA,NA,Y,3,0,1,2,A,-,01,23152,A,F,D,C,A,A,H,-,C,A,0,NA,NA,NA,NA,Y,Y,-,99,0,1,0,0,0,0,0,0,0,-,-,NA,NA,LOS ANGELES,LOS ANGELES,-118.36144013,34.07155008
7113712,2015,2015-11-13,1942,2015-10-23,1530,33232,884,5,5,7,1942,0,0,0,NA,0,8A53,OLYMPIC BL,CAMDEN AV,0,NA,Y,A,-,N,NA,NA,NA,NA,NA,NA,NA,NA,NA,Y,3,0,1,3,A,-,09,21801,B,N,D,C,A,A,H,-,A,A,0,NA,NA,NA,NA,Y,NA,A,01,0,1,0,0,0,0,0,0,0,-,-,NA,NA,LOS ANGELES,LOS ANGELES,-118.43620001,34.04124001
7113713,2015,2017-02-01,1941,2015-10-23,2317,10137,NA,5,5,7,1941,0,0,0,NA,0,NA,PACIFIC COAST HWY,JUNIPERO AV,0,NA,Y,A,-,Y,LA,7,1,-,-,4.771,I,5,S,Y,3,0,2,2,A,-,08,22107,NA,N,D,C,A,A,H,-,C,A,0,NA,NA,Y,NA,Y,NA,A,NA,0,2,0,0,0,0,0,0,2,-,-,NA,NA,LOS ANGELES,LONG BEACH,-118.16332515,33.7898058
7113715,2015,2015-11-13,1942,2015-10-22,0750,34959,0749,4,5,7,1942,0,0,0,G,0,14TL49,OLYMPIC BL,VICTORIA AV,0,NA,Y,A,-,N,NA,NA,NA,NA,NA,NA,NA,NA,NA,N,4,0,1,2,A,-,00,21760,B,M,H,G,A,A,H,-,A,D,0,NA,Y,NA,NA,Y,NA,-,99,0,0,1,0,0,0,1,0,0,-,-,NA,NA,LOS ANGELES,LOS ANGELES,-118.32430006,34.05485001
7113716,2015,2015-11-13,1942,2015-10-24,2010,40690,0815,6,5,7,1942,0,0,0,H,0,6T7,SUNSET BL,VETERAN AV,0,NA,Y,A,-,N,NA,NA,NA,NA,NA,NA,NA,NA,NA,N,3,0,1,2,A,-,09,21801,A,N,A,C,A,A,H,-,C,A,0,NA,NA,NA,NA,Y,NA,A,01,0,1,0,0,0,0,0,0,0,-,-,NA,NA,LOS ANGELES,LOS ANGELES,-118.45551009,34.07579002
7113717,2015,2017-02-01,1941,2015-10-21,2342,5684,NA,3,5,7,1941,0,0,0,NA,0,NA,PACIFIC COAST HWY,ORANGE AV,0,NA,Y,A,-,Y,LA,7,1,-,-,5.521,I,5,N,Y,2,0,1,2,A,-,10,21950,A,N,G,B,B,A,H,-,C,A,0,Y,NA,NA,NA,Y,NA,A,NA,1,0,0,0,1,0,0,0,0,-,-,NA,NA,LOS ANGELES,LONG BEACH,-118.1762988,33.78992022
7113719,2015,2015-11-13,1942,2015-10-20,1820,37201,0738,2,5,7,1942,0,0,0,G,0,34T120,WILSHIRE BL,CITRUS AV,0,NA,Y,A,-,N,NA,NA,NA,NA,NA,NA,NA,NA,NA,N,4,0,1,2,A,-,08,22107,NA,N,D,C,A,A,H,-,C,D,0,NA,NA,Y,NA,Y,NA,A,01,0,0,1,0,0,0,0,0,1,-,-,NA,NA,LOS ANGELES,LOS ANGELES,-118.33968011,34.06215003
7113720,2015,2015-11-13,1942,2015-10-25,1100,35945,819,7,5,7,1942,0,0,0,NA,0,14TL49,HILGARD AV,WYTON DR,0,NA,Y,B,-,N,NA,NA,NA,NA,NA,NA,NA,NA,NA,Y,4,0,3,2,A,-,09,21801,A,N,A,C,A,A,H,-,A,A,0,NA,NA,NA,NA,Y,NA,A,01,0,0,3,0,0,0,0,0,0,-,-,NA,NA,LOS ANGELES,LOS ANGELES,-118.43794011,34.07411002
7113721,2015,2015-11-13,1941,2015-10-19,1719,10027,NA,1,5,7,1941,0,0,0,NA,0,NA,4TH ST EAST,TREMONT AV,0,NA,Y,A,-,N,NA,NA,NA,NA,NA,NA,NA,NA,NA,Y,4,0,2,2,A,-,09,21801,B,N,D,C,A,A,H,-,A,A,0,NA,NA,NA,NA,Y,NA,B,NA,0,0,2,0,0,0,0,0,0,-,-,NA,NA,LOS ANGELES,LONG BEACH,-118.13997002,33.77169003
7113722,2015,2015-11-13,1941,2015-10-18,1000,5755,641,7,5,7,1941,0,0,0,NA,0,016,SPRING ST,BELLFLOWER BL,0,NA,Y,A,-,N,NA,NA,NA,NA,NA,NA,NA,NA,NA,Y,3,0,1,2,A,-,12,21453,A,N,D,C,A,A,H,-,A,A,0,NA,NA,NA,NA,Y,NA,A,01,0,1,0,0,0,0,0,0,0,-,-,NA,NA,LOS ANGELES,LONG BEACH,-118.12533001,33.81060004
7113723,2015,2015-11-13,1942,2015-10-19,0950,35945,0701,1,5,7,1942,0,0,0,G,0,20TL59,LA CIENEGA BL,RORIMER ST,0,NA,Y,A,-,N,NA,NA,NA,NA,NA,NA,NA,NA,NA,Y,4,0,2,2,A,-,09,21802,A,N,D,C,A,A,H,-,A,A,0,NA,NA,NA,NA,Y,NA,A,01,0,0,2,0,0,0,0,0,0,-,-,NA,NA,LOS ANGELES,LOS ANGELES,NA,NA
7113724,2015,2015-11-13,1942,2015-10-25,0450,41937,0885,7,5,7,1942,0,0,0,H,0,6A67,ROBERTSON BL,CADILLAC AV,0,NA,Y,A,-,N,NA,NA,NA,NA,NA,NA,NA,NA,NA,N,4,0,1,2,A,-,08,22107,NA,N,D,C,A,A,H,-,C,A,0,NA,NA,NA,NA,Y,NA,A,01,0,0,1,0,0,0,0,0,0,-,-,NA,NA,LOS ANGELES,LOS ANGELES,-118.38764013,34.04111008
7113725,2015,2015-11-13,1941,2015-10-24,0904,10321,NA,6,5,7,1941,0,0,0,NA,0,NA,JUNIPERO AV,7TH ST,0,NA,Y,A,-,N,NA,NA,NA,NA,NA,NA,NA,NA,NA,Y,4,0,2,2,A,-,08,22107,NA,N,D,C,A,A,H,-,A,A,0,NA,NA,NA,NA,Y,NA,A,NA,0,0,2,0,0,0,0,0,0,-,-,NA,NA,LOS ANGELES,LONG BEACH,-118.1633501,33.77535002
7113726,2015,2015-11-13,1941,2015-10-26,1211,5998,NA,1,5,7,1941,0,0,0,NA,0,NA,DOWNEY AV,59TH ST,0,NA,Y,A,-,N,NA,NA,NA,NA,NA,NA,NA,NA,NA,Y,4,0,3,2,A,-,09,21802,A,N,D,C,A,A,H,-,A,A,0,NA,NA,NA,NA,Y,NA,A,NA,0,0,3,0,0,0,0,0,0,-,-,NA,NA,LOS ANGELES,LONG BEACH,-118.15121,33.86294001
7113727,2015,2015-11-13,1942,2015-10-15,1500,31255,0749,4,5,7,1942,0,0,0,G,0,7TL38,WILSHIRE BL,WINDSOR BL,0,NA,Y,A,-,N,NA,NA,NA,NA,NA,NA,NA,NA,NA,Y,4,0,1,3,A,-,09,21802,A,N,D,C,A,A,H,-,A,A,0,NA,NA,NA,NA,Y,NA,A,01,0,0,1,0,0,0,0,0,0,-,-,NA,NA,LOS ANGELES,LOS ANGELES,-118.32143006,34.06176
7113728,2015,2015-11-13,1942,2015-10-25,2205,40899,0852,7,5,7,1942,0,0,0,H,0,8T35,BARRINGTON AV,IOWA AV,0,NA,Y,A,-,N,NA,NA,NA,NA,NA,NA,NA,NA,NA,Y,4,0,1,2,A,-,09,21802,A,N,D,C,A,A,H,-,C,A,0,NA,NA,NA,NA,Y,NA,A,01,0,0,1,0,0,0,0,0,0,-,-,NA,NA,LOS ANGELES,LOS ANGELES,-118.45405001,34.04142011
7113729,2015,2015-11-13,1941,2015-10-21,1542,5615,NA,3,5,7,1941,0,0,0,NA,0,NA,ATLANTIC AV,ADAMS ST,0,NA,Y,A,-,N,NA,NA,NA,NA,NA,NA,NA,NA,NA,Y,3,0,1,2,A,-,10,21950,A,N,G,-,A,A,H,-,A,D,0,NA,Y,NA,NA,Y,NA,A,NA,0,1,0,0,0,0,1,0,0,-,-,NA,NA,LOS ANGELES,LONG BEACH,-118.18587003,33.86983
7113730,2015,2016-01-06,1941,2015-10-24,1727,10120,NA,6,5,7,1941,0,0,0,NA,0,150065,OCEAN BL,ELM AV,0,NA,Y,A,-,N,NA,NA,NA,NA,NA,NA,NA,NA,NA,N,4,0,1,2,A,-,04,21703,NA,N,C,C,A,A,H,-,A,A,0,NA,NA,NA,NA,Y,NA,A,NA,0,0,1,0,0,0,0,0,0,-,-,NA,NA,LOS ANGELES,LONG BEACH,-118.18764012,33.76673009
7113731,2015,2015-11-13,1942,2015-10-22,0020,34088,0743,4,5,7,1942,0,0,0,G,0,7T23,OLYMPIC BL,SAN VICENTE BL,0,NA,Y,A,-,N,NA,NA,NA,NA,NA,NA,NA,NA,NA,N,4,0,1,2,A,-,12,21453,A,F,D,C,A,A,H,-,C,A,0,NA,NA,NA,NA,Y,NA,-,99,0,0,1,0,0,0,0,0,0,-,-,NA,NA,LOS ANGELES,LOS ANGELES,-118.36288013,34.05803005
7113732,2015,2015-11-13,1942,2015-10-23,1650,30045,881,5,5,7,1942,0,0,0,NA,0,8X48,MISSION ALY,BARRINGTON AV,0,NA,Y,A,-,N,NA,NA,NA,NA,NA,NA,NA,NA,NA,Y,4,0,2,2,A,-,09,21802,A,N,D,C,A,A,H,-,A,A,0,NA,NA,NA,NA,Y,NA,A,01,0,0,2,0,0,0,0,0,0,-,-,NA,NA,LOS ANGELES,LOS ANGELES,NA,NA
7113734,2015,2016-08-09,1941,2015-10-26,0502,10154,NA,1,5,7,1941,0,0,0,NA,0,15-661,SANTA FE,ARLINGTON,0,NA,Y,A,-,N,NA,NA,NA,NA,NA,NA,NA,NA,NA,N,3,0,2,3,A,-,08,22107,NA,N,B,E,A,A,H,-,B,A,0,NA,NA,NA,NA,Y,NA,A,NA,0,1,1,0,0,0,0,0,0,-,-,NA,NA,LOS ANGELES,LONG BEACH,-118.2155301,33.82195008
7113735,2015,2015-11-13,1942,2015-10-26,2120,36589,0640,1,5,7,1942,0,0,0,F,0,6TL7,HOLLYWOOD BL,MCCADDEN PL,0,NA,Y,A,-,N,NA,NA,NA,NA,NA,NA,NA,NA,NA,N,3,0,1,2,A,-,10,21950,A,F,G,B,B,A,H,-,D,A,0,Y,NA,NA,NA,Y,NA,-,99,0,1,0,0,1,0,0,0,0,-,-,NA,NA,LOS ANGELES,LOS ANGELES,-118.33744003,34.10155008