CASE_ID,ACCIDENT_YEAR,PROC_DATE,JURIS,COLLISION_DATE,COLLISION_TIME,OFFICER_ID,REPORTING_DISTRICT,DAY_OF_WEEK,CHP_SHIFT,POPULATION,CNTY_CITY_LOC,SPECIAL_COND,BEAT_TYPE,CHP_BEAT_TYPE,CITY_DIVISION_LAPD,CHP_BEAT_CLASS,BEAT_NUMBER,PRIMARY_RD,SECONDARY_RD,DISTANCE,DIRECTION,INTERSECTION,WEATHER_1,WEATHER_2,STATE_HWY_IND,CALTRANS_COUNTY,CALTRANS_DISTRICT,STATE_ROUTE,ROUTE_SUFFIX,POSTMILE_PREFIX,POSTMILE,LOCATION_TYPE,RAMP_INTERSECTION,SIDE_OF_HWY,TOW_AWAY,COLLISION_SEVERITY,NUMBER_KILLED,NUMBER_INJURED,PARTY_COUNT,PRIMARY_COLL_FACTOR,PCF_CODE_OF_VIOL,PCF_VIOL_CATEGORY,PCF_VIOLATION,PCF_VIOL_SUBSECTION,HIT_AND_RUN,TYPE_OF_COLLISION,MVIW,PED_ACTION,ROAD_SURFACE,ROAD_COND_1,ROAD_COND_2,LIGHTING,CONTROL_DEVICE,CHP_ROAD_TYPE,PEDESTRIAN_ACCIDENT,BICYCLE_ACCIDENT,MOTORCYCLE_ACCIDENT,TRUCK_ACCIDENT,NOT_PRIVATE_PROPERTY,ALCOHOL_INVOLVED,STWD_VEHTYPE_AT_FAULT,CHP_VEHTYPE_AT_FAULT,COUNT_SEVERE_INJ,COUNT_VISIBLE_INJ,COUNT_COMPLAINT_PAIN,COUNT_PED_KILLED,COUNT_PED_INJURED,COUNT_BICYCLIST_KILLED,COUNT_BICYCLIST_INJURED,COUNT_MC_KILLED,COUNT_MC_INJURED,PRIMARY_RAMP,SECONDARY_RAMP,LATITUDE,LONGITUDE,COUNTY,CITY,POINT_X,POINT_Y
7113736,2015,2015-11-13,1942,2015-10-25,1715,38013,0849,7,5,7,1942,0,0,0,H,0,6TL2,ROBERTSON BL,CHALMERS DR,0,NA,Y,B,-,N,NA,NA,NA,NA,NA,NA,NA,NA,NA,Y,3,0,2,2,A,-,09,21801,A,N,A,C,A,A,H,-,A,D,0,NA,NA,NA,NA,Y,NA,A,01,0,2,0,0,0,0,0,0,0,-,-,NA,NA,LOS ANGELES,LOS ANGELES,-118.38360013,34.06092007
7113738,2015,2015-11-13,1941,2015-10-09,0730,6286,NA,5,5,7,1941,0,0,0,NA,0,NA,ORANGE AV,67TH ST,0,NA,Y,A,-,N,NA,NA,NA,NA,NA,NA,NA,NA,NA,Y,4,0,2,2,A,-,09,21801,A,N,D,-,A,A,H,-,A,A,0,NA,NA,NA,NA,Y,NA,A,NA,0,0,2,0,0,0,0,0,0,-,-,NA,NA,LOS ANGELES,LONG BEACH,-118.17741003,33.87642002
7113739,2015,2015-11-13,1942,2015-10-23,1010,34959,0737,5,5,7,1942,0,0,0,G,0,20TL55,SYCAMORE AV,3RD ST,0,NA,Y,A,-,N,NA,NA,NA,NA,NA,NA,NA,NA,NA,N,2,0,1,2,A,-,09,21802,A,N,H,G,A,A,H,-,A,A,0,NA,Y,NA,NA,Y,NA,A,07,1,0,0,0,0,0,1,0,0,-,-,NA,NA,LOS ANGELES,LOS ANGELES,-118.34293004,34.06890011
7113740,2015,2015-11-17,1942,2015-10-21,0750,41203,0853,3,5,7,1942,0,0,0,H,0,8A53,SAWTELLE AV,IOWA AV,0,NA,Y,A,-,N,NA,NA,NA,NA,NA,NA,NA,NA,NA,Y,4,0,1,2,A,-,09,21801,A,N,D,C,A,A,H,-,A,A,0,NA,NA,NA,NA,Y,NA,A,01,0,0,1,0,0,0,0,0,0,-,-,NA,NA,LOS ANGELES,LOS ANGELES,-118.44743006,34.04534002
7113742,2015,2015-11-17,1941,2015-10-10,2129,10045,NA,6,5,7,1941,0,0,0,NA,0,NA,DEL AMO BL,ORANGE AV,0,NA,Y,A,-,N,NA,NA,NA,NA,NA,NA,NA,NA,NA,Y,4,0,1,2,A,-,09,21453,C,N,D,C,A,A,H,-,C,A,0,NA,NA,NA,NA,Y,NA,A,NA,0,0,1,0,0,0,0,0,0,-,-,NA,NA,LOS ANGELES,LONG BEACH,-118.17686003,33.84704003
7113743,2015,2015-11-13,1942,2015-10-22,0800,34959,0764,4,5,7,1942,0,0,0,G,0,14TL49,CLOVERDALE AV,PICO BL,0,NA,Y,A,-,N,NA,NA,NA,NA,NA,NA,NA,NA,NA,N,4,0,1,2,A,-,10,21950,A,N,G,B,B,A,H,-,A,D,0,Y,NA,NA,NA,Y,NA,A,07,0,0,1,0,1,0,0,0,0,-,-,NA,NA,LOS ANGELES,LOS ANGELES,-118.35155004,34.04816011
7113744,2015,2015-11-13,1942,2015-10-22,0745,34887,0831,4,5,7,1942,0,0,0,H,0,8A59,BUNDY DR,MAYFIELD AV,0,NA,Y,A,-,N,NA,NA,NA,NA,NA,NA,NA,NA,NA,N,4,0,1,2,A,-,10,21950,NA,F,G,B,B,A,H,-,A,D,0,Y,NA,NA,NA,Y,Y,-,99,0,0,1,0,1,0,0,0,0,-,-,NA,NA,LOS ANGELES,LOS ANGELES,-118.4691301,34.04716001
7113746,2015,2015-11-17,1941,2015-10-27,1551,5615,NA,2,5,7,1941,0,0,0,NA,0,NA,HARDING ST,ORANGE AV,0,NA,Y,B,-,N,NA,NA,NA,NA,NA,NA,NA,NA,NA,Y,3,0,1,2,A,-,12,21453,A,N,D,C,A,A,H,-,A,A,0,NA,NA,NA,NA,Y,NA,A,NA,0,1,0,0,0,0,0,0,0,-,-,NA,NA,LOS ANGELES,LONG BEACH,-118.17734007,33.86733001
7113747,2015,2015-11-13,1942,2015-10-26,2340,36589,0648,1,5,7,1942,0,0,0,F,0,6T67,WESTERN AV,SUNSET BL,0,NA,Y,A,-,N,NA,NA,NA,NA,NA,NA,NA,NA,NA,Y,3,0,1,2,A,-,12,21453,A,F,D,C,A,A,H,-,C,A,0,NA,NA,NA,NA,Y,NA,A,01,0,1,0,0,0,0,0,0,0,-,-,NA,NA,LOS ANGELES,LOS ANGELES,-118.30922007,34.0981001
7113750,2015,2015-11-17,1941,2015-10-26,0930,5407,NA,1,5,7,1941,0,0,0,NA,0,NA,10TH ST,TERMINO AV,0,NA,Y,A,-,N,NA,NA,NA,NA,NA,NA,NA,NA,NA,N,3,0,1,2,D,-,00,NA,NA,M,G,B,B,A,H,-,A,A,0,Y,NA,NA,NA,Y,NA,-,-,0,1,0,0,1,0,0,0,0,-,-,NA,NA,LOS ANGELES,LONG BEACH,-118.14591,33.77894006
7113751,2015,2015-11-13,1942,2015-10-28,1630,40460,0646,3,5,7,1942,0,0,0,F,0,6TL4,DE LONGPRE AV,HIGHLAND AV,0,NA,Y,A,-,N,NA,NA,NA,NA,NA,NA,NA,NA,NA,N,3,0,1,2,A,-,10,21950,A,N,G,B,B,A,H,-,A,A,0,Y,NA,NA,NA,Y,NA,A,07,0,1,0,0,1,0,0,0,0,-,-,NA,NA,LOS ANGELES,LOS ANGELES,-118.33863003,34.09615007
7113754,2015,2015-11-17,1941,2015-10-22,1225,6036,NA,4,5,7,1941,0,0,0,NA,0,NA,4TH ST,CORONADO,0,NA,Y,A,-,N,NA,NA,NA,NA,NA,NA,NA,NA,NA,Y,4,0,1,2,A,-,08,22103,NA,N,D,C,A,A,H,-,A,A,0,NA,NA,NA,NA,Y,NA,A,NA,0,0,1,0,0,0,0,0,0,-,-,NA,NA,LOS ANGELES,LONG BEACH,-118.15354012,33.7717001
7113758,2015,2015-11-18,1941,2015-10-21,0757,5976,NA,3,5,7,1941,0,0,0,NA,0,NA,15TH ST,GUNDRY AV,0,NA,Y,A,-,N,NA,NA,NA,NA,NA,NA,NA,NA,NA,N,4,0,1,2,A,-,10,21950,A,N,G,B,B,A,H,-,A,D,0,Y,NA,NA,NA,Y,NA,A,NA,0,0,1,0,1,0,0,0,0,-,-,NA,NA,LOS ANGELES,LONG BEACH,-118.17417002,33.78625009
7113761,2015,2015-11-13,1941,2015-10-09,1700,5277,NA,5,5,7,1941,0,0,0,NA,0,NA,ORANGE AV,CARSON ST,253,S,N,A,-,N,NA,NA,NA,NA,NA,NA,NA,NA,NA,Y,3,0,2,4,A,-,03,22350,NA,N,C,C,A,A,H,-,A,D,0,NA,NA,NA,NA,Y,NA,A,NA,0,1,1,0,0,0,0,0,0,-,-,NA,NA,LOS ANGELES,LONG BEACH,-118.17632,33.8317462
7113763,2015,2015-11-13,1942,2015-10-22,1720,38118,0659,4,5,7,1942,0,0,0,F,0,20TL56,SUNSET BL,HOBART BL,16,W,N,A,-,N,NA,NA,NA,NA,NA,NA,NA,NA,NA,Y,3,0,1,2,A,-,09,21801,A,N,D,C,A,A,H,-,A,A,0,NA,NA,NA,NA,Y,NA,A,01,0,1,0,0,0,0,0,0,0,-,-,NA,NA,LOS ANGELES,LOS ANGELES,-118.30566274,34.0981207
7113764,2015,2015-11-13,1942,2015-10-21,1730,39058,0841,3,5,7,1942,0,0,0,H,0,20T56,BUNDY DR,WILSHIRE BL,123,S,N,A,-,N,NA,NA,NA,NA,NA,NA,NA,NA,NA,N,4,0,1,2,A,-,21,22106,NA,F,H,C,A,A,H,-,A,D,0,NA,NA,NA,NA,Y,NA,-,99,0,0,1,0,0,0,0,0,0,-,-,NA,NA,LOS ANGELES,LOS ANGELES,-118.46720966,34.04383459
7113765,2015,2015-11-13,1941,2015-10-27,1824,5615,NA,2,5,7,1941,0,0,0,NA,0,NA,LINDEN AV,ELLIS ST,67,N,N,B,-,N,NA,NA,NA,NA,NA,NA,NA,NA,NA,N,2,0,1,2,D,-,00,NA,NA,N,G,B,D,A,H,-,C,D,0,Y,NA,Y,NA,Y,NA,-,-,1,0,0,0,1,0,0,0,0,-,-,NA,NA,LOS ANGELES,LONG BEACH,-118.18599262,33.85698372
7113767,2015,2015-11-13,1942,2015-10-23,1340,32565,0663,5,5,7,1942,0,0,0,F,0,20TL56,HIGHLAND AV,ROMAINE ST,16,N,N,A,-,N,NA,NA,NA,NA,NA,NA,NA,NA,NA,Y,4,0,2,2,A,-,07,21658,A,N,B,C,A,A,H,-,A,A,0,NA,NA,NA,NA,Y,NA,A,07,0,0,2,0,0,0,0,0,0,-,-,NA,NA,LOS ANGELES,LOS ANGELES,-118.33859081,34.08894388
7113768,2015,2015-11-12,1942,2015-10-17,1800,38591,0802,6,5,7,1942,0,0,0,H,0,8A36W7,VIA DE LA PAZ,BESTOR BL,400,W,N,A,-,N,NA,NA,NA,NA,NA,NA,NA,NA,NA,N,3,0,1,2,B,-,22,NA,NA,N,G,B,E,A,H,-,D,D,0,Y,NA,NA,NA,Y,NA,-,NA,0,1,0,0,1,0,0,0,0,-,-,NA,NA,LOS ANGELES,LOS ANGELES,-118.52639315,34.05009655
7113769,2015,2015-11-16,1941,2015-10-23,2027,6237,NA,5,5,7,1941,0,0,0,NA,0,NA,GERALD DESMOND BR,LIGHT POLE YF1104,156,W,N,A,-,N,NA,NA,NA,NA,NA,NA,NA,NA,NA,Y,4,0,1,3,A,-,03,22350,NA,N,C,C,A,A,H,-,C,D,0,NA,NA,NA,NA,Y,NA,A,NA,0,0,1,0,0,0,0,0,0,-,-,NA,NA,LOS ANGELES,LONG BEACH,NA,NA
7113771,2015,2015-11-13,1942,2015-10-27,1520,37966,0666,2,5,7,1942,0,0,0,F,0,6TL2,CAHUENGA BL,SUNSET BL,150,N,N,A,-,N,NA,NA,NA,NA,NA,NA,NA,NA,NA,N,4,0,1,2,A,-,21,22106,NA,N,C,C,A,A,H,-,A,D,0,NA,NA,NA,NA,Y,NA,A,01,0,0,1,0,0,0,0,0,0,-,-,NA,NA,LOS ANGELES,LOS ANGELES,-118.32949935,34.09842132
7113772,2015,2015-11-12,1942,2015-10-21,1945,39022,0886,3,5,7,1942,0,0,0,H,0,NA,PICO BL,AMBASSADOR ST,57,E,N,A,-,N,NA,NA,NA,NA,NA,NA,NA,NA,NA,N,2,0,1,2,A,-,11,21955,NA,N,G,B,D,A,H,-,C,D,0,Y,NA,NA,NA,Y,NA,N,60,1,0,0,0,1,0,0,0,0,-,-,NA,NA,LOS ANGELES,LOS ANGELES,-118.40384636,34.05341961
7113773,2015,2015-11-16,1941,2015-10-10,2253,10147,NA,6,5,7,1941,0,0,0,NA,0,NA,BROADWAY,BONITA AV,200,E,N,A,-,N,NA,NA,NA,NA,NA,NA,NA,NA,NA,N,4,0,1,2,A,-,-,NA,NA,N,E,G,A,A,H,-,C,A,0,NA,Y,NA,NA,Y,NA,-,-,0,0,1,0,0,0,1,0,0,-,-,NA,NA,LOS ANGELES,LONG BEACH,-118.17977092,33.7688466
7113775,2015,2015-11-30,1942,2015-10-25,0505,39871,0638,7,5,7,1942,0,0,0,F,0,621,WESTERN AV,RUSSELL AV,15,N,N,A,-,N,NA,NA,NA,NA,NA,NA,NA,NA,NA,N,4,0,1,2,A,-,03,22350,NA,F,C,C,A,A,H,-,C,A,0,NA,NA,NA,NA,Y,Y,-,99,0,0,1,0,0,0,0,0,0,-,-,NA,NA,LOS ANGELES,LOS ANGELES,-118.30928934,34.10421113
7113776,2015,2015-11-12,1942,2015-10-27,1715,37613,0833,2,5,7,1942,0,0,0,H,0,14TI54,WELLWORTH AV,VETERAN AV,85,E,N,A,-,N,NA,NA,NA,NA,NA,NA,NA,NA,NA,N,4,0,1,2,A,-,03,22350,NA,N,C,G,A,A,H,-,A,D,0,NA,Y,NA,NA,Y,NA,L,04,0,0,1,0,0,0,1,0,0,-,-,NA,NA,LOS ANGELES,LOS ANGELES,-118.446084,34.05616308
7113777,2015,2015-11-13,1941,2015-10-25,0327,10575,NA,7,5,7,1941,0,0,0,NA,0,NA,ARTESIA BL,FALCON AV,0,NA,N,A,-,N,NA,NA,NA,NA,NA,NA,NA,NA,NA,Y,4,0,1,2,C,-,18,NA,NA,N,C,E,A,A,H,-,C,D,0,NA,NA,NA,NA,Y,NA,-,-,0,0,1,0,0,0,0,0,0,-,-,NA,NA,LOS ANGELES,LONG BEACH,-118.17413011,33.87470004
7113779,2015,2015-11-13,1942,2015-10-19,1700,38112,773,1,5,7,1942,0,0,0,NA,0,20TL58,VENICE BL,HAUSER BL,58,E,N,B,-,N,NA,NA,NA,NA,NA,NA,NA,NA,NA,Y,4,0,3,2,A,-,03,22350,NA,N,C,C,A,A,H,-,A,A,0,NA,NA,NA,NA,Y,NA,A,01,0,0,3,0,0,0,0,0,0,-,-,NA,NA,LOS ANGELES,LOS ANGELES,-118.358422,34.04400854
7113780,2015,2015-11-12,1942,2015-10-25,2200,32576,801,7,5,7,1942,0,0,0,NA,0,8A1,PALISADES DR,PALISADES CIR,200,S,N,A,-,N,NA,NA,NA,NA,NA,NA,NA,NA,NA,Y,3,0,1,6,A,-,03,22350,NA,N,C,E,A,A,H,-,C,D,0,NA,NA,NA,NA,Y,Y,A,01,0,1,0,0,0,0,0,0,0,-,-,NA,NA,LOS ANGELES,LOS ANGELES,-118.56507373,34.07506662
7113781,2015,2015-11-13,1941,2015-10-20,2110,6135,NA,2,5,7,1941,0,0,0,NA,0,NA,WILTON ST,LOMA AV,181,E,N,A,-,N,NA,NA,NA,NA,NA,NA,NA,NA,NA,Y,4,0,1,3,A,-,08,22107,NA,N,A,E,A,A,H,-,C,D,0,NA,NA,NA,NA,Y,Y,D,NA,0,0,1,0,0,0,0,0,0,-,-,NA,NA,LOS ANGELES,LONG BEACH,-118.14965557,33.78759726
7113784,2015,2015-11-12,1942,2015-10-23,0830,36553,0837,5,5,7,1942,0,0,0,H,0,8TL35,OPHIR DR,MIDVALE AV,0,NA,Y,A,-,N,NA,NA,NA,NA,NA,NA,NA,NA,NA,N,4,0,1,2,A,-,09,21802,A,N,D,C,A,A,H,-,A,A,0,NA,NA,NA,NA,Y,NA,A,01,0,0,1,0,0,0,0,0,0,-,-,NA,NA,LOS ANGELES,LOS ANGELES,-118.45253001,34.06822007
7113785,2015,2015-11-16,1941,2015-10-14,1943,5737,NA,3,5,7,1941,0,0,0,NA,0,NA,BURNETT ST,ATLANTIC,144,E,N,A,-,N,NA,NA,NA,NA,NA,NA,NA,NA,NA,N,3,0,1,2,A,-,-,NA,NA,N,A,C,A,A,H,-,C,D,0,NA,NA,NA,NA,Y,NA,-,-,0,1,0,0,0,0,0,0,0,-,-,NA,NA,LOS ANGELES,LONG BEACH,-118.18455698,33.80073
7113787,2015,2015-11-18,1942,2015-10-22,2025,25495,0773,4,5,7,1942,0,0,0,G,0,7T23,VENICE BL,COCHRAN AV,18,E,N,A,-,N,NA,NA,NA,NA,NA,NA,NA,NA,NA,N,4,0,1,2,A,-,09,21801,A,N,B,C,A,A,H,-,C,A,0,NA,NA,Y,NA,Y,NA,A,07,0,0,1,0,0,0,0,0,1,-,-,NA,NA,LOS ANGELES,LOS ANGELES,-118.35383142,34.04483771
7113788,2015,2015-11-13,1942,2015-10-26,1115,31668,0833,1,5,7,1942,0,0,0,H,0,8TL35,VETERAN AV,ROCHESTER AV,65,S,N,A,-,N,NA,NA,NA,NA,NA,NA,NA,NA,NA,N,3,0,2,2,A,-,03,22350,NA,N,C,E,A,A,H,-,A,D,0,NA,NA,Y,NA,Y,NA,C,02,0,1,1,0,0,0,0,0,1,-,-,NA,NA,LOS ANGELES,LOS ANGELES,-118.44554039,34.05515805
7113791,2015,2015-11-13,1942,2015-10-23,1900,36602,0765,5,5,7,1942,0,0,0,G,0,20T59,PICO BL,MANSFIELD AV,152,W,N,A,-,N,NA,NA,NA,NA,NA,NA,NA,NA,NA,N,4,0,1,2,A,-,03,22350,NA,F,C,C,A,A,H,-,C,D,0,NA,NA,NA,NA,Y,NA,-,99,0,0,1,0,0,0,0,0,0,-,-,NA,NA,LOS ANGELES,LOS ANGELES,-118.34637921,34.04778338
7113792,2015,2015-11-13,1942,2015-10-28,0925,36553,0832,3,5,7,1942,0,0,0,H,0,8TL35,KIOWA AV,GRANVILLE AV,221,W,N,A,-,N,NA,NA,NA,NA,NA,NA,NA,NA,NA,N,4,0,1,2,A,-,09,21804,A,N,D,C,A,A,H,-,A,D,0,NA,NA,NA,NA,Y,NA,A,01,0,0,1,0,0,0,0,0,0,-,-,NA,NA,LOS ANGELES,LOS ANGELES,-118.46466747,34.04936201
7113795,2015,2015-11-13,1942,2015-10-22,1315,37374,0649,4,5,7,1942,0,0,0,F,0,6A45,HOLLYWOOD BL,N HOBART BL,30,W,N,A,-,N,NA,NA,NA,NA,NA,NA,NA,NA,NA,N,4,0,1,2,A,-,04,21703,NA,N,C,C,A,A,H,-,A,D,0,NA,NA,NA,NA,Y,NA,A,01,0,0,1,0,0,0,0,0,0,-,-,NA,NA,LOS ANGELES,LOS ANGELES,-118.30573891,34.10174
7113796,2015,2015-11-12,1942,2015-10-25,1155,40460,0833,7,5,7,1942,0,0,0,H,0,8TL28,WELLWORTH AV,WESTWOOD BL,212,W,N,A,-,N,NA,NA,NA,NA,NA,NA,NA,NA,NA,Y,3,0,1,4,A,-,21,22106,NA,N,B,C,A,A,H,-,A,D,0,NA,NA,NA,NA,Y,NA,A,01,0,1,0,0,0,0,0,0,0,-,-,NA,NA,LOS ANGELES,LOS ANGELES,-118.4434661,34.05683487
7113799,2015,2015-11-13,1942,2015-10-22,2035,34088,0638,4,5,7,1942,0,0,0,F,0,6T11,FRANKLIN AV,ARGYLE AV,2,N,N,A,-,N,NA,NA,NA,NA,NA,NA,NA,NA,NA,N,3,0,1,1,A,-,08,22107,NA,N,-,I,A,A,H,-,C,A,0,NA,NA,NA,NA,Y,NA,A,01,0,1,0,0,0,0,0,0,0,-,-,NA,NA,LOS ANGELES,LOS ANGELES,-118.32523448,34.10522403
7113800,2015,2015-11-13,1942,2015-10-23,1815,31255,0858,5,5,7,1942,0,0,0,H,0,7T38,PICO BL,ROBERTSON BL,30,W,N,A,-,N,NA,NA,NA,NA,NA,NA,NA,NA,NA,Y,4,0,1,2,A,-,03,22350,A,N,D,C,A,A,H,-,B,A,0,NA,NA,NA,NA,Y,NA,A,01,0,0,1,0,0,0,0,0,0,-,-,NA,NA,LOS ANGELES,LOS ANGELES,-118.38381634,34.05479845
7113802,2015,2015-11-13,1929,2015-10-27,1714,175,NA,2,5,3,1929,0,0,0,NA,0,001,2ND ST,VALLEY DR,65,W,N,A,-,N,NA,NA,NA,NA,NA,NA,NA,NA,NA,N,4,0,1,1,A,-,08,22107,NA,N,F,A,A,A,H,-,-,A,0,NA,NA,Y,NA,Y,NA,C,02,0,0,1,0,0,0,0,0,1,-,-,NA,NA,LOS ANGELES,HERMOSA BEACH,-118.39482841,33.85551057
7113803,2015,2015-11-13,1942,2015-10-21,1950,40899,0773,3,5,7,1942,0,0,0,G,0,8T35,VENICE BL,BURNSIDE AV,67,W,N,A,-,N,NA,NA,NA,NA,NA,NA,NA,NA,NA,Y,4,0,1,2,A,-,03,22350,NA,F,C,C,A,A,H,-,C,D,0,NA,NA,NA,NA,Y,NA,-,99,0,0,1,0,0,0,0,0,0,-,-,NA,NA,LOS ANGELES,LOS ANGELES,-118.3565869,34.04429619
7113804,2015,2015-11-13,1942,2015-10-27,0735,31387,667,2,5,7,1942,0,0,0,NA,0,6TL7,N GOWER ST,SUNSET BL,161,S,N,A,-,N,NA,NA,NA,NA,NA,NA,NA,NA,NA,Y,2,0,1,2,A,-,09,21801,A,N,D,C,A,A,H,-,A,-,0,NA,NA,Y,NA,Y,NA,A,08,1,0,0,0,0,0,0,0,1,-,-,NA,NA,LOS ANGELES,LOS ANGELES,-118.32231,34.09756844
7113806,2015,2015-11-13,1929,2015-10-25,0914,177,1929,7,5,3,1929,0,0,0,NA,0,001,HERMOSA AV,8TH CT,9,N,N,A,-,N,NA,NA,NA,NA,NA,NA,NA,NA,NA,N,3,0,1,2,A,-,08,22107,NA,F,B,G,A,A,H,-,A,A,0,NA,Y,NA,NA,Y,NA,-,NA,0,1,0,0,0,0,1,0,0,-,-,NA,NA,LOS ANGELES,HERMOSA BEACH,-118.3992457,33.85893422
7113807,2015,2015-11-13,1942,2015-10-19,1600,39061,0737,1,5,7,1942,0,0,0,G,0,7T38,LABREDA AV,WILSHIRE BL,150,S,N,A,-,N,NA,NA,NA,NA,NA,NA,NA,NA,NA,N,4,0,1,2,A,-,03,22350,NA,F,C,C,A,A,H,-,A,D,0,NA,NA,NA,NA,Y,NA,-,99,0,0,1,0,0,0,0,0,0,-,-,NA,NA,LOS ANGELES,LOS ANGELES,NA,NA
7113808,2015,2015-11-12,1942,2015-10-16,2030,41179,0676,5,5,7,1942,0,0,0,F,0,6T7,MELROSE AV,ARDEN BL,111,E,N,A,-,N,NA,NA,NA,NA,NA,NA,NA,NA,NA,Y,3,0,1,2,A,-,03,22350,NA,N,B,E,A,A,H,-,C,D,0,NA,NA,NA,NA,Y,NA,A,01,0,1,0,0,0,0,0,0,0,-,-,NA,NA,LOS ANGELES,LOS ANGELES,-118.32564412,34.0835
7113811,2015,2015-11-12,1942,2015-10-20,0825,31387,763,2,5,7,1942,0,0,0,NA,0,6TL7,FAIRFAX AV,AIRDROME ST,492,S,N,A,-,N,NA,NA,NA,NA,NA,NA,NA,NA,NA,N,4,0,2,3,B,-,22,NA,NA,N,C,C,A,A,H,-,A,D,0,NA,NA,NA,NA,Y,NA,A,01,0,0,2,0,0,0,0,0,0,-,-,NA,NA,LOS ANGELES,LOS ANGELES,-118.36865772,34.04434296
7113812,2015,2015-11-12,1942,2015-10-19,1310,38118,645,1,5,7,1942,0,0,0,NA,0,20TL58,HOLLYWOOD BL,ORANGE DR,188,E,N,A,-,N,NA,NA,NA,NA,NA,NA,NA,NA,NA,N,3,0,1,2,A,-,08,22107,NA,N,H,G,A,A,H,-,A,D,0,NA,Y,NA,NA,Y,NA,L,04,0,1,0,0,0,0,1,0,0,-,-,NA,NA,LOS ANGELES,LOS ANGELES,-118.34110024,34.10154606
7113815,2015,2015-11-13,1942,2015-10-21,0750,31668,776,3,5,7,1942,0,0,0,NA,0,8TL35,LOMITA ST,VINEYARD AV,160,W,N,A,-,N,NA,NA,NA,NA,NA,NA,NA,NA,NA,N,4,0,1,2,A,-,11,21954,A,N,G,B,D,A,H,-,A,D,0,Y,NA,NA,NA,Y,NA,N,60,0,0,1,0,1,0,0,0,0,-,-,NA,NA,LOS ANGELES,LOS ANGELES,-118.33795209,34.04595375
7113816,2015,2015-11-12,1942,2015-10-20,1710,38013,0669,2,5,7,1942,0,0,0,F,0,20TL58,SANTA MONICA BL,KINGSLEY DR,130,W,N,A,-,N,NA,NA,NA,NA,NA,NA,NA,NA,NA,Y,3,0,1,2,A,-,08,22102,NA,N,D,C,A,A,H,-,A,D,0,NA,NA,Y,NA,Y,NA,A,07,0,1,0,0,0,0,0,0,1,-,-,NA,NA,LOS ANGELES,LOS ANGELES,-118.30367854,34.0908
7113819,2015,2015-11-13,1942,2015-10-14,1345,25720,0648,3,5,7,1942,0,0,0,F,0,6A67,SUNSET BL,WESTERN AV,200,E,N,A,-,N,NA,NA,NA,NA,NA,NA,NA,NA,NA,Y,3,0,2,2,A,-,09,21801,A,N,D,C,A,A,H,-,A,D,0,NA,NA,NA,NA,Y,NA,A,01,0,1,1,0,0,0,0,0,0,-,-,NA,NA,LOS ANGELES,LOS ANGELES,-118.30856076,34.09810617
7113823,2015,2015-11-13,1942,2015-10-21,2200,37511,0643,3,5,7,1942,0,0,0,F,0,7T23,FRANKLIN AV,LA BREA AV,20,E,N,A,-,N,NA,NA,NA,NA,NA,NA,NA,NA,NA,N,3,0,1,2,A,-,03,22350,NA,F,A,C,A,A,H,-,C,A,0,NA,NA,NA,NA,Y,NA,-,99,0,1,0,0,0,0,0,0,0,-,-,NA,NA,LOS ANGELES,LOS ANGELES,-118.34579988,34.10376254
7113827,2015,2016-08-09,1942,2015-10-14,1620,41210,0645,3,5,7,1942,0,0,0,F,0,6T4,HOLLYWOOD BL,HIGHLAND AV,450,W,N,A,-,N,NA,NA,NA,NA,NA,NA,NA,NA,NA,N,4,0,1,2,A,-,10,21950,A,N,G,B,C,A,H,-,A,A,0,Y,NA,NA,NA,Y,NA,A,01,0,0,1,0,1,0,0,0,0,-,-,NA,NA,LOS ANGELES,LOS ANGELES,-118.34017364,34.10155
7113831,2015,2015-11-12,1942,2015-10-16,1610,38591,0807,5,5,7,1942,0,0,0,H,0,8EL4,N BEVERLY GLEN BL,BRIARWOOD DR,100,S,N,B,-,N,NA,NA,NA,NA,NA,NA,NA,NA,NA,N,4,0,1,2,A,-,04,21703,NA,F,C,C,A,A,H,-,A,A,0,NA,NA,NA,NA,Y,NA,-,99,0,0,1,0,0,0,0,0,0,-,-,NA,NA,LOS ANGELES,LOS ANGELES,-118.44615602,34.11922595
7113835,2015,2015-11-12,1942,2015-10-05,1630,24517,0885,1,5,7,1942,0,0,0,H,0,7T38,PICO BL,MANNING AV,50,W,N,A,-,N,NA,NA,NA,NA,NA,NA,NA,NA,NA,Y,4,0,2,3,A,-,03,22350,NA,N,C,C,A,A,H,-,A,A,0,NA,NA,NA,NA,Y,NA,A,07,0,0,2,0,0,0,0,0,0,-,-,NA,NA,LOS ANGELES,LOS ANGELES,-118.42299517,34.0428916
7113839,2015,2015-11-12,1942,2015-10-22,0630,35945,0815,4,5,7,1942,0,0,0,H,0,8TL35,VETERAN AV,SUNSET BL,20,S,N,A,-,N,NA,NA,NA,NA,NA,NA,NA,NA,NA,Y,4,0,1,2,A,-,03,22350,NA,N,A,C,A,A,H,-,A,D,0,NA,NA,NA,NA,Y,NA,A,01,0,0,1,0,0,0,0,0,0,-,-,NA,NA,LOS ANGELES,LOS ANGELES,-118.45550491,34.0757353
7113853,2015,2017-02-02,1941,2015-10-25,2049,10028,NA,7,5,7,1941,0,0,0,NA,0,NA,PACIFIC COAST HWY,MARINA PACIFICA,0,NA,-,A,-,Y,LA,7,1,-,-,0.83,H,-,N,Y,4,0,1,2,A,-,03,22350,NA,N,C,C,A,A,H,-,C,A,0,NA,NA,NA,NA,Y,NA,-,NA,0,0,1,0,0,0,0,0,0,-,-,NA,NA,LOS ANGELES,LONG BEACH,-118.11371261,33.76086385