CASE_ID,ACCIDENT_YEAR,PROC_DATE,JURIS,COLLISION_DATE,COLLISION_TIME,OFFICER_ID,REPORTING_DISTRICT,DAY_OF_WEEK,CHP_SHIFT,POPULATION,CNTY_CITY_LOC,SPECIAL_COND,BEAT_TYPE,CHP_BEAT_TYPE,CITY_DIVISION_LAPD,CHP_BEAT_CLASS,BEAT_NUMBER,PRIMARY_RD,SECONDARY_RD,DISTANCE,DIRECTION,INTERSECTION,WEATHER_1,WEATHER_2,STATE_HWY_IND,CALTRANS_COUNTY,CALTRANS_DISTRICT,STATE_ROUTE,ROUTE_SUFFIX,POSTMILE_PREFIX,POSTMILE,LOCATION_TYPE,RAMP_INTERSECTION,SIDE_OF_HWY,TOW_AWAY,COLLISION_SEVERITY,NUMBER_KILLED,NUMBER_INJURED,PARTY_COUNT,PRIMARY_COLL_FACTOR,PCF_CODE_OF_VIOL,PCF_VIOL_CATEGORY,PCF_VIOLATION,PCF_VIOL_SUBSECTION,HIT_AND_RUN,TYPE_OF_COLLISION,MVIW,PED_ACTION,ROAD_SURFACE,ROAD_COND_1,ROAD_COND_2,LIGHTING,CONTROL_DEVICE,CHP_ROAD_TYPE,PEDESTRIAN_ACCIDENT,BICYCLE_ACCIDENT,MOTORCYCLE_ACCIDENT,TRUCK_ACCIDENT,NOT_PRIVATE_PROPERTY,ALCOHOL_INVOLVED,STWD_VEHTYPE_AT_FAULT,CHP_VEHTYPE_AT_FAULT,COUNT_SEVERE_INJ,COUNT_VISIBLE_INJ,COUNT_COMPLAINT_PAIN,COUNT_PED_KILLED,COUNT_PED_INJURED,COUNT_BICYCLIST_KILLED,COUNT_BICYCLIST_INJURED,COUNT_MC_KILLED,COUNT_MC_INJURED,PRIMARY_RAMP,SECONDARY_RAMP,LATITUDE,LONGITUDE,COUNTY,CITY,POINT_X,POINT_Y
7113936,2015,2015-12-03,1953,2015-10-20,0915,7724,LACOU,2,5,6,1953,0,0,0,NA,0,002,HOWARD ST,GARFIELD AV,0,NA,Y,A,-,N,NA,NA,NA,NA,NA,NA,NA,NA,NA,Y,4,0,1,2,A,-,09,21802,A,M,D,C,A,A,H,-,A,A,0,NA,NA,NA,NA,Y,NA,-,-,0,0,1,0,0,0,0,0,0,-,-,NA,NA,LOS ANGELES,PASADENA,-118.14391007,34.17254011
7114002,2015,2015-12-07,1942,2015-10-25,1950,40971,0337,7,5,7,1942,0,0,0,C,0,12T41,NORMANDIE AV,39TH ST,101,N,N,A,-,N,NA,NA,NA,NA,NA,NA,NA,NA,NA,Y,3,0,1,4,A,-,01,23152,A,F,C,E,E,A,H,-,C,D,0,Y,NA,NA,NA,Y,Y,A,07,0,1,0,0,1,0,0,0,0,-,-,NA,NA,LOS ANGELES,LOS ANGELES,-118.30017204,34.01579697
7114003,2015,2015-11-18,1942,2015-10-27,1230,40965,0551,2,5,7,1942,0,0,0,E,0,18A26,WESTERN AV,CRESTWOOD ST,100,S,N,A,-,N,NA,NA,NA,NA,NA,NA,NA,NA,NA,Y,4,0,1,2,A,-,03,22350,NA,N,C,C,A,A,H,-,A,A,0,NA,NA,NA,NA,Y,NA,D,22,0,0,1,0,0,0,0,0,0,-,-,NA,NA,LOS ANGELES,LOS ANGELES,-118.30930773,33.74988179
7114004,2015,2015-11-18,1942,2015-06-26,2030,38167,0555,5,5,7,1942,0,0,0,E,0,5458,GAFFEY ST,SANTA CRUZ,70,N,N,A,-,N,NA,NA,NA,NA,NA,NA,NA,NA,NA,N,4,0,1,3,A,-,03,22350,NA,N,C,C,A,A,H,-,C,A,0,NA,NA,NA,NA,Y,NA,D,22,0,0,1,0,0,0,0,0,0,-,-,NA,NA,LOS ANGELES,LOS ANGELES,-118.292316,33.74484196
7114005,2015,2015-11-18,1942,2015-10-26,1340,36659,0563,1,5,7,1942,0,0,0,E,0,5A59,GAFFEY ST,13TH ST,15,N,N,A,-,N,NA,NA,NA,NA,NA,NA,NA,NA,NA,Y,4,0,1,2,A,-,03,22350,NA,N,C,C,A,A,H,-,A,A,0,NA,NA,NA,NA,Y,NA,D,22,0,0,1,0,0,0,0,0,0,-,-,NA,NA,LOS ANGELES,LOS ANGELES,-118.29237,33.73245114
7114023,2015,2015-11-20,1942,2015-11-03,1740,40811,1006,2,5,7,1942,0,0,0,J,0,21TL64,ROSCOE BL,WHITE OAK AV,0,NA,Y,A,-,N,NA,NA,NA,NA,NA,NA,NA,NA,NA,Y,4,0,1,2,A,-,01,23152,A,N,D,A,A,A,H,-,C,A,0,NA,NA,NA,NA,Y,Y,A,01,0,0,1,0,0,0,0,0,0,-,-,NA,NA,LOS ANGELES,LOS ANGELES,-118.51863002,34.22100006
7114029,2015,2015-11-23,1942,2015-10-30,1335,38996,1008,5,5,7,1942,0,0,0,J,0,16TL28,SHERMAN WY,HAYVENHURST AV,0,NA,Y,A,-,N,NA,NA,NA,NA,NA,NA,NA,NA,NA,Y,4,0,1,2,A,-,09,21801,A,N,D,C,A,A,H,-,A,A,0,NA,NA,NA,NA,Y,NA,D,22,0,0,1,0,0,0,0,0,0,-,-,NA,NA,LOS ANGELES,LOS ANGELES,-118.49241012,34.20123002
7114030,2015,2015-11-18,1942,2015-10-17,1545,40119,1757,6,5,7,1942,0,0,0,Q,0,19TL78,HAYVENHURST AV,LASSEN ST,0,NA,Y,A,-,N,NA,NA,NA,NA,NA,NA,NA,NA,NA,Y,3,0,3,3,A,-,01,23152,A,F,D,C,A,A,H,-,A,A,0,NA,NA,NA,NA,Y,Y,A,01,0,1,2,0,0,0,0,0,0,-,-,NA,NA,LOS ANGELES,LOS ANGELES,-118.49365006,34.25021006
7114031,2015,2015-11-18,1942,2015-10-22,1930,32781,1567,4,5,7,1942,0,0,0,O,0,15EL4,RIVERSIDE DR,CARTWRIGHT AV,0,NA,Y,A,-,N,NA,NA,NA,NA,NA,NA,NA,NA,NA,Y,4,0,1,2,A,-,04,21703,NA,M,C,C,A,A,H,-,C,A,0,NA,NA,NA,NA,Y,NA,D,22,0,0,1,0,0,0,0,0,0,-,-,NA,NA,LOS ANGELES,LOS ANGELES,-118.3636801,34.15224001
7114032,2015,2015-11-24,1942,2015-11-01,1440,40193,1735,7,5,7,1942,0,0,0,Q,0,17TL14,AMESTOY AV,SAN FERNANDO MISSION BL,0,NA,Y,A,-,N,NA,NA,NA,NA,NA,NA,NA,NA,NA,Y,3,0,3,2,A,-,01,23152,A,N,D,C,A,A,H,-,A,A,0,NA,NA,NA,NA,Y,NA,A,01,0,1,2,0,0,0,0,0,0,-,-,NA,NA,LOS ANGELES,LOS ANGELES,-118.50660004,34.27204008
7114033,2015,2016-08-05,1942,2015-10-27,1100,38326,1063,2,5,7,1942,0,0,0,J,0,15TL43,RESEDA BL,BURBANK BL,15,N,N,A,-,N,NA,NA,NA,NA,NA,NA,NA,NA,NA,N,4,0,1,2,A,-,04,21703,NA,F,C,C,A,A,H,-,A,A,0,NA,NA,NA,NA,Y,NA,-,99,0,0,1,0,0,0,0,0,0,-,-,NA,NA,LOS ANGELES,LOS ANGELES,-118.53600147,34.17238113
7114079,2015,2015-11-20,1976,2015-10-29,1722,297,NA,4,5,5,1976,0,0,0,NA,0,001,BEVERLY BL,PAINTER AV,220,E,N,A,-,N,NA,NA,NA,NA,NA,NA,NA,NA,NA,N,3,0,1,2,A,-,21,22106,NA,N,H,C,A,A,H,-,A,D,0,NA,NA,NA,Y,Y,NA,F,26,0,1,0,0,0,0,0,0,0,-,-,NA,NA,LOS ANGELES,WHITTIER,-118.03192601,33.98811783
7114094,2015,2016-08-09,1942,2015-10-31,1615,41168,0998,6,5,7,1942,0,0,0,I,0,9A5,VENTURA BL,LONGRIDGE AV,0,NA,Y,A,-,N,NA,NA,NA,NA,NA,NA,NA,NA,NA,N,4,0,1,2,A,-,09,21801,A,N,D,C,A,A,-,-,A,D,0,NA,NA,NA,NA,Y,NA,A,07,0,0,1,0,0,0,0,0,0,-,-,NA,NA,LOS ANGELES,LOS ANGELES,-118.42126006,34.14636002
7114095,2015,2015-11-17,1942,2015-10-30,1600,38872,0923,5,5,7,1942,0,0,0,I,0,9G21,VANOWEN ST,VAN NUYS BL,300,E,N,A,-,N,NA,NA,NA,NA,NA,NA,NA,NA,NA,N,4,0,1,2,A,-,05,21460,NA,N,B,C,A,A,H,-,A,D,0,NA,NA,NA,NA,Y,NA,A,01,0,0,1,0,0,0,0,0,0,-,-,NA,NA,LOS ANGELES,LOS ANGELES,-118.44774985,34.19392179
7114096,2015,2016-08-09,1942,2015-10-29,1840,40704,0971,4,5,7,1942,0,0,0,I,0,9X66,VENTURA BL,NOBLE AV,100,E,N,G,-,N,NA,NA,NA,NA,NA,NA,NA,NA,NA,N,4,0,1,4,A,-,04,21703,NA,N,C,C,A,A,H,-,C,A,0,NA,NA,NA,NA,Y,NA,-,NA,0,0,1,0,0,0,0,0,0,-,-,NA,NA,LOS ANGELES,LOS ANGELES,-118.46147716,34.15302342
7114097,2015,2015-11-17,1942,2015-10-30,1011,39016,1999,5,5,7,1942,0,0,0,NA,0,19A1,VENTURA CANYON,NORTH ROSCOE BL,600,S,N,A,G,N,NA,NA,NA,NA,NA,NA,NA,NA,NA,N,3,0,1,2,A,-,09,21802,A,N,D,-,A,A,D,-,A,-,0,NA,Y,NA,NA,Y,NA,L,04,0,1,0,0,0,0,1,0,0,-,-,NA,NA,LOS ANGELES,LOS ANGELES,-118.42879022,34.22002437
7114098,2015,2015-11-17,1942,2015-10-31,2230,41775,1971,6,5,7,1942,0,0,0,NA,0,19A79,ORION AV,NORDHOFF ST,0,NA,Y,A,-,N,NA,NA,NA,NA,NA,NA,NA,NA,NA,N,4,0,1,2,B,-,22,NA,NA,N,G,B,D,A,H,-,C,D,0,Y,NA,NA,NA,Y,NA,-,-,0,0,1,0,1,0,0,0,0,-,-,NA,NA,LOS ANGELES,LOS ANGELES,-118.47195,34.23556008
7114099,2015,2015-11-17,1942,2015-10-31,1745,31958,1916,6,5,7,1942,0,0,0,NA,0,19X8,HUBBARD ST,GLENOAKS BL,0,NA,Y,-,-,N,NA,NA,NA,NA,NA,NA,NA,NA,NA,N,4,0,1,2,A,-,09,21801,A,N,A,C,A,A,H,-,A,A,0,NA,NA,NA,NA,Y,NA,A,01,0,0,1,0,0,0,0,0,0,-,-,NA,NA,LOS ANGELES,LOS ANGELES,-118.43923012,34.29949001
7114100,2015,2015-11-17,1942,2015-10-25,1735,34599,1063,7,5,7,1942,0,0,0,J,0,21T65,RESEDA BL,BURBANK BL,0,NA,Y,A,-,N,NA,NA,NA,NA,NA,NA,NA,NA,NA,N,4,0,1,2,A,-,08,22107,NA,F,C,C,A,A,H,-,A,A,0,NA,NA,Y,NA,Y,NA,-,99,0,0,1,0,0,0,0,0,1,-,-,NA,NA,LOS ANGELES,LOS ANGELES,-118.53600001,34.17234005
7114101,2015,2015-11-17,1942,2015-10-29,0955,37422,0905,4,5,7,1942,0,0,0,I,0,9X14,VAN NUYS BL,COVELLO ST,0,NA,Y,A,-,N,NA,NA,NA,NA,NA,NA,NA,NA,NA,N,4,0,1,2,A,-,09,21801,A,N,B,G,A,A,H,-,A,A,0,NA,Y,NA,NA,Y,NA,-,NA,0,0,1,0,0,0,1,0,0,-,-,NA,NA,LOS ANGELES,LOS ANGELES,-118.4487701,34.20715
7114102,2015,2015-11-17,1942,2015-10-25,1730,41477,1791,7,5,7,1942,0,0,0,Q,0,17EL4,DE SOTO AV,PARTHENIA ST,0,NA,Y,A,-,N,NA,NA,NA,NA,NA,NA,NA,NA,NA,N,4,0,1,2,A,-,03,22350,NA,F,C,C,A,A,H,-,A,A,0,NA,NA,NA,NA,Y,NA,-,99,0,0,1,0,0,0,0,0,0,-,-,NA,NA,LOS ANGELES,LOS ANGELES,-118.58853002,34.22821001
7114103,2015,2015-11-17,1942,2015-10-27,0800,39192,1063,2,5,7,1942,0,0,0,J,0,10T39W,SATICOY ST,ENCINO AV,0,E,N,A,-,N,NA,NA,NA,NA,NA,NA,NA,NA,NA,N,4,0,1,2,D,-,00,NA,NA,F,G,B,B,A,H,-,A,D,0,Y,NA,NA,NA,Y,NA,-,-,0,0,1,0,1,0,0,0,0,-,-,NA,NA,LOS ANGELES,LOS ANGELES,-118.51426003,34.20841007
7114104,2015,2015-12-01,1942,2015-10-04,1505,41513,2138,7,5,7,1942,0,0,0,NA,0,21AX46,SATICOY ST,OSO AV,0,NA,Y,A,-,N,NA,NA,NA,NA,NA,NA,NA,NA,NA,N,4,0,2,2,A,-,01,23152,A,M,C,A,A,A,H,-,A,A,0,NA,NA,NA,NA,Y,Y,-,-,0,0,2,0,0,0,0,0,0,-,-,NA,NA,LOS ANGELES,LOS ANGELES,-118.57538014,34.20835001
7114105,2015,2015-11-17,1942,2015-10-02,0815,38677,1924,5,5,7,1942,0,0,0,NA,0,19A1,HUBBARD ST,PEARWOOD AV,300,E,N,A,-,N,NA,NA,NA,NA,NA,NA,NA,NA,NA,Y,3,0,3,2,A,-,08,22103,NA,F,C,C,A,A,H,-,A,D,0,NA,NA,NA,NA,Y,NA,-,99,0,1,2,0,0,0,0,0,0,-,-,NA,NA,LOS ANGELES,LOS ANGELES,-118.45612003,34.28552815
7114106,2015,2016-02-16,1942,2015-10-30,1630,40193,1795,5,5,7,1942,0,0,0,Q,0,17TL14,BALBOA BL,ROSCOE BL,230,S,N,A,-,N,NA,NA,NA,NA,NA,NA,NA,NA,NA,N,4,0,1,2,A,-,09,21804,A,F,D,C,A,A,H,-,A,D,0,NA,NA,NA,NA,Y,NA,-,99,0,0,1,0,0,0,0,0,0,-,-,NA,NA,LOS ANGELES,LOS ANGELES,-118.50259827,34.22057134
7114107,2015,2015-11-17,1942,2015-10-06,1915,41191,2128,2,5,7,1942,0,0,0,NA,0,10A3,OSO AV,SATICOY ST,5,N,N,A,-,N,NA,NA,NA,NA,NA,NA,NA,NA,NA,N,4,0,4,3,A,-,09,21801,A,F,D,C,A,A,H,-,C,A,0,NA,NA,NA,NA,Y,NA,-,99,0,0,4,0,0,0,0,0,0,-,-,NA,NA,LOS ANGELES,LOS ANGELES,-118.57537984,34.20836372
7114108,2015,2016-06-01,1942,2015-10-10,0325,40955,1651,6,5,7,1942,0,0,0,P,0,FOOTHI,OSBORNE ST,LAUREL CANYON BL,100,E,N,A,-,N,NA,NA,NA,NA,NA,NA,NA,NA,NA,Y,4,0,1,2,B,-,22,NA,NA,F,C,D,A,A,H,-,C,A,0,NA,NA,NA,NA,Y,Y,A,01,0,0,1,0,0,0,0,0,0,-,-,NA,NA,LOS ANGELES,LOS ANGELES,-118.41929026,34.2470595
7114109,2015,2015-11-17,1942,2015-10-25,2145,40893,1668,7,5,7,1942,0,0,0,P,0,16A77,FOOTHILL BL,PLAINVIEW AV,25,E,N,A,-,N,NA,NA,NA,NA,NA,NA,NA,NA,NA,N,4,0,1,2,A,-,04,21703,NA,F,C,C,A,A,H,-,C,A,0,NA,NA,NA,NA,Y,NA,-,99,0,0,1,0,0,0,0,0,0,-,-,NA,NA,LOS ANGELES,LOS ANGELES,-118.29788316,34.25449027
7114110,2015,2016-03-07,1942,2015-10-31,2230,41712,0989,6,5,7,1942,0,0,0,I,0,9A89,VAN NUYS BL,DICKENS ST,60,N,N,A,-,N,NA,NA,NA,NA,NA,NA,NA,NA,NA,N,4,0,3,2,A,-,03,22350,NA,F,C,C,A,A,H,-,C,A,0,NA,NA,NA,NA,Y,NA,A,01,0,0,3,0,0,0,0,0,0,-,-,NA,NA,LOS ANGELES,LOS ANGELES,-118.44886622,34.15012216
7114111,2015,2015-11-17,1942,2015-10-30,1830,38996,0946,5,5,7,1942,0,0,0,I,0,16TL28,OXNARD ST,RANCHITO AV,150,W,N,A,-,N,NA,NA,NA,NA,NA,NA,NA,NA,NA,N,3,0,1,2,A,-,17,22517,NA,F,B,E,A,A,H,-,A,D,0,NA,NA,NA,NA,Y,NA,-,99,0,1,0,0,0,0,0,0,0,-,-,NA,NA,LOS ANGELES,LOS ANGELES,-118.43611505,34.1794
7114112,2015,2017-02-04,1942,2015-10-31,2245,34599,0961,6,5,7,1942,0,0,0,I,0,15T43,SEPULVEDA BL,VENTURA FWY,0,NA,Y,A,-,Y,LA,7,101,-,-,16.789,R,4,S,N,4,0,1,2,A,-,09,21801,A,F,D,C,A,A,H,-,C,A,0,NA,NA,NA,NA,Y,NA,-,99,0,0,1,0,0,0,0,0,0,-,SO,NA,NA,LOS ANGELES,LOS ANGELES,-118.46339739,34.15931568
7114121,2015,2017-01-25,1942,2015-10-18,1425,41442,1204,7,5,7,1942,0,0,0,L,0,3A32,NORMANDIE AV,47TH ST,0,NA,Y,A,-,N,NA,NA,NA,NA,NA,NA,NA,NA,NA,Y,3,0,2,2,A,-,07,21658,A,F,B,C,A,A,H,-,A,A,0,NA,NA,NA,NA,Y,NA,A,01,0,1,1,0,0,0,0,0,0,-,-,NA,NA,LOS ANGELES,LOS ANGELES,-118.30019005,34.00102006
7114122,2015,2015-11-18,1942,2015-10-14,0220,36195,1235,3,5,7,1942,0,0,0,L,0,NA,NORMANDIE AV,61ST,0,NA,Y,A,-,N,NA,NA,NA,NA,NA,NA,NA,NA,NA,Y,4,0,1,2,A,-,12,22450,A,F,B,C,A,A,H,-,C,D,0,NA,NA,NA,NA,Y,NA,-,99,0,0,1,0,0,0,0,0,0,-,-,NA,NA,LOS ANGELES,LOS ANGELES,-118.30026003,33.98414007
7114123,2015,2017-01-25,1942,2015-10-15,0810,35046,1205,4,5,7,1942,0,0,0,L,0,12A73,NORMANDIE AV,52ND ST,0,NA,Y,A,-,N,NA,NA,NA,NA,NA,NA,NA,NA,NA,N,4,0,1,2,A,-,09,21802,A,F,D,C,A,A,H,-,A,D,0,NA,NA,NA,NA,Y,NA,A,01,0,0,1,0,0,0,0,0,0,-,-,NA,NA,LOS ANGELES,LOS ANGELES,-118.30017,33.99505004
7114124,2015,2017-01-31,1942,2015-10-31,2245,41254,LOS A,6,5,7,1942,0,0,0,NA,0,1864,CENTRAL AV,RT 105,15,N,N,A,-,Y,LA,7,105,-,R,9.089,R,4,W,N,4,0,2,2,A,-,03,22350,NA,F,C,C,A,A,H,-,C,A,0,NA,NA,NA,NA,Y,NA,-,99,0,0,2,0,0,0,0,0,0,-,WF,NA,NA,LOS ANGELES,LOS ANGELES,-118.25112883,33.92863657
7114133,2015,2015-11-17,1965,2015-10-20,1845,3816,0B3G,2,5,5,1965,0,0,0,NA,0,B003,BROADWAY,20TH ST,330,E,N,A,-,N,NA,NA,NA,NA,NA,NA,NA,NA,NA,Y,4,0,1,2,A,-,08,22107,NA,N,D,C,A,A,H,-,C,D,0,NA,NA,Y,NA,Y,NA,A,01,0,0,1,0,0,0,0,0,1,-,-,NA,NA,LOS ANGELES,SANTA MONICA,-118.47769966,34.02799027
7114134,2015,2015-11-17,1965,2015-10-20,1644,3816,0B1G,2,5,5,1965,0,0,0,NA,0,B001,OCEAN AV,MOOMAT AHIKO,0,NA,Y,A,-,N,NA,NA,NA,NA,NA,NA,NA,NA,NA,Y,4,0,1,2,A,-,12,21453,A,N,D,C,A,A,H,-,A,A,0,NA,NA,NA,NA,Y,NA,A,08,0,0,1,0,0,0,0,0,0,-,-,NA,NA,LOS ANGELES,SANTA MONICA,-118.49419008,34.01082012
7114135,2015,2015-11-17,1965,2015-10-26,1843,3816,0B1F,1,5,5,1965,0,0,0,NA,0,B001,PICO BL,MAIN ST,0,NA,Y,A,-,N,NA,NA,NA,NA,NA,NA,NA,NA,NA,Y,4,0,1,2,A,-,09,21801,A,N,D,C,A,A,H,-,C,A,0,NA,NA,NA,NA,Y,NA,A,01,0,0,1,0,0,0,0,0,0,-,-,NA,NA,LOS ANGELES,SANTA MONICA,-118.48971002,34.00794003
7114136,2015,2015-11-17,1965,2015-10-15,1742,3566,0B2C,4,5,5,1965,0,0,0,NA,0,B002,OAK ST,23RD ST,0,NA,Y,A,-,N,NA,NA,NA,NA,NA,NA,NA,NA,NA,Y,3,0,2,2,A,-,09,21802,A,N,D,C,A,A,H,-,A,A,0,NA,NA,NA,NA,Y,NA,A,01,0,1,1,0,0,0,0,0,0,-,-,NA,NA,LOS ANGELES,SANTA MONICA,-118.46127005,34.01448003
7114137,2015,2015-11-17,1965,2015-10-25,2205,3844,0B2B,7,5,5,1965,0,0,0,NA,0,B002,11TH ST,PEARL AV,30,S,N,A,-,N,NA,NA,NA,NA,NA,NA,NA,NA,NA,Y,4,0,1,2,A,-,12,22450,NA,N,D,G,A,A,H,-,C,A,0,NA,Y,NA,NA,Y,NA,L,04,0,0,1,0,0,0,1,0,0,-,-,NA,NA,LOS ANGELES,SANTA MONICA,-118.47663939,34.011215
7114138,2015,2016-08-12,1965,2015-10-16,1138,3553,0B2A,5,5,5,1965,0,0,0,NA,0,B002,RT 1,ASHLAND AV,195,N,N,A,-,N,NA,NA,NA,NA,NA,NA,NA,NA,NA,N,3,0,1,2,A,-,09,21801,A,N,D,C,A,A,H,-,A,D,0,NA,NA,Y,NA,Y,NA,A,07,0,1,0,0,0,0,0,0,1,-,-,NA,NA,LOS ANGELES,SANTA MONICA,-118.474044,34.005256
7114139,2015,2015-11-17,1965,2015-10-29,1846,3566,0B3A,4,5,5,1965,0,0,0,NA,0,B003,20TH ST,ARIZONA AV,0,NA,Y,A,-,N,NA,NA,NA,NA,NA,NA,NA,NA,NA,Y,3,0,2,2,A,-,09,21801,A,N,D,C,A,A,H,-,C,A,0,NA,NA,NA,NA,Y,NA,A,08,0,1,1,0,0,0,0,0,0,-,-,NA,NA,LOS ANGELES,SANTA MONICA,-118.48162001,34.03005011
7114140,2015,2016-08-12,1965,2015-10-17,1214,3553,0B2A,6,5,5,1965,0,0,0,NA,0,B002,RT 1,BAY ST,19,S,N,A,-,N,NA,NA,NA,NA,NA,NA,NA,NA,NA,N,3,0,1,2,A,-,17,21200,NA,N,D,G,A,A,H,-,A,D,0,NA,Y,NA,NA,Y,Y,L,04,0,1,0,0,0,0,1,0,0,-,-,NA,NA,LOS ANGELES,SANTA MONICA,-118.482045,34.011557
7114141,2015,2015-11-17,1965,2015-10-30,1320,3764,0B4A,5,5,5,1965,0,0,0,NA,0,B004,SAN VICENTE BL,17TH ST,0,NA,Y,A,-,N,NA,NA,NA,NA,NA,NA,NA,NA,NA,Y,4,0,1,2,A,-,09,21802,B,N,D,C,A,A,H,-,A,A,0,NA,NA,NA,NA,Y,NA,A,07,0,0,1,0,0,0,0,0,0,-,-,NA,NA,LOS ANGELES,SANTA MONICA,-118.50117002,34.04206007
7114142,2015,2015-11-17,1965,2015-10-29,1543,3238,0B2C,4,5,5,1965,0,0,0,NA,0,B002,23RD ST,OAK ST,0,NA,Y,A,-,N,NA,NA,NA,NA,NA,NA,NA,NA,NA,N,4,0,1,2,A,-,09,21802,A,N,D,C,A,A,H,-,A,D,0,NA,NA,NA,NA,Y,NA,-,NA,0,0,1,0,0,0,0,0,0,-,-,NA,NA,LOS ANGELES,SANTA MONICA,-118.46127005,34.01448003
7114143,2015,2015-11-17,1965,2015-10-30,0832,3553,0B2C,5,5,5,1965,0,0,0,NA,0,B002,23RD ST,HILL ST,0,NA,Y,A,-,N,NA,NA,NA,NA,NA,NA,NA,NA,NA,Y,4,0,2,3,A,-,09,21802,A,N,D,C,A,A,H,-,A,A,0,NA,NA,NA,NA,Y,NA,A,01,0,0,2,0,0,0,0,0,0,-,-,NA,NA,LOS ANGELES,SANTA MONICA,-118.46059,34.01370005
7114144,2015,2015-11-17,1965,2015-10-30,1915,3764,0B1L,5,5,5,1965,0,0,0,NA,0,A001,OCEAN AV,OLYMPIC BL,5,N,N,A,-,N,NA,NA,NA,NA,NA,NA,NA,NA,NA,N,4,0,2,2,A,-,21,22106,NA,N,C,C,A,A,H,-,C,A,0,NA,NA,NA,NA,Y,NA,A,01,0,0,2,0,0,0,0,0,0,-,-,NA,NA,LOS ANGELES,SANTA MONICA,-118.49297155,34.00977977
7114145,2015,2017-02-01,1965,2015-10-24,2100,3866,0BIB,6,5,5,1965,0,0,0,NA,0,B001,PACIFIC COAST HWY,PCH,20,W,N,A,-,Y,LA,7,1,-,-,35.85,H,-,N,Y,3,0,2,2,A,-,09,21801,A,N,D,C,A,A,H,-,C,D,0,NA,NA,NA,NA,Y,NA,-,NA,0,1,1,0,0,0,0,0,0,-,-,NA,NA,LOS ANGELES,SANTA MONICA,-118.50336499,34.01770252
7114153,2015,2015-11-17,1969,2015-10-24,2231,10182,PATRO,6,5,5,1969,0,0,0,NA,0,001,LONG BEACH BL,NEBRASKA AV,45,S,N,A,-,N,NA,NA,NA,NA,NA,NA,NA,NA,NA,N,4,0,1,2,A,-,06,21750,A,N,B,G,A,A,H,-,C,D,0,NA,Y,NA,NA,Y,NA,L,04,0,0,1,0,0,0,1,0,0,-,-,NA,NA,LOS ANGELES,SOUTH GATE,-118.21629502,33.94579009
7114154,2015,2015-11-16,1969,2015-10-24,2104,20226,TRAFF,6,5,5,1969,0,0,0,NA,0,003,FIRESTONE BL,MCNERNEY,50,E,N,A,-,N,NA,NA,NA,NA,NA,NA,NA,NA,NA,N,4,0,2,2,A,-,03,22350,NA,N,C,C,A,A,H,-,C,A,0,NA,NA,NA,NA,Y,NA,A,07,0,0,2,0,0,0,0,0,0,-,-,NA,NA,LOS ANGELES,SOUTH GATE,-118.1949874,33.95309902
7114155,2015,2015-11-18,1969,2015-10-23,1903,10068,PATRO,5,5,5,1969,0,0,0,NA,0,002,LONG BEACH BL,LAUREL PL,0,NA,Y,A,-,N,NA,NA,NA,NA,NA,NA,NA,NA,NA,Y,4,0,1,2,A,-,09,21802,A,N,D,C,A,A,H,-,C,D,0,NA,NA,NA,NA,Y,NA,A,01,0,0,1,0,0,0,0,0,0,-,-,NA,NA,LOS ANGELES,SOUTH GATE,-118.22096001,33.95674004
7114156,2015,2015-11-16,1969,2015-10-22,1832,20226,TRAFF,4,5,5,1969,0,0,0,NA,0,003,FIRESTONE BL,MCNERNEY,75,E,N,A,-,N,NA,NA,NA,NA,NA,NA,NA,NA,NA,N,4,0,1,2,A,-,03,22350,NA,N,-,C,A,A,H,-,C,A,0,NA,NA,NA,NA,Y,NA,A,08,0,0,1,0,0,0,0,0,0,-,-,NA,NA,LOS ANGELES,SOUTH GATE,-118.1949061,33.95308853
7114157,2015,2015-11-16,1969,2015-10-18,1256,10119,PATRO,7,5,5,1969,0,0,0,NA,0,0A4,PINEHURST AV,TENAYA AV,0,NA,Y,A,-,N,NA,NA,NA,NA,NA,NA,NA,NA,NA,Y,2,0,4,5,A,-,09,21802,A,N,D,C,A,A,H,-,A,-,0,NA,NA,NA,NA,Y,NA,A,08,1,0,3,0,0,0,0,0,0,-,-,NA,NA,LOS ANGELES,SOUTH GATE,-118.18323009,33.93637005
7114158,2015,2015-11-16,1969,2015-10-17,1522,10184,PATRO,6,5,5,1969,0,0,0,NA,0,004,ABBOTT RD,ST JAMES,15,W,N,A,-,N,NA,NA,NA,NA,NA,NA,NA,NA,NA,Y,4,0,3,2,A,-,03,22350,NA,N,C,C,A,A,H,-,A,A,0,NA,NA,NA,NA,Y,NA,A,01,0,0,3,0,0,0,0,0,0,-,-,NA,NA,LOS ANGELES,SOUTH GATE,-118.181249,33.9338449
7114159,2015,2015-11-16,1969,2015-10-15,1800,20226,TRAFF,4,5,5,1969,0,0,0,NA,0,005,WEST FRONTAGE RD,MILLER WY,150,N,N,A,-,N,NA,NA,NA,NA,NA,NA,NA,NA,NA,Y,4,0,1,2,A,-,08,22107,NA,N,C,E,A,A,H,-,A,A,0,NA,NA,NA,NA,Y,NA,A,01,0,0,1,0,0,0,0,0,0,-,-,NA,NA,LOS ANGELES,SOUTH GATE,-118.172186,33.93940801