CASE_ID,ACCIDENT_YEAR,PROC_DATE,JURIS,COLLISION_DATE,COLLISION_TIME,OFFICER_ID,REPORTING_DISTRICT,DAY_OF_WEEK,CHP_SHIFT,POPULATION,CNTY_CITY_LOC,SPECIAL_COND,BEAT_TYPE,CHP_BEAT_TYPE,CITY_DIVISION_LAPD,CHP_BEAT_CLASS,BEAT_NUMBER,PRIMARY_RD,SECONDARY_RD,DISTANCE,DIRECTION,INTERSECTION,WEATHER_1,WEATHER_2,STATE_HWY_IND,CALTRANS_COUNTY,CALTRANS_DISTRICT,STATE_ROUTE,ROUTE_SUFFIX,POSTMILE_PREFIX,POSTMILE,LOCATION_TYPE,RAMP_INTERSECTION,SIDE_OF_HWY,TOW_AWAY,COLLISION_SEVERITY,NUMBER_KILLED,NUMBER_INJURED,PARTY_COUNT,PRIMARY_COLL_FACTOR,PCF_CODE_OF_VIOL,PCF_VIOL_CATEGORY,PCF_VIOLATION,PCF_VIOL_SUBSECTION,HIT_AND_RUN,TYPE_OF_COLLISION,MVIW,PED_ACTION,ROAD_SURFACE,ROAD_COND_1,ROAD_COND_2,LIGHTING,CONTROL_DEVICE,CHP_ROAD_TYPE,PEDESTRIAN_ACCIDENT,BICYCLE_ACCIDENT,MOTORCYCLE_ACCIDENT,TRUCK_ACCIDENT,NOT_PRIVATE_PROPERTY,ALCOHOL_INVOLVED,STWD_VEHTYPE_AT_FAULT,CHP_VEHTYPE_AT_FAULT,COUNT_SEVERE_INJ,COUNT_VISIBLE_INJ,COUNT_COMPLAINT_PAIN,COUNT_PED_KILLED,COUNT_PED_INJURED,COUNT_BICYCLIST_KILLED,COUNT_BICYCLIST_INJURED,COUNT_MC_KILLED,COUNT_MC_INJURED,PRIMARY_RAMP,SECONDARY_RAMP,LATITUDE,LONGITUDE,COUNTY,CITY,POINT_X,POINT_Y
7120763,2015,2015-12-01,1900,2015-10-21,1713,527490,2833,3,5,5,1915,0,0,0,NA,0,283T1,CENTRAL AV,GREENLEAF BL,0,NA,Y,A,-,N,NA,NA,NA,NA,NA,NA,NA,NA,NA,N,4,0,1,2,A,-,09,21801,A,N,G,G,A,A,H,-,A,A,0,NA,Y,NA,NA,Y,NA,-,-,0,0,1,0,0,0,1,0,0,-,-,NA,NA,LOS ANGELES,COMPTON,-118.24870013,33.88036001
7120766,2015,2015-12-01,1920,2015-10-30,1238,12476,NA,5,5,6,1920,0,0,0,NA,0,001,COLUMBIA WY,IMPERIAL HWY,32,N,N,A,-,N,NA,NA,NA,NA,NA,NA,NA,NA,NA,Y,4,0,2,3,A,-,12,21453,A,N,A,C,A,A,H,-,A,A,0,NA,NA,NA,NA,Y,NA,A,07,0,0,2,0,0,0,0,0,0,-,-,NA,NA,LOS ANGELES,DOWNEY,-118.13414803,33.91709773
7120767,2015,2015-12-01,1900,2015-10-15,1943,532570,2826,4,5,5,1915,0,0,0,NA,0,283T1,LONG BEACH BL,PALMER ST,70,N,N,A,-,N,NA,NA,NA,NA,NA,NA,NA,NA,NA,N,3,0,1,2,A,-,11,21955,NA,N,G,B,D,A,H,-,C,A,0,Y,NA,NA,NA,Y,NA,N,60,0,1,0,0,1,0,0,0,0,-,-,NA,NA,LOS ANGELES,COMPTON,-118.20812259,33.89850168
7120771,2015,2015-12-01,1976,2015-10-14,1403,898,NA,3,5,3,1964,0,0,0,NA,0,002,CARMENITA RD,TELEGRAPH RD,40,N,N,A,-,N,NA,NA,NA,NA,NA,NA,NA,NA,NA,N,4,0,1,2,A,-,09,21804,A,N,D,C,A,A,H,-,A,A,0,NA,NA,NA,NA,Y,NA,A,01,0,0,1,0,0,0,0,0,0,-,-,NA,NA,LOS ANGELES,SANTA FE SPRINGS,-118.04658,33.94054968
7120775,2015,2015-12-01,1976,2015-10-26,0803,494,NA,1,5,3,1964,0,0,0,NA,0,001,NORWALK BL,LOS NIETOS RD,0,NA,Y,A,-,N,NA,NA,NA,NA,NA,NA,NA,NA,NA,Y,4,0,1,2,A,-,12,21453,A,N,D,C,A,A,H,-,A,A,0,NA,NA,NA,NA,Y,NA,A,01,0,0,1,0,0,0,0,0,0,-,-,NA,NA,LOS ANGELES,SANTA FE SPRINGS,-118.07141011,33.95749006
7120779,2015,2015-12-01,1976,2015-10-29,0816,420,NA,4,5,3,1964,0,0,0,NA,0,002,ORR AND DAY RD,JOSLIN ST,0,NA,Y,A,-,N,NA,NA,NA,NA,NA,NA,NA,NA,NA,N,4,0,1,2,A,-,09,21802,A,N,D,C,A,A,H,-,A,A,0,NA,NA,NA,NA,Y,NA,A,01,0,0,1,0,0,0,0,0,0,-,-,NA,NA,LOS ANGELES,SANTA FE SPRINGS,-118.09070004,33.94433005
7120783,2015,2015-12-01,1976,2015-10-31,1500,748,NA,6,5,3,1964,0,0,0,NA,0,NA,ALONDRA BL,VALLEY VIEW AV,114,W,N,A,-,N,NA,NA,NA,NA,NA,NA,NA,NA,NA,Y,4,0,3,2,A,-,07,21658,A,N,B,C,A,A,H,-,A,D,0,NA,NA,NA,NA,Y,NA,A,01,0,0,3,0,0,0,0,0,0,-,-,NA,NA,LOS ANGELES,SANTA FE SPRINGS,-118.02944478,33.88803714
7120786,2015,2015-12-01,1920,2015-10-30,1228,11033,NA,5,5,6,1920,0,0,0,NA,0,003,FLORENCE AV,SMALLWOOD AV,0,NA,Y,A,-,N,NA,NA,NA,NA,NA,NA,NA,NA,NA,Y,3,0,1,2,A,-,09,21801,A,N,D,C,A,A,H,-,A,D,0,NA,NA,Y,NA,Y,NA,A,01,0,1,0,0,0,0,0,0,1,-,-,NA,NA,LOS ANGELES,DOWNEY,-118.13325004,33.95516002
7120790,2015,2015-12-01,1920,2015-10-30,1207,12476,NA,5,5,6,1920,0,0,0,NA,0,005,FLORENCE AV,BROOKSHIRE AV,300,W,N,A,-,N,NA,NA,NA,NA,NA,NA,NA,NA,NA,Y,4,0,1,2,A,-,07,21658,A,N,B,C,A,A,H,-,A,D,0,NA,NA,NA,NA,Y,NA,A,08,0,0,1,0,0,0,0,0,0,-,-,NA,NA,LOS ANGELES,DOWNEY,-118.12272979,33.95019617
7120794,2015,2017-02-03,1920,2015-10-29,0603,19354,NA,4,5,6,1920,0,0,0,NA,0,NA,GARDENDALE ST,LAKEWOOD BL,0,NA,Y,A,-,Y,LA,7,19,-,-,8.368,I,5,S,N,3,0,1,2,A,-,10,21950,A,N,G,B,B,A,H,-,C,A,0,Y,NA,NA,NA,Y,NA,-,NA,0,1,0,0,1,0,0,0,0,-,-,NA,NA,LOS ANGELES,DOWNEY,-118.142581,33.9105256
7120798,2015,2015-12-01,1920,2015-10-27,1552,10705,NA,2,5,6,1920,0,0,0,NA,0,004,DOWNEY AND STANFORD BRIDGE RD,OTTO ST,94,S,N,A,-,N,NA,NA,NA,NA,NA,NA,NA,NA,NA,Y,3,0,1,3,A,-,08,22107,NA,N,C,E,A,A,H,-,A,D,0,NA,NA,NA,NA,Y,NA,-,NA,0,1,0,0,0,0,0,0,0,-,-,NA,NA,LOS ANGELES,DOWNEY,-118.107009,33.944088
7120838,2015,2016-02-04,1948,2015-11-11,1044,356,1948,3,5,5,1948,0,0,0,NA,0,NA,MONTEREY PASS RD,VAGABOND RD,40,S,N,A,-,N,NA,NA,NA,NA,NA,NA,NA,NA,NA,Y,4,0,1,2,A,-,08,22102,NA,N,D,C,A,A,H,-,A,A,0,NA,NA,NA,NA,Y,NA,-,NA,0,0,1,0,0,0,0,0,0,-,-,NA,NA,LOS ANGELES,MONTEREY PARK,-118.15110404,34.05324268
7120882,2015,2015-11-30,1953,2015-11-12,1124,6294,5,4,5,6,1953,0,0,0,NA,0,003,ORANGE GROVE BL,MAYLIN ST,0,NA,Y,A,-,N,NA,NA,NA,NA,NA,NA,NA,NA,NA,N,3,0,1,2,A,-,08,22107,NA,N,D,C,A,A,H,-,A,D,0,NA,NA,NA,NA,Y,NA,-,NA,0,1,0,0,0,0,0,0,0,-,-,NA,NA,LOS ANGELES,PASADENA,-118.15964011,34.14267001
7120883,2015,2015-11-30,1900,2015-11-14,0143,453085,2115,6,5,5,1943,0,0,0,NA,0,212T4,KING BL,WRIGHT RD,0,NA,Y,A,-,N,NA,NA,NA,NA,NA,NA,NA,NA,NA,Y,4,0,1,1,A,-,03,22350,NA,N,E,I,A,A,H,-,C,A,0,NA,NA,NA,NA,Y,NA,A,01,0,0,1,0,0,0,0,0,0,-,-,NA,NA,LOS ANGELES,LYNWOOD,-118.18144,33.91942
7120886,2015,2015-11-30,1953,2015-11-12,1316,3736,1953,4,5,6,1953,0,0,0,NA,0,001,BELLEFONTAINE AV,ST JOHN ST,0,NA,Y,A,-,N,NA,NA,NA,NA,NA,NA,NA,NA,NA,N,2,0,2,2,A,-,12,21453,A,N,D,C,A,A,H,-,A,A,0,NA,NA,NA,NA,Y,NA,A,01,1,0,1,0,0,0,0,0,0,-,-,NA,NA,LOS ANGELES,PASADENA,-118.15538009,34.13157005
7120887,2015,2015-11-30,1900,2015-11-07,0930,520027,2813,6,5,5,1915,0,0,0,NA,0,282T1,ROSECRANS AV,MATTHISEN AV,0,NA,Y,A,-,N,NA,NA,NA,NA,NA,NA,NA,NA,NA,Y,3,0,2,2,A,-,12,21453,A,N,D,C,A,A,H,-,A,D,0,NA,NA,NA,NA,Y,NA,-,-,0,1,1,0,0,0,0,0,0,-,-,NA,NA,LOS ANGELES,COMPTON,-118.23435004,33.9033701
7120890,2015,2015-11-25,1953,2015-11-09,1114,3775,NA,1,5,6,1953,0,0,0,NA,0,NA,CORDOVA ST,WILSON AV,0,NA,Y,A,-,N,NA,NA,NA,NA,NA,NA,NA,NA,NA,Y,3,0,2,3,A,-,12,21453,A,N,D,C,A,A,H,-,A,A,0,NA,NA,NA,NA,Y,NA,A,08,0,1,1,0,0,0,0,0,0,-,-,NA,NA,LOS ANGELES,PASADENA,-118.12804013,34.14293002
7120891,2015,2015-11-30,1900,2015-11-10,0842,524037,2845,2,5,5,1915,0,0,0,NA,0,282,ARTESIA BL,SUSANA RD,3,E,N,A,-,N,NA,NA,NA,NA,NA,NA,NA,NA,NA,N,4,0,1,2,A,-,09,21801,A,N,G,B,B,A,H,-,A,A,0,Y,NA,NA,NA,Y,NA,A,01,0,0,1,0,1,0,0,0,0,-,-,NA,NA,LOS ANGELES,COMPTON,-118.20717,33.87419
7120894,2015,2015-11-30,1953,2015-10-10,0121,6073,1953,6,5,6,1953,0,0,0,NA,0,002,NORTH FAIR OAKS AV,TREMONT ST,200,S,N,A,-,N,NA,NA,NA,NA,NA,NA,NA,NA,NA,Y,3,0,1,1,A,-,03,22350,NA,M,A,I,A,A,H,-,C,D,0,NA,NA,NA,NA,Y,NA,-,-,0,1,0,0,0,0,0,0,0,-,-,NA,NA,LOS ANGELES,PASADENA,-118.15076743,34.17771169
7120895,2015,2015-11-30,1900,2015-11-15,1200,516691,2823,7,5,5,1915,0,0,0,NA,0,282T7,PINE ST,SHORT AV,175,E,N,A,-,N,NA,NA,NA,NA,NA,NA,NA,NA,NA,N,3,0,1,2,A,-,09,21804,A,N,D,G,A,A,H,-,A,D,0,NA,Y,NA,NA,Y,NA,L,04,0,1,0,0,0,0,1,0,0,-,-,NA,NA,LOS ANGELES,COMPTON,-118.21078619,33.9107027
7120898,2015,2015-11-30,1900,2015-11-07,1720,525760,2811,6,5,5,1915,0,0,0,NA,0,285D1,WILMINGTON AV,ALONDRA BL,140,N,Y,A,-,N,NA,NA,NA,NA,NA,NA,NA,NA,NA,Y,4,0,1,2,A,-,09,21804,A,N,D,D,A,A,H,-,A,A,0,NA,NA,NA,NA,Y,NA,A,07,0,0,1,0,0,0,0,0,0,-,-,NA,NA,LOS ANGELES,COMPTON,-118.23711918,33.88895361
7120899,2015,2015-11-30,1976,2015-11-02,0914,722,NA,1,5,3,1964,0,0,0,NA,0,NA,LOS NIETOS RD,NORWALK BL,0,NA,Y,A,-,N,NA,NA,NA,NA,NA,NA,NA,NA,NA,N,3,0,2,2,A,-,09,21801,A,N,D,C,A,A,H,-,A,A,0,NA,NA,NA,NA,Y,NA,A,01,0,1,1,0,0,0,0,0,0,-,-,NA,NA,LOS ANGELES,SANTA FE SPRINGS,-118.07141011,33.95749006
7120902,2015,2015-11-30,1900,2015-11-05,1751,524839,2840,4,5,5,1915,0,0,0,NA,0,281F2,COMPTON BL,WILLOWBROOK AV,0,NA,Y,A,-,N,NA,NA,NA,NA,NA,NA,NA,NA,NA,N,3,0,1,2,A,-,12,21453,A,N,G,G,A,A,H,-,C,A,0,NA,Y,NA,NA,Y,NA,-,-,0,1,0,0,0,0,1,0,0,-,-,NA,NA,LOS ANGELES,COMPTON,-118.22438,33.89599005
7120903,2015,2015-11-30,1976,2015-11-02,1800,748,NA,1,5,3,1964,0,0,0,NA,0,NA,MARQUARDT AV,FOSTER RD,0,NA,Y,C,-,N,NA,NA,NA,NA,NA,NA,NA,NA,NA,Y,4,0,3,2,D,-,00,NA,NA,N,D,C,A,B,H,-,C,A,0,NA,NA,NA,NA,Y,NA,-,-,0,0,3,0,0,0,0,0,0,-,-,NA,NA,LOS ANGELES,SANTA FE SPRINGS,-118.03789003,33.90969001
7120906,2015,2015-11-30,1900,2015-11-12,0615,509614,2812,4,5,5,1915,0,0,0,NA,0,282T7,EL SEGUNDO BL,CENTRAL AV,129,E,N,A,-,N,NA,NA,NA,NA,NA,NA,NA,NA,NA,Y,4,0,1,1,A,-,03,22350,NA,N,F,I,A,A,H,-,A,D,0,NA,NA,NA,NA,Y,NA,A,01,0,0,1,0,0,0,0,0,0,-,-,NA,NA,LOS ANGELES,COMPTON,-118.25394571,33.91635419
7120907,2015,2015-11-25,1976,2015-11-03,0624,744,NA,2,5,3,1964,0,0,0,NA,0,NA,ALONDRA BL,FIRESTONE BL,24,E,N,A,-,N,NA,NA,NA,NA,NA,NA,NA,NA,NA,N,4,0,2,3,A,-,03,22350,NA,N,C,C,A,A,H,-,A,A,0,NA,NA,NA,NA,Y,NA,A,07,0,0,2,0,0,0,0,0,0,-,-,NA,NA,LOS ANGELES,SANTA FE SPRINGS,-118.037716,33.887947
7120911,2015,2015-11-30,1975,2015-11-01,0600,426,NA,7,5,6,1975,0,0,0,NA,0,003,S CALIFON AV,CALIFORNIA AV,60,E,N,A,-,N,NA,NA,NA,NA,NA,NA,NA,NA,NA,N,3,0,1,2,A,-,09,21801,A,N,A,C,A,A,H,-,B,D,0,NA,NA,NA,NA,Y,NA,-,NA,0,1,0,0,0,0,0,0,0,-,-,NA,NA,LOS ANGELES,WEST COVINA,NA,NA
7120914,2015,2015-11-30,1953,2015-11-08,1338,8377,NA,7,5,6,1953,0,0,0,NA,0,005,LAKE AV,DEL MAR BL,100,S,N,A,-,N,NA,NA,NA,NA,NA,NA,NA,NA,NA,N,4,0,1,2,A,-,04,21703,NA,N,C,C,A,A,H,-,A,D,0,NA,NA,NA,NA,Y,NA,A,07,0,0,1,0,0,0,0,0,0,-,-,NA,NA,LOS ANGELES,PASADENA,-118.13235116,34.14041589
7120915,2015,2015-11-30,1975,2015-11-01,1656,389,NA,7,5,6,1975,0,0,0,NA,0,002,CAMERON AV,HOLLENBECK AV,0,NA,Y,A,-,N,NA,NA,NA,NA,NA,NA,NA,NA,NA,Y,4,0,1,2,A,-,12,21453,A,N,B,C,A,A,H,-,B,A,0,NA,NA,NA,NA,Y,NA,-,NA,0,0,1,0,0,0,0,0,0,-,-,NA,NA,LOS ANGELES,WEST COVINA,-117.89904002,34.06101003
7120918,2015,2015-11-30,1948,2015-11-06,1117,448,1948,5,5,5,1948,0,0,0,NA,0,001,RAMONA BL,CENTRE PLAZA DR,10,W,N,A,-,N,NA,NA,NA,NA,NA,NA,NA,NA,NA,Y,4,0,2,2,A,-,12,21453,A,N,B,C,A,A,H,-,A,A,0,NA,NA,NA,NA,Y,NA,-,NA,0,0,2,0,0,0,0,0,0,-,-,NA,NA,LOS ANGELES,MONTEREY PARK,-118.16791231,34.06070538
7120919,2015,2015-11-30,1975,2015-11-03,0737,353,NA,2,5,6,1975,0,0,0,NA,0,001,SUNSET AV,PUENTE AV,636,N,N,A,-,N,NA,NA,NA,NA,NA,NA,NA,NA,NA,N,4,0,1,2,A,-,09,21802,A,N,D,C,A,-,H,-,A,A,0,NA,NA,NA,NA,Y,NA,-,NA,0,0,1,0,0,0,0,0,0,-,-,NA,NA,LOS ANGELES,WEST COVINA,-117.93440938,34.0845456
7120922,2015,2015-11-30,1948,2015-11-06,1638,420,1948,5,5,5,1948,0,0,0,NA,0,002,GARVEY AV,ALHAMA AV,13,E,N,A,-,N,NA,NA,NA,NA,NA,NA,NA,NA,NA,N,4,0,1,2,A,-,10,21950,A,N,G,B,B,A,H,-,A,A,0,Y,NA,NA,NA,Y,NA,-,NA,0,0,1,0,1,0,0,0,0,-,-,NA,NA,LOS ANGELES,MONTEREY PARK,-118.11672,34.062603
7120923,2015,2016-08-03,1975,2015-11-04,1616,400,NA,3,5,6,1975,0,0,0,NA,0,004,SOUTH AZUSA AV,E STUART AV,0,NA,Y,A,-,N,NA,NA,NA,NA,NA,NA,NA,NA,NA,Y,3,0,2,2,A,-,09,21801,A,N,D,C,A,A,H,-,A,D,0,NA,NA,NA,NA,Y,NA,-,NA,0,1,1,0,0,0,0,0,0,-,-,NA,NA,LOS ANGELES,WEST COVINA,-117.9078401,34.06876008
7120926,2015,2015-11-30,1953,2015-11-07,2231,1276,1953,6,5,6,1953,0,0,0,NA,0,001,EL MOLINO AV,OAK KNOLL CIR,60,N,N,A,-,N,NA,NA,NA,NA,NA,NA,NA,NA,NA,N,4,0,1,2,A,-,09,21802,A,M,E,I,A,A,H,-,C,A,0,NA,NA,Y,NA,Y,Y,A,01,0,0,1,0,0,0,0,0,1,-,-,NA,NA,LOS ANGELES,PASADENA,-118.13678,34.13079453
7120927,2015,2015-11-30,1975,2015-11-06,1852,431,NA,5,5,6,1975,0,0,0,NA,0,003,VINE AV,SANDY HOOK ST,84,W,N,A,-,N,NA,NA,NA,NA,NA,NA,NA,NA,NA,N,3,0,1,2,A,-,03,22350,NA,N,G,B,D,A,H,-,C,A,0,Y,NA,NA,NA,Y,NA,-,NA,0,1,0,0,1,0,0,0,0,-,-,NA,NA,LOS ANGELES,WEST COVINA,-117.93861997,34.05840998
7120930,2015,2015-11-30,1920,2015-11-02,2249,12323,NA,1,5,6,1920,0,0,0,NA,0,001,LAKEWOOD BL,STEWART AND GRAY RD,38,S,N,B,-,N,NA,NA,NA,NA,NA,NA,NA,NA,NA,Y,2,0,2,2,A,-,00,23153,E,N,C,C,A,B,H,-,C,A,0,NA,NA,NA,NA,Y,NA,-,-,1,0,1,0,0,0,0,0,0,-,-,NA,NA,LOS ANGELES,DOWNEY,-118.12955567,33.92805134
7120931,2015,2015-11-30,1975,2015-11-08,1256,989,NA,7,5,6,1975,0,0,0,NA,0,004,VALINDA,SERVICE,0,NA,Y,A,-,N,NA,NA,NA,NA,NA,NA,NA,NA,NA,Y,4,0,1,2,A,-,12,21453,A,N,D,C,A,A,H,-,A,A,0,NA,NA,NA,NA,Y,NA,A,01,0,0,1,0,0,0,0,0,0,-,-,NA,NA,LOS ANGELES,WEST COVINA,-117.92536011,34.06489005
7120933,2015,2015-12-01,1900,2015-09-17,1715,529390,2118,4,5,5,1943,0,0,0,NA,0,212T2,ATLANTIC AV,CLARK ST,0,NA,Y,A,-,N,NA,NA,NA,NA,NA,NA,NA,NA,NA,Y,3,0,1,2,A,-,09,21801,A,N,D,C,A,A,H,-,A,A,0,NA,NA,Y,NA,Y,NA,A,01,0,1,0,0,0,0,0,0,1,-,-,NA,NA,LOS ANGELES,LYNWOOD,-118.19176004,33.91094003
7120934,2015,2015-11-30,1920,2015-11-03,2221,12323,NA,2,5,6,1920,0,0,0,NA,0,006,PARAMOUNT BL,IMPERIAL HWY,201,S,N,A,-,N,NA,NA,NA,NA,NA,NA,NA,NA,NA,Y,4,0,1,2,A,-,08,22107,NA,N,D,C,A,A,H,-,C,D,0,NA,NA,NA,NA,Y,NA,A,01,0,0,1,0,0,0,0,0,0,-,-,NA,NA,LOS ANGELES,DOWNEY,-118.15239604,33.92362723
7120938,2015,2015-11-30,1920,2015-11-03,0748,11992,NA,2,5,6,1920,0,0,0,NA,0,006,GARDENDALE ST,DEMING AV,0,NA,Y,A,-,N,NA,NA,NA,NA,NA,NA,NA,NA,NA,Y,4,0,1,2,A,-,03,22350,NA,N,C,C,A,A,H,-,A,A,0,NA,NA,NA,NA,Y,NA,A,01,0,0,1,0,0,0,0,0,0,-,-,NA,NA,LOS ANGELES,DOWNEY,-118.14354007,33.91098005
7120947,2015,2015-12-10,1931,2015-10-31,0416,5206,1931,6,5,5,1931,0,0,0,NA,0,004,FLORENCE AV,CEDAR ST,102,E,N,A,-,N,NA,NA,NA,NA,NA,NA,NA,NA,NA,Y,4,0,1,3,A,-,01,23152,A,N,C,C,A,A,H,-,C,D,0,NA,NA,NA,NA,Y,Y,A,01,0,0,1,0,0,0,0,0,0,-,-,NA,NA,LOS ANGELES,HUNTINGTON PARK,-118.21308656,33.97293731
7120951,2015,2015-12-04,1931,2015-10-30,1500,5277,1931,5,5,5,1931,0,0,0,NA,0,001,PACIFIC BL,55TH ST,10,S,N,A,-,N,NA,NA,NA,NA,NA,NA,NA,NA,NA,Y,3,0,1,2,A,-,12,21453,A,N,G,G,A,A,H,-,A,A,0,NA,Y,NA,NA,Y,NA,D,22,0,1,0,0,0,0,1,0,0,-,-,NA,NA,LOS ANGELES,HUNTINGTON PARK,-118.22524,33.99290258
7120954,2015,2015-11-30,1948,2015-11-12,1848,447,1948,4,5,5,1948,0,0,0,NA,0,001,AVENIDA CESAR CHAVEZ,BLEAKWOOD AV,37,E,N,A,-,N,NA,NA,NA,NA,NA,NA,NA,NA,NA,Y,4,0,1,1,A,-,08,22107,NA,N,E,I,A,A,H,-,C,A,0,NA,NA,NA,NA,Y,NA,-,NA,0,0,1,0,0,0,0,0,0,-,-,NA,NA,LOS ANGELES,MONTEREY PARK,-118.15494813,34.0404886
7120955,2015,2015-12-04,1931,2015-11-08,0220,5288,1931,7,5,5,1931,0,0,0,NA,0,004,FLORENCE AV,MOUNTAIN VIEW AV,0,NA,Y,A,-,N,NA,NA,NA,NA,NA,NA,NA,NA,NA,N,4,0,1,2,A,-,08,22107,NA,N,D,C,A,A,H,-,C,A,0,NA,NA,NA,NA,Y,NA,D,22,0,0,1,0,0,0,0,0,0,-,-,NA,NA,LOS ANGELES,HUNTINGTON PARK,-118.21757004,33.97341003
7120958,2015,2015-11-30,1948,2015-11-05,0731,453,1948,4,5,5,1948,0,0,0,NA,0,003,SOUTH ATLANTIC BL,1ST ST,0,NA,Y,A,-,N,NA,NA,NA,NA,NA,NA,NA,NA,NA,Y,4,0,3,2,A,-,09,21453,B,N,B,C,A,A,H,-,A,A,0,NA,NA,NA,NA,Y,NA,A,01,0,0,3,0,0,0,0,0,0,-,-,NA,NA,LOS ANGELES,MONTEREY PARK,-118.14812011,34.03642005
7120993,2015,2015-11-30,1924,2015-08-30,2038,112602,10,7,5,5,1924,0,0,0,NA,0,8T2,EL SEGUNDO BL,BUDLONG AV,0,NA,Y,A,-,N,NA,NA,NA,NA,NA,NA,NA,NA,NA,Y,3,0,3,2,A,-,09,21801,A,N,D,C,A,A,H,-,C,A,0,NA,NA,NA,NA,Y,NA,A,01,0,2,1,0,0,0,0,0,0,-,-,NA,NA,LOS ANGELES,GARDENA,-118.29641006,33.91644008
7120999,2015,2015-11-30,1931,2015-10-27,2158,5277,1931,2,5,5,1931,0,0,0,NA,0,004,STATE ST,LIVE OAK ST,100,N,N,A,-,N,NA,NA,NA,NA,NA,NA,NA,NA,NA,N,4,0,1,2,A,-,11,21954,A,N,G,B,D,A,H,-,C,D,0,Y,NA,NA,NA,Y,Y,N,60,0,0,1,0,1,0,0,0,0,-,-,NA,NA,LOS ANGELES,HUNTINGTON PARK,-118.20987741,33.97032193
7121001,2015,2015-11-30,1924,2015-08-24,0802,111361,30,1,5,5,1924,0,0,0,NA,0,8M1,CRENSHAW BL,REDONDO BEACH BL,354,N,N,A,-,N,NA,NA,NA,NA,NA,NA,NA,NA,NA,Y,4,0,1,2,A,-,09,21801,A,N,D,C,A,A,H,-,A,D,0,NA,NA,NA,NA,Y,NA,A,01,0,0,1,0,0,0,0,0,0,-,-,NA,NA,LOS ANGELES,GARDENA,-118.32653,33.88387091
7121003,2015,2015-11-30,1953,2015-10-29,1501,7306,1953,4,5,6,1953,0,0,0,NA,0,001,ARROYO PKWY,GLENARM ST,200,N,N,A,-,N,NA,NA,NA,NA,NA,NA,NA,NA,NA,N,4,0,1,2,A,-,11,21955,NA,N,G,B,D,A,H,-,A,D,0,Y,NA,NA,NA,Y,NA,N,60,0,0,1,0,1,0,0,0,0,-,-,NA,NA,LOS ANGELES,PASADENA,-118.14734858,34.12806821
7121005,2015,2015-12-14,1924,2015-08-24,1633,111631,04,1,5,5,1924,0,0,0,NA,0,8M1,VAN NESS AV,132ND ST,383,N,N,A,-,N,NA,NA,NA,NA,NA,NA,NA,NA,NA,Y,4,0,1,3,A,-,07,21658,A,N,B,C,A,A,H,-,A,D,0,NA,NA,NA,NA,Y,Y,-,-,0,0,1,0,0,0,0,0,0,-,-,NA,NA,LOS ANGELES,GARDENA,-118.31785325,33.91369042
7121009,2015,2015-11-30,1924,2015-08-26,1626,111361,05,3,5,5,1924,0,0,0,NA,0,8M1,CIMARRON AV,129TH ST,30,N,N,A,-,N,NA,NA,NA,NA,NA,NA,NA,NA,NA,Y,3,0,1,2,A,-,05,21650,NA,N,B,C,A,A,H,-,A,D,0,NA,NA,Y,NA,Y,NA,C,03,0,1,0,0,0,0,0,0,1,-,-,NA,NA,LOS ANGELES,GARDENA,-118.31503084,33.91537228
7121013,2015,2015-11-30,1924,2015-08-28,0743,111361,41,5,5,5,1924,0,0,0,NA,0,8M1,GARDENA BL,NORMANDIE AV,63,W,N,A,-,N,NA,NA,NA,NA,NA,NA,NA,NA,NA,N,4,0,1,2,A,-,10,21950,A,N,G,B,B,A,H,-,A,D,0,Y,NA,NA,NA,Y,NA,A,01,0,0,1,0,1,0,0,0,0,-,-,NA,NA,LOS ANGELES,GARDENA,-118.29976,33.88136
7121017,2015,2015-11-30,1924,2015-08-30,1643,111361,15,7,5,5,1924,0,0,0,NA,0,8M1,ROSECRANS AV,WADKINS AV,26,W,N,A,-,N,NA,NA,NA,NA,NA,NA,NA,NA,NA,N,4,0,1,2,A,-,11,21954,A,N,G,B,D,A,H,-,A,D,0,Y,NA,NA,NA,Y,NA,N,60,0,0,1,0,1,0,0,0,0,-,-,NA,NA,LOS ANGELES,GARDENA,-118.32532552,33.90187
7121025,2015,2015-11-30,1924,2015-08-17,0757,111361,20,1,5,5,1924,0,0,0,NA,0,8M2,EL SEGUNDO BL,WESTERN AV,7,W,N,A,-,N,NA,NA,NA,NA,NA,NA,NA,NA,NA,Y,4,0,1,3,A,-,08,22107,NA,N,D,C,A,A,H,-,A,A,0,NA,NA,NA,NA,Y,NA,A,01,0,0,1,0,0,0,0,0,0,-,-,NA,NA,LOS ANGELES,GARDENA,-118.30910303,33.91644
7121029,2015,2015-11-30,1924,2015-08-18,0645,111361,05,2,5,5,1924,0,0,0,NA,0,8L11D,WESTERN AV,132ND ST,10,S,N,A,-,N,NA,NA,NA,NA,NA,NA,NA,NA,NA,Y,4,0,2,2,A,-,03,22350,NA,N,C,C,A,A,H,-,A,B,0,NA,NA,NA,NA,Y,NA,A,01,0,0,2,0,0,0,0,0,0,-,-,NA,NA,LOS ANGELES,GARDENA,-118.30912,33.91261257
7121033,2015,2015-11-30,1924,2015-08-21,1331,111229,49,5,5,5,1924,0,0,0,NA,0,8L31D,NORMANDIE AV,168TH ST,10,N,N,A,-,N,NA,NA,NA,NA,NA,NA,NA,NA,NA,N,3,0,1,2,A,-,03,22350,NA,N,B,G,A,A,H,-,A,D,0,NA,Y,NA,NA,Y,NA,A,01,0,1,0,0,0,0,1,0,0,-,-,NA,NA,LOS ANGELES,GARDENA,-118.29987845,33.8789074