CASE_ID,ACCIDENT_YEAR,PROC_DATE,JURIS,COLLISION_DATE,COLLISION_TIME,OFFICER_ID,REPORTING_DISTRICT,DAY_OF_WEEK,CHP_SHIFT,POPULATION,CNTY_CITY_LOC,SPECIAL_COND,BEAT_TYPE,CHP_BEAT_TYPE,CITY_DIVISION_LAPD,CHP_BEAT_CLASS,BEAT_NUMBER,PRIMARY_RD,SECONDARY_RD,DISTANCE,DIRECTION,INTERSECTION,WEATHER_1,WEATHER_2,STATE_HWY_IND,CALTRANS_COUNTY,CALTRANS_DISTRICT,STATE_ROUTE,ROUTE_SUFFIX,POSTMILE_PREFIX,POSTMILE,LOCATION_TYPE,RAMP_INTERSECTION,SIDE_OF_HWY,TOW_AWAY,COLLISION_SEVERITY,NUMBER_KILLED,NUMBER_INJURED,PARTY_COUNT,PRIMARY_COLL_FACTOR,PCF_CODE_OF_VIOL,PCF_VIOL_CATEGORY,PCF_VIOLATION,PCF_VIOL_SUBSECTION,HIT_AND_RUN,TYPE_OF_COLLISION,MVIW,PED_ACTION,ROAD_SURFACE,ROAD_COND_1,ROAD_COND_2,LIGHTING,CONTROL_DEVICE,CHP_ROAD_TYPE,PEDESTRIAN_ACCIDENT,BICYCLE_ACCIDENT,MOTORCYCLE_ACCIDENT,TRUCK_ACCIDENT,NOT_PRIVATE_PROPERTY,ALCOHOL_INVOLVED,STWD_VEHTYPE_AT_FAULT,CHP_VEHTYPE_AT_FAULT,COUNT_SEVERE_INJ,COUNT_VISIBLE_INJ,COUNT_COMPLAINT_PAIN,COUNT_PED_KILLED,COUNT_PED_INJURED,COUNT_BICYCLIST_KILLED,COUNT_BICYCLIST_INJURED,COUNT_MC_KILLED,COUNT_MC_INJURED,PRIMARY_RAMP,SECONDARY_RAMP,LATITUDE,LONGITUDE,COUNTY,CITY,POINT_X,POINT_Y
7121037,2015,2015-11-30,1924,2015-08-23,1252,111361,09,7,5,5,1924,0,0,0,NA,0,8M1,NORMANDIE AV,139TH ST,207,N,N,A,-,N,NA,NA,NA,NA,NA,NA,NA,NA,NA,Y,3,0,1,1,A,-,08,22107,NA,N,E,I,A,A,H,-,A,D,0,NA,NA,NA,NA,Y,NA,A,07,0,1,0,0,0,0,0,0,0,-,-,NA,NA,LOS ANGELES,GARDENA,-118.30041,33.90607772
7121052,2015,2015-12-01,1953,2015-11-07,1153,1582,1953,6,5,6,1953,0,0,0,NA,0,NA,WILSON AV,GREEN ST,0,NA,Y,A,-,N,NA,NA,NA,NA,NA,NA,NA,NA,NA,Y,4,0,1,2,A,-,12,21453,A,N,B,C,A,A,H,-,A,A,0,NA,NA,NA,NA,Y,NA,A,01,0,0,1,0,0,0,0,0,0,-,-,NA,NA,LOS ANGELES,PASADENA,-118.12807007,34.14457002
7121056,2015,2016-08-09,1953,2015-11-07,1426,4817,1953,6,5,6,1953,0,0,0,NA,0,001,LAKE AV,GRANITE DR,5,S,N,A,-,N,NA,NA,NA,NA,NA,NA,NA,NA,NA,N,3,0,1,2,A,-,10,21950,A,N,G,B,B,A,H,-,A,A,0,Y,NA,NA,NA,Y,NA,A,01,0,1,0,0,1,0,0,0,0,-,-,NA,NA,LOS ANGELES,PASADENA,-118.13228978,34.13701629
7121060,2015,2016-08-09,1953,2015-11-07,1739,4817,1953,6,5,6,1953,0,0,0,NA,0,001,ORANGE GROVE BL,ELLIS ST,0,NA,Y,A,-,N,NA,NA,NA,NA,NA,NA,NA,NA,NA,N,3,0,1,2,A,-,09,21804,A,N,D,G,A,A,H,-,C,D,0,NA,Y,NA,NA,Y,NA,A,01,0,1,0,0,0,0,1,0,0,-,-,NA,NA,LOS ANGELES,PASADENA,-118.15953001,34.14128007
7121064,2015,2015-12-01,1953,2015-11-12,2038,0366,1953,4,5,6,1953,0,0,0,NA,0,003,ALLEN AV,MAPLE ST,0,NA,Y,A,-,N,NA,NA,NA,NA,NA,NA,NA,NA,NA,Y,3,0,2,2,A,-,12,21453,A,N,-,C,A,A,-,-,C,A,0,NA,NA,NA,NA,Y,NA,A,07,0,2,0,0,0,0,0,0,0,-,-,NA,NA,LOS ANGELES,PASADENA,-118.1132101,34.15295002
7121076,2015,2015-12-15,1953,2015-11-01,2054,7706,1953,7,5,6,1953,0,0,0,NA,0,005,LAKE AV,LOCUST ST,0,NA,Y,A,-,N,NA,NA,NA,NA,NA,NA,NA,NA,NA,N,3,0,1,1,D,-,00,NA,NA,N,-,G,A,A,H,-,C,A,0,NA,Y,NA,NA,Y,NA,-,-,0,1,0,0,0,0,1,0,0,-,-,NA,NA,LOS ANGELES,PASADENA,-118.13238004,34.15050007
7121079,2015,2015-12-01,1931,2015-11-05,2245,5248,1931,4,5,5,1931,0,0,0,NA,0,001,58TH ST,SANTA FE AV,8,E,N,A,-,N,NA,NA,NA,NA,NA,NA,NA,NA,NA,N,3,0,1,2,D,-,00,NA,NA,N,G,B,B,A,H,-,C,A,0,Y,NA,NA,NA,Y,Y,-,-,0,1,0,0,1,0,0,0,0,-,-,NA,NA,LOS ANGELES,HUNTINGTON PARK,-118.23030367,33.99015055
7121080,2015,2015-12-15,1953,2015-11-02,1724,7706,1953,1,5,6,1953,0,0,0,NA,0,005,COLORADO BL,WILSON AV,0,NA,Y,C,-,N,NA,NA,NA,NA,NA,NA,NA,NA,NA,N,3,0,1,2,-,-,-,NA,NA,N,G,B,B,B,H,-,C,A,0,Y,NA,NA,NA,Y,NA,-,-,0,1,0,0,1,0,0,0,0,-,-,NA,NA,LOS ANGELES,PASADENA,-118.12807012,34.14594003
7121084,2015,2016-08-09,1953,2015-11-06,1710,7035,1953,5,5,6,1953,0,0,0,NA,0,001,ROSEMONT AV,WASHINGTON BL,0,NA,Y,A,-,N,NA,NA,NA,NA,NA,NA,NA,NA,NA,N,3,0,2,2,A,-,11,21954,A,N,G,B,D,A,H,-,C,D,0,Y,Y,NA,NA,Y,NA,N,60,0,2,0,0,1,0,1,0,0,-,-,NA,NA,LOS ANGELES,PASADENA,-118.16891007,34.17477001
7121115,2015,2015-12-01,1931,2015-11-14,0205,5295,1931,6,5,5,1931,0,0,0,NA,0,001,MALABAR ST,SLAUSON AV,16,N,N,A,-,N,NA,NA,NA,NA,NA,NA,NA,NA,NA,N,4,0,1,2,A,-,05,21650,NA,M,A,C,A,A,H,-,C,A,0,NA,NA,NA,NA,Y,NA,A,01,0,0,1,0,0,0,0,0,0,-,-,NA,NA,LOS ANGELES,HUNTINGTON PARK,-118.22781047,33.98925388
7121119,2015,2015-12-01,1931,2015-11-10,1227,5228,1931,2,5,5,1931,0,0,0,NA,0,001,MALABAR ST,53RD ST,0,NA,Y,A,-,N,NA,NA,NA,NA,NA,NA,NA,NA,NA,Y,4,0,1,2,A,-,09,21802,A,N,D,C,A,A,H,-,A,D,0,NA,NA,NA,NA,Y,NA,A,07,0,0,1,0,0,0,0,0,0,-,-,NA,NA,LOS ANGELES,HUNTINGTON PARK,-118.22786001,33.99477011
7121160,2015,2016-12-03,1942,2015-05-15,2015,HITANU,0513,5,5,7,1942,0,0,0,E,0,5A25,RT 110,PACIFIC COAST HWY,0,NA,Y,A,-,Y,LA,7,110,-,-,4.205,R,1,S,N,4,0,1,2,A,-,12,21453,A,N,H,G,A,A,B,-,C,A,0,NA,Y,NA,NA,Y,NA,A,01,0,0,1,0,0,0,1,0,0,-,-,NA,NA,LOS ANGELES,LOS ANGELES,-118.28304556,33.7924745
7121221,2015,2015-11-30,1924,2015-08-09,0017,115237,16,7,5,5,1924,0,0,0,NA,0,NA,ROSECRANS AV,WESTERN AV,3,E,N,A,-,N,NA,NA,NA,NA,NA,NA,NA,NA,NA,N,4,0,1,2,A,-,00,21350,1,M,H,G,A,A,H,-,C,A,0,NA,Y,NA,NA,Y,NA,L,04,0,0,1,0,0,0,1,0,0,-,-,NA,NA,LOS ANGELES,GARDENA,-118.30912013,33.90193
7121225,2015,2015-11-30,1924,2015-08-14,1038,105770,07,5,5,5,1924,0,0,0,NA,0,001,CRENSHAW BL,135TH ST,225,S,N,A,-,N,NA,NA,NA,NA,NA,NA,NA,NA,NA,Y,4,0,1,2,A,-,09,21804,A,N,D,C,A,A,H,-,A,A,0,NA,NA,Y,NA,Y,NA,C,02,0,0,1,0,0,0,0,0,1,-,-,NA,NA,LOS ANGELES,GARDENA,-118.32644652,33.90858292
7121229,2015,2015-11-30,1924,2015-08-14,1750,115352,09,5,5,5,1924,0,0,0,NA,0,8A7M,NORMANDIE AV,134TH ST,85,S,N,A,-,N,NA,NA,NA,NA,NA,NA,NA,NA,NA,Y,4,0,1,2,A,-,04,21703,NA,N,C,C,A,A,H,-,A,D,0,NA,NA,NA,NA,Y,NA,A,01,0,0,1,0,0,0,0,0,0,-,-,NA,NA,LOS ANGELES,GARDENA,-118.3004081,33.91055688
7121253,2015,2015-11-30,1942,2015-08-24,1441,40899,0898,1,5,7,1942,0,0,0,H,0,8T35,BEVERLYWOOD ST,SHENANDOAH ST,0,NA,N,A,-,N,NA,NA,NA,NA,NA,NA,NA,NA,NA,Y,4,0,1,2,A,-,03,22350,NA,F,E,I,F,A,H,-,A,A,0,Y,NA,NA,NA,Y,NA,A,01,0,0,1,0,1,0,0,0,0,-,-,NA,NA,LOS ANGELES,LOS ANGELES,-118.38573012,34.03782004
7121257,2015,2015-11-30,1942,2015-08-24,1442,4202,0898,1,5,7,1942,0,0,0,H,0,6T7,BEVERLYWOOD ST,BEDFORD ST,0,NA,N,A,-,N,NA,NA,NA,NA,NA,NA,NA,NA,NA,Y,4,0,1,2,A,-,03,22350,NA,M,C,E,A,A,H,-,A,D,0,NA,NA,NA,Y,Y,NA,A,07,0,0,1,0,0,0,0,0,0,-,-,NA,NA,LOS ANGELES,LOS ANGELES,-118.38419003,34.03740009
7121261,2015,2015-11-30,1942,2015-08-12,0250,41281,1851,3,5,7,1942,0,0,0,R,0,18A97,EL SEGUNDO BL,VERMONT AV,0,NA,Y,A,-,N,NA,NA,NA,NA,NA,NA,NA,NA,NA,Y,4,0,2,2,A,-,12,21453,A,N,D,C,A,A,H,-,C,A,0,NA,NA,NA,NA,Y,NA,-,-,0,0,2,0,0,0,0,0,0,-,-,NA,NA,LOS ANGELES,LOS ANGELES,-118.29158009,33.9164201
7121273,2015,2015-11-30,1942,2015-09-28,1150,38627,05,1,5,7,1942,0,0,0,E,0,5A25,NORMANDIE AV,TORRANCE BL,150,N,N,A,-,N,NA,NA,NA,NA,NA,NA,NA,NA,NA,Y,3,0,2,2,A,-,08,22102,NA,N,D,C,A,A,H,-,A,D,0,NA,NA,NA,NA,Y,NA,A,01,0,1,1,0,0,0,0,0,0,-,-,NA,NA,LOS ANGELES,LOS ANGELES,-118.29962,33.84196
7121277,2015,2015-11-30,1942,2015-09-17,1800,37644,0473,4,5,7,1942,0,0,0,D,0,4EL2,LORENA ST,ATLANTIC ST,100,S,N,A,-,N,NA,NA,NA,NA,NA,NA,NA,NA,NA,N,4,0,1,2,A,-,21,22106,NA,F,D,C,A,A,H,-,A,D,0,NA,NA,NA,NA,Y,NA,-,99,0,0,1,0,0,0,0,0,0,-,-,NA,NA,LOS ANGELES,LOS ANGELES,-118.20307,34.02447
7121282,2015,2015-12-04,1942,2015-11-03,1250,33191,1406,2,5,7,1942,0,0,0,N,0,14TL47,MENTONE AV,PALMS AV,0,NA,Y,A,-,N,NA,NA,NA,NA,NA,NA,NA,NA,NA,Y,3,0,2,2,A,-,09,21802,A,N,D,C,A,A,H,-,A,D,0,NA,NA,NA,NA,Y,NA,D,22,0,1,1,0,0,0,0,0,0,-,-,NA,NA,LOS ANGELES,LOS ANGELES,-118.40965,34.02582011
7121298,2015,2015-12-08,1942,2015-09-18,1315,38118,721,5,5,7,1942,0,0,0,NA,0,2TL58,ROBERTSON BL,COLGATE AV,110,S,N,A,-,N,NA,NA,NA,NA,NA,NA,NA,NA,NA,Y,3,0,6,6,A,-,03,22350,NA,N,C,C,A,A,H,-,A,D,0,NA,NA,NA,NA,Y,NA,I,19,0,1,5,0,0,0,0,0,0,-,-,NA,NA,LOS ANGELES,LOS ANGELES,-118.38377733,34.0705283
7121299,2015,2015-12-04,1942,2015-11-13,2145,25495,1407,5,5,7,1942,0,0,0,N,0,7T23,TABOR ST,MOTOR AV,145,E,N,A,-,N,NA,NA,NA,NA,NA,NA,NA,NA,NA,N,4,0,2,2,A,-,09,21804,A,N,D,C,A,A,H,-,C,D,0,NA,NA,NA,NA,Y,NA,D,22,0,0,2,0,0,0,0,0,0,-,-,NA,NA,LOS ANGELES,LOS ANGELES,-118.40694645,34.02511278
7121306,2015,2015-12-07,1942,2015-09-25,0915,41054,0778,5,5,7,1942,0,0,0,G,0,7TL23,WASHINGTON BL,12TH AV,25,E,N,A,-,N,NA,NA,NA,NA,NA,NA,NA,NA,NA,N,3,0,1,2,A,-,00,2818,NA,N,D,C,A,A,H,-,A,A,0,NA,NA,Y,NA,Y,NA,C,03,0,1,0,0,0,0,0,0,1,-,-,NA,NA,LOS ANGELES,LOS ANGELES,-118.32842764,34.03987
7121309,2015,2017-02-01,1942,2015-11-06,1730,41574,1454,5,5,7,1942,0,0,0,N,0,14A73,LINCOLN BL,MINDANAO WY,0,NA,Y,A,-,Y,LA,7,1,-,-,30.921,I,5,N,Y,4,0,1,3,A,-,12,21453,A,N,D,C,A,A,H,-,C,A,0,NA,NA,NA,NA,Y,NA,A,07,0,0,1,0,0,0,0,0,0,-,-,NA,NA,LOS ANGELES,LOS ANGELES,-118.43902273,33.98055607
7121315,2015,2016-08-09,1942,2015-11-12,0800,40541,0668,4,5,7,1942,0,0,0,F,0,6A45,LEXINGTON AV,WESTERN AV,0,NA,Y,A,-,N,NA,NA,NA,NA,NA,NA,NA,NA,NA,N,4,0,1,2,A,-,08,22107,NA,N,B,C,A,A,H,-,A,A,0,NA,NA,NA,NA,Y,NA,-,NA,0,0,1,0,0,0,0,0,0,-,-,NA,NA,LOS ANGELES,LOS ANGELES,-118.30919009,34.09290002
7121321,2015,2015-12-07,1942,2015-09-18,2030,36814,1128,5,5,7,1942,0,0,0,K,0,1T11,AVENUE 64,MERIDIAN ST,55,N,N,A,-,N,NA,NA,NA,NA,NA,NA,NA,NA,NA,Y,4,0,2,2,A,-,01,23152,A,N,A,C,A,A,H,-,C,A,0,NA,NA,NA,NA,Y,Y,D,22,0,0,2,0,0,0,0,0,0,-,-,NA,NA,LOS ANGELES,LOS ANGELES,-118.17809216,34.12024622
7121326,2015,2016-08-03,1942,2015-11-13,0925,37142,0443,5,5,7,1942,0,0,0,D,0,4A97,MARENGO ST,STATE ST,0,NA,Y,A,-,N,NA,NA,NA,NA,NA,NA,NA,NA,NA,NA,4,0,1,2,A,-,09,21801,A,N,G,B,B,A,H,-,A,A,0,Y,NA,NA,NA,Y,NA,D,22,0,0,1,0,1,0,0,0,0,-,-,NA,NA,LOS ANGELES,LOS ANGELES,-118.21020002,34.05784005
7121330,2015,2015-12-07,1942,2015-11-06,1600,27577,473,5,5,7,1942,0,0,0,NA,0,DESK,SOTO ST,WHITTIER BL,0,NA,Y,A,-,N,NA,NA,NA,NA,NA,NA,NA,NA,NA,N,3,0,1,2,A,-,09,21801,A,N,H,G,A,A,H,-,A,A,0,NA,Y,NA,NA,Y,NA,D,22,0,1,0,0,0,0,1,0,0,-,-,NA,NA,LOS ANGELES,LOS ANGELES,-118.21570009,34.03437005
7121338,2015,2015-12-14,1942,2015-10-21,1315,38124,1184,3,5,7,1942,0,0,0,K,0,2TL15,SUNSET BL,LAVETA TER,71,W,N,A,-,N,NA,NA,NA,NA,NA,NA,NA,NA,NA,Y,3,0,2,3,A,-,09,21802,A,N,D,C,A,A,H,-,A,D,0,NA,NA,NA,NA,Y,NA,I,11,0,1,1,0,0,0,0,0,0,-,-,NA,NA,LOS ANGELES,LOS ANGELES,-118.25648728,34.07638035
7121342,2015,2015-12-07,1942,2015-11-07,1430,41019,1163,6,5,7,1942,0,0,0,K,0,1T24,LEXINGTON AV,HELIOTROPE DR,100,W,N,A,-,N,NA,NA,NA,NA,NA,NA,NA,NA,NA,N,4,0,1,2,A,-,09,21804,A,N,D,C,A,A,H,-,A,D,0,NA,NA,NA,NA,Y,NA,D,22,0,0,1,0,0,0,0,0,0,-,-,NA,NA,LOS ANGELES,LOS ANGELES,-118.29529963,34.09344706
7121346,2015,2015-12-04,1942,2015-10-22,1700,40643,1177,4,5,7,1942,0,0,0,K,0,4T4,FIGUEROA ST,AVENUE 28,45,E,N,A,-,N,NA,NA,NA,NA,NA,NA,NA,NA,NA,N,3,0,1,2,A,-,21,22106,NA,N,G,B,E,A,H,-,A,D,0,Y,NA,NA,NA,Y,NA,D,22,0,1,0,0,1,0,0,0,0,-,-,NA,NA,LOS ANGELES,LOS ANGELES,-118.22108196,34.08487455
7121347,2015,2016-08-03,1942,2015-11-03,1500,42095,1493,2,5,7,1942,0,0,0,N,0,14A27,VISTA DEL MAR,IMPERIAL HWY,1500,S,N,A,-,N,NA,NA,NA,NA,NA,NA,NA,NA,NA,Y,4,0,2,3,A,-,04,21703,NA,N,C,C,A,A,H,-,A,D,0,NA,NA,NA,NA,Y,NA,A,01,0,0,2,0,0,0,0,0,0,-,-,NA,NA,LOS ANGELES,LOS ANGELES,-118.4331596,33.92705998
7121350,2015,2015-12-07,1942,2015-11-05,0730,38124,1126,4,5,7,1942,0,0,0,K,0,2TL15,YORK BL,AVE 52,272,W,N,A,-,N,NA,NA,NA,NA,NA,NA,NA,NA,NA,Y,3,0,2,4,A,-,03,22350,NA,N,C,C,A,A,H,-,A,D,0,NA,NA,NA,NA,Y,NA,A,07,0,1,1,0,0,0,0,0,0,-,-,NA,NA,LOS ANGELES,LOS ANGELES,-118.20352254,34.12083251
7121354,2015,2017-01-31,1942,2015-10-20,1735,37611,1177,2,5,7,1942,0,0,0,K,0,13TL22,AVENUE 26,FIGUEROA ST,153,E,N,A,-,Y,LA,7,110,-,-,26.03,R,4,S,Y,4,0,2,2,A,-,09,21802,A,N,D,C,A,A,H,-,A,A,0,NA,NA,NA,NA,Y,NA,D,22,0,0,2,0,0,0,0,0,0,-,-,NA,NA,LOS ANGELES,LOS ANGELES,-118.21986876,34.0845784
7121355,2015,2015-12-04,1942,2015-11-03,1620,38013,0824,2,5,7,1942,0,0,0,H,0,8TL28,SUNSET BL,ALLENFORD,290,W,N,B,-,N,NA,NA,NA,NA,NA,NA,NA,NA,NA,Y,4,0,1,2,A,-,03,22350,NA,N,A,C,A,B,H,-,A,D,0,NA,NA,NA,NA,Y,NA,A,01,0,0,1,0,0,0,0,0,0,-,-,NA,NA,LOS ANGELES,LOS ANGELES,-118.49816016,34.05503991
7121358,2015,2015-12-10,1942,2015-10-20,1950,39889,1171,2,5,7,1942,0,0,0,K,0,13T53,SUNSET BL,DESCANSO DR,228,W,N,A,-,N,NA,NA,NA,NA,NA,NA,NA,NA,NA,Y,3,0,2,3,A,-,03,22350,NA,N,C,C,A,A,H,-,C,A,0,NA,NA,NA,NA,Y,NA,A,07,0,2,0,0,0,0,0,0,0,-,-,NA,NA,LOS ANGELES,LOS ANGELES,-118.27512019,34.08600018
7121359,2015,2017-01-28,1942,2015-11-03,1855,41679,0861,2,5,7,1942,0,0,0,H,0,8A53,PACIFIC COAST HWY,PORTO MARINA WY,300,S,N,B,-,Y,LA,7,1,-,-,39.58,H,-,S,N,4,0,1,2,A,-,04,21703,NA,N,C,C,A,A,H,-,C,A,0,NA,NA,NA,NA,Y,NA,D,22,0,0,1,0,0,0,0,0,0,-,-,NA,NA,LOS ANGELES,LOS ANGELES,-118.55974146,34.0397771
7121364,2015,2015-12-16,1942,2015-10-29,1030,37749,0738,4,5,7,1942,0,0,0,G,0,20A54,WILSHIRE BL,HIGHLAND AV,0,NA,Y,A,-,N,NA,NA,NA,NA,NA,NA,NA,NA,NA,N,4,0,1,2,A,-,09,21803,A,N,D,A,A,A,H,-,A,A,0,NA,NA,NA,NA,Y,Y,-,-,0,0,1,0,0,0,0,0,0,-,-,NA,NA,LOS ANGELES,LOS ANGELES,-118.33849008,34.06212001
7121368,2015,2015-12-07,1942,2015-10-28,1835,41485,0701,3,5,7,1942,0,0,0,G,0,721W4,MELROSE AV,KILKEA AV,30,W,N,A,-,N,NA,NA,NA,NA,NA,NA,NA,NA,NA,N,3,0,1,3,A,-,03,22350,NA,N,B,E,F,A,H,-,C,A,0,Y,NA,NA,NA,Y,NA,A,01,0,1,0,0,1,0,0,0,0,-,-,NA,NA,LOS ANGELES,LOS ANGELES,-118.36704889,34.08373
7121371,2015,2015-12-02,1942,2015-10-28,1200,31387,6666,3,5,7,1942,0,0,0,NA,0,6TL7,CAHUENGA BL,LEXINGTON AV,0,NA,Y,A,-,N,NA,NA,NA,NA,NA,NA,NA,NA,NA,Y,4,0,1,2,A,-,09,21801,A,N,D,C,A,A,H,-,A,D,0,NA,NA,NA,NA,Y,NA,A,01,0,0,1,0,0,0,0,0,0,-,-,NA,NA,LOS ANGELES,LOS ANGELES,-118.32884004,34.09254001
7121372,2015,2015-12-02,1942,2015-10-25,0925,41725,753,7,5,7,1942,0,0,0,NA,0,7A1,PICO BL,ORANGE GROVE,0,NA,Y,A,-,N,NA,NA,NA,NA,NA,NA,NA,NA,NA,Y,4,0,1,2,A,-,03,22350,NA,N,C,C,A,A,H,-,A,D,0,NA,NA,NA,NA,Y,NA,A,01,0,0,1,0,0,0,0,0,0,-,-,NA,NA,LOS ANGELES,LOS ANGELES,-118.36570004,34.05132002
7121375,2015,2015-12-02,1942,2015-10-28,2345,39022,1438,3,5,7,1942,0,0,0,N,0,8T35,CENTINELA AV,PALMS BL,25,S,N,A,-,N,NA,NA,NA,NA,NA,NA,NA,NA,NA,N,3,0,1,2,A,-,03,22350,NA,F,H,G,A,A,H,-,C,D,0,NA,Y,NA,NA,Y,NA,-,99,0,1,0,0,0,0,1,0,0,-,-,NA,NA,LOS ANGELES,LOS ANGELES,-118.43876499,34.01052258
7121376,2015,2015-12-02,1942,2015-10-30,1800,41924,0749,5,5,7,1942,0,0,0,G,0,7A76,CRENSHAW BL,8TH,0,NA,Y,A,-,N,NA,NA,NA,NA,NA,NA,NA,NA,NA,N,4,0,1,2,A,-,08,22101,D,N,A,B,B,A,H,-,C,A,0,Y,NA,NA,NA,Y,NA,A,01,0,0,1,0,1,0,0,0,0,-,-,NA,NA,LOS ANGELES,LOS ANGELES,-118.32053006,34.0591101
7121379,2015,2015-12-02,1942,2015-10-31,1850,25495,1455,6,5,7,1942,0,0,0,N,0,7TL23,MCCONNELL AV,MILTON ST,0,NA,Y,A,-,N,NA,NA,NA,NA,NA,NA,NA,NA,NA,N,3,0,1,2,A,-,09,21802,A,N,D,G,A,A,H,-,C,A,0,NA,Y,NA,NA,Y,NA,A,01,0,1,0,0,0,0,1,0,0,-,-,NA,NA,LOS ANGELES,LOS ANGELES,-118.42324011,33.98262005
7121380,2015,2015-12-02,1942,2015-10-10,1010,34959,0645,6,5,7,1942,0,0,0,F,0,20TL59,SUNSET BL,HIGHLAND AV,239,W,N,A,-,N,NA,NA,NA,NA,NA,NA,NA,NA,NA,Y,3,0,1,2,A,-,08,22100,A,N,D,C,A,A,H,-,A,D,0,NA,NA,NA,NA,Y,NA,A,01,0,1,0,0,0,0,0,0,0,-,-,NA,NA,LOS ANGELES,LOS ANGELES,-118.33944794,34.09797
7121383,2015,2015-12-02,1942,2015-10-30,2100,41172,1464,5,5,7,1942,0,0,0,N,0,14A73,JEFFERSON BL,MCCONNELL,100,E,N,A,-,N,NA,NA,NA,NA,NA,NA,NA,NA,NA,N,4,0,1,3,A,-,04,21703,NA,F,C,C,A,A,H,-,C,A,0,NA,NA,NA,NA,Y,NA,-,99,0,0,1,0,0,0,0,0,0,-,-,NA,NA,LOS ANGELES,LOS ANGELES,-118.41864812,33.97723691
7121384,2015,2015-12-02,1942,2015-10-21,1640,34989,2071,3,5,7,1942,0,0,0,NA,0,20A16,PICO BL,MANHATTAN,5,E,N,A,-,N,NA,NA,NA,NA,NA,NA,NA,NA,NA,N,3,0,1,2,A,-,09,21802,A,N,D,C,A,A,H,-,A,D,0,NA,NA,NA,NA,Y,NA,-,NA,0,1,0,0,0,0,0,0,0,-,-,NA,NA,LOS ANGELES,LOS ANGELES,-118.31014353,34.0472
7121387,2015,2015-12-02,1942,2015-10-29,2130,25495,0819,4,5,7,1942,0,0,0,H,0,7T23,SUNSET BL,MAPLETON DR,95,E,N,A,-,N,NA,NA,NA,NA,NA,NA,NA,NA,NA,Y,3,0,2,2,A,-,03,22350,NA,N,B,C,A,A,H,-,C,D,0,NA,NA,NA,NA,Y,NA,A,01,0,1,1,0,0,0,0,0,0,-,-,NA,NA,LOS ANGELES,LOS ANGELES,-118.43240198,34.08250049
7121388,2015,2015-12-02,1942,2015-10-27,0705,09954,1495,2,5,7,1942,0,0,0,N,0,5M46,IMPERIAL HWY,PERSHING DR,0,NA,Y,A,-,N,NA,NA,NA,NA,NA,NA,NA,NA,NA,Y,4,0,1,3,A,-,04,21703,NA,N,C,C,A,A,H,-,A,D,0,NA,NA,NA,NA,Y,NA,A,01,0,0,1,0,0,0,0,0,0,-,-,NA,NA,LOS ANGELES,LOS ANGELES,-118.42930002,33.93098005
7121392,2015,2015-12-02,1942,2015-10-29,0820,33648,NA,4,5,7,1942,0,0,0,NA,0,14A67,LA CIENEGA BL,104TH ST,0,NA,Y,A,-,N,NA,NA,NA,NA,NA,NA,NA,NA,NA,Y,4,0,1,2,A,-,08,22107,NA,N,D,C,A,A,H,-,A,A,0,NA,NA,Y,NA,Y,NA,C,02,0,0,1,0,0,0,0,0,0,-,-,NA,NA,LOS ANGELES,LOS ANGELES,-118.37010012,33.94178009
7121395,2015,2015-12-02,1942,2015-10-31,1630,30264,1494,6,5,7,1942,0,0,0,N,0,14A67,SEPULVEDA BL,IMPERIAL HWY,530,N,N,A,-,N,NA,NA,NA,NA,NA,NA,NA,NA,NA,N,4,0,1,3,A,-,03,22350,NA,N,C,D,A,A,H,-,A,D,0,NA,NA,NA,NA,Y,NA,A,01,0,0,1,0,0,0,0,0,0,-,-,NA,NA,LOS ANGELES,LOS ANGELES,-118.39623,33.93121
7121396,2015,2015-12-02,1942,2015-10-28,0905,35279,1465,3,5,7,1942,0,0,0,N,0,6MQ52,CENTINELA AV,LUCILE ST,0,NA,Y,A,-,N,NA,NA,NA,NA,NA,NA,NA,NA,NA,N,4,0,1,2,A,-,10,21950,A,N,G,B,B,A,H,-,A,A,0,Y,NA,NA,NA,Y,NA,A,01,0,0,1,0,1,0,0,0,0,-,-,NA,NA,LOS ANGELES,LOS ANGELES,-118.41119004,33.98302006
7121399,2015,2015-12-02,1942,2015-10-30,1205,41723,1441,5,5,7,1942,0,0,0,N,0,14FB8,WASHINGTON BL,STRONGS DR,75,E,N,A,-,N,NA,NA,NA,NA,NA,NA,NA,NA,NA,N,3,0,1,2,A,-,21,22106,NA,N,H,G,A,A,H,-,A,D,0,NA,Y,NA,NA,Y,NA,A,01,0,1,0,0,0,0,1,0,0,-,-,NA,NA,LOS ANGELES,LOS ANGELES,-118.46504505,33.98007477
7121400,2015,2015-12-02,1942,2015-10-29,0850,40481,1412,4,5,7,1942,0,0,0,N,0,14A11,PACIFIC,ROSE CT,0,NA,Y,A,-,N,NA,NA,NA,NA,NA,NA,NA,NA,NA,Y,3,0,1,2,A,-,09,21804,B,N,H,A,A,A,H,-,A,-,0,NA,NA,Y,NA,Y,NA,A,01,0,1,0,0,0,0,0,0,1,-,-,NA,NA,LOS ANGELES,LOS ANGELES,-118.47837009,33.99536008
7121403,2015,2015-12-02,1942,2015-10-31,1230,38118,1431,6,5,7,1942,0,0,0,N,0,14TL2,PACIFIC AV,WINDWARD AV,15,N,N,A,-,N,NA,NA,NA,NA,NA,NA,NA,NA,NA,N,3,0,1,2,A,-,11,21456,A,N,G,B,B,A,H,-,A,A,0,Y,NA,NA,NA,Y,NA,N,NA,0,1,0,0,1,0,0,0,0,-,-,NA,NA,LOS ANGELES,LOS ANGELES,-118.4723067,33.98775461