CASE_ID,ACCIDENT_YEAR,PROC_DATE,JURIS,COLLISION_DATE,COLLISION_TIME,OFFICER_ID,REPORTING_DISTRICT,DAY_OF_WEEK,CHP_SHIFT,POPULATION,CNTY_CITY_LOC,SPECIAL_COND,BEAT_TYPE,CHP_BEAT_TYPE,CITY_DIVISION_LAPD,CHP_BEAT_CLASS,BEAT_NUMBER,PRIMARY_RD,SECONDARY_RD,DISTANCE,DIRECTION,INTERSECTION,WEATHER_1,WEATHER_2,STATE_HWY_IND,CALTRANS_COUNTY,CALTRANS_DISTRICT,STATE_ROUTE,ROUTE_SUFFIX,POSTMILE_PREFIX,POSTMILE,LOCATION_TYPE,RAMP_INTERSECTION,SIDE_OF_HWY,TOW_AWAY,COLLISION_SEVERITY,NUMBER_KILLED,NUMBER_INJURED,PARTY_COUNT,PRIMARY_COLL_FACTOR,PCF_CODE_OF_VIOL,PCF_VIOL_CATEGORY,PCF_VIOLATION,PCF_VIOL_SUBSECTION,HIT_AND_RUN,TYPE_OF_COLLISION,MVIW,PED_ACTION,ROAD_SURFACE,ROAD_COND_1,ROAD_COND_2,LIGHTING,CONTROL_DEVICE,CHP_ROAD_TYPE,PEDESTRIAN_ACCIDENT,BICYCLE_ACCIDENT,MOTORCYCLE_ACCIDENT,TRUCK_ACCIDENT,NOT_PRIVATE_PROPERTY,ALCOHOL_INVOLVED,STWD_VEHTYPE_AT_FAULT,CHP_VEHTYPE_AT_FAULT,COUNT_SEVERE_INJ,COUNT_VISIBLE_INJ,COUNT_COMPLAINT_PAIN,COUNT_PED_KILLED,COUNT_PED_INJURED,COUNT_BICYCLIST_KILLED,COUNT_BICYCLIST_INJURED,COUNT_MC_KILLED,COUNT_MC_INJURED,PRIMARY_RAMP,SECONDARY_RAMP,LATITUDE,LONGITUDE,COUNTY,CITY,POINT_X,POINT_Y
7121939,2015,2015-11-25,1900,2015-11-12,1625,532239,1192,4,5,6,1992,0,0,0,NA,0,112T1,AVE K,20TH ST WEST,660,W,N,A,-,N,NA,NA,NA,NA,NA,NA,NA,NA,NA,Y,4,0,2,2,A,-,09,21804,A,N,D,C,A,A,H,-,A,D,0,NA,NA,NA,NA,Y,Y,A,01,0,0,2,0,0,0,0,0,0,-,-,NA,NA,LOS ANGELES,LANCASTER,-118.16792059,34.675
7121942,2015,2015-11-24,1900,2015-10-07,1320,508822,1366,3,5,5,1952,0,0,0,NA,0,136E,ORANGE AV,72ND ST,15,N,N,A,-,N,NA,NA,NA,NA,NA,NA,NA,NA,NA,NA,4,0,1,2,A,-,04,21703,NA,M,-,C,A,A,H,-,A,A,0,NA,NA,Y,NA,Y,Y,A,NA,0,0,1,0,0,0,0,0,1,-,-,NA,NA,LOS ANGELES,PARAMOUNT,-118.17748,33.88539113
7121943,2015,2015-11-25,1900,2015-11-09,0745,600527,1137,1,5,6,1992,0,0,0,NA,0,112T2,AVE J-8,15TH ST EAST,267,W,N,A,-,N,NA,NA,NA,NA,NA,NA,NA,NA,NA,N,4,0,1,2,D,-,00,NA,NA,N,B,C,A,A,H,-,A,D,0,NA,NA,NA,NA,Y,NA,-,-,0,0,1,0,0,0,0,0,0,-,-,NA,NA,LOS ANGELES,LANCASTER,-118.10449617,34.68227579
7121946,2015,2015-11-24,1900,2015-10-04,1420,533005,1322,7,5,5,1935,0,0,0,NA,0,132B,SOUTH ST,BELLFLOWER BL,173,W,N,A,-,N,NA,NA,NA,NA,NA,NA,NA,NA,NA,N,3,0,1,2,A,-,05,21650,NA,N,D,G,A,A,H,-,A,D,0,NA,Y,NA,NA,Y,NA,L,04,0,1,0,0,0,0,1,0,0,-,-,NA,NA,LOS ANGELES,LAKEWOOD,-118.12572864,33.86033
7121947,2015,2015-11-25,1900,2015-11-06,1734,550490,1137,5,5,6,1992,0,0,0,NA,0,112T1,CHALLENGER WY,LANCASTER BL,2,S,N,A,-,N,NA,NA,NA,NA,NA,NA,NA,NA,NA,Y,3,0,1,1,A,-,08,22107,NA,N,E,I,A,A,H,-,C,A,0,NA,NA,NA,NA,Y,NA,A,07,0,1,0,0,0,0,0,0,0,-,-,NA,NA,LOS ANGELES,LANCASTER,-118.11265,34.69685
7121948,2015,2015-11-25,1902,2015-11-10,1035,668,11,2,5,5,1902,0,0,0,NA,0,001,SANTA ANITA AV,COLORADO BL,113,N,N,A,-,N,NA,NA,NA,NA,NA,NA,NA,NA,NA,Y,4,0,2,4,A,-,03,22350,NA,N,C,C,A,A,H,-,A,D,0,NA,NA,NA,NA,Y,NA,-,NA,0,0,2,0,0,0,0,0,0,-,-,NA,NA,LOS ANGELES,ARCADIA,-118.03161756,34.14579976
7121950,2015,2015-11-24,1900,2015-10-13,1145,476816,1322,2,5,5,1935,0,0,0,NA,0,132T1,ASHWORTH ST,BELLFLOWER BL,0,NA,Y,A,-,N,NA,NA,NA,NA,NA,NA,NA,NA,NA,Y,4,0,1,2,A,-,12,21453,A,N,D,C,A,A,H,-,A,A,0,NA,NA,NA,NA,Y,NA,A,NA,0,0,1,0,0,0,0,0,0,-,-,NA,NA,LOS ANGELES,LAKEWOOD,-118.12538001,33.86792007
7121951,2015,2015-11-25,1900,2015-11-15,1507,550490,1127,7,5,6,1992,0,0,0,NA,0,111T1,AVE J,50TH ST WEST,14,E,N,B,-,N,NA,NA,NA,NA,NA,NA,NA,NA,NA,N,3,0,1,1,A,-,03,22350,NA,N,E,I,A,B,H,-,A,A,0,NA,NA,NA,NA,Y,NA,A,01,0,1,0,0,0,0,0,0,0,-,-,NA,NA,LOS ANGELES,LANCASTER,-118.21910024,34.68938012
7121952,2015,2015-11-25,1902,2015-11-09,1718,699,20,1,5,5,1902,0,0,0,NA,0,004,HUNTINGTON DR,LA CADENA,357,W,N,B,-,N,NA,NA,NA,NA,NA,NA,NA,NA,NA,N,4,0,1,2,A,-,03,22350,NA,N,C,C,A,A,H,-,B,A,0,NA,NA,NA,NA,Y,NA,A,01,0,0,1,0,0,0,0,0,0,-,-,NA,NA,LOS ANGELES,ARCADIA,-118.05073328,34.1316288
7121954,2015,2017-02-03,1900,2015-10-08,1008,526304,1334,4,5,5,1908,0,0,0,NA,0,133T2,RT 19,LOS ANGELES ST,0,NA,Y,A,-,Y,LA,7,19,-,-,6.741,I,5,N,N,3,0,1,2,A,-,09,21802,A,N,D,C,A,A,H,-,A,A,0,NA,NA,NA,NA,Y,NA,A,01,0,1,0,0,0,0,0,0,0,-,-,NA,NA,LOS ANGELES,BELLFLOWER,-118.14258901,33.88698857
7121955,2015,2015-11-25,1900,2015-11-14,2055,600125,1124,6,5,6,1992,0,0,0,NA,0,112T1,SIERRA HWY,AVE K,3395,S,N,A,-,N,NA,NA,NA,NA,NA,NA,NA,NA,NA,Y,4,0,2,2,A,-,01,23152,A,N,C,C,A,A,H,-,C,D,0,NA,NA,NA,NA,Y,Y,A,07,0,0,2,0,0,0,0,0,0,-,-,NA,NA,LOS ANGELES,LANCASTER,-118.13140771,34.66575968
7121958,2015,2016-08-09,1900,2015-10-07,1655,536380,1320,3,5,5,1935,0,0,0,NA,0,132T2,RT 19,HARDWICK ST,0,NA,Y,A,-,N,NA,NA,NA,NA,NA,NA,NA,NA,NA,Y,4,0,1,2,A,-,12,21453,A,N,D,C,A,A,H,-,A,A,0,NA,NA,NA,NA,Y,NA,A,07,0,0,1,0,0,0,0,0,0,-,-,NA,NA,LOS ANGELES,LAKEWOOD,-118.1424285,33.850449
7121959,2015,2015-12-01,1900,2015-11-12,0719,540658,1139,4,5,6,1992,0,0,0,NA,0,112T2,AVE L-8,60TH ST W,296,E,N,A,-,N,NA,NA,NA,NA,NA,NA,NA,NA,NA,N,4,0,1,2,A,-,11,21954,A,N,G,B,D,A,H,-,A,D,0,Y,NA,NA,NA,Y,NA,N,60,0,0,1,0,1,0,0,0,0,-,-,NA,NA,LOS ANGELES,LANCASTER,-118.23523775,34.6528575
7121962,2015,2015-12-11,1900,2015-10-07,0830,476816,1323,3,5,5,1935,0,0,0,NA,0,132T1,DEL AMO BL,PARAMOUNT BL,0,NA,Y,A,-,N,NA,NA,NA,NA,NA,NA,NA,NA,NA,Y,4,0,2,2,A,-,12,21453,A,N,A,C,A,A,H,-,A,A,0,NA,NA,NA,NA,Y,NA,-,-,0,0,2,0,0,0,0,0,0,-,-,NA,NA,LOS ANGELES,LAKEWOOD,-118.15989014,33.84714002
7121963,2015,2015-11-25,1900,2015-11-16,1540,473767,1121,1,5,6,1992,0,0,0,NA,0,111T1,AVE I,10TH ST WEST,177,W,N,B,-,N,NA,NA,NA,NA,NA,NA,NA,NA,NA,N,4,0,1,2,A,-,09,21801,A,N,D,C,A,A,H,-,A,D,0,NA,NA,NA,NA,Y,NA,A,01,0,0,1,0,0,0,0,0,0,-,-,NA,NA,LOS ANGELES,LANCASTER,-118.14870761,34.703957
7121966,2015,2015-11-24,1900,2015-10-06,1053,520446,1324,2,5,5,1935,0,0,0,NA,0,132T2,WOODRUFF AV,CENTRALIA ST,0,NA,Y,A,-,N,NA,NA,NA,NA,NA,NA,NA,NA,NA,Y,4,0,1,2,A,-,09,21801,A,N,D,C,A,A,H,-,A,A,0,NA,NA,NA,NA,Y,NA,A,NA,0,0,1,0,0,0,0,0,0,-,-,NA,NA,LOS ANGELES,LAKEWOOD,-118.11668011,33.83953001
7121967,2015,2015-11-25,1900,2015-11-18,1815,510509,1123,3,5,6,1992,0,0,0,NA,0,112T1,AVE K,SIERRA HWY,528,W,N,A,-,N,NA,NA,NA,NA,NA,NA,NA,NA,NA,Y,4,0,1,2,A,-,03,22350,NA,N,C,C,A,A,H,-,D,D,0,NA,NA,NA,NA,Y,NA,A,01,0,0,1,0,0,0,0,0,0,-,-,NA,NA,LOS ANGELES,LANCASTER,-118.13470239,34.67497369
7121970,2015,2015-12-11,1900,2015-10-05,1110,526304,1336,1,5,5,1908,0,0,0,NA,0,133T1,BEVERLY ST,BELLFLOWER BL,8,E,N,A,-,N,NA,NA,NA,NA,NA,NA,NA,NA,NA,Y,4,0,2,3,A,-,12,21453,A,N,B,C,A,A,H,-,A,A,0,NA,NA,NA,NA,Y,NA,-,-,0,0,2,0,0,0,0,0,0,-,-,NA,NA,LOS ANGELES,BELLFLOWER,-118.12519372,33.87574906
7121974,2015,2015-11-24,1900,2015-10-13,1440,523037,1367,2,5,5,1952,0,0,0,NA,0,136,GARFIELD AV,SOMERSET BL,255,S,N,A,-,N,NA,NA,NA,NA,NA,NA,NA,NA,NA,Y,4,0,1,2,A,-,08,22107,NA,N,B,C,A,A,H,-,A,A,0,NA,NA,Y,NA,Y,NA,A,01,0,0,1,0,0,0,0,0,1,-,-,NA,NA,LOS ANGELES,PARAMOUNT,-118.16882393,33.89573088
7121978,2015,2015-11-24,1900,2015-10-12,1247,525096,1368,1,5,5,1952,0,0,0,NA,0,136,DOWNEY AV,ALONDRA BL,80,N,N,A,-,N,NA,NA,NA,NA,NA,NA,NA,NA,NA,N,4,0,2,2,A,-,09,21804,A,N,B,C,A,A,H,-,A,D,0,NA,NA,NA,NA,Y,NA,A,NA,0,0,2,0,0,0,0,0,0,-,-,NA,NA,LOS ANGELES,PARAMOUNT,-118.15146,33.88950938
7121982,2015,2015-11-24,1900,2015-10-10,0808,523037,1364,6,5,5,1952,0,0,0,NA,0,136B,GARFIELD AV,PETROL ST,0,NA,Y,A,-,N,NA,NA,NA,NA,NA,NA,NA,NA,NA,N,4,0,1,2,A,-,12,22450,A,N,-,B,B,-,H,-,A,D,0,Y,NA,NA,NA,Y,NA,A,01,0,0,1,0,1,0,0,0,0,-,-,NA,NA,LOS ANGELES,PARAMOUNT,-118.16885013,33.89821003
7121986,2015,2015-11-24,1900,2015-10-07,1538,465625,1332,3,5,5,1908,0,0,0,NA,0,133F,CLARK AV,ALONDRA BL,150,N,N,A,-,N,NA,NA,NA,NA,NA,NA,NA,NA,NA,N,3,0,1,2,A,-,12,21453,A,N,D,G,A,A,H,-,A,A,0,NA,Y,NA,NA,Y,NA,A,NA,0,1,0,0,0,0,1,0,0,-,-,NA,NA,LOS ANGELES,BELLFLOWER,-118.13398,33.88971132
7121990,2015,2015-11-24,1900,2015-10-15,0735,526288,NA,4,5,5,1908,0,0,0,NA,0,133T1,BELLFLOWER BL,VAN RUITEN ST,780,N,N,A,-,N,NA,NA,NA,NA,NA,NA,NA,NA,NA,Y,4,0,1,2,A,-,09,21804,A,N,D,C,A,A,H,-,A,D,0,NA,NA,Y,NA,Y,NA,A,01,0,0,1,0,0,0,0,0,1,-,-,NA,NA,LOS ANGELES,BELLFLOWER,-118.12534485,33.90504884
7121994,2015,2015-11-24,1900,2015-10-14,1910,485022,1334,3,5,5,1908,0,0,0,NA,0,133T2,CLARA AV,OLIVE ST,10,S,N,A,-,N,NA,NA,NA,NA,NA,NA,NA,NA,NA,N,2,0,1,2,A,-,09,21802,A,N,D,C,A,A,H,-,C,D,0,NA,NA,Y,NA,Y,Y,A,NA,1,0,0,0,0,0,0,0,1,-,-,NA,NA,LOS ANGELES,BELLFLOWER,-118.133971,33.886272
7121998,2015,2015-11-24,1900,2015-10-14,1530,523746,1365,3,5,5,1952,0,0,0,NA,0,136T1P,PARAMOUNT BL,SOMERSET BL,60,N,N,A,-,N,NA,NA,NA,NA,NA,NA,NA,NA,NA,N,4,0,1,3,A,-,21,22106,NA,N,C,D,A,A,H,-,A,D,0,NA,NA,NA,NA,Y,NA,A,01,0,0,1,0,0,0,0,0,0,-,-,NA,NA,LOS ANGELES,PARAMOUNT,-118.1602,33.89664453
7122031,2015,2017-01-28,1900,2015-11-16,0740,236790,1135,1,5,6,1992,0,0,0,NA,0,112T2,18TH ST EAST,KETTERING ST,0,NA,Y,A,-,N,NA,NA,NA,NA,NA,NA,NA,NA,NA,N,3,0,2,3,A,-,21,22106,NA,M,G,B,B,A,H,-,A,A,0,Y,NA,NA,NA,Y,NA,A,01,0,1,1,0,2,0,0,0,0,-,-,NA,NA,LOS ANGELES,LANCASTER,-118.09742007,34.70056003
7122066,2015,2016-02-05,1900,2015-10-04,2030,600695,1326,7,5,5,1935,0,0,0,NA,0,132T2,DEL AMO BL,PALO VERDE AV,0,NA,Y,A,-,N,NA,NA,NA,NA,NA,NA,NA,NA,NA,N,4,0,1,2,A,-,10,21950,A,N,G,B,B,A,H,-,C,A,0,Y,NA,NA,NA,Y,NA,A,NA,0,0,1,0,1,0,0,0,0,-,-,NA,NA,LOS ANGELES,LAKEWOOD,-118.10770004,33.84706005
7122086,2015,2015-12-31,1942,2015-11-12,2100,36698,0152,4,5,7,1942,0,0,0,A,0,11T21,5TH ST,FLOWER ST,25,S,N,A,-,N,NA,NA,NA,NA,NA,NA,NA,NA,NA,N,3,0,1,2,D,-,00,NA,NA,N,G,B,B,A,H,-,C,A,0,Y,NA,NA,NA,Y,Y,-,-,0,1,0,0,1,0,0,0,0,-,-,NA,NA,LOS ANGELES,LOS ANGELES,-118.25604487,34.05158803
7122098,2015,2017-01-14,1942,2015-11-07,0235,32973,0111,6,5,7,1942,0,0,0,A,0,11TL32,BROADWAY,ARCADIA ST,104,S,N,A,-,Y,LA,7,101,-,-,1.181,R,4,S,Y,3,0,2,1,A,-,03,22350,NA,M,E,I,A,A,E,-,C,D,0,NA,NA,NA,NA,Y,NA,D,22,0,2,0,0,0,0,0,0,0,-,-,NA,NA,LOS ANGELES,LOS ANGELES,-118.24381353,34.05778651
7122141,2015,2015-12-10,1942,2015-11-11,0805,37398,1346,3,5,7,1942,0,0,0,M,0,11T32,VERNON,HOODER AV,175,W,N,A,-,N,NA,NA,NA,NA,NA,NA,NA,NA,NA,Y,3,0,1,3,A,-,05,21650,NA,F,C,E,A,A,H,-,C,D,0,NA,NA,NA,NA,Y,Y,-,99,0,1,0,0,0,0,0,0,0,-,-,NA,NA,LOS ANGELES,LOS ANGELES,-118.25271626,34.00389009
7122149,2015,2015-12-04,1942,2015-10-09,1540,40643,1309,5,5,7,1942,0,0,0,M,0,2TL14,ALAMEDA,15TH ST,48,S,N,A,-,N,NA,NA,NA,NA,NA,NA,NA,NA,NA,N,4,0,1,4,A,-,03,22350,NA,N,C,C,A,A,H,-,A,A,0,NA,NA,NA,Y,Y,NA,A,07,0,0,1,0,0,0,0,0,0,-,-,NA,NA,LOS ANGELES,LOS ANGELES,-118.239327,34.023444
7122153,2015,2015-12-07,1942,2015-11-03,0005,38233,1385,2,5,7,1942,0,0,0,M,0,2T15W3,AVALON BL,E 59TH PL,0,NA,Y,A,-,N,NA,NA,NA,NA,NA,NA,NA,NA,NA,Y,3,0,2,1,D,-,00,NA,NA,N,E,I,A,A,H,-,C,A,0,NA,NA,NA,NA,Y,NA,-,-,0,2,0,0,0,0,0,0,0,-,-,NA,NA,LOS ANGELES,LOS ANGELES,-118.26520001,33.98608004
7122157,2015,2015-12-21,1942,2015-10-16,1845,41691,1353,5,5,7,1942,0,0,0,M,0,1A2,VERNON AV,CENTRAL AV,30,W,N,B,-,N,NA,NA,NA,NA,NA,NA,NA,NA,NA,N,4,0,1,2,A,-,03,22350,NA,M,B,C,A,A,H,-,C,D,0,NA,NA,NA,NA,Y,NA,-,99,0,0,1,0,0,0,0,0,0,-,-,NA,NA,LOS ANGELES,LOS ANGELES,-118.25658879,34.00393
7122158,2015,2015-12-07,1946,2015-09-08,1509,P16,1946,2,5,4,1946,0,0,0,NA,0,001,FOOTHILL,CALIFORNIA,0,NA,Y,A,-,N,NA,NA,NA,NA,NA,NA,NA,NA,NA,N,4,0,1,2,A,-,03,22350,NA,N,C,C,A,A,H,-,A,D,0,NA,NA,NA,NA,Y,NA,D,22,0,0,1,0,0,0,0,0,0,-,-,NA,NA,LOS ANGELES,MONROVIA,-117.9949601,34.15142002
7122161,2015,2015-12-07,1946,2015-09-20,1337,DS,NA,7,5,4,1946,0,0,0,NA,0,001,FOOTHILL,ALTA VISTA,0,NA,Y,A,-,N,NA,NA,NA,NA,NA,NA,NA,NA,NA,N,3,0,1,2,A,-,05,21650,1,N,D,G,A,A,H,-,A,D,0,NA,Y,NA,NA,Y,NA,L,04,0,1,0,0,0,0,1,0,0,-,-,NA,NA,LOS ANGELES,MONROVIA,-118.00762,34.15127012
7122165,2015,2015-12-07,1946,2015-09-26,2035,P3,1946,6,5,4,1946,0,0,0,NA,0,003,MOUTAIN,CENTRAL,0,NA,Y,A,-,N,NA,NA,NA,NA,NA,NA,NA,NA,NA,Y,4,0,1,2,A,-,12,21453,A,N,D,C,A,A,H,-,C,A,0,NA,NA,NA,NA,Y,NA,A,07,0,0,1,0,0,0,0,0,0,-,-,NA,NA,LOS ANGELES,MONROVIA,-117.98634013,34.13593012
7122170,2015,2015-12-07,1900,2015-11-05,1235,281409,2917,4,5,4,1974,0,0,0,NA,0,291K2D,AMAR RD,LEMON AV,50,W,N,A,-,N,NA,NA,NA,NA,NA,NA,NA,NA,NA,Y,4,0,2,2,A,-,03,22350,NA,N,C,C,A,A,H,-,A,A,0,NA,NA,NA,NA,Y,NA,D,22,0,0,2,0,0,0,0,0,0,-,-,NA,NA,LOS ANGELES,WALNUT,-117.87511206,34.03541581
7122186,2015,2015-12-31,1942,2015-11-05,0150,27792,1962,4,5,7,1942,0,0,0,NA,0,10T35,SEPULVEDA BL,PLUMMER ST,385,S,N,A,-,N,NA,NA,NA,NA,NA,NA,NA,NA,NA,Y,4,0,3,3,A,-,04,21703,NA,F,C,E,A,A,H,-,C,A,0,NA,NA,NA,Y,Y,NA,-,99,0,0,3,0,0,0,0,0,0,-,-,NA,NA,LOS ANGELES,LOS ANGELES,-118.46764969,34.24173399
7122226,2015,2017-10-02,1975,2015-10-19,2310,432,NA,1,5,6,1975,0,0,0,NA,0,002,CITRUS AV,RT 5,0,NA,Y,A,-,Y,LA,7,10,-,-,37.612,R,4,W,Y,4,0,1,2,A,-,12,21453,NA,N,D,D,A,A,H,-,C,A,0,NA,NA,NA,NA,Y,NA,-,-,0,0,1,0,0,0,0,0,0,-,WF,NA,NA,LOS ANGELES,WEST COVINA,-117.88818587,34.07204651
7122241,2015,2015-11-30,1942,2015-11-12,1815,36923,0952,4,5,7,1942,0,0,0,I,0,9A41,ALBERS ST,WILLIS AV,0,NA,Y,A,-,N,NA,NA,NA,NA,NA,NA,NA,NA,NA,N,3,0,2,2,A,-,12,22450,A,F,B,C,A,A,H,-,C,D,0,NA,NA,NA,NA,Y,NA,-,99,0,2,0,0,0,0,0,0,0,-,-,NA,NA,LOS ANGELES,LOS ANGELES,-118.45528009,34.17028005
7122245,2015,2015-11-30,1942,2015-11-10,1430,40141,1988,2,5,7,1942,0,0,0,NA,0,19TL76,ROSCOE BL,TRUESDALE ST,0,NA,Y,A,-,N,NA,NA,NA,NA,NA,NA,NA,NA,NA,Y,4,0,1,2,A,-,09,21801,A,F,D,C,A,A,H,-,A,D,0,NA,NA,NA,NA,Y,NA,-,99,0,0,1,0,0,0,0,0,0,-,-,NA,NA,LOS ANGELES,LOS ANGELES,-118.42480003,34.22168008
7122249,2015,2015-11-30,1942,2015-11-11,1855,39355,1917,3,5,7,1942,0,0,0,NA,0,19T73,FOOTHILL BL,ASTORIA ST,375,W,N,A,-,N,NA,NA,NA,NA,NA,NA,NA,NA,NA,N,4,0,1,2,A,-,17,22517,NA,F,D,G,A,A,H,-,C,D,0,NA,Y,NA,NA,Y,Y,-,99,0,0,1,0,0,0,1,0,0,-,-,NA,NA,LOS ANGELES,LOS ANGELES,-118.43816917,34.31353895
7122253,2015,2015-11-30,1942,2015-11-13,1210,39701,1985,5,5,7,1942,0,0,0,NA,0,9T56,VAN NUYS BL,PARTHENIA ST,200,N,N,A,-,N,NA,NA,NA,NA,NA,NA,NA,NA,NA,N,4,0,1,2,A,-,07,21658,A,F,D,C,A,A,H,-,A,A,0,NA,NA,NA,NA,Y,NA,-,99,0,0,1,0,0,0,0,0,0,-,-,NA,NA,LOS ANGELES,LOS ANGELES,-118.45024,34.22936848
7122257,2015,2015-11-30,1942,2015-11-08,2325,41775,1989,7,5,7,1942,0,0,0,NA,0,19A93,ARLETA,SHELDON,40,N,N,A,-,N,NA,NA,NA,NA,NA,NA,NA,NA,NA,N,4,0,1,2,A,-,12,21453,A,F,D,C,A,A,H,-,C,A,0,NA,NA,NA,NA,Y,NA,-,99,0,0,1,0,0,0,0,0,0,-,-,NA,NA,LOS ANGELES,LOS ANGELES,-118.4112696,34.22757756
7122258,2015,2017-02-01,1956,2015-11-14,0706,1257,66,6,5,5,1956,0,0,0,NA,0,004,INGLEWOOD AV,RT 405,0,NA,Y,A,-,Y,LA,7,405,-,-,18.091,R,4,N,Y,4,0,3,2,A,-,12,21453,A,N,D,C,A,A,H,-,A,A,0,NA,NA,NA,NA,Y,NA,A,01,0,0,3,0,0,0,0,0,0,-,NF,NA,NA,LOS ANGELES,REDONDO BEACH,-118.35910361,33.88948405
7122262,2015,2015-12-14,1956,2015-11-03,1707,1242,28,2,5,5,1956,0,0,0,NA,0,002,PROSPECT AV,BEACH CITIES HEALTH DISTRICT,0,NA,Y,B,-,N,NA,NA,NA,NA,NA,NA,NA,NA,NA,Y,3,0,1,2,A,-,09,21453,C,N,B,C,A,A,H,-,B,A,0,NA,NA,Y,NA,Y,NA,A,01,0,1,0,0,0,0,0,0,1,-,-,NA,NA,LOS ANGELES,REDONDO BEACH,-118.379407,33.852312
7122266,2015,2017-02-01,1956,2015-11-10,1931,1257,16,2,5,5,1956,0,0,0,NA,0,002,RT 1,GARNET ST,188,S,N,A,-,Y,LA,7,1,-,-,19.61,H,-,S,N,4,0,1,2,A,-,17,22517,NA,F,B,E,A,A,H,-,C,D,0,NA,NA,NA,NA,Y,NA,A,01,0,0,1,0,0,0,0,0,0,-,-,NA,NA,LOS ANGELES,REDONDO BEACH,-118.38554765,33.8396024
7122270,2015,2015-11-30,1956,2015-11-13,0851,1257,10,5,5,5,1956,0,0,0,NA,0,001,RUBY ST,S GERTRUDA AV,0,NA,Y,A,-,N,NA,NA,NA,NA,NA,NA,NA,NA,NA,Y,4,0,1,2,A,-,09,21802,A,N,D,C,A,A,H,-,A,A,0,NA,NA,NA,NA,Y,NA,A,01,0,0,1,0,0,0,0,0,0,-,-,NA,NA,LOS ANGELES,REDONDO BEACH,-118.38304013,33.8345501
7122274,2015,2015-11-30,1956,2015-11-13,2029,1307,27,5,5,5,1956,0,0,0,NA,0,002,BERYL ST,N MARIA AV,32,E,N,A,-,N,NA,NA,NA,NA,NA,NA,NA,NA,NA,N,4,0,3,3,A,-,03,22350,NA,F,C,C,A,A,H,-,C,A,0,NA,NA,NA,NA,Y,NA,A,01,0,0,3,0,0,0,0,0,0,-,-,NA,NA,LOS ANGELES,REDONDO BEACH,-118.38380338,33.85282014
7122277,2015,2016-08-09,1900,2015-11-07,1820,522139,2925,6,5,5,1990,0,0,0,NA,0,292K2,DIAMOND BAR BL,MONTEFINO AV,0,NA,Y,A,-,N,NA,NA,NA,NA,NA,NA,NA,NA,NA,Y,4,0,1,3,A,-,04,21703,NA,N,C,C,A,A,D,-,C,A,0,NA,NA,NA,NA,Y,NA,A,01,0,0,1,0,0,0,0,0,0,-,-,NA,NA,LOS ANGELES,DIAMOND BAR,-117.81290001,33.99806007
7122281,2015,2015-11-30,1900,2015-11-13,0759,442400,2917,5,5,4,1974,0,0,0,NA,0,291K1,CREEKSIDE DR,GREY FOX RD,0,NA,Y,A,-,N,NA,NA,NA,NA,NA,NA,NA,NA,NA,N,3,0,1,2,A,-,09,21802,B,N,D,G,A,A,H,-,A,D,0,NA,Y,NA,NA,Y,NA,A,01,0,1,0,0,0,0,1,0,0,-,-,NA,NA,LOS ANGELES,WALNUT,-117.8736,34.02484004
7122285,2015,2015-11-30,1900,2015-11-10,1910,524692,2911,2,5,4,1974,0,0,0,NA,0,291K1,AMAR RD,GRAND AV,325,W,N,A,-,N,NA,NA,NA,NA,NA,NA,NA,NA,NA,N,3,0,1,2,A,-,17,21461,A,N,D,-,A,A,H,-,C,D,0,NA,NA,NA,NA,Y,NA,A,01,0,1,0,0,0,0,0,0,0,-,-,NA,NA,LOS ANGELES,WALNUT,-117.84883334,34.04274355
7122333,2015,2015-11-25,1900,2015-11-04,1305,455303,1513,3,5,5,1954,0,0,0,NA,0,151T1,PARAMOUNT BL,LOCH LOMOND DR,15,S,N,A,-,N,NA,NA,NA,NA,NA,NA,NA,NA,NA,Y,4,0,2,2,A,-,12,21453,A,N,D,C,A,A,H,-,A,A,0,NA,NA,NA,NA,Y,NA,A,01,0,0,2,0,0,0,0,0,0,-,-,NA,NA,LOS ANGELES,PICO RIVERA,-118.09116313,33.99919366
7122334,2015,2015-12-09,1942,2015-11-12,0935,40363,0138,4,5,7,1942,0,0,0,A,0,1X11,LOS ANGELES ST,4TH ST,10,N,N,A,-,N,NA,NA,NA,NA,NA,NA,NA,NA,NA,Y,4,0,1,2,A,-,21,22106,NA,F,-,-,-,A,H,-,A,-,0,Y,NA,NA,NA,Y,NA,A,01,0,0,1,0,1,0,0,0,0,-,-,NA,NA,LOS ANGELES,LOS ANGELES,-118.246185,34.047277
7122337,2015,2015-11-25,1944,2015-11-07,0112,348,SOUTH,6,5,4,1944,0,0,0,NA,0,2L2M,ALMA AV,28TH ST,0,NA,Y,A,-,N,NA,NA,NA,NA,NA,NA,NA,NA,NA,Y,3,0,2,1,A,-,01,23152,A,F,E,I,A,A,H,-,C,A,0,NA,NA,NA,NA,Y,Y,A,01,0,2,0,0,0,0,0,0,0,-,-,NA,NA,LOS ANGELES,MANHATTAN BEACH,-118.41450013,33.89561009
7122338,2015,2015-11-25,1942,2015-11-08,1330,37611,0153,7,5,7,1942,0,0,0,A,0,1330,SPRING ST,7TH ST,75,N,N,A,-,N,NA,NA,NA,NA,NA,NA,NA,NA,NA,N,4,0,1,2,A,-,09,21804,A,F,G,B,F,A,H,-,A,D,0,Y,NA,NA,NA,Y,NA,-,99,0,0,1,0,1,0,0,0,0,-,-,NA,NA,LOS ANGELES,LOS ANGELES,-118.25217737,34.04470175