CASE_ID,ACCIDENT_YEAR,PROC_DATE,JURIS,COLLISION_DATE,COLLISION_TIME,OFFICER_ID,REPORTING_DISTRICT,DAY_OF_WEEK,CHP_SHIFT,POPULATION,CNTY_CITY_LOC,SPECIAL_COND,BEAT_TYPE,CHP_BEAT_TYPE,CITY_DIVISION_LAPD,CHP_BEAT_CLASS,BEAT_NUMBER,PRIMARY_RD,SECONDARY_RD,DISTANCE,DIRECTION,INTERSECTION,WEATHER_1,WEATHER_2,STATE_HWY_IND,CALTRANS_COUNTY,CALTRANS_DISTRICT,STATE_ROUTE,ROUTE_SUFFIX,POSTMILE_PREFIX,POSTMILE,LOCATION_TYPE,RAMP_INTERSECTION,SIDE_OF_HWY,TOW_AWAY,COLLISION_SEVERITY,NUMBER_KILLED,NUMBER_INJURED,PARTY_COUNT,PRIMARY_COLL_FACTOR,PCF_CODE_OF_VIOL,PCF_VIOL_CATEGORY,PCF_VIOLATION,PCF_VIOL_SUBSECTION,HIT_AND_RUN,TYPE_OF_COLLISION,MVIW,PED_ACTION,ROAD_SURFACE,ROAD_COND_1,ROAD_COND_2,LIGHTING,CONTROL_DEVICE,CHP_ROAD_TYPE,PEDESTRIAN_ACCIDENT,BICYCLE_ACCIDENT,MOTORCYCLE_ACCIDENT,TRUCK_ACCIDENT,NOT_PRIVATE_PROPERTY,ALCOHOL_INVOLVED,STWD_VEHTYPE_AT_FAULT,CHP_VEHTYPE_AT_FAULT,COUNT_SEVERE_INJ,COUNT_VISIBLE_INJ,COUNT_COMPLAINT_PAIN,COUNT_PED_KILLED,COUNT_PED_INJURED,COUNT_BICYCLIST_KILLED,COUNT_BICYCLIST_INJURED,COUNT_MC_KILLED,COUNT_MC_INJURED,PRIMARY_RAMP,SECONDARY_RAMP,LATITUDE,LONGITUDE,COUNTY,CITY,POINT_X,POINT_Y
7124350,2015,2015-12-07,1942,2015-11-06,1515,40193,1737,5,5,7,1942,0,0,0,Q,0,17TL14,SAN FERNANDO MISSION BL,RUFFNER AV,140,W,N,A,-,N,NA,NA,NA,NA,NA,NA,NA,NA,NA,Y,4,0,2,2,A,-,09,21804,A,N,D,C,A,A,H,-,A,D,0,NA,NA,NA,NA,Y,NA,A,01,0,0,2,0,0,0,0,0,0,-,-,NA,NA,LOS ANGELES,LOS ANGELES,-118.49824247,34.27200841
7124351,2015,2015-12-07,1942,2015-11-07,0855,30452,1797,6,5,7,1942,0,0,0,Q,0,9TL53,NORDHOFF ST,WOODLEY AV,3,W,N,A,-,N,NA,NA,NA,NA,NA,NA,NA,NA,NA,Y,4,0,1,2,A,-,08,22107,NA,N,D,C,A,A,H,-,A,D,0,NA,NA,NA,NA,Y,NA,A,07,0,0,1,0,0,0,0,0,0,-,-,NA,NA,LOS ANGELES,LOS ANGELES,-118.48507991,34.23564
7124352,2015,2015-12-07,1942,2015-11-07,0805,40290,1729,6,5,7,1942,0,0,0,Q,0,10TL35,RINALDI ST,SHOSHONE AV,39,E,N,A,-,N,NA,NA,NA,NA,NA,NA,NA,NA,NA,Y,4,0,1,2,A,-,08,22107,NA,N,D,C,A,A,H,-,A,A,0,NA,NA,NA,NA,Y,NA,A,07,0,0,1,0,0,0,0,0,0,-,-,NA,NA,LOS ANGELES,LOS ANGELES,-118.51642113,34.27939
7124353,2015,2015-12-07,1942,2015-11-01,1300,40193,1717,7,5,7,1942,0,0,0,Q,0,17TL14,WOODLEY AV,SAN FERNANDO MISSION BL,0,NA,Y,A,-,N,NA,NA,NA,NA,NA,NA,NA,NA,NA,Y,3,0,3,2,A,-,09,21801,A,N,D,C,A,A,H,-,A,A,0,NA,NA,NA,NA,Y,NA,A,01,0,3,0,0,0,0,0,0,0,-,-,NA,NA,LOS ANGELES,LOS ANGELES,-118.48470003,34.27192007
7124354,2015,2015-12-07,1942,2015-11-01,0055,41198,1795,7,5,7,1942,0,0,0,Q,0,16T23,ROSCOE BL,LINDLEY AV,20,E,N,A,-,N,NA,NA,NA,NA,NA,NA,NA,NA,NA,Y,4,0,1,2,A,-,03,22350,NA,N,C,C,A,A,H,-,C,A,0,NA,NA,NA,NA,Y,NA,A,01,0,0,1,0,0,0,0,0,0,-,-,NA,NA,LOS ANGELES,LOS ANGELES,-118.52729397,34.2208513
7124355,2015,2015-12-07,1942,2015-11-06,2105,40639,1794,5,5,7,1942,0,0,0,Q,0,21T61,ROSCOE BL,LINDLEY AV,70,E,N,A,-,N,NA,NA,NA,NA,NA,NA,NA,NA,NA,N,4,0,2,2,A,-,04,21703,NA,N,C,C,A,A,H,-,D,D,0,NA,NA,NA,NA,Y,NA,A,01,0,0,2,0,0,0,0,0,0,-,-,NA,NA,LOS ANGELES,LOS ANGELES,-118.52712891,34.22085453
7124356,2015,2015-12-07,1942,2015-11-17,1645,34793,LA,2,5,7,1942,0,0,0,NA,0,19A75,CORBIN AV,N PARTHENIA ST,300,N,N,A,-,N,NA,NA,NA,NA,NA,NA,NA,NA,NA,N,4,0,2,2,A,-,09,21804,A,N,D,C,A,A,H,-,A,D,0,NA,NA,NA,NA,Y,NA,A,01,0,0,2,0,0,0,0,0,0,-,-,NA,NA,LOS ANGELES,LOS ANGELES,-118.56229,34.22905296
7124357,2015,2015-12-16,1942,2015-11-13,1750,33801,1764,5,5,7,1942,0,0,0,Q,0,17X22,PLUMMER ST,JUMILLA AV,0,NA,Y,-,-,N,NA,NA,NA,NA,NA,NA,NA,NA,NA,Y,4,0,1,2,A,-,09,21801,B,N,A,C,A,-,-,-,-,D,0,NA,NA,NA,NA,Y,NA,A,01,0,0,1,0,0,0,0,0,0,-,-,NA,NA,LOS ANGELES,LOS ANGELES,-118.56403001,34.24272005
7124358,2015,2015-12-16,1942,2015-11-14,1530,26347,1716,6,5,7,1942,0,0,0,Q,0,17A23,BALBOA BL,KNOLLWOOD DR,0,NA,Y,-,-,N,NA,NA,NA,NA,NA,NA,NA,NA,NA,Y,3,0,2,2,A,-,09,21802,A,N,D,C,A,-,-,-,-,D,0,NA,NA,NA,NA,Y,NA,-,NA,0,1,1,0,0,0,0,0,0,-,-,NA,NA,LOS ANGELES,LOS ANGELES,-118.50185004,34.28871011
7124359,2015,2015-12-07,1942,2015-11-17,1210,40165,1788,2,5,7,1942,0,0,0,Q,0,15TL42,BALBOA BL,PARTHENIA ST,0,NA,Y,A,-,N,NA,NA,NA,NA,NA,NA,NA,NA,NA,Y,2,0,2,3,A,-,09,21801,A,N,D,C,A,A,H,-,A,A,0,NA,NA,NA,NA,Y,NA,A,07,1,1,0,0,0,0,0,0,0,-,-,NA,NA,LOS ANGELES,LOS ANGELES,-118.5025801,34.22851012
7124361,2015,2015-12-09,1925,2015-11-05,1009,14089,236,4,5,6,1925,0,0,0,NA,0,004,WILSON AV,JACKSON ST,147,W,N,A,-,N,NA,NA,NA,NA,NA,NA,NA,NA,NA,N,4,0,1,2,A,-,05,21650,1,N,D,G,A,A,H,-,A,D,0,NA,Y,NA,NA,Y,NA,L,04,0,0,1,0,0,0,1,0,0,-,-,NA,NA,LOS ANGELES,GLENDALE,-118.25061487,34.14812818
7124362,2015,2015-12-30,1925,2015-11-06,1838,25441,150,5,5,6,1925,0,0,0,NA,0,004,MOUNTAIN ST,COLLEGE DR,0,NA,Y,A,-,N,NA,NA,NA,NA,NA,NA,NA,NA,NA,Y,3,0,3,2,D,-,00,NA,NA,N,D,C,A,A,H,-,C,A,0,NA,NA,NA,NA,Y,NA,-,-,0,1,2,0,0,0,0,0,0,-,-,NA,NA,LOS ANGELES,GLENDALE,-118.227131,34.164602
7124363,2015,2015-12-09,1925,2015-11-07,1340,25361,5,6,5,6,1925,0,0,0,NA,0,138,CANADA BL,HILLSIDE DR,10,S,N,A,-,N,NA,NA,NA,NA,NA,NA,NA,NA,NA,NA,4,0,1,2,A,-,03,22350,NA,N,C,C,A,A,H,-,A,D,0,NA,NA,NA,NA,Y,NA,A,07,0,0,1,0,0,0,0,0,0,-,-,34.17727,-118.22939,LOS ANGELES,GLENDALE,-118.22898024,34.17721258
7124364,2015,2015-12-09,1925,2015-11-07,0755,25361,NA,6,5,6,1925,0,0,0,NA,0,110,FOOTHILL BL,NEW YORK AV,106,W,N,A,-,N,NA,NA,NA,NA,NA,NA,NA,NA,NA,N,3,0,1,2,A,-,09,21804,A,N,G,B,E,A,H,-,A,D,0,Y,NA,NA,NA,Y,NA,A,07,0,1,0,0,1,0,0,0,0,-,-,34.13557,-118.15129,LOS ANGELES,GLENDALE,-118.25332062,34.23245372
7124365,2015,2015-12-09,1925,2015-11-06,1825,24286,199,5,5,6,1925,0,0,0,NA,0,001,SONORA AV,FLOWER ST,0,NA,Y,A,-,N,NA,NA,NA,NA,NA,NA,NA,NA,NA,Y,4,0,1,2,A,-,09,21801,A,N,A,C,A,A,H,-,B,A,0,NA,NA,NA,NA,Y,NA,-,NA,0,0,1,0,0,0,0,0,0,-,-,NA,NA,LOS ANGELES,GLENDALE,-118.29147001,34.16296003
7124366,2015,2015-12-09,1925,2015-11-05,1011,22598,275,4,5,6,1925,0,0,0,NA,0,002,LOS FELIZ RD,CENTRAL AV,15,E,N,A,-,N,NA,NA,NA,NA,NA,NA,NA,NA,NA,N,3,0,1,2,A,-,10,21950,A,N,G,B,B,A,H,-,A,A,0,Y,NA,NA,NA,Y,NA,A,07,0,1,0,0,1,0,0,0,0,-,-,NA,NA,LOS ANGELES,GLENDALE,-118.25776054,34.12865072
7124367,2015,2015-12-09,1925,2015-11-12,1032,21092,272,4,5,6,1925,0,0,0,NA,0,002,CENTRAL AV,GARFIELD AV,0,NA,Y,-,-,N,NA,NA,NA,NA,NA,NA,NA,NA,NA,N,4,0,2,2,A,-,09,21802,A,N,-,-,A,-,-,-,-,-,0,NA,NA,NA,NA,Y,NA,A,01,0,0,2,0,0,0,0,0,0,-,-,NA,NA,LOS ANGELES,GLENDALE,-118.25787006,34.13576004
7124368,2015,2015-12-09,1925,2015-11-10,0814,24284,287,2,5,6,1925,0,0,0,NA,0,003,SAN FERNANDO RD,CARMEL ST,38,S,N,A,-,N,NA,NA,NA,NA,NA,NA,NA,NA,NA,N,4,0,1,2,A,-,03,22350,NA,N,C,C,A,A,H,-,A,D,0,NA,NA,NA,NA,Y,NA,A,01,0,0,1,0,0,0,0,0,0,-,-,NA,NA,LOS ANGELES,GLENDALE,-118.25343405,34.12232416
7124369,2015,2015-12-09,1925,2015-11-12,1326,14676,273,4,5,6,1925,0,0,0,NA,0,003,CHEVY CHASE,BRAND BL,175,E,N,A,B,N,NA,NA,NA,NA,NA,NA,NA,NA,NA,N,4,0,1,2,A,-,08,22102,NA,N,D,C,A,A,H,-,A,D,0,NA,NA,NA,NA,Y,NA,A,01,0,0,1,0,0,0,0,0,0,-,-,NA,NA,LOS ANGELES,GLENDALE,-118.25499,34.13351
7124370,2015,2015-12-09,1925,2015-11-06,0747,22598,287,5,5,6,1925,0,0,0,NA,0,003,SAN FERNANDO RD,GLENDALE AV,0,NA,Y,A,-,N,NA,NA,NA,NA,NA,NA,NA,NA,NA,Y,4,0,2,2,A,-,09,21801,A,N,D,C,A,A,H,-,A,A,0,NA,NA,NA,NA,Y,NA,A,01,0,0,2,0,0,0,0,0,0,-,-,NA,NA,LOS ANGELES,GLENDALE,-118.25395011,34.12279002
7124371,2015,2015-12-09,1925,2015-11-19,2328,22342,239,4,5,6,1925,0,0,0,NA,0,004,E BROADWAY,VERDUGO RD,24,W,N,A,-,N,NA,NA,NA,NA,NA,NA,NA,NA,NA,Y,4,0,2,2,A,-,09,21801,A,N,A,C,A,A,H,-,C,A,0,NA,NA,NA,NA,Y,NA,A,01,0,0,2,0,0,0,0,0,0,-,-,NA,NA,LOS ANGELES,GLENDALE,-118.23513916,34.14616
7124372,2015,2016-08-05,1942,2015-11-20,2015,41687,916,5,5,7,1942,0,0,0,NA,0,905,MAMMOTH AV,VANOWEN,300,N,N,A,-,N,NA,NA,NA,NA,NA,NA,NA,NA,NA,N,4,0,1,2,A,-,03,22350,NA,F,B,E,A,A,H,-,C,D,0,NA,NA,NA,NA,Y,NA,-,99,0,0,1,0,0,0,0,0,0,-,-,NA,NA,LOS ANGELES,LOS ANGELES,-118.43237,34.19476287
7124373,2015,2015-12-09,1942,2015-11-08,0945,30830,1796,7,5,7,1942,0,0,0,Q,0,16TL23,BALBOA BL,NAPA ST,501,S,N,A,-,N,NA,NA,NA,NA,NA,NA,NA,NA,NA,Y,4,0,2,2,A,-,07,21658,A,N,C,C,A,A,H,-,A,A,0,NA,NA,NA,NA,Y,NA,A,01,0,0,2,0,0,0,0,0,0,-,-,NA,NA,LOS ANGELES,LOS ANGELES,-118.50263,34.22530573
7124374,2015,2015-12-09,1942,2015-11-02,1210,33504,1752,1,5,7,1942,0,0,0,Q,0,9TL57,CANOGA AV,LASSEN ST,246,N,N,B,-,N,NA,NA,NA,NA,NA,NA,NA,NA,NA,Y,3,0,1,3,C,-,18,NA,NA,N,F,E,A,A,H,-,A,D,0,NA,NA,NA,NA,Y,NA,-,-,0,1,0,0,0,0,0,0,0,-,-,NA,NA,LOS ANGELES,LOS ANGELES,-118.59733383,34.25066422
7124375,2015,2016-08-05,1942,2015-11-03,1725,32319,1766,2,5,7,1942,0,0,0,Q,0,35M74,WILBUR AV,LASSEN ST,0,NA,Y,A,-,N,NA,NA,NA,NA,NA,NA,NA,NA,NA,Y,3,0,3,2,A,-,09,21801,A,N,D,C,A,A,H,-,C,A,0,NA,NA,NA,NA,Y,NA,A,01,0,1,2,0,0,0,0,0,0,-,-,NA,NA,LOS ANGELES,LOS ANGELES,-118.54484003,34.25000006
7124376,2015,2015-12-09,1942,2015-11-03,0840,38285,1794,2,5,7,1942,0,0,0,Q,0,10TI39,ROSCOE BL,WILBUR AV,0,NA,Y,A,-,N,NA,NA,NA,NA,NA,NA,NA,NA,NA,Y,2,0,1,2,A,-,06,21755,A,N,A,C,A,A,H,-,A,A,0,NA,NA,NA,NA,Y,NA,A,01,1,0,0,0,0,0,0,0,0,-,-,NA,NA,LOS ANGELES,LOS ANGELES,-118.54481001,34.22061007
7124377,2015,2015-12-09,1942,2015-11-03,0820,39643,1774,2,5,7,1942,0,0,0,Q,0,17A67,LASSEN ST,LINDLEY AV,0,NA,Y,A,-,N,NA,NA,NA,NA,NA,NA,NA,NA,NA,Y,4,0,2,3,A,-,12,21453,NA,N,D,C,A,A,H,-,A,A,0,NA,NA,NA,NA,Y,NA,A,07,0,0,2,0,0,0,0,0,0,-,-,NA,NA,LOS ANGELES,LOS ANGELES,-118.52735008,34.25000006
7124378,2015,2016-08-05,1942,2015-11-09,1255,38687,1799,1,5,7,1942,0,0,0,Q,0,19TL77,ROSCOE BL,ORION AV,250,E,N,A,-,N,NA,NA,NA,NA,NA,NA,NA,NA,NA,N,4,0,1,2,A,-,03,22350,NA,N,C,C,A,A,H,-,A,D,0,NA,NA,NA,NA,Y,NA,A,01,0,0,1,0,0,0,0,0,0,-,-,NA,NA,LOS ANGELES,LOS ANGELES,-118.47126448,34.22138
7124379,2015,2015-12-09,1942,2015-11-07,1255,26319,1759,6,5,7,1942,0,0,0,Q,0,19T74,LASSEN ST,HASKELL AV,0,NA,Y,A,-,N,NA,NA,NA,NA,NA,NA,NA,NA,NA,N,3,0,2,2,A,-,12,21453,A,N,D,C,A,A,H,-,A,A,0,NA,NA,NA,NA,Y,NA,A,01,0,2,0,0,0,0,0,0,0,-,-,NA,NA,LOS ANGELES,LOS ANGELES,-118.47617009,34.25010004
7124380,2015,2016-08-12,1942,2015-11-08,0240,38687,1723,7,5,7,1942,0,0,0,Q,0,19TL77,PORTER RANCH DR,RT 118,247,S,N,A,-,N,NA,NA,NA,NA,NA,NA,NA,NA,NA,Y,3,0,1,1,A,-,03,22350,NA,N,E,I,A,A,H,-,-,D,0,NA,NA,NA,NA,Y,NA,A,01,0,1,0,0,0,0,0,0,0,-,EF,NA,NA,LOS ANGELES,LOS ANGELES,-118.56960021,34.27290106
7124381,2015,2015-12-09,1942,2015-11-08,0830,38285,1795,7,5,7,1942,0,0,0,Q,0,10TI39,ROSCOE BL,ENCINO AV,610,E,N,A,-,N,NA,NA,NA,NA,NA,NA,NA,NA,NA,Y,3,0,1,1,A,-,03,22350,NA,N,E,I,A,A,H,-,A,D,0,NA,NA,NA,NA,Y,NA,A,01,0,1,0,0,0,0,0,0,0,-,-,NA,NA,LOS ANGELES,LOS ANGELES,-118.51279612,34.22109323
7124382,2015,2015-12-09,1942,2015-11-13,0910,33598,17A35,5,5,7,1942,0,0,0,Q,0,17A95,ROSCOE BL,BALBOA PL,438,E,N,A,-,N,NA,NA,NA,NA,NA,NA,NA,NA,NA,Y,4,0,4,2,A,-,09,21801,A,N,A,C,A,A,H,-,A,A,0,NA,NA,NA,NA,Y,NA,A,01,0,0,4,0,0,0,0,0,0,-,-,NA,NA,LOS ANGELES,LOS ANGELES,-118.49972859,34.22088331
7124383,2015,2015-12-09,1942,2015-11-21,1055,30830,1795,6,5,7,1942,0,0,0,Q,0,16TL23,PARTHENIA ST,ZELZAH AV,0,NA,Y,A,-,N,NA,NA,NA,NA,NA,NA,NA,NA,NA,Y,4,0,1,2,A,-,09,21801,A,N,A,C,A,A,H,-,A,A,0,NA,NA,NA,NA,Y,NA,A,01,0,0,1,0,0,0,0,0,0,-,-,NA,NA,LOS ANGELES,LOS ANGELES,-118.52307003,34.22864011
7124384,2015,2015-12-09,1942,2015-11-23,1500,40165,1721,1,5,7,1942,0,0,0,Q,0,15TL42,TOPANGA CYN BL,RONALD REAGAN FRWY,470,S,N,A,-,N,NA,NA,NA,NA,NA,NA,NA,NA,NA,Y,4,0,1,3,A,-,03,22350,NA,N,C,C,A,A,H,-,A,D,0,NA,NA,NA,NA,Y,NA,A,01,0,0,1,0,0,0,0,0,0,-,-,NA,NA,LOS ANGELES,LOS ANGELES,NA,NA
7124385,2015,2015-12-09,1942,2015-11-09,0820,37080,1771,1,5,7,1942,0,0,0,Q,0,21TL63,MASON AV,PRAIRIE ST,73,S,N,B,-,N,NA,NA,NA,NA,NA,NA,NA,NA,NA,Y,3,0,1,4,B,-,22,NA,NA,N,C,E,A,A,H,-,A,D,0,NA,NA,NA,NA,Y,NA,A,01,0,1,0,0,0,0,0,0,0,-,-,NA,NA,LOS ANGELES,LOS ANGELES,-118.57977243,34.23890975
7124386,2015,2015-12-09,1942,2015-11-07,1655,40193,1764,6,5,7,1942,0,0,0,Q,0,17TL14,TAMPA AV,PLUMMER ST,775,S,N,A,-,N,NA,NA,NA,NA,NA,NA,NA,NA,NA,N,4,0,1,2,B,-,22,NA,NA,N,D,C,A,A,H,-,C,D,0,NA,NA,NA,NA,Y,NA,A,01,0,0,1,0,0,0,0,0,0,-,-,NA,NA,LOS ANGELES,LOS ANGELES,-118.55359221,34.24060432
7124387,2015,2015-12-09,1942,2015-11-02,1450,36755,1756,1,5,7,1942,0,0,0,Q,0,10TL38,WHITE OAK AV,MERRIDY ST,0,NA,Y,A,-,N,NA,NA,NA,NA,NA,NA,NA,NA,NA,N,4,0,1,2,A,-,08,22103,NA,N,D,C,A,A,H,-,A,D,0,NA,NA,NA,NA,Y,NA,A,01,0,0,1,0,0,0,0,0,0,-,-,NA,NA,LOS ANGELES,LOS ANGELES,-118.51979,34.25219004
7124388,2015,2015-12-09,1942,2015-11-01,1040,33504,1763,7,5,7,1942,0,0,0,Q,0,9TL57,LASSEN ST,CORBIN AV,0,NA,Y,A,-,N,NA,NA,NA,NA,NA,NA,NA,NA,NA,Y,4,0,1,2,A,-,09,21801,A,N,A,C,A,A,H,-,A,A,0,NA,NA,NA,NA,Y,NA,A,01,0,0,1,0,0,0,0,0,0,-,-,NA,NA,LOS ANGELES,LOS ANGELES,-118.56231013,34.25000009
7124389,2015,2015-12-30,1942,2015-11-04,0655,38850,1715,3,5,7,1942,0,0,0,Q,0,19TL75,RINALDI ST,SHOSHONE AV,60,E,N,A,-,N,NA,NA,NA,NA,NA,NA,NA,NA,NA,Y,4,0,2,4,A,-,03,22350,NA,N,C,C,A,A,H,-,A,A,0,NA,NA,NA,NA,Y,NA,A,01,0,0,2,0,0,0,0,0,0,-,-,NA,NA,LOS ANGELES,LOS ANGELES,-118.51635173,34.27939
7124390,2015,2015-12-09,1942,2015-11-05,1710,39701,1767,4,5,7,1942,0,0,0,Q,0,9TL56,PLUMMER ST,WILBUR AV,0,NA,Y,A,-,N,NA,NA,NA,NA,NA,NA,NA,NA,NA,Y,3,0,2,3,A,-,09,21801,A,N,D,C,A,A,H,-,B,A,0,NA,NA,Y,NA,Y,NA,A,07,0,2,0,0,0,0,0,0,2,-,-,NA,NA,LOS ANGELES,LOS ANGELES,-118.54483002,34.24273009
7124391,2015,2015-12-30,1942,2015-11-05,1925,34332,1791,4,5,7,1942,0,0,0,Q,0,16T25,DE SOTO AV,PARTHENIA ST,220,N,N,A,-,N,NA,NA,NA,NA,NA,NA,NA,NA,NA,N,4,0,1,3,A,-,04,21703,NA,N,C,C,A,A,H,-,C,A,0,NA,NA,NA,NA,Y,NA,A,01,0,0,1,0,0,0,0,0,0,-,-,NA,NA,LOS ANGELES,LOS ANGELES,-118.58852,34.22881343
7124392,2015,2016-08-05,1942,2015-11-01,1030,35554,1713,7,5,7,1942,0,0,0,Q,0,17A67,RINALDI,RESEDA,0,NA,Y,-,-,N,NA,NA,NA,NA,NA,NA,NA,NA,NA,NA,4,0,1,2,A,-,09,21801,A,N,D,C,A,-,-,-,-,A,0,NA,NA,NA,NA,Y,NA,A,01,0,0,1,0,0,0,0,0,0,-,-,NA,NA,LOS ANGELES,LOS ANGELES,-118.53642001,34.27603011
7124393,2015,2015-12-14,1942,2015-11-02,1730,35554,1796,1,5,7,1942,0,0,0,Q,0,17A23,NORDHOFF ST,HAYVENHURST AV,0,NA,Y,C,-,N,NA,NA,NA,NA,NA,NA,NA,NA,NA,Y,4,0,1,2,A,-,09,21801,A,N,B,C,A,B,H,-,C,A,0,NA,NA,NA,NA,Y,NA,A,07,0,0,1,0,0,0,0,0,0,-,-,NA,NA,LOS ANGELES,LOS ANGELES,-118.49380012,34.23569008
7124394,2015,2015-12-09,1942,2015-11-02,0935,35329,1787,1,5,7,1942,0,0,0,Q,0,35ZL20,RESEDA BL,RAYEN ST,500,N,N,B,-,N,NA,NA,NA,NA,NA,NA,NA,NA,NA,Y,4,0,3,3,A,-,04,21703,NA,N,C,C,A,A,H,-,A,A,0,NA,NA,NA,NA,Y,NA,A,01,0,0,3,0,0,0,0,0,0,-,-,NA,NA,LOS ANGELES,LOS ANGELES,-118.53608,34.2332615
7124395,2015,2015-12-09,1942,2015-11-03,1750,39019,1708,2,5,7,1942,0,0,0,Q,0,17A49,BALBOA BL,PINERIDGE DR,10,S,N,A,-,N,NA,NA,NA,NA,NA,NA,NA,NA,NA,Y,4,0,1,2,A,-,04,21703,NA,N,C,D,A,A,H,-,C,A,0,NA,NA,NA,NA,Y,NA,A,01,0,0,1,0,0,0,0,0,0,-,-,NA,NA,LOS ANGELES,LOS ANGELES,-118.50216571,34.2931028
7124396,2015,2015-12-09,1942,2015-11-05,1125,41666,LOSAN,4,5,7,1942,0,0,0,NA,0,17A81,BALBOA BL,DEVONSHIRE ST,594,S,N,A,-,N,NA,NA,NA,NA,NA,NA,NA,NA,NA,N,3,0,1,2,A,-,-,NA,NA,N,D,G,A,A,H,-,A,D,0,NA,Y,NA,NA,Y,NA,L,04,0,1,0,0,0,0,1,0,0,-,-,34.15209,-118.30866,LOS ANGELES,LOS ANGELES,-118.50235,34.25591078
7124397,2015,2015-12-30,1942,2015-11-03,1740,38269,1794,2,5,7,1942,0,0,0,Q,0,10E4,WILBUR AV,ROSCOE BL,0,NA,Y,B,-,N,NA,NA,NA,NA,NA,NA,NA,NA,NA,N,3,0,2,3,A,-,10,21950,A,N,G,B,B,B,H,-,B,A,0,Y,NA,NA,NA,Y,NA,A,01,0,1,1,0,2,0,0,0,0,-,-,NA,NA,LOS ANGELES,LOS ANGELES,-118.54481001,34.22061007
7124398,2015,2015-12-09,1942,2015-11-06,0955,34796,1798,5,5,7,1942,0,0,0,Q,0,19A93,PARTHENIA ST,HASKELL AV,0,NA,Y,A,-,N,NA,NA,NA,NA,NA,NA,NA,NA,NA,Y,4,0,2,2,D,-,00,NA,NA,N,D,C,A,A,H,-,A,A,0,NA,NA,NA,NA,Y,NA,-,-,0,0,2,0,0,0,0,0,0,-,-,NA,NA,LOS ANGELES,LOS ANGELES,-118.47640008,34.22832002
7124399,2015,2015-12-09,1942,2015-11-09,1740,40141,1795,1,5,7,1942,0,0,0,Q,0,19TL76,BALBOA BL,AMESTOY AV,8,E,N,A,-,N,NA,NA,NA,NA,NA,NA,NA,NA,NA,Y,4,0,2,2,A,-,09,21801,A,N,D,C,A,A,H,-,C,A,0,NA,NA,NA,NA,Y,NA,A,07,0,0,2,0,0,0,0,0,0,-,-,NA,NA,LOS ANGELES,LOS ANGELES,-118.502129,34.278797
7124400,2015,2015-12-09,1942,2015-11-06,0805,39021,1768,5,5,7,1942,0,0,0,Q,0,9TL55,ENCINO AV,LASSEN ST,15,E,N,A,-,N,NA,NA,NA,NA,NA,NA,NA,NA,NA,N,3,0,1,2,A,-,10,21950,A,N,G,B,B,A,H,-,A,A,0,Y,NA,NA,NA,Y,NA,A,01,0,1,0,0,1,0,0,0,0,-,-,NA,NA,LOS ANGELES,LOS ANGELES,-118.51557,34.25032
7124401,2015,2015-12-03,1976,2015-10-29,0941,331,1976,4,5,3,1964,0,0,0,NA,0,003,S VALLEY VIEW AV,STAGE RD,29,N,N,A,-,N,NA,NA,NA,NA,NA,NA,NA,NA,NA,N,3,0,2,2,A,-,03,22350,NA,N,B,C,A,A,H,-,A,A,0,NA,NA,NA,NA,Y,NA,A,01,0,1,1,0,0,0,0,0,0,-,-,NA,NA,LOS ANGELES,SANTA FE SPRINGS,-118.02919114,33.89798951
7124413,2015,2015-12-04,1976,2015-11-02,1500,429,NA,1,5,3,1964,0,0,0,NA,0,00Z,FLORENCE AV,PIONEER BL,375,E,N,A,-,N,NA,NA,NA,NA,NA,NA,NA,NA,NA,N,4,0,1,2,D,-,00,NA,NA,N,H,G,A,A,H,-,A,D,0,NA,Y,NA,NA,Y,NA,-,-,0,0,1,0,0,0,1,0,0,-,-,NA,NA,LOS ANGELES,SANTA FE SPRINGS,-118.0806065,33.93531023
7124434,2015,2017-01-28,1923,2015-11-10,1319,492,ES318,2,5,3,1923,0,0,0,NA,0,ES3,SEPULVEDA BL,PARK PL,145,S,N,B,-,Y,LA,7,1,-,-,24.12,H,-,N,N,4,0,1,2,A,-,03,22350,NA,N,C,C,A,A,H,-,A,A,0,NA,NA,NA,NA,Y,NA,A,07,0,0,1,0,0,0,0,0,0,-,-,NA,NA,LOS ANGELES,EL SEGUNDO,-118.3961205,33.90477604
7124474,2015,2015-12-07,1955,2015-11-17,1538,40220,0080,2,5,6,1955,0,0,0,NA,0,005,WHITE AV,GRAND AV,105,S,N,A,-,N,NA,NA,NA,NA,NA,NA,NA,NA,NA,Y,4,0,2,2,A,-,09,21804,A,N,D,C,A,A,H,-,A,A,0,NA,NA,NA,NA,Y,NA,A,08,0,0,2,0,0,0,0,0,0,-,-,NA,NA,LOS ANGELES,POMONA,-117.75851,34.04733219
7124484,2015,2017-02-03,1900,2015-10-19,0710,526288,1334,1,5,5,1908,0,0,0,NA,0,133T1D,RT 19,ALONDRA BL,282,S,N,B,-,Y,LA,7,19,-,-,6.85,H,-,S,Y,4,0,1,3,A,-,09,21801,A,N,A,C,A,A,H,-,B,D,0,NA,NA,NA,NA,Y,NA,A,01,0,0,1,0,0,0,0,0,0,-,-,NA,NA,LOS ANGELES,BELLFLOWER,-118.14277827,33.88854037
7124487,2015,2015-12-02,1922,2015-10-28,1527,598,NA,3,5,6,1922,0,0,0,NA,0,NA,BALDWIN AV,CEDAR LN,50,N,N,A,-,N,NA,NA,NA,NA,NA,NA,NA,NA,NA,N,4,0,1,2,A,-,04,21703,NA,N,C,D,A,A,H,-,A,D,0,NA,NA,NA,NA,Y,NA,-,NA,0,0,1,0,0,0,0,0,0,-,-,NA,NA,LOS ANGELES,EL MONTE,-118.05359526,34.07678401