CASE_ID,ACCIDENT_YEAR,PROC_DATE,JURIS,COLLISION_DATE,COLLISION_TIME,OFFICER_ID,REPORTING_DISTRICT,DAY_OF_WEEK,CHP_SHIFT,POPULATION,CNTY_CITY_LOC,SPECIAL_COND,BEAT_TYPE,CHP_BEAT_TYPE,CITY_DIVISION_LAPD,CHP_BEAT_CLASS,BEAT_NUMBER,PRIMARY_RD,SECONDARY_RD,DISTANCE,DIRECTION,INTERSECTION,WEATHER_1,WEATHER_2,STATE_HWY_IND,CALTRANS_COUNTY,CALTRANS_DISTRICT,STATE_ROUTE,ROUTE_SUFFIX,POSTMILE_PREFIX,POSTMILE,LOCATION_TYPE,RAMP_INTERSECTION,SIDE_OF_HWY,TOW_AWAY,COLLISION_SEVERITY,NUMBER_KILLED,NUMBER_INJURED,PARTY_COUNT,PRIMARY_COLL_FACTOR,PCF_CODE_OF_VIOL,PCF_VIOL_CATEGORY,PCF_VIOLATION,PCF_VIOL_SUBSECTION,HIT_AND_RUN,TYPE_OF_COLLISION,MVIW,PED_ACTION,ROAD_SURFACE,ROAD_COND_1,ROAD_COND_2,LIGHTING,CONTROL_DEVICE,CHP_ROAD_TYPE,PEDESTRIAN_ACCIDENT,BICYCLE_ACCIDENT,MOTORCYCLE_ACCIDENT,TRUCK_ACCIDENT,NOT_PRIVATE_PROPERTY,ALCOHOL_INVOLVED,STWD_VEHTYPE_AT_FAULT,CHP_VEHTYPE_AT_FAULT,COUNT_SEVERE_INJ,COUNT_VISIBLE_INJ,COUNT_COMPLAINT_PAIN,COUNT_PED_KILLED,COUNT_PED_INJURED,COUNT_BICYCLIST_KILLED,COUNT_BICYCLIST_INJURED,COUNT_MC_KILLED,COUNT_MC_INJURED,PRIMARY_RAMP,SECONDARY_RAMP,LATITUDE,LONGITUDE,COUNTY,CITY,POINT_X,POINT_Y
7125158,2015,2015-12-03,1942,2015-11-08,1920,40055,1457,7,5,7,1942,0,0,0,N,0,14X56,CULVER,CENTINELA AV,40,E,N,A,-,N,NA,NA,NA,NA,NA,NA,NA,NA,NA,N,4,0,1,2,A,-,07,21658,A,N,H,G,A,A,H,-,C,A,0,NA,Y,NA,NA,Y,NA,L,04,0,0,1,0,0,0,1,0,0,-,-,NA,NA,LOS ANGELES,LOS ANGELES,-118.42113549,33.99134048
7125159,2015,2015-12-16,1942,2015-11-03,1350,41797,0245,2,5,7,1942,0,0,0,B,0,2A47,LAKE ST,7TH ST,0,NA,Y,A,-,N,NA,NA,NA,NA,NA,NA,NA,NA,NA,N,4,0,2,3,-,-,-,NA,NA,N,H,B,D,A,H,-,A,A,0,Y,NA,NA,NA,Y,NA,-,-,0,0,2,0,2,0,0,0,0,-,-,NA,NA,LOS ANGELES,LOS ANGELES,-118.27792011,34.05699002
7125161,2015,2015-12-03,1942,2015-11-12,1740,37700,1409,4,5,7,1942,0,0,0,N,0,14TL52,VENICE BL,HUGHES AV,0,NA,Y,A,-,N,NA,NA,NA,NA,NA,NA,NA,NA,NA,Y,3,0,3,2,A,-,09,21801,A,N,A,C,A,A,H,-,C,A,0,NA,NA,NA,NA,Y,NA,A,01,0,1,2,0,0,0,0,0,0,-,-,NA,NA,LOS ANGELES,LOS ANGELES,-118.39888007,34.02340001
7125162,2015,2017-02-01,1942,2015-11-06,1840,40460,1432,5,5,7,1942,0,0,0,N,0,20TL59,VICTORIA AV,LINCOLN BL,0,NA,Y,A,-,Y,LA,7,1,-,-,32.311,I,6,S,N,3,0,1,2,A,-,05,21650,1,N,H,G,A,A,H,-,D,A,0,NA,Y,NA,NA,Y,NA,L,04,0,1,0,0,0,0,1,0,0,-,-,NA,NA,LOS ANGELES,LOS ANGELES,-118.45500714,33.99508507
7125163,2015,2015-12-08,1942,2015-11-10,1920,41795,NORTH,2,5,7,1942,0,0,0,NA,0,11XL72,SAN FERNANDO,TYBURN,0,NA,Y,A,-,N,NA,NA,NA,NA,NA,NA,NA,NA,NA,N,4,0,1,2,A,-,05,21650,1,N,B,G,A,-,H,-,D,A,0,NA,Y,NA,NA,Y,NA,A,01,0,0,1,0,0,0,1,0,0,-,-,NA,NA,LOS ANGELES,LOS ANGELES,-118.25161009,34.12063005
7125165,2015,2015-12-02,1942,2015-11-13,1950,38721,1445,5,5,7,1942,0,0,0,N,0,14T47,VENICE BL,WADE ST,10,W,N,A,-,N,NA,NA,NA,NA,NA,NA,NA,NA,NA,Y,3,0,2,2,A,-,09,21801,A,N,D,C,A,A,H,-,C,D,0,NA,NA,NA,NA,Y,Y,A,01,0,1,1,0,0,0,0,0,0,-,-,NA,NA,LOS ANGELES,LOS ANGELES,-118.43811804,34.00149562
7125166,2015,2015-12-03,1942,2015-11-11,0855,32896,1434,3,5,7,1942,0,0,0,N,0,7TL23,MOORE ST,VENICE BL,0,NA,Y,A,-,N,NA,NA,NA,NA,NA,NA,NA,NA,NA,N,4,0,1,2,A,-,12,22450,A,N,D,G,A,A,H,-,A,A,0,NA,Y,NA,NA,Y,NA,A,01,0,0,1,0,0,0,1,0,0,-,-,NA,NA,LOS ANGELES,LOS ANGELES,-118.44049007,34.00029003
7125167,2015,2015-12-03,1942,2015-11-14,0445,32973,1112,6,5,7,1942,0,0,0,K,0,1T24,VERDUGO RD,MC CARTHY DR,0,S,N,A,-,N,NA,NA,NA,NA,NA,NA,NA,NA,NA,Y,3,0,1,2,A,-,08,22107,NA,N,B,E,A,A,H,-,C,D,0,NA,NA,NA,NA,Y,NA,A,01,0,1,0,0,0,0,0,0,0,-,-,NA,NA,LOS ANGELES,LOS ANGELES,-118.23313013,34.13212001
7125169,2015,2017-02-01,1942,2015-11-13,1720,37613,1474,5,5,7,1942,0,0,0,N,0,14TL54,LINCOLN BL,85TH ST,0,NA,Y,A,-,Y,LA,7,1,-,-,29.171,I,5,S,Y,4,0,2,2,A,-,09,21801,A,N,D,C,A,A,H,-,C,A,0,NA,NA,NA,NA,Y,NA,A,01,0,0,2,0,0,0,0,0,0,-,-,NA,NA,LOS ANGELES,LOS ANGELES,-118.42009665,33.9606334
7125170,2015,2017-02-01,1942,2015-11-02,1635,37700,1474,1,5,7,1942,0,0,0,N,0,20TL56,LINCOLN BL,83RD ST,0,NA,Y,B,-,Y,LA,7,1,-,-,29.371,I,5,N,Y,3,0,2,2,A,-,09,21801,A,N,A,C,A,B,H,-,A,A,0,NA,NA,NA,NA,Y,NA,A,01,0,1,1,0,0,0,0,0,0,-,-,NA,NA,LOS ANGELES,LOS ANGELES,-118.42171236,33.96276881
7125171,2015,2015-12-03,1942,2015-11-15,2020,30083,1151,7,5,7,1942,0,0,0,K,0,11T21,SUNSET BL,VERMONT AV,0,NA,Y,A,-,N,NA,NA,NA,NA,NA,NA,NA,NA,NA,Y,3,0,1,2,A,-,09,21801,A,N,D,C,A,A,H,-,C,A,0,NA,NA,NA,NA,Y,NA,A,07,0,1,0,0,0,0,0,0,0,-,-,NA,NA,LOS ANGELES,LOS ANGELES,-118.29177006,34.09815005
7125173,2015,2017-02-01,1942,2015-11-11,1735,38118,1432,3,5,7,1942,0,0,0,N,0,20TL58,LINCOLN BL,MARCO CT,58,S,N,A,-,Y,LA,7,1,-,-,32.43,H,-,S,N,3,0,1,2,C,-,18,NA,NA,N,H,G,A,A,H,-,C,D,0,NA,Y,NA,NA,Y,NA,-,-,0,1,0,0,0,0,1,0,0,-,-,NA,NA,LOS ANGELES,LOS ANGELES,-118.45683406,33.99596243
7125174,2015,2015-12-03,1942,2015-11-04,2000,38522,2029,3,5,7,1942,0,0,0,NA,0,6A79,3RD ST,COMMONWEALTH AV,0,NA,Y,A,-,N,NA,NA,NA,NA,NA,NA,NA,NA,NA,N,4,0,3,2,A,-,09,21801,A,N,D,C,A,A,H,-,C,D,0,NA,NA,NA,NA,Y,NA,A,08,0,0,3,0,0,0,0,0,0,-,-,NA,NA,LOS ANGELES,LOS ANGELES,-118.28572005,34.06896001
7125175,2015,2015-12-03,1942,2015-11-13,1620,34458,0441,5,5,7,1942,0,0,0,D,0,4TL4,GALLARDO ST,CESAR E CHAVEZ AV,0,NA,Y,A,-,N,NA,NA,NA,NA,NA,NA,NA,NA,NA,N,4,0,1,2,A,-,09,21802,A,N,D,C,A,A,H,-,A,D,0,NA,NA,NA,NA,Y,NA,A,07,0,0,1,0,0,0,0,0,0,-,-,NA,NA,LOS ANGELES,LOS ANGELES,-118.22383,34.0534801
7125177,2015,2015-12-03,1942,2015-11-15,1700,41376,1407,7,5,7,1942,0,0,0,N,0,14T54,MOTOR DR,WOODBINE ST,100,N,N,A,-,N,NA,NA,NA,NA,NA,NA,NA,NA,NA,N,4,0,1,2,A,-,08,22100,B,N,C,C,A,A,H,-,A,D,0,NA,NA,Y,NA,Y,NA,A,01,0,0,1,0,0,0,0,0,1,-,-,NA,NA,LOS ANGELES,LOS ANGELES,-118.40970357,34.02791775
7125178,2015,2017-02-01,1942,2015-11-12,2025,38921,1454,4,5,7,1942,0,0,0,N,0,20T59,LINCOLN BL,CULVER LOOP,28,N,N,A,-,Y,LA,7,1,-,-,30.449,I,5,N,N,4,0,1,2,A,-,05,21650,1,N,H,G,A,A,H,-,C,A,0,NA,Y,NA,NA,Y,NA,L,04,0,0,1,0,0,0,1,0,0,-,-,NA,NA,LOS ANGELES,LOS ANGELES,-118.43276513,33.97572905
7125179,2015,2015-12-03,1942,2015-11-10,1835,41745,0478,2,5,7,1942,0,0,0,D,0,4A66,7TH,LORENA,0,NA,Y,A,-,N,NA,NA,NA,NA,NA,NA,NA,NA,NA,N,4,0,1,2,A,-,08,22107,NA,N,D,C,A,A,H,-,C,A,0,NA,NA,NA,NA,Y,NA,-,NA,0,0,1,0,0,0,0,0,0,-,-,NA,NA,LOS ANGELES,LOS ANGELES,-118.20229007,34.0257001
7125181,2015,2015-12-16,1942,2015-11-06,1950,41179,1496,5,5,7,1942,0,0,0,N,0,6T7,96TH ST,JENNY AV,0,NA,Y,A,-,N,NA,NA,NA,NA,NA,NA,NA,NA,NA,Y,3,0,1,2,A,-,09,21801,A,N,A,C,A,A,H,-,C,A,0,NA,NA,NA,NA,Y,NA,A,01,0,1,0,0,0,0,0,0,0,-,-,NA,NA,LOS ANGELES,LOS ANGELES,-118.3892501,33.94885
7125182,2015,2015-12-03,1942,2015-11-05,0840,36553,1431,4,5,7,1942,0,0,0,N,0,14TL49,ABBOTT KINNEY BL,ANDALUSIA AV,240,N,N,A,-,N,NA,NA,NA,NA,NA,NA,NA,NA,NA,N,3,0,1,2,A,-,08,22107,NA,N,H,G,A,A,H,-,A,D,0,NA,Y,NA,NA,Y,NA,A,01,0,1,0,0,0,0,1,0,0,-,-,NA,NA,LOS ANGELES,LOS ANGELES,-118.4678161,33.99111168
7125183,2015,2015-12-03,1942,2015-11-04,2355,25115,0269,3,5,7,1942,0,0,0,B,0,11T21,8TH ST,GARLAND AV,21,W,N,A,-,N,NA,NA,NA,NA,NA,NA,NA,NA,NA,NA,2,0,1,2,A,-,11,21954,A,N,G,B,D,A,H,-,C,-,0,Y,NA,NA,NA,Y,NA,N,60,1,0,0,0,1,0,0,0,0,-,-,NA,NA,LOS ANGELES,LOS ANGELES,-118.26776174,34.049666
7125185,2015,2015-12-02,1942,2015-11-13,1850,41210,1416,5,5,7,1942,0,0,0,N,0,6T7,WALGROVE AV,WARREN AV,0,NA,Y,A,-,N,NA,NA,NA,NA,NA,NA,NA,NA,NA,N,4,0,1,4,A,-,03,22350,NA,N,C,C,A,A,H,-,C,A,0,NA,NA,NA,NA,Y,NA,A,07,0,0,1,0,0,0,0,0,0,-,-,NA,NA,LOS ANGELES,LOS ANGELES,-118.45534003,34.00902007
7125186,2015,2015-12-03,1942,2015-11-05,0740,36553,1454,4,5,7,1942,0,0,0,N,0,14TL49,LINCOLN BL,MAXELLA AV,330,N,N,A,-,N,NA,NA,NA,NA,NA,NA,NA,NA,NA,N,4,0,1,2,A,-,08,22107,NA,N,H,G,A,A,H,-,A,D,0,NA,Y,NA,NA,Y,NA,A,01,0,0,1,0,0,0,1,0,0,-,-,NA,NA,LOS ANGELES,LOS ANGELES,-118.44405332,33.98638369
7125187,2015,2015-12-03,1942,2015-11-04,0740,38124,1107,3,5,7,1942,0,0,0,K,0,13TL55,YOSEMITE DR,AVOCA ST,0,NA,Y,A,-,N,NA,NA,NA,NA,NA,NA,NA,NA,NA,N,4,0,1,2,A,-,09,21800,NA,N,D,C,A,A,H,-,A,A,0,NA,NA,NA,NA,Y,NA,-,-,0,0,1,0,0,0,0,0,0,-,-,NA,NA,LOS ANGELES,LOS ANGELES,-118.19591008,34.13274003
7125189,2015,2015-12-03,1942,2015-11-10,1640,41376,0645,2,5,7,1942,0,0,0,F,0,14T52,LA BREA AV,SUNSET BL,30,S,N,A,-,N,NA,NA,NA,NA,NA,NA,NA,NA,NA,N,3,0,1,2,A,-,11,21954,A,N,G,B,D,A,H,-,B,D,0,Y,NA,NA,NA,Y,NA,N,60,0,1,0,0,1,0,0,0,0,-,-,NA,NA,LOS ANGELES,LOS ANGELES,-118.34413892,34.09789772
7125190,2015,2017-02-03,1942,2015-11-01,1620,38013,1454,7,5,7,1942,0,0,0,N,0,8TL28,CULVER BL,MARINA FWY,0,NA,Y,A,-,Y,LA,7,90,-,-,1.869,R,4,E,Y,3,0,2,2,A,-,09,21801,NA,N,A,C,A,A,H,-,A,D,0,NA,NA,NA,NA,Y,NA,A,01,0,1,1,0,0,0,0,0,0,-,-,NA,NA,LOS ANGELES,LOS ANGELES,-118.42648465,33.9811511
7125191,2015,2015-12-03,1942,2015-11-13,0810,31152,1184,5,5,7,1942,0,0,0,K,0,11TL25,LAVETA TR,SUNSET BL,5,N,N,A,-,N,NA,NA,NA,NA,NA,NA,NA,NA,NA,N,4,0,1,2,A,-,10,21950,A,N,G,B,B,A,H,-,A,A,0,Y,NA,NA,NA,Y,NA,A,07,0,0,1,0,1,0,0,0,0,-,-,NA,NA,LOS ANGELES,LOS ANGELES,-118.25627194,34.07630196
7125193,2015,2015-12-03,1942,2015-11-10,1650,39175,0659,2,5,7,1942,0,0,0,F,0,6A31,NORMANDIE,HOLLYWOOD BL,600,S,N,A,-,N,NA,NA,NA,NA,NA,NA,NA,NA,NA,Y,4,0,2,2,A,-,09,21801,A,N,D,C,A,A,H,-,A,D,0,NA,NA,NA,NA,Y,NA,A,01,0,0,2,0,0,0,0,0,0,-,-,NA,NA,LOS ANGELES,LOS ANGELES,-118.3005396,34.10010456
7125194,2015,2015-12-03,1942,2015-11-07,2045,41131,14,6,5,7,1942,0,0,0,N,0,14A,S BUNDY DR,OCEAN PARK BL,0,NA,Y,A,-,N,NA,NA,NA,NA,NA,NA,NA,NA,NA,Y,3,0,1,2,A,-,09,21801,A,N,D,C,A,A,H,-,C,A,0,NA,NA,Y,NA,Y,NA,A,01,0,1,0,0,0,0,0,0,0,-,-,NA,NA,LOS ANGELES,LOS ANGELES,-118.44632001,34.02447006
7125195,2015,2015-12-03,1942,2015-11-10,2310,33182,1137,2,5,7,1942,0,0,0,K,0,11A37,MONTE VISTA ST,AVENUE 51,150,N,N,A,-,N,NA,NA,NA,NA,NA,NA,NA,NA,NA,Y,4,0,3,4,A,-,09,21804,B,N,B,C,A,A,H,-,C,D,0,NA,NA,NA,NA,Y,NA,A,01,0,0,3,0,0,0,0,0,0,-,-,NA,NA,LOS ANGELES,LOS ANGELES,-118.20201129,34.10804503
7125197,2015,2017-01-28,1942,2015-11-05,0600,38323,1465,4,5,7,1942,0,0,0,N,0,14A73,JEFFERSON,RT 405,5,S,N,A,-,Y,LA,7,405,-,-,26.076,R,4,S,N,4,0,1,2,A,-,04,21703,NA,N,C,C,A,A,-,-,A,A,0,NA,NA,NA,NA,Y,NA,A,01,0,0,1,0,0,0,0,0,0,-,SF,NA,NA,LOS ANGELES,LOS ANGELES,-118.40046017,33.98931101
7125198,2015,2017-02-02,1942,2015-11-03,1915,37511,1446,2,5,7,1942,0,0,0,N,0,7TL23,VENICE BL,INGLEWOOD AV,100,W,N,B,-,Y,LA,7,187,-,-,5.08,H,-,W,Y,4,0,2,3,A,-,03,22350,NA,N,C,C,A,A,H,-,C,D,0,NA,NA,NA,NA,Y,NA,A,01,0,0,2,0,0,0,0,0,0,-,-,NA,NA,LOS ANGELES,LOS ANGELES,-118.42929192,34.006112
7125199,2015,2015-12-03,1942,2015-11-10,0750,41866,1172,2,5,7,1942,0,0,0,K,0,11A51,SILVERLAKE BL,BERKELEY AV,0,NA,Y,A,-,N,NA,NA,NA,NA,NA,NA,NA,NA,NA,N,4,0,1,2,A,-,10,21950,A,N,G,B,B,A,H,-,A,A,0,Y,NA,NA,NA,Y,Y,A,01,0,0,1,0,1,0,0,0,0,-,-,NA,NA,LOS ANGELES,LOS ANGELES,-118.27014002,34.08674005
7125229,2015,2015-12-18,1942,2015-09-26,1950,39299,0738,6,5,7,1942,0,0,0,G,0,7T23,HIGHLAND AV,WILSHIRE BL,0,NA,Y,A,-,N,NA,NA,NA,NA,NA,NA,NA,NA,NA,N,3,0,2,2,A,-,01,23152,A,N,C,C,A,A,H,-,C,D,0,NA,NA,NA,NA,Y,Y,A,01,0,1,1,0,0,0,0,0,0,-,-,NA,NA,LOS ANGELES,LOS ANGELES,-118.33849008,34.06212001
7125233,2015,2015-12-18,1942,2015-09-24,0030,41924,0785,4,5,7,1942,0,0,0,G,0,7A85,PICO BL,LA CIENEGA BL,5,E,N,A,-,N,NA,NA,NA,NA,NA,NA,NA,NA,NA,N,4,0,1,2,A,-,03,22350,NA,N,C,C,A,A,H,-,C,A,0,NA,NA,NA,NA,Y,NA,A,07,0,0,1,0,0,0,0,0,0,-,-,NA,NA,LOS ANGELES,LOS ANGELES,-118.37615393,34.05333699
7125237,2015,2015-12-18,1942,2015-09-28,1440,34959,0734,1,5,7,1942,0,0,0,G,0,7T38,COLGATE AV,FAIRFAX AV,0,NA,Y,A,-,N,NA,NA,NA,NA,NA,NA,NA,NA,NA,N,4,0,1,2,A,-,10,21950,A,N,G,B,B,A,H,-,A,D,0,Y,NA,NA,NA,Y,NA,A,01,0,0,1,0,1,0,0,0,0,-,-,NA,NA,LOS ANGELES,LOS ANGELES,-118.36141002,34.06904008
7125245,2015,2015-12-18,1942,2015-09-25,2000,38380,0788,5,5,7,1942,0,0,0,G,0,7T23,CRENSHAW BL,23RD ST,0,NA,Y,A,-,N,NA,NA,NA,NA,NA,NA,NA,NA,NA,N,4,0,1,2,A,-,09,21802,A,N,D,C,A,A,H,-,C,A,0,NA,NA,NA,NA,Y,NA,A,01,0,0,1,0,0,0,0,0,0,-,-,NA,NA,LOS ANGELES,LOS ANGELES,-118.33281,34.03676
7125364,2015,2015-12-04,1942,2015-11-09,1210,40145,1513,1,5,7,1942,0,0,0,O,0,15TL42,WHITSETT AV,VICTORY BL,0,NA,Y,A,-,N,NA,NA,NA,NA,NA,NA,NA,NA,NA,Y,4,0,2,2,A,-,00,21453,2,N,D,C,A,A,H,-,A,A,0,NA,NA,NA,NA,Y,NA,A,01,0,0,2,0,0,0,0,0,0,-,-,NA,NA,LOS ANGELES,LOS ANGELES,-118.40526011,34.18668004
7125372,2015,2015-12-04,1942,2015-11-21,0010,31652,1583,6,5,7,1942,0,0,0,O,0,19T73,VENTURA BL,CARPENTER AV,150,W,N,D,-,N,NA,NA,NA,NA,NA,NA,NA,NA,NA,Y,3,0,1,2,A,-,11,21954,A,N,G,B,D,A,H,-,C,D,0,Y,NA,NA,NA,Y,Y,N,60,0,1,0,0,1,0,0,0,0,-,-,NA,NA,LOS ANGELES,LOS ANGELES,-118.39121939,34.14287445
7125380,2015,2015-12-31,1942,2015-11-18,0935,41249,932,3,5,7,1942,0,0,0,NA,0,9A37,VICTORY BL,KESTER AV,0,NA,Y,A,-,N,NA,NA,NA,NA,NA,NA,NA,NA,NA,N,4,0,2,3,A,-,12,21453,A,N,D,C,A,A,H,-,A,A,0,NA,NA,NA,NA,Y,NA,A,01,0,0,2,0,0,0,0,0,0,-,-,NA,NA,LOS ANGELES,LOS ANGELES,-118.45745,34.18666011
7125388,2015,2015-12-31,1942,2015-11-06,0150,41198,1512,5,5,7,1942,0,0,0,O,0,17TL17,SHERMAN WY,BELLAIRE AV,240,E,N,A,-,N,NA,NA,NA,NA,NA,NA,NA,NA,NA,Y,4,0,1,2,A,-,07,21658,A,N,D,E,A,A,H,-,C,A,0,NA,NA,NA,Y,Y,NA,A,08,0,0,1,0,0,0,0,0,0,-,-,NA,NA,LOS ANGELES,LOS ANGELES,-118.40863774,34.2012
7125392,2015,2017-01-28,1942,2015-11-16,1620,33700,1547,1,5,7,1942,0,0,0,O,0,35M45,MAGNOLIA BL,RT 170,65,E,N,A,-,Y,LA,7,170,-,R,15.262,R,4,S,N,4,0,1,2,A,-,03,22350,NA,N,C,C,A,A,H,-,A,A,0,NA,NA,NA,NA,Y,NA,D,22,0,0,1,0,0,0,0,0,0,-,-,NA,NA,LOS ANGELES,LOS ANGELES,-118.38217345,34.16343042
7125400,2015,2015-12-04,1942,2015-11-10,1631,34116,2158,2,5,7,1942,0,0,0,NA,0,21P57,VICTORY,CANOGA,300,W,N,A,-,N,NA,NA,NA,NA,NA,NA,NA,NA,NA,Y,4,0,1,2,A,-,08,22107,NA,N,E,I,A,A,H,-,A,D,0,NA,NA,NA,NA,Y,NA,A,01,0,0,1,0,0,0,0,0,0,-,-,NA,NA,LOS ANGELES,LOS ANGELES,-118.59846743,34.18831409
7125404,2015,2015-12-07,1942,2015-01-09,1545,34116,2146,5,5,7,1942,0,0,0,NA,0,21A57,VANOWEN,CANOGA,0,NA,Y,A,-,N,NA,NA,NA,NA,NA,NA,NA,NA,NA,Y,4,0,1,2,A,-,09,21801,B,N,A,C,A,A,H,-,A,A,0,NA,NA,NA,NA,Y,NA,D,22,0,0,1,0,0,0,0,0,0,-,-,NA,NA,LOS ANGELES,LOS ANGELES,-118.5974801,34.19375006
7125408,2015,2015-12-04,1942,2015-11-09,1319,56353,2175,1,5,7,1942,0,0,0,NA,0,19772,VENTURA BL,SHOUP AV,0,NA,Y,A,-,N,NA,NA,NA,NA,NA,NA,NA,NA,NA,N,4,0,1,2,A,-,12,21453,A,N,D,C,A,A,H,-,A,A,0,NA,NA,NA,NA,Y,NA,A,01,0,0,1,0,0,0,0,0,0,-,-,NA,NA,LOS ANGELES,LOS ANGELES,-118.61448004,34.16879009
7125412,2015,2015-12-04,1942,2015-11-20,1215,39701,2113,5,5,7,1942,0,0,0,NA,0,1215,FALLBROOK AV,BALTAR ST,24,N,N,A,-,N,NA,NA,NA,NA,NA,NA,NA,NA,NA,Y,4,0,1,4,A,-,03,22350,NA,N,C,C,A,A,H,-,A,D,0,NA,NA,NA,NA,Y,NA,D,22,0,0,1,0,0,0,0,0,0,-,-,NA,NA,LOS ANGELES,LOS ANGELES,-118.62344042,34.21649584
7125424,2015,2015-12-04,1942,2015-11-06,1655,33987,16,5,5,7,1942,0,0,0,P,0,16A35,DRONFIELD AV,CARL ST,0,NA,Y,A,-,N,NA,NA,NA,NA,NA,NA,NA,NA,NA,N,4,0,2,2,A,-,08,22103,NA,N,D,C,A,A,H,-,A,D,0,NA,NA,NA,NA,Y,NA,A,01,0,0,2,0,0,0,0,0,0,-,-,NA,NA,LOS ANGELES,LOS ANGELES,-118.40403001,34.27740011
7125428,2015,2015-12-04,1942,2015-11-14,0950,30830,1675,6,5,7,1942,0,0,0,P,0,16TL23,GLENOAKS BL,PENDLETON ST,0,NA,Y,A,-,N,NA,NA,NA,NA,NA,NA,NA,NA,NA,Y,4,0,1,3,A,-,09,21801,A,N,D,C,A,A,H,-,A,A,0,NA,NA,NA,NA,Y,NA,D,22,0,0,1,0,0,0,0,0,0,-,-,NA,NA,LOS ANGELES,LOS ANGELES,-118.37450008,34.23745008
7125432,2015,2015-12-04,1942,2015-11-04,0630,36257,1623,3,5,7,1942,0,0,0,P,0,15TL45,GLENOAKS BL,VAN NUYS BL,150,N,N,A,-,N,NA,NA,NA,NA,NA,NA,NA,NA,NA,N,4,0,1,2,A,-,09,21801,A,N,A,C,A,A,H,-,A,D,0,NA,NA,Y,NA,Y,NA,D,22,0,0,1,0,0,0,0,0,1,-,-,NA,NA,LOS ANGELES,LOS ANGELES,-118.41201167,34.27400298
7125436,2015,2015-12-03,1942,2015-11-04,0805,39021,1668,3,5,7,1942,0,0,0,P,0,9TL55,FOOTHILL BL,MCCLEMONT AV,50,W,N,A,-,N,NA,NA,NA,NA,NA,NA,NA,NA,NA,N,4,0,2,2,A,-,04,21703,NA,N,C,C,A,A,H,-,A,D,0,NA,NA,NA,NA,Y,NA,A,01,0,0,2,0,0,0,0,0,0,-,-,NA,NA,LOS ANGELES,LOS ANGELES,-118.29569107,34.25297341
7125439,2015,2016-01-05,1942,2015-11-06,0840,39021,1591,5,5,7,1942,0,0,0,O,0,9TL55,LAUREL CANYON BL,MAXWELLTON RD,100,S,N,A,-,N,NA,NA,NA,NA,NA,NA,NA,NA,NA,Y,4,0,2,2,D,-,00,NA,NA,N,B,C,A,A,H,-,A,A,0,NA,NA,NA,Y,Y,NA,-,-,0,0,2,0,0,0,0,0,0,-,-,NA,NA,LOS ANGELES,LOS ANGELES,-118.39422584,34.14072713
7125440,2015,2015-12-04,1942,2015-11-18,1835,40080,2114,3,5,7,1942,0,0,0,NA,0,21X18,ROSCOE BL,TOPANGA,0,NA,Y,A,-,N,NA,NA,NA,NA,NA,NA,NA,NA,NA,Y,4,0,2,2,A,-,04,21703,NA,N,C,C,A,A,H,-,C,D,0,NA,NA,NA,NA,Y,NA,A,01,0,0,2,0,0,0,0,0,0,-,-,NA,NA,LOS ANGELES,LOS ANGELES,-118.606,34.21963
7125441,2015,2015-12-03,1942,2015-11-09,1500,34922,1512,1,5,7,1942,0,0,0,O,0,15A21,BELLAIRE AV,N SHERMAN WAY,500,N,N,B,-,N,NA,NA,NA,NA,NA,NA,NA,NA,NA,N,4,0,3,2,A,-,09,21804,NA,N,D,C,A,A,H,-,A,D,0,NA,NA,NA,NA,Y,NA,D,22,0,0,3,0,0,0,0,0,0,-,-,NA,NA,LOS ANGELES,LOS ANGELES,-118.40943507,34.20257139
7125443,2015,2015-12-04,1942,2015-11-07,1800,40193,1515,6,5,7,1942,0,0,0,O,0,17TL14,SHERMAN WY,LAUREL CANYON BL,190,E,N,A,-,N,NA,NA,NA,NA,NA,NA,NA,NA,NA,Y,4,0,4,2,A,-,04,21703,NA,N,C,C,A,A,H,-,C,A,0,NA,NA,NA,NA,Y,NA,A,07,0,0,4,0,0,0,0,0,0,-,-,NA,NA,LOS ANGELES,LOS ANGELES,-118.39588664,34.20060246
7125444,2015,2015-12-04,1942,2015-11-10,2355,39281,1921,2,5,7,1942,0,0,0,NA,0,15TL45,ROXFORD ST,ENCINITAS AV,0,NA,Y,A,-,N,NA,NA,NA,NA,NA,NA,NA,NA,NA,Y,4,0,1,2,A,-,01,23152,A,N,D,C,A,A,H,-,C,A,0,NA,NA,NA,NA,Y,Y,A,01,0,0,1,0,0,0,0,0,0,-,-,NA,NA,LOS ANGELES,LOS ANGELES,-118.47886008,34.3038301
7125445,2015,2016-08-09,1942,2015-11-15,1640,32781,1526,7,5,7,1942,0,0,0,O,0,15A33,VICTORY BL,BECK AV,0,NA,Y,B,-,N,NA,NA,NA,NA,NA,NA,NA,NA,NA,N,4,0,1,2,A,-,12,21453,A,N,-,C,A,A,H,-,B,A,0,NA,NA,NA,NA,Y,NA,A,01,0,0,1,0,0,0,0,0,0,-,-,NA,NA,LOS ANGELES,LOS ANGELES,-118.38341002,34.18669007
7125447,2015,2015-12-04,1942,2015-11-11,0645,30452,1514,3,5,7,1942,0,0,0,O,0,9TL53,LAUREL CANYON BL,ARCHWOOD ST,0,NA,Y,A,-,N,NA,NA,NA,NA,NA,NA,NA,NA,NA,Y,4,0,3,2,A,-,09,21801,A,N,D,C,A,A,H,-,A,A,0,NA,NA,NA,NA,Y,NA,A,01,0,0,3,0,0,0,0,0,0,-,-,NA,NA,LOS ANGELES,LOS ANGELES,-118.39651014,34.19211003