CASE_ID,ACCIDENT_YEAR,PROC_DATE,JURIS,COLLISION_DATE,COLLISION_TIME,OFFICER_ID,REPORTING_DISTRICT,DAY_OF_WEEK,CHP_SHIFT,POPULATION,CNTY_CITY_LOC,SPECIAL_COND,BEAT_TYPE,CHP_BEAT_TYPE,CITY_DIVISION_LAPD,CHP_BEAT_CLASS,BEAT_NUMBER,PRIMARY_RD,SECONDARY_RD,DISTANCE,DIRECTION,INTERSECTION,WEATHER_1,WEATHER_2,STATE_HWY_IND,CALTRANS_COUNTY,CALTRANS_DISTRICT,STATE_ROUTE,ROUTE_SUFFIX,POSTMILE_PREFIX,POSTMILE,LOCATION_TYPE,RAMP_INTERSECTION,SIDE_OF_HWY,TOW_AWAY,COLLISION_SEVERITY,NUMBER_KILLED,NUMBER_INJURED,PARTY_COUNT,PRIMARY_COLL_FACTOR,PCF_CODE_OF_VIOL,PCF_VIOL_CATEGORY,PCF_VIOLATION,PCF_VIOL_SUBSECTION,HIT_AND_RUN,TYPE_OF_COLLISION,MVIW,PED_ACTION,ROAD_SURFACE,ROAD_COND_1,ROAD_COND_2,LIGHTING,CONTROL_DEVICE,CHP_ROAD_TYPE,PEDESTRIAN_ACCIDENT,BICYCLE_ACCIDENT,MOTORCYCLE_ACCIDENT,TRUCK_ACCIDENT,NOT_PRIVATE_PROPERTY,ALCOHOL_INVOLVED,STWD_VEHTYPE_AT_FAULT,CHP_VEHTYPE_AT_FAULT,COUNT_SEVERE_INJ,COUNT_VISIBLE_INJ,COUNT_COMPLAINT_PAIN,COUNT_PED_KILLED,COUNT_PED_INJURED,COUNT_BICYCLIST_KILLED,COUNT_BICYCLIST_INJURED,COUNT_MC_KILLED,COUNT_MC_INJURED,PRIMARY_RAMP,SECONDARY_RAMP,LATITUDE,LONGITUDE,COUNTY,CITY,POINT_X,POINT_Y
7125448,2015,2015-12-04,1942,2015-11-02,0700,38687,1685,1,5,7,1942,0,0,0,P,0,19TL77,PENROSE ST,TELFAIR AV,275,E,N,B,-,N,NA,NA,NA,NA,NA,NA,NA,NA,NA,N,4,0,1,2,A,-,01,23152,A,N,A,E,A,A,H,-,A,D,0,NA,NA,NA,NA,Y,NA,A,01,0,0,1,0,0,0,0,0,0,-,-,NA,NA,LOS ANGELES,LOS ANGELES,-118.38070231,34.222402
7125449,2015,2016-01-21,1942,2015-11-06,1300,39096,1675,5,5,7,1942,0,0,0,P,0,10TL34,PENROSE ST,BRADLEY AV,340,W,N,A,-,N,NA,NA,NA,NA,NA,NA,NA,NA,NA,Y,4,0,1,4,A,-,09,21804,A,N,D,C,A,A,H,-,A,D,0,NA,NA,NA,Y,Y,NA,A,01,0,0,1,0,0,0,0,0,0,-,-,NA,NA,LOS ANGELES,LOS ANGELES,-118.37454661,34.22690816
7125451,2015,2015-12-07,1942,2015-11-12,0950,38285,1596,4,5,7,1942,0,0,0,O,0,10TL39,VENTURA BL,RIDGEMOOR DR,0,W,N,A,-,N,NA,NA,NA,NA,NA,NA,NA,NA,NA,Y,4,0,2,2,A,-,07,21658,A,N,B,C,A,A,H,-,A,A,0,NA,NA,NA,NA,Y,NA,-,-,0,0,2,0,0,0,0,0,0,-,-,NA,NA,LOS ANGELES,LOS ANGELES,-118.38054003,34.13953012
7125452,2015,2015-12-04,1942,2015-11-13,2145,41198,1003,5,5,7,1942,0,0,0,J,0,10T35,ROSCOE BL,RESEDA BL,40,W,N,A,-,N,NA,NA,NA,NA,NA,NA,NA,NA,NA,Y,4,0,2,2,A,-,01,23152,A,N,C,C,A,A,H,-,C,A,0,NA,NA,NA,NA,Y,Y,A,01,0,0,2,0,0,0,0,0,0,-,-,NA,NA,LOS ANGELES,LOS ANGELES,-118.53621206,34.22074776
7125455,2015,2015-12-04,1942,2015-11-12,0810,38850,1512,4,5,7,1942,0,0,0,O,0,19TL75,BELLAIRE AV,GAULT ST,0,NA,Y,A,-,N,NA,NA,NA,NA,NA,NA,NA,NA,NA,Y,3,0,1,2,A,-,09,21802,A,N,D,C,A,A,H,-,A,D,0,NA,NA,NA,NA,Y,NA,A,01,0,1,0,0,0,0,0,0,0,-,-,NA,NA,LOS ANGELES,LOS ANGELES,-118.40943011,34.19935001
7125456,2015,2015-12-04,1942,2015-11-06,2130,32774,2107,5,5,7,1942,0,0,0,NA,0,21T61,DE SOTO AV,ROSCOE BL,30,N,N,A,-,N,NA,NA,NA,NA,NA,NA,NA,NA,NA,N,4,0,2,2,A,-,03,22350,NA,N,C,C,A,A,H,-,C,D,0,NA,NA,NA,NA,Y,NA,A,01,0,0,2,0,0,0,0,0,0,-,-,NA,NA,LOS ANGELES,LOS ANGELES,-118.58849,34.2200223
7125459,2015,2015-12-04,1942,2015-11-03,1325,25098,RD,2,5,7,1942,0,0,0,NA,0,15X64,COLFAX AV,MORRISON ST,20,N,N,A,-,N,NA,NA,NA,NA,NA,NA,NA,NA,NA,N,4,0,1,3,A,-,03,22350,NA,N,C,C,A,A,H,-,A,D,0,NA,NA,NA,NA,Y,NA,A,01,0,0,1,0,0,0,0,0,0,-,-,NA,NA,LOS ANGELES,LOS ANGELES,-118.38775096,34.16045485
7125460,2015,2015-12-04,1942,2015-11-06,1245,40193,2146,5,5,7,1942,0,0,0,NA,0,17TL14,OWENSMOUTH AV,VANOWEN ST,0,NA,Y,A,-,N,NA,NA,NA,NA,NA,NA,NA,NA,NA,N,3,0,1,2,A,-,09,21801,A,N,D,C,A,A,H,-,A,A,0,NA,NA,Y,NA,Y,NA,C,02,0,1,0,0,0,0,0,0,1,-,-,NA,NA,LOS ANGELES,LOS ANGELES,-118.60152006,34.19376006
7125463,2015,2015-12-04,1942,2015-11-15,1305,38996,1519,7,5,7,1942,0,0,0,O,0,16TL28,KITTRIDGE ST,VINELAND AV,0,NA,Y,B,-,N,NA,NA,NA,NA,NA,NA,NA,NA,NA,N,3,0,3,2,A,-,09,21801,A,N,A,C,A,A,H,-,A,A,0,NA,NA,NA,NA,Y,NA,A,08,0,1,2,0,0,0,0,0,0,-,-,NA,NA,LOS ANGELES,LOS ANGELES,-118.37033009,34.19029003
7125464,2015,2015-12-04,1942,2015-11-05,1115,39021,2146,4,5,7,1942,0,0,0,NA,0,9TL55,VASSAR AV,SHERMAN WY,0,NA,Y,A,-,N,NA,NA,NA,NA,NA,NA,NA,NA,NA,Y,4,0,1,2,A,-,09,21804,A,N,D,C,A,A,H,-,A,D,0,NA,NA,NA,NA,Y,NA,A,01,0,0,1,0,0,0,0,0,0,-,-,NA,NA,LOS ANGELES,LOS ANGELES,-118.60438004,34.2010201
7125467,2015,2015-12-04,1942,2015-11-11,2130,36599,1522,3,5,7,1942,0,0,0,O,0,15T43,SHERMAN WY,COLDWATER CANYON AV,0,NA,Y,A,-,N,NA,NA,NA,NA,NA,NA,NA,NA,NA,Y,4,0,1,2,A,-,12,21453,A,N,A,C,A,A,H,-,C,A,0,NA,NA,NA,NA,Y,NA,A,01,0,0,1,0,0,0,0,0,0,-,-,NA,NA,LOS ANGELES,LOS ANGELES,-118.41380014,34.20119004
7125468,2015,2015-12-04,1942,2015-11-05,1750,39473,2189,4,5,7,1942,0,0,0,NA,0,16TL24,VENTURA BL,DEL MORENO DR,0,NA,Y,A,-,N,NA,NA,NA,NA,NA,NA,NA,NA,NA,N,4,0,1,2,A,-,09,21801,A,N,A,C,A,A,H,-,A,A,0,NA,NA,NA,NA,Y,NA,A,01,0,0,1,0,0,0,0,0,0,-,-,NA,NA,LOS ANGELES,LOS ANGELES,-118.57492007,34.16953007
7125469,2015,2015-12-03,1942,2015-11-17,1040,30830,1599,2,5,7,1942,0,0,0,O,0,16TL23,CAHUENGA BL W,UNIVERSAL CENTER DR,0,NA,Y,A,-,N,NA,NA,NA,NA,NA,NA,NA,NA,NA,N,4,0,1,2,A,-,03,22350,NA,N,C,C,A,A,H,-,A,D,0,NA,NA,NA,NA,Y,NA,D,22,0,0,1,0,0,0,0,0,0,-,-,NA,NA,LOS ANGELES,LOS ANGELES,NA,NA
7125471,2015,2015-12-04,1942,2015-11-12,0700,38850,1512,4,5,7,1942,0,0,0,O,0,19TL75,SHERMAN WY,BELLAIRE AV,30,E,N,A,-,N,NA,NA,NA,NA,NA,NA,NA,NA,NA,N,4,0,1,2,A,-,03,22350,NA,N,C,C,A,A,H,-,A,A,0,NA,NA,NA,NA,Y,NA,A,01,0,0,1,0,0,0,0,0,0,-,-,NA,NA,LOS ANGELES,LOS ANGELES,-118.40933097,34.2012
7125472,2015,2015-12-04,1942,2015-11-04,1320,26319,2156,3,5,7,1942,0,0,0,NA,0,19TL74,VICTORY BL,OWENSMOUTH AV,150,E,N,A,-,N,NA,NA,NA,NA,NA,NA,NA,NA,NA,N,3,0,1,2,A,-,09,21804,A,N,D,C,A,A,H,-,A,D,0,NA,NA,Y,NA,Y,NA,A,01,0,1,0,0,0,0,0,0,1,-,-,NA,NA,LOS ANGELES,LOS ANGELES,-118.60105504,34.18781314
7125475,2015,2017-01-28,1942,2015-11-14,1915,34332,1532,6,5,7,1942,0,0,0,O,0,16T25,VICTORY BL,RT 170,70,E,N,A,-,Y,LA,7,170,-,R,17.447,R,4,S,Y,4,0,3,2,A,-,03,22350,NA,N,C,C,A,A,H,-,C,A,0,NA,NA,NA,NA,Y,NA,A,07,0,0,3,0,0,0,0,0,0,-,SO,NA,NA,LOS ANGELES,LOS ANGELES,-118.40198312,34.18945177
7125476,2015,2015-12-04,1942,2015-11-21,1820,37353,2175,6,5,7,1942,0,0,0,NA,0,19TL72,VENTURA BL,SHOUP AV,200,W,N,A,-,N,NA,NA,NA,NA,NA,NA,NA,NA,NA,N,4,0,4,3,A,-,04,21703,NA,N,C,C,A,A,H,-,C,D,0,NA,NA,NA,NA,Y,NA,A,01,0,0,4,0,0,0,0,0,0,-,-,NA,NA,LOS ANGELES,LOS ANGELES,-118.61510512,34.16861392
7125479,2015,2015-12-04,1942,2015-11-13,0835,38850,1562,5,5,7,1942,0,0,0,O,0,18TL75,COLDWATER CANYON AV,HORTENSE ST,0,NA,Y,A,-,N,NA,NA,NA,NA,NA,NA,NA,NA,NA,Y,4,0,1,2,A,-,09,21802,A,N,D,C,A,A,H,-,A,D,0,NA,NA,NA,NA,Y,NA,A,01,0,0,1,0,0,0,0,0,0,-,-,NA,NA,LOS ANGELES,LOS ANGELES,-118.41378008,34.15492003
7125480,2015,2015-12-04,1942,2015-11-01,1259,41976,2143,7,5,7,1942,0,0,0,NA,0,21A42,SHERMAN WY,ETON AV,60,E,N,A,-,N,NA,NA,NA,NA,NA,NA,NA,NA,NA,N,4,0,1,2,A,-,08,22107,NA,N,D,G,A,A,H,-,A,D,0,NA,Y,NA,NA,Y,NA,-,NA,0,0,1,0,0,0,1,0,0,-,-,NA,NA,LOS ANGELES,LOS ANGELES,-118.5952819,34.20108
7125481,2015,2015-12-03,1942,2015-11-16,1800,39448,1641,1,5,7,1942,0,0,0,P,0,16A23,LAUREL CANYON,TERRA BELLA,0,NA,Y,A,-,N,NA,NA,NA,NA,NA,NA,NA,NA,NA,Y,4,0,2,2,A,-,01,23153,A,N,C,C,A,A,H,-,C,A,0,NA,NA,NA,NA,Y,Y,A,01,0,0,2,0,0,0,0,0,0,-,-,NA,NA,LOS ANGELES,LOS ANGELES,-118.42580003,34.25283005
7125483,2015,2015-12-04,1942,2015-11-08,2150,38857,1994,7,5,7,1942,0,0,0,NA,0,10T37,ROSCOE BL,LENNOX AV,384,W,N,A,-,N,NA,NA,NA,NA,NA,NA,NA,NA,NA,Y,4,0,2,3,A,-,01,23152,A,N,B,C,A,A,H,-,C,A,0,NA,NA,NA,NA,Y,NA,A,01,0,0,2,0,0,0,0,0,0,-,-,NA,NA,LOS ANGELES,LOS ANGELES,-118.44722797,34.22158
7125484,2015,2015-12-04,1942,2015-11-02,1717,41976,2159,1,5,7,1942,0,0,0,NA,0,21A42,CORBIN AV,VICTORY BL,0,NA,Y,C,-,N,NA,NA,NA,NA,NA,NA,NA,NA,NA,Y,4,0,1,2,A,-,09,21801,A,N,A,C,A,B,H,-,C,A,0,NA,NA,NA,NA,Y,NA,-,NA,0,0,1,0,0,0,0,0,0,-,-,NA,NA,LOS ANGELES,LOS ANGELES,-118.56221003,34.18658007
7125487,2015,2015-12-04,1942,2015-11-21,2350,31652,2157,6,5,7,1942,0,0,0,NA,0,19T73,VANOWEN ST,DESOTO AV,0,NA,Y,A,-,N,NA,NA,NA,NA,NA,NA,NA,NA,NA,Y,4,0,1,2,A,-,01,23152,A,N,D,C,A,A,H,-,C,A,0,NA,NA,NA,NA,Y,Y,A,01,0,0,1,0,0,0,0,0,0,-,-,NA,NA,LOS ANGELES,LOS ANGELES,-118.5884201,34.19379001
7125488,2015,2015-12-04,1942,2015-11-02,1020,41155,2105,1,5,7,1942,0,0,0,NA,0,21A1,CANOGA AV,SHOENBORN ST,0,NA,Y,B,-,N,NA,NA,NA,NA,NA,NA,NA,NA,NA,Y,3,0,2,2,A,-,09,21804,NA,N,A,C,A,A,H,-,A,A,0,NA,NA,NA,NA,Y,NA,-,NA,0,1,1,0,0,0,0,0,0,-,-,NA,NA,LOS ANGELES,LOS ANGELES,-118.59752003,34.22092011
7125490,2015,2015-12-03,1955,2015-11-21,1623,41897,0085,6,5,6,1955,0,0,0,NA,0,004,S PALOMARES ST,PHILLIPS BL,0,NA,Y,A,-,N,NA,NA,NA,NA,NA,NA,NA,NA,NA,Y,4,0,2,2,A,-,09,21800,A,N,D,C,A,A,H,-,C,A,0,NA,NA,NA,NA,Y,Y,A,01,0,0,2,0,0,0,0,0,0,-,-,NA,NA,LOS ANGELES,POMONA,-117.74527008,34.04430011
7125491,2015,2015-12-04,1942,2015-11-02,1755,37500,1543,1,5,7,1942,0,0,0,O,0,15A67,LAUREL CANYON BL,CHANDLER BL,100,S,N,C,-,N,NA,NA,NA,NA,NA,NA,NA,NA,NA,N,4,0,1,2,A,-,11,21955,NA,N,A,B,D,B,H,-,C,A,0,Y,NA,NA,NA,Y,NA,N,60,0,0,1,0,1,0,0,0,0,-,-,NA,NA,LOS ANGELES,LOS ANGELES,-118.3965,34.16838572
7125492,2015,2015-12-04,1942,2015-11-08,0900,38687,2149,7,5,7,1942,0,0,0,NA,0,19TL77,VANOWEN ST,CORBIN AV,72,E,N,A,-,N,NA,NA,NA,NA,NA,NA,NA,NA,NA,Y,3,0,4,4,A,-,03,22350,NA,N,C,C,A,A,H,-,A,D,0,NA,NA,NA,NA,Y,NA,A,01,0,1,3,0,0,0,0,0,0,-,-,NA,NA,LOS ANGELES,LOS ANGELES,-118.56201231,34.19382
7125495,2015,2015-12-04,1942,2015-11-03,1410,41749,1512,2,5,7,1942,0,0,0,O,0,15A33,BELLAIRE AV,SHERMAN WY,120,N,N,B,-,N,NA,NA,NA,NA,NA,NA,NA,NA,NA,Y,4,0,1,2,A,-,09,21804,NA,N,B,C,A,A,H,-,A,D,0,NA,NA,NA,NA,Y,NA,A,01,0,0,1,0,0,0,0,0,0,-,-,NA,NA,LOS ANGELES,LOS ANGELES,-118.40943,34.20152914
7125496,2015,2015-12-04,1942,2015-11-01,0645,38285,2137,7,5,7,1942,0,0,0,NA,0,10TL39,DE SOTO AV,SATICOY ST,0,NA,Y,A,-,N,NA,NA,NA,NA,NA,NA,NA,NA,NA,Y,4,0,1,2,A,-,12,21453,A,N,D,C,A,A,H,-,A,A,0,NA,NA,NA,NA,Y,NA,-,-,0,0,1,0,0,0,0,0,0,-,-,NA,NA,LOS ANGELES,LOS ANGELES,-118.58848007,34.2083301
7125499,2015,2015-12-04,1942,2015-11-03,1910,34561,1503,2,5,7,1942,0,0,0,O,0,9T55,LAUREL CANYON BL,VANOWEN ST,0,NA,Y,A,-,N,NA,NA,NA,NA,NA,NA,NA,NA,NA,Y,4,0,2,2,A,-,09,21801,A,N,D,C,A,A,H,-,C,A,0,NA,NA,NA,NA,Y,NA,A,07,0,0,2,0,0,0,0,0,0,-,-,NA,NA,LOS ANGELES,LOS ANGELES,-118.39652012,34.19395009
7125500,2015,2015-12-04,1942,2015-11-20,1115,38285,2183,5,5,7,1942,0,0,0,NA,0,10TL39,FALLBROOK AV,DEL VALLE ST,0,NA,Y,A,-,N,NA,NA,NA,NA,NA,NA,NA,NA,NA,Y,4,0,1,2,A,-,04,21703,NA,N,C,C,A,A,H,-,A,D,0,NA,NA,NA,NA,Y,NA,A,07,0,0,1,0,0,0,0,0,0,-,-,NA,NA,LOS ANGELES,LOS ANGELES,-118.62328003,34.1650301
7125502,2015,2015-12-03,1955,2015-11-13,1445,42129,0014,5,5,6,1955,0,0,0,NA,0,003,SAN ANTONIO AV,ALVARADO ST,29,N,N,A,-,N,NA,NA,NA,NA,NA,NA,NA,NA,NA,N,4,0,1,2,A,-,21,22106,NA,N,B,C,A,A,H,-,A,A,0,NA,NA,NA,NA,Y,NA,D,22,0,0,1,0,0,0,0,0,0,-,-,NA,NA,LOS ANGELES,POMONA,-117.7366613,34.06785948
7125503,2015,2015-12-04,1942,2015-11-05,1130,36320,1543,4,5,7,1942,0,0,0,O,0,15A1,BURBANK BL,RHODES AV,0,NA,Y,A,-,N,NA,NA,NA,NA,NA,NA,NA,NA,NA,Y,3,0,1,2,A,-,04,21703,NA,N,C,C,A,A,H,-,A,D,0,NA,NA,NA,NA,Y,NA,A,01,0,1,0,0,0,0,0,0,0,-,-,NA,NA,LOS ANGELES,LOS ANGELES,-118.40315014,34.17214003
7125504,2015,2015-12-04,1942,2015-11-06,1825,41146,NA,5,5,7,1942,0,0,0,NA,0,21X46,FALLBROOK AV,SYLVAN ST,10,S,N,G,-,N,NA,NA,NA,NA,NA,NA,NA,NA,NA,Y,4,0,2,2,A,-,09,21801,A,N,A,C,A,A,H,-,C,D,0,NA,NA,NA,NA,Y,NA,A,07,0,0,2,0,0,0,0,0,0,-,-,NA,NA,LOS ANGELES,LOS ANGELES,-118.62337,34.18459257
7125507,2015,2015-12-04,1942,2015-11-04,1100,38285,1521,3,5,7,1942,0,0,0,O,0,10TI39,VICTORY BL,LAUREL CANYON BL,0,NA,Y,A,-,N,NA,NA,NA,NA,NA,NA,NA,NA,NA,Y,4,0,1,2,A,-,09,21801,A,N,D,C,A,A,H,-,A,A,0,NA,NA,NA,NA,Y,NA,A,01,0,0,1,0,0,0,0,0,0,-,-,NA,NA,LOS ANGELES,LOS ANGELES,-118.39651002,34.18668005
7125508,2015,2016-08-09,1942,2015-11-01,0215,38842,LA,7,5,7,1942,0,0,0,NA,0,21A57,VANOWEN ST,OSO,700,E,N,A,-,N,NA,NA,NA,NA,NA,NA,NA,NA,NA,Y,4,0,1,3,A,-,03,22350,NA,N,C,E,A,A,H,-,B,D,0,NA,NA,NA,NA,Y,NA,-,NA,0,0,1,0,0,0,0,0,0,-,-,NA,NA,LOS ANGELES,LOS ANGELES,-118.57301955,34.19378902
7125509,2015,2015-12-03,1955,2015-11-06,2330,42042,0006,5,5,6,1955,0,0,0,NA,0,001,HOLT AV,PARK AV,18,W,N,A,-,N,NA,NA,NA,NA,NA,NA,NA,NA,NA,N,3,0,1,2,A,-,12,21453,A,F,G,B,B,-,H,-,C,A,0,Y,NA,NA,NA,Y,NA,D,22,0,1,0,0,1,0,0,0,0,-,-,NA,NA,LOS ANGELES,POMONA,-117.75471924,34.06227818
7125511,2015,2015-12-04,1942,2015-11-05,1030,40141,1566,4,5,7,1942,0,0,0,O,0,19TL76,MOORPARK ST,VINELAND AV,196,E,N,A,-,N,NA,NA,NA,NA,NA,NA,NA,NA,NA,Y,4,0,2,2,A,-,09,21801,A,N,D,C,A,A,H,-,A,D,0,NA,NA,NA,NA,Y,NA,A,01,0,0,2,0,0,0,0,0,0,-,-,NA,NA,LOS ANGELES,LOS ANGELES,-118.36967357,34.15037
7125512,2015,2017-01-28,1942,2015-11-19,2140,34332,1547,4,5,7,1942,0,0,0,O,0,16T25,MAGNOLIA BL,RT 170,0,NA,Y,A,-,Y,LA,7,170,-,R,15.262,R,4,S,Y,4,0,2,2,A,-,09,21801,A,N,D,C,A,A,H,-,C,A,0,NA,NA,NA,NA,Y,NA,A,01,0,0,2,0,0,0,0,0,0,-,-,NA,NA,LOS ANGELES,LOS ANGELES,-118.38217345,34.16343042
7125514,2015,2015-12-03,1955,2015-11-17,2218,40347,0049,2,5,6,1955,0,0,0,NA,0,001,WHITE AV,LAUREL AV,75,N,N,A,-,N,NA,NA,NA,NA,NA,NA,NA,NA,NA,Y,3,0,1,4,A,-,01,23152,A,N,C,E,A,A,H,-,C,A,0,NA,NA,NA,NA,Y,Y,A,01,0,1,0,0,0,0,0,0,0,-,-,NA,NA,LOS ANGELES,POMONA,-117.75911541,34.06441553
7125515,2015,2015-12-04,1942,2015-11-04,1450,40141,1545,3,5,7,1942,0,0,0,O,0,19TL76,COLFAX AV,MAGNOLIA BL,0,NA,Y,A,-,N,NA,NA,NA,NA,NA,NA,NA,NA,NA,Y,3,0,1,2,A,-,09,21801,A,N,D,C,A,A,H,-,A,A,0,NA,NA,NA,NA,Y,NA,-,NA,0,1,0,0,0,0,0,0,0,-,-,NA,NA,LOS ANGELES,LOS ANGELES,-118.38778007,34.16489
7125516,2015,2015-12-04,1942,2015-11-22,1055,30830,2133,7,5,7,1942,0,0,0,NA,0,16TL23,SHERMAN WY,FALLBROOK AV,244,E,N,A,-,N,NA,NA,NA,NA,NA,NA,NA,NA,NA,Y,4,0,2,4,A,-,03,22350,NA,N,D,C,A,A,H,-,A,D,0,NA,NA,NA,NA,Y,NA,A,01,0,0,2,0,0,0,0,0,0,-,-,NA,NA,LOS ANGELES,LOS ANGELES,-118.6226148,34.20101
7125519,2015,2015-12-04,1942,2015-11-05,1645,40165,1560,4,5,7,1942,0,0,0,O,0,15TL42,MOORPARK ST,LANKERSHIM,565,W,N,A,-,N,NA,NA,NA,NA,NA,NA,NA,NA,NA,N,3,0,1,2,A,-,09,21804,A,N,D,C,A,A,H,-,B,D,0,NA,NA,Y,NA,Y,NA,A,01,0,1,0,0,0,0,0,0,0,-,-,NA,NA,LOS ANGELES,LOS ANGELES,-118.36773387,34.15038981
7125520,2015,2016-08-05,1942,2015-11-02,0800,41642,2136,1,5,7,1942,0,0,0,NA,0,21A73,CANOGA AV,VALERIO ST,0,NA,Y,B,-,N,NA,NA,NA,NA,NA,NA,NA,NA,NA,Y,3,0,3,3,A,-,12,21453,A,N,B,G,A,A,H,-,A,A,0,NA,Y,NA,NA,Y,NA,-,NA,0,3,0,0,0,0,1,0,0,-,-,NA,NA,LOS ANGELES,LOS ANGELES,-118.59752005,34.20463008
7125521,2015,2015-12-04,1942,2015-11-21,0755,30830,1667,6,5,7,1942,0,0,0,P,0,16TL23,SUNLAND BL,WHEATLAND AV,0,NA,Y,A,-,N,NA,NA,NA,NA,NA,NA,NA,NA,NA,Y,4,0,2,2,A,-,09,21801,A,N,D,C,A,A,H,-,A,A,0,NA,NA,NA,NA,Y,NA,A,01,0,0,2,0,0,0,0,0,0,-,-,NA,NA,LOS ANGELES,LOS ANGELES,-118.35746007,34.24705002
7125522,2015,2015-12-04,1942,2015-11-13,2035,31652,1562,5,5,7,1942,0,0,0,O,0,19T73,WHITSETT AV,KLING ST,15,S,N,A,-,N,NA,NA,NA,NA,NA,NA,NA,NA,NA,N,3,0,1,2,A,-,03,22350,NA,F,C,C,A,A,H,-,C,D,0,NA,NA,NA,NA,Y,NA,-,99,0,1,0,0,0,0,0,0,0,-,-,NA,NA,LOS ANGELES,LOS ANGELES,-118.40526,34.15576886
7125523,2015,2015-12-14,1942,2015-10-31,0450,41927,1633,6,5,7,1942,0,0,0,P,0,16A23,BORDEN AV,TERRA BELLA ST,288,N,N,A,-,N,NA,NA,NA,NA,NA,NA,NA,NA,NA,N,2,0,1,1,B,-,22,NA,NA,N,G,B,A,A,H,-,C,D,0,NA,NA,NA,NA,Y,NA,D,22,1,0,0,0,0,0,0,0,0,-,-,NA,NA,LOS ANGELES,LOS ANGELES,-118.4027461,34.27068481
7125525,2015,2015-12-04,1942,2015-11-05,0805,39021,1681,4,5,7,1942,0,0,0,P,0,9TL55,ROSCOE BL,WHITSETT AV,45,E,N,A,-,N,NA,NA,NA,NA,NA,NA,NA,NA,NA,N,4,0,1,3,A,-,03,22350,NA,N,C,C,A,A,H,-,A,A,0,NA,NA,NA,NA,Y,NA,A,01,0,0,1,0,0,0,0,0,0,-,-,NA,NA,LOS ANGELES,LOS ANGELES,-118.40512142,34.22166
7125526,2015,2016-02-16,1942,2015-11-17,1610,40165,1562,2,5,7,1942,0,0,0,O,0,15TL42,VENTURA BL,WHITSETT AV,370,E,N,A,-,N,NA,NA,NA,NA,NA,NA,NA,NA,NA,N,4,0,2,2,A,-,03,22350,NA,F,C,C,A,A,H,-,A,D,0,NA,NA,NA,NA,Y,NA,-,99,0,0,2,0,0,0,0,0,0,-,-,NA,NA,LOS ANGELES,LOS ANGELES,-118.403966,34.14278698
7125529,2015,2015-12-04,1942,2015-11-12,1800,40193,1612,4,5,7,1942,0,0,0,P,0,17TL14,GLENOAKS BL,PAXTON ST,0,NA,Y,A,-,N,NA,NA,NA,NA,NA,NA,NA,NA,NA,N,4,0,3,2,A,-,04,21703,NA,N,C,C,A,A,H,-,C,A,0,NA,NA,NA,NA,Y,NA,A,07,0,0,3,0,0,0,0,0,0,-,-,NA,NA,LOS ANGELES,LOS ANGELES,-118.41801,34.27965007
7125530,2015,2015-12-04,1942,2015-11-17,0520,38687,1545,2,5,7,1942,0,0,0,O,0,19TL77,LANKERSHIM BL,VICTORY BL,0,NA,Y,A,-,N,NA,NA,NA,NA,NA,NA,NA,NA,NA,Y,4,0,1,2,A,-,12,21453,A,F,D,C,A,A,H,-,B,A,0,NA,NA,NA,NA,Y,NA,A,07,0,0,1,0,0,0,0,0,0,-,-,NA,NA,LOS ANGELES,LOS ANGELES,-118.38779008,34.18668011
7125533,2015,2015-12-04,1942,2015-11-22,1130,40165,1562,7,5,7,1942,0,0,0,O,0,15TL42,COLDWATER CANYON BL,MILBANK ST,112,N,N,A,-,N,NA,NA,NA,NA,NA,NA,NA,NA,NA,Y,4,0,1,3,A,-,09,21804,A,N,D,C,A,A,H,-,A,D,0,NA,NA,NA,NA,Y,NA,A,01,0,0,1,0,0,0,0,0,0,-,-,NA,NA,LOS ANGELES,LOS ANGELES,-118.41379,34.1535772
7125534,2015,2015-12-04,1942,2015-11-17,2000,37304,1549,2,5,7,1942,0,0,0,O,0,10T37,VINELAND AV,BURBANK BL,0,NA,Y,A,-,N,NA,NA,NA,NA,NA,NA,NA,NA,NA,Y,4,0,2,2,A,-,09,21801,A,N,B,C,A,A,H,-,C,A,0,NA,NA,NA,NA,Y,NA,A,01,0,0,2,0,0,0,0,0,0,-,-,NA,NA,LOS ANGELES,LOS ANGELES,-118.3703,34.17216011
7125537,2015,2015-12-04,1942,2015-11-12,1700,35481,1645,4,5,7,1942,0,0,0,P,0,9TL54,AIRPARK WY,ORBITAL WY,40,N,N,A,-,N,NA,NA,NA,NA,NA,NA,NA,NA,NA,Y,3,0,1,1,A,-,03,22350,NA,N,E,I,A,A,H,-,C,D,0,NA,NA,NA,NA,Y,NA,A,01,0,1,0,0,0,0,0,0,0,-,-,NA,NA,LOS ANGELES,LOS ANGELES,-118.41194207,34.26467224
7125538,2015,2015-12-04,1942,2015-11-20,0720,38980,1555,5,5,7,1942,0,0,0,O,0,15TL1,LANKERSHIM BL,LA MAIDA ST,75,S,N,A,-,N,NA,NA,NA,NA,NA,NA,NA,NA,NA,NA,4,0,2,2,A,-,09,21801,A,N,D,C,A,A,H,-,A,D,0,NA,NA,NA,NA,Y,NA,A,07,0,0,2,0,0,0,0,0,0,-,-,NA,NA,LOS ANGELES,LOS ANGELES,-118.37082955,34.15861592