CASE_ID,ACCIDENT_YEAR,PROC_DATE,JURIS,COLLISION_DATE,COLLISION_TIME,OFFICER_ID,REPORTING_DISTRICT,DAY_OF_WEEK,CHP_SHIFT,POPULATION,CNTY_CITY_LOC,SPECIAL_COND,BEAT_TYPE,CHP_BEAT_TYPE,CITY_DIVISION_LAPD,CHP_BEAT_CLASS,BEAT_NUMBER,PRIMARY_RD,SECONDARY_RD,DISTANCE,DIRECTION,INTERSECTION,WEATHER_1,WEATHER_2,STATE_HWY_IND,CALTRANS_COUNTY,CALTRANS_DISTRICT,STATE_ROUTE,ROUTE_SUFFIX,POSTMILE_PREFIX,POSTMILE,LOCATION_TYPE,RAMP_INTERSECTION,SIDE_OF_HWY,TOW_AWAY,COLLISION_SEVERITY,NUMBER_KILLED,NUMBER_INJURED,PARTY_COUNT,PRIMARY_COLL_FACTOR,PCF_CODE_OF_VIOL,PCF_VIOL_CATEGORY,PCF_VIOLATION,PCF_VIOL_SUBSECTION,HIT_AND_RUN,TYPE_OF_COLLISION,MVIW,PED_ACTION,ROAD_SURFACE,ROAD_COND_1,ROAD_COND_2,LIGHTING,CONTROL_DEVICE,CHP_ROAD_TYPE,PEDESTRIAN_ACCIDENT,BICYCLE_ACCIDENT,MOTORCYCLE_ACCIDENT,TRUCK_ACCIDENT,NOT_PRIVATE_PROPERTY,ALCOHOL_INVOLVED,STWD_VEHTYPE_AT_FAULT,CHP_VEHTYPE_AT_FAULT,COUNT_SEVERE_INJ,COUNT_VISIBLE_INJ,COUNT_COMPLAINT_PAIN,COUNT_PED_KILLED,COUNT_PED_INJURED,COUNT_BICYCLIST_KILLED,COUNT_BICYCLIST_INJURED,COUNT_MC_KILLED,COUNT_MC_INJURED,PRIMARY_RAMP,SECONDARY_RAMP,LATITUDE,LONGITUDE,COUNTY,CITY,POINT_X,POINT_Y
7126184,2015,2015-12-02,1942,2015-10-10,2350,41415,0646,6,5,7,1942,0,0,0,F,0,6L90,SUNSET BL,WILCOX AV,10,W,N,A,-,N,NA,NA,NA,NA,NA,NA,NA,NA,NA,N,4,0,1,2,A,-,17,22517,NA,N,H,C,A,A,H,-,C,D,0,NA,NA,NA,NA,Y,NA,-,NA,0,0,1,0,0,0,0,0,0,-,-,NA,NA,LOS ANGELES,LOS ANGELES,-118.33103297,34.09799
7126187,2015,2015-12-02,1942,2015-10-01,1915,42017,0646,4,5,7,1942,0,0,0,F,0,6A49,SUNSET BL,SEWARD ST,0,NA,Y,A,-,N,NA,NA,NA,NA,NA,NA,NA,NA,NA,Y,4,0,1,2,A,-,09,21801,A,N,D,C,A,A,H,-,C,A,0,NA,NA,NA,NA,Y,NA,A,01,0,0,1,0,0,0,0,0,0,-,-,NA,NA,LOS ANGELES,LOS ANGELES,-118.33319008,34.09799005
7126188,2015,2015-12-02,1942,2015-10-10,1620,38145,0645,6,5,7,1942,0,0,0,F,0,6A31,HOLLYWOOD BL,CERRITO PL,0,NA,Y,A,-,N,NA,NA,NA,NA,NA,NA,NA,NA,NA,N,4,0,1,2,A,-,08,22107,NA,N,B,C,A,A,H,-,A,A,0,NA,NA,NA,NA,Y,NA,A,01,0,0,1,0,0,0,0,0,0,-,-,NA,NA,LOS ANGELES,LOS ANGELES,-118.34471,34.10153
7126191,2015,2015-12-02,1942,2015-10-01,1315,37857,0647,4,5,7,1942,0,0,0,F,0,20A1,SUNSET BL,MORNINGSIDE CT,35,W,N,A,-,N,NA,NA,NA,NA,NA,NA,NA,NA,NA,N,4,0,1,2,A,-,07,21658,A,N,B,C,A,A,H,-,A,A,0,NA,NA,Y,NA,Y,Y,A,01,0,0,1,0,0,0,0,0,1,-,-,NA,NA,LOS ANGELES,LOS ANGELES,-118.32787539,34.098
7126192,2015,2015-12-02,1942,2015-10-12,0755,40452,0747,1,5,7,1942,0,0,0,G,0,6TL11,CITRUS AV,OLYMPIC BL,0,NA,Y,A,-,N,NA,NA,NA,NA,NA,NA,NA,NA,NA,N,3,0,1,2,A,-,08,22107,NA,N,D,G,A,A,H,-,A,D,0,NA,Y,NA,NA,Y,NA,A,01,0,1,0,0,0,0,1,0,0,-,-,NA,NA,LOS ANGELES,LOS ANGELES,-118.34128001,34.05714005
7126195,2015,2015-12-02,1942,2015-10-07,0930,40913,632,3,5,7,1942,0,0,0,NA,0,6A31W2,SELMA AV,FAIRFAX AV,0,NA,Y,A,-,N,NA,NA,NA,NA,NA,NA,NA,NA,NA,N,3,0,2,2,A,-,09,21801,A,N,D,C,A,A,D,-,A,D,0,NA,NA,NA,NA,Y,NA,A,01,0,1,1,0,0,0,0,0,0,-,-,NA,NA,LOS ANGELES,LOS ANGELES,-118.36157003,34.09989007
7126196,2015,2015-12-02,1942,2015-10-11,1105,35945,0636,7,5,7,1942,0,0,0,F,0,14TL49,FRANKLIN AV,GRACE AV,15,W,N,A,-,N,NA,NA,NA,NA,NA,NA,NA,NA,NA,Y,3,0,1,2,A,-,05,21460,A,N,A,C,A,A,H,-,A,A,0,NA,NA,NA,NA,Y,NA,A,01,0,1,0,0,0,0,0,0,0,-,-,NA,NA,LOS ANGELES,LOS ANGELES,-118.33225946,34.10523
7126199,2015,2015-12-02,1942,2015-10-03,0155,41602,0645,6,5,7,1942,0,0,0,F,0,6X32,FRANKLIN AV,ORCHID AV,45,W,N,A,-,N,NA,NA,NA,NA,NA,NA,NA,NA,NA,Y,4,0,3,2,A,-,03,22350,A,F,C,C,A,A,H,-,C,A,0,NA,NA,NA,NA,Y,NA,-,99,0,0,3,0,0,0,0,0,0,-,-,NA,NA,LOS ANGELES,LOS ANGELES,-118.34035837,34.10413
7126200,2015,2015-12-02,1942,2015-10-12,1015,40452,0721,1,5,7,1942,0,0,0,G,0,6TL11,ROBERTSON BL,3RD ST,0,NA,Y,A,-,N,NA,NA,NA,NA,NA,NA,NA,NA,NA,Y,4,0,1,2,A,-,12,21453,A,N,D,C,A,A,H,-,A,A,0,NA,NA,NA,NA,Y,NA,A,01,0,0,1,0,0,0,0,0,0,-,-,NA,NA,LOS ANGELES,LOS ANGELES,-118.38378002,34.07361011
7126203,2015,2015-12-02,1942,2015-10-02,0400,25495,0645,5,5,7,1942,0,0,0,F,0,7T23,HIGHLAND AV,HOLLYWOOD BL,7,S,N,A,-,N,NA,NA,NA,NA,NA,NA,NA,NA,NA,Y,2,0,2,2,A,-,01,23152,A,F,G,B,B,A,H,-,C,A,0,Y,NA,NA,NA,Y,Y,A,01,1,1,0,0,1,0,0,0,0,-,-,NA,NA,LOS ANGELES,LOS ANGELES,-118.33869,34.1015308
7126204,2015,2015-12-02,1942,2015-10-08,0840,41948,0643,4,5,7,1942,0,0,0,F,0,6A63,SUNSET BL,VISTA ST,0,NA,Y,A,-,N,NA,NA,NA,NA,NA,NA,NA,NA,NA,Y,4,0,2,2,A,-,09,21801,A,N,D,C,A,A,H,-,A,D,0,NA,NA,NA,NA,Y,NA,A,07,0,0,2,0,0,0,0,0,0,-,-,NA,NA,LOS ANGELES,LOS ANGELES,-118.35174009,34.09801002
7126207,2015,2015-12-02,1942,2015-10-02,2220,38801,738,5,5,7,1942,0,0,0,NA,0,7A17,WILSHIRE BL,MANSFIELD AV,0,NA,Y,A,-,N,NA,NA,NA,NA,NA,NA,NA,NA,NA,Y,3,0,2,2,A,-,09,21801,A,N,D,C,A,A,H,-,C,A,0,NA,NA,NA,NA,Y,NA,A,07,0,1,1,0,0,0,0,0,0,-,-,NA,NA,LOS ANGELES,LOS ANGELES,-118.34072007,34.06216008
7126208,2015,2015-12-02,1942,2015-10-08,1710,41181,0645,4,5,7,1942,0,0,0,F,0,6FB14,HAWTHORN AV,ORANGE DR,0,NA,Y,A,-,N,NA,NA,NA,NA,NA,NA,NA,NA,NA,N,3,0,1,2,A,-,10,21950,A,N,G,B,B,A,H,-,A,A,0,Y,NA,NA,NA,Y,NA,A,01,0,1,0,0,1,0,0,0,0,-,-,NA,NA,LOS ANGELES,LOS ANGELES,-118.34141003,34.10035003
7126211,2015,2015-12-02,1942,2015-10-05,2100,42049,0706,1,5,7,1942,0,0,0,G,0,7A1,HIGHLAND AV,MELROSE AV,0,NA,Y,A,-,N,NA,NA,NA,NA,NA,NA,NA,NA,NA,Y,4,0,2,2,A,-,09,21801,A,N,D,C,A,A,H,-,C,A,0,NA,NA,NA,NA,Y,NA,A,07,0,0,2,0,0,0,0,0,0,-,-,NA,NA,LOS ANGELES,LOS ANGELES,-118.33858013,34.08347002
7126212,2015,2015-12-02,1942,2015-10-02,1240,39631,0629,5,5,7,1942,0,0,0,F,0,6A15,FRANKLIN AV,WILTON PL,0,NA,Y,A,-,N,NA,NA,NA,NA,NA,NA,NA,NA,NA,Y,4,0,1,2,A,-,09,21801,A,N,A,C,A,A,H,-,A,A,0,NA,NA,NA,NA,Y,NA,A,07,0,0,1,0,0,0,0,0,0,-,-,NA,NA,LOS ANGELES,LOS ANGELES,-118.31366004,34.10534007
7126215,2015,2015-12-02,1942,2015-10-02,0730,38007,0782,5,5,7,1942,0,0,0,G,0,7TL23,WASHINGTON BL,ELECTRIC DR,60,E,N,A,-,N,NA,NA,NA,NA,NA,NA,NA,NA,NA,N,4,0,1,2,A,-,04,21703,NA,N,C,C,A,A,H,-,A,D,0,NA,NA,NA,NA,Y,NA,A,08,0,0,1,0,0,0,0,0,0,-,-,NA,NA,LOS ANGELES,LOS ANGELES,-118.367582,34.035375
7126216,2015,2015-12-02,1942,2015-10-09,1540,25485,0643,5,5,7,1942,0,0,0,F,0,6A67,SUNSET BL,GARDNER ST,8,W,N,A,-,N,NA,NA,NA,NA,NA,NA,NA,NA,NA,N,3,0,1,2,A,-,10,21950,A,N,G,B,B,A,H,-,A,A,0,Y,NA,NA,NA,Y,NA,A,01,0,1,0,0,1,0,0,0,0,-,-,NA,NA,LOS ANGELES,LOS ANGELES,-118.35289637,34.09802
7126219,2015,2015-12-02,1942,2015-10-07,0935,41942,RD071,3,5,7,1942,0,0,0,NA,0,7A1,BEVERLY BL,VISTA ST,0,NA,Y,A,-,N,NA,NA,NA,NA,NA,NA,NA,NA,NA,Y,4,0,1,2,A,-,09,21800,C,N,D,C,A,A,H,-,A,D,0,NA,NA,NA,NA,Y,NA,A,01,0,0,1,0,0,0,0,0,0,-,-,NA,NA,LOS ANGELES,LOS ANGELES,-118.35225006,34.07615
7126220,2015,2015-12-02,1942,2015-10-07,1800,37613,0644,3,5,7,1942,0,0,0,F,0,6TL4,LA BREA AV,DE LONGPRE AV,0,NA,Y,A,-,N,NA,NA,NA,NA,NA,NA,NA,NA,NA,Y,3,0,1,2,A,-,09,21802,A,N,D,C,A,A,H,-,A,A,0,NA,NA,NA,NA,Y,NA,A,01,0,1,0,0,0,0,0,0,0,-,-,NA,NA,LOS ANGELES,LOS ANGELES,-118.34412,34.09614006
7126223,2015,2015-12-02,1942,2015-10-01,0840,40743,0745,4,5,7,1942,0,0,0,G,0,6A79,SYCAMORE AV,OLYMPIC BL,5,S,N,A,-,N,NA,NA,NA,NA,NA,NA,NA,NA,NA,N,4,0,1,2,A,-,03,22350,A,N,C,C,A,A,H,-,A,A,0,NA,NA,NA,NA,Y,NA,A,01,0,0,1,0,0,0,0,0,0,-,-,NA,NA,LOS ANGELES,LOS ANGELES,-118.34485664,34.05724657
7126227,2015,2015-12-02,1942,2015-10-11,0910,R2138,0645,7,5,7,1942,0,0,0,F,0,20T59W,HIGHLAND AV,DE LONGPRE AV,65,N,N,A,-,N,NA,NA,NA,NA,NA,NA,NA,NA,NA,N,4,0,1,3,A,-,03,22350,NA,F,C,C,A,A,H,-,A,D,0,NA,NA,NA,NA,Y,NA,-,99,0,0,1,0,0,0,0,0,0,-,-,NA,NA,LOS ANGELES,LOS ANGELES,-118.33863,34.09632827
7126228,2015,2015-12-02,1942,2015-10-02,1300,34959,0644,5,5,7,1942,0,0,0,F,0,7T38,GARDNER ST,FOUNTAIN AV,67,N,N,A,-,N,NA,NA,NA,NA,NA,NA,NA,NA,NA,Y,4,0,1,2,A,-,09,21801,A,N,D,C,A,A,H,-,A,D,0,NA,NA,NA,NA,Y,NA,A,01,0,0,1,0,0,0,0,0,0,-,-,NA,NA,LOS ANGELES,LOS ANGELES,-118.35285102,34.09456376
7126231,2015,2015-12-02,1942,2015-10-12,0755,31668,647,1,5,7,1942,0,0,0,NA,0,8TL35,BRONSON AV,HAROLD WY,30,S,N,A,-,N,NA,NA,NA,NA,NA,NA,NA,NA,NA,Y,3,0,3,2,A,-,03,22350,NA,N,C,C,A,A,H,-,A,D,0,NA,NA,NA,NA,Y,NA,A,01,0,1,2,0,0,0,0,0,0,-,-,NA,NA,LOS ANGELES,LOS ANGELES,-118.31799,34.09918772
7126232,2015,2015-12-02,1942,2015-10-05,2315,40024,0735,1,5,7,1942,0,0,0,G,0,7T23,WILSHIRE BL,DETROIT ST,30,E,N,B,-,N,NA,NA,NA,NA,NA,NA,NA,NA,NA,N,4,0,1,2,A,-,03,22350,NA,F,C,C,A,A,H,-,C,D,0,NA,NA,NA,NA,Y,NA,-,99,0,0,1,0,0,0,0,0,0,-,-,NA,NA,LOS ANGELES,LOS ANGELES,-118.34506127,34.06223571
7126235,2015,2015-12-02,1942,2015-10-12,1715,39058,0747,1,5,7,1942,0,0,0,G,0,7T38,OLYMPIC BL,MANSFIELD AV,38,E,N,A,-,N,NA,NA,NA,NA,NA,NA,NA,NA,NA,N,4,0,1,2,A,-,21,22106,NA,N,C,C,A,A,H,-,A,A,0,NA,NA,NA,NA,Y,NA,A,01,0,0,1,0,0,0,0,0,0,-,-,NA,NA,LOS ANGELES,LOS ANGELES,-118.3424048,34.05715801
7126236,2015,2015-12-02,1942,2015-10-02,1022,40671,0643,5,5,7,1942,0,0,0,F,0,6X28,LA BREA AV,SUNSET BL,0,NA,Y,A,-,N,NA,NA,NA,NA,NA,NA,NA,NA,NA,Y,4,0,1,3,A,-,09,21801,A,N,D,C,A,A,H,-,A,A,0,NA,NA,NA,NA,Y,NA,A,01,0,0,1,0,0,0,0,0,0,-,-,NA,NA,LOS ANGELES,LOS ANGELES,-118.42299002,34.07988003
7126239,2015,2015-12-02,1942,2015-10-12,1545,38013,0738,1,5,7,1942,0,0,0,G,0,7TL38,WILSHIRE BL,JUNE ST,45,E,N,A,-,N,NA,NA,NA,NA,NA,NA,NA,NA,NA,Y,4,0,2,3,A,-,03,22350,NA,N,B,C,A,A,H,-,A,D,0,NA,NA,NA,NA,Y,NA,A,01,0,0,2,0,0,0,0,0,0,-,-,NA,NA,LOS ANGELES,LOS ANGELES,-118.33451186,34.06204441
7126261,2015,2015-12-04,1942,2015-10-06,1115,31387,663,2,5,7,1942,0,0,0,NA,0,6TL7,SANTA MONICA BL,LAS PALMAS AV,135,E,N,A,-,N,NA,NA,NA,NA,NA,NA,NA,NA,NA,Y,4,0,1,3,B,-,22,NA,NA,N,C,C,A,A,H,-,A,D,0,NA,NA,NA,NA,Y,NA,A,01,0,0,1,0,0,0,0,0,0,-,-,NA,NA,LOS ANGELES,LOS ANGELES,-118.33582497,34.09072
7126302,2015,2016-08-05,1942,2015-10-04,0640,34959,0663,7,5,7,1942,0,0,0,F,0,20T59,FOUNTAIN AV,HIGHLAND AV,0,NA,Y,B,-,N,NA,NA,NA,NA,NA,NA,NA,NA,NA,N,3,0,2,3,A,-,10,21950,A,N,G,B,B,B,H,-,A,A,0,Y,NA,NA,NA,Y,Y,A,01,0,2,0,0,2,0,0,0,0,-,-,NA,NA,LOS ANGELES,LOS ANGELES,-118.33864012,34.0943701
7126376,2015,2015-12-10,1942,2015-11-12,1720,41205,RD207,4,5,7,1942,0,0,0,NA,0,20A74,PICO BL,HARVARD,25,E,N,A,-,N,NA,NA,NA,NA,NA,NA,NA,NA,NA,Y,3,0,2,2,A,-,03,22350,A,N,C,C,A,A,H,-,C,D,0,NA,NA,NA,NA,Y,NA,A,01,0,1,1,0,0,0,0,0,0,-,-,NA,NA,LOS ANGELES,LOS ANGELES,-118.30407763,34.04722
7126441,2015,2015-12-09,1928,2015-11-02,1527,389,514,1,5,5,1928,0,0,0,NA,0,504,INGLEWOOD AV,ROSECRANS,30,S,N,A,-,N,NA,NA,NA,NA,NA,NA,NA,NA,NA,N,4,0,1,2,A,-,09,21801,A,N,D,C,A,A,H,-,A,A,0,NA,NA,NA,NA,Y,NA,A,01,0,0,1,0,0,0,0,0,0,-,-,NA,NA,LOS ANGELES,HAWTHORNE,-118.36128,33.90173772
7126445,2015,2015-12-09,1928,2015-11-20,1952,350,515,5,5,5,1928,0,0,0,NA,0,503,WASHINGTON AV,134TH ST,0,NA,Y,A,-,N,NA,NA,NA,NA,NA,NA,NA,NA,NA,Y,4,0,1,2,A,-,01,23152,A,N,D,C,A,A,H,-,C,A,0,NA,NA,NA,NA,Y,Y,A,08,0,0,1,0,0,0,0,0,0,-,-,33.91085,-118.34955,LOS ANGELES,HAWTHORNE,-118.34955011,33.91085
7126446,2015,2015-12-09,1942,2015-10-25,2011,41378,0778,7,5,7,1942,0,0,0,G,0,7A85,WASHINGTON BL,CRENSHAW BL,10,W,N,A,-,N,NA,NA,NA,NA,NA,NA,NA,NA,NA,N,4,0,1,2,A,-,10,21950,A,F,G,B,B,A,H,-,C,A,0,Y,NA,NA,NA,Y,NA,-,99,0,0,1,0,1,0,0,0,0,-,-,NA,NA,LOS ANGELES,LOS ANGELES,-118.33110295,34.03986
7126449,2015,2015-12-10,1928,2015-11-21,0259,363,506,6,5,5,1928,0,0,0,NA,0,0H1,INGLEWOOD AV,IMPERIAL HWY,0,NA,Y,A,-,N,NA,NA,NA,NA,NA,NA,NA,NA,NA,Y,4,0,2,2,A,-,01,23152,A,N,D,C,A,A,H,-,C,A,0,NA,NA,NA,NA,Y,Y,A,01,0,0,2,0,0,0,0,0,0,-,-,33.93093,-118.36132,LOS ANGELES,HAWTHORNE,-118.36135004,33.93093003
7126450,2015,2015-12-09,1942,2015-11-13,1640,38590,782,5,5,7,1942,0,0,0,NA,0,7T38,DAVID AV,VENICE BL,20,N,N,A,-,N,NA,NA,NA,NA,NA,NA,NA,NA,NA,N,3,0,1,2,A,-,11,21954,A,F,G,B,E,-,H,-,A,D,0,Y,NA,NA,NA,Y,NA,N,60,0,1,0,0,1,0,0,0,0,-,-,NA,NA,LOS ANGELES,LOS ANGELES,-118.37551232,34.03675781
7126453,2015,2015-12-09,1928,2015-11-13,1826,350,529,5,5,5,1928,0,0,0,NA,0,502,CRENSHAW BL,EL SEGUNDO BL,0,NA,Y,A,-,N,NA,NA,NA,NA,NA,NA,NA,NA,NA,Y,3,0,1,3,A,-,08,22107,NA,N,A,C,A,A,H,-,C,A,0,NA,NA,NA,NA,Y,NA,A,01,0,1,0,0,0,0,0,0,0,-,-,33.91639,-118.32651,LOS ANGELES,HAWTHORNE,-118.32660012,33.91644005
7126454,2015,2015-12-09,1942,2015-11-16,0145,41292,0711,1,5,7,1942,0,0,0,G,0,7A1,OAKWOOD AV,ALFRED ST,0,NA,Y,A,-,N,NA,NA,NA,NA,NA,NA,NA,NA,NA,N,3,0,1,2,A,-,03,22350,NA,F,G,B,D,A,H,-,C,D,0,Y,NA,NA,NA,Y,Y,-,99,0,1,0,0,1,0,0,0,0,-,-,NA,NA,LOS ANGELES,LOS ANGELES,-118.37532,34.07813009
7126458,2015,2015-12-09,1942,2015-11-12,1845,41633,705,4,5,7,1942,0,0,0,NA,0,7A22,FORMOSA AV,WARING AV,75,N,N,A,-,N,NA,NA,NA,NA,NA,NA,NA,NA,NA,N,4,0,1,2,A,-,00,20001,A,F,B,C,A,A,H,-,C,D,0,NA,NA,NA,NA,Y,Y,-,99,0,0,1,0,0,0,0,0,0,-,-,NA,NA,LOS ANGELES,LOS ANGELES,-118.34624429,34.08546565
7126462,2015,2015-12-09,1942,2015-11-10,1830,41924,753,2,5,7,1942,0,0,0,NA,0,7A76,PICO,CURSON,0,NA,Y,A,-,N,NA,NA,NA,NA,NA,NA,NA,NA,NA,N,4,0,1,2,A,-,07,21658,A,F,B,C,A,A,H,-,C,A,0,NA,NA,NA,NA,Y,NA,-,99,0,0,1,0,0,0,0,0,0,-,-,NA,NA,LOS ANGELES,LOS ANGELES,-118.36001006,34.04982008
7126466,2015,2015-12-09,1942,2015-11-08,0150,40852,0735,7,5,7,1942,0,0,0,G,0,7A33,6TH ST,HAUSER BL,0,NA,Y,A,-,N,NA,NA,NA,NA,NA,NA,NA,NA,NA,N,3,0,2,2,A,-,12,21453,A,F,D,C,A,A,H,-,C,A,0,NA,NA,NA,NA,Y,NA,-,99,0,1,1,0,0,0,0,0,0,-,-,NA,NA,LOS ANGELES,LOS ANGELES,-118.35147009,34.06488007
7126470,2015,2015-12-09,1942,2015-11-19,2215,39546,0762,4,5,7,1942,0,0,0,G,0,7T23W3,LA CIENEGA BL,PICO BL,0,NA,Y,A,-,N,NA,NA,NA,NA,NA,NA,NA,NA,NA,Y,4,0,2,2,A,-,09,21801,A,F,D,C,A,A,H,-,C,A,0,NA,NA,NA,NA,Y,NA,-,99,0,0,2,0,0,0,0,0,0,-,-,NA,NA,LOS ANGELES,LOS ANGELES,-118.37617012,34.05334003
7126474,2015,2015-12-09,1942,2015-10-27,1200,39061,0817,2,5,7,1942,0,0,0,H,0,7T38,WESTWOOD BL,LE CONTE AV,7,S,N,A,-,N,NA,NA,NA,NA,NA,NA,NA,NA,NA,N,3,0,1,2,A,-,10,21950,A,F,G,B,C,A,H,-,A,D,0,Y,NA,NA,NA,Y,NA,-,99,0,1,0,0,1,0,0,0,0,-,-,NA,NA,LOS ANGELES,LOS ANGELES,-118.44542034,34.0636708
7126478,2015,2015-12-09,1942,2015-11-08,1515,38013,0897,7,5,7,1942,0,0,0,H,0,8TL28,CASTLE HEIGHTS AV,NATIONAL BL,13,S,N,A,-,N,NA,NA,NA,NA,NA,NA,NA,NA,NA,N,4,0,1,2,A,-,10,21950,A,F,G,B,B,A,H,-,A,D,0,Y,NA,NA,NA,Y,NA,-,99,0,0,1,0,1,0,0,0,0,-,-,NA,NA,LOS ANGELES,LOS ANGELES,-118.39986527,34.03135669
7126483,2015,2016-02-16,1941,2015-11-17,1320,10766,902,2,5,7,1941,0,0,0,NA,0,NA,CARSON BL,CHERRY AV,64,E,N,A,-,N,NA,NA,NA,NA,NA,NA,NA,NA,NA,N,4,0,2,3,A,-,03,22350,NA,N,C,C,A,A,H,-,A,A,0,NA,NA,NA,NA,Y,NA,D,NA,0,0,2,0,0,0,0,0,0,-,-,NA,NA,LOS ANGELES,LONG BEACH,-118.1673597,33.83245
7126496,2015,2017-01-28,1941,2015-11-18,0725,10763,NA,3,5,7,1941,0,0,0,NA,0,NA,LONG BEACH BL,RT 710,0,NA,Y,A,-,Y,LA,7,710,-,-,11.861,R,4,S,Y,4,0,1,2,A,-,12,21453,A,N,D,C,A,A,H,-,A,A,0,NA,NA,NA,NA,Y,NA,A,NA,0,0,1,0,0,0,0,0,0,-,SO,NA,NA,LOS ANGELES,LONG BEACH,-118.20062392,33.86086318
7126519,2015,2016-02-05,1941,2015-04-15,1926,10764,NA,3,5,7,1941,0,0,0,NA,0,NA,ORANGE AV,10TH ST,15,S,N,A,G,N,NA,NA,NA,NA,NA,NA,NA,NA,NA,N,4,0,1,2,A,-,00,21201,NA,N,B,G,A,A,H,-,C,D,0,NA,Y,NA,NA,Y,NA,A,NA,0,0,1,0,0,0,1,0,0,-,-,NA,NA,LOS ANGELES,LONG BEACH,-118.17636,33.77896887
7126543,2015,2016-02-08,1941,2015-11-19,0230,6160,NA,4,5,7,1941,0,0,0,NA,0,NA,ANAHEIM ST,ROSWELL AV,17,E,N,A,-,N,NA,NA,NA,NA,NA,NA,NA,NA,NA,Y,4,0,1,1,A,-,03,22350,NA,N,A,I,A,A,H,-,C,D,0,NA,NA,NA,NA,Y,Y,A,NA,0,0,1,0,0,0,0,0,0,-,-,NA,NA,LOS ANGELES,LONG BEACH,-118.14368417,33.7826
7126550,2015,2016-02-05,1941,2015-11-17,2122,10028,901Y,2,5,7,1941,0,0,0,NA,0,NA,OBISPO AV,OBISPO AV 1207,0,NA,-,A,-,N,NA,NA,NA,NA,NA,NA,NA,NA,NA,N,4,0,1,2,A,-,11,21954,A,N,G,B,-,A,H,-,C,D,0,Y,NA,NA,NA,Y,NA,N,NA,0,0,1,0,1,0,0,0,0,-,-,NA,NA,LOS ANGELES,LONG BEACH,-118.154594,33.781871
7126562,2015,2015-12-09,1942,2015-11-11,2350,37575,2025,3,5,7,1942,0,0,0,NA,0,6T7,3RD ST,MARIPOSA AV,0,NA,Y,A,-,N,NA,NA,NA,NA,NA,NA,NA,NA,NA,Y,4,0,3,2,A,-,09,21802,A,F,D,C,A,A,H,-,C,A,0,NA,NA,NA,NA,Y,NA,A,01,0,0,3,0,0,0,0,0,0,-,-,NA,NA,LOS ANGELES,LOS ANGELES,-118.29915014,34.06902005
7126566,2015,2015-12-09,1942,2015-11-11,0910,40690,2071,3,5,7,1942,0,0,0,NA,0,6T7,VENICE BL,SAINT ANDREWS PL,0,NA,Y,A,-,N,NA,NA,NA,NA,NA,NA,NA,NA,NA,Y,3,0,2,2,A,-,09,21802,A,N,D,D,A,A,H,-,A,A,0,NA,NA,NA,NA,Y,NA,A,01,0,1,1,0,0,0,0,0,0,-,-,NA,NA,LOS ANGELES,LOS ANGELES,-118.31160004,34.04357009
7126570,2015,2015-12-09,1942,2015-11-14,0340,41688,1498,6,5,7,1942,0,0,0,N,0,14A67,AVIATION BL,111TH ST,20,S,N,A,-,N,NA,NA,NA,NA,NA,NA,NA,NA,NA,Y,3,0,1,2,A,-,03,22350,NA,F,C,C,A,A,H,-,C,A,0,NA,NA,NA,NA,Y,NA,-,99,0,1,0,0,0,0,0,0,0,-,-,NA,NA,LOS ANGELES,LOS ANGELES,-118.37894061,33.93448515
7126574,2015,2015-12-09,1942,2015-11-14,1740,39342,1441,6,5,7,1942,0,0,0,N,0,14EL2,SOUTH VENICE BL,SPEEDWAY,25,E,N,A,-,N,NA,NA,NA,NA,NA,NA,NA,NA,NA,N,4,0,1,2,A,-,17,21663,NA,F,G,B,F,A,H,-,B,D,0,Y,NA,NA,NA,Y,NA,-,99,0,0,1,0,1,0,0,0,0,-,-,NA,NA,LOS ANGELES,LOS ANGELES,-118.47054425,33.98395127
7126578,2015,2016-08-05,1942,2015-11-16,1100,41574,1497,1,5,7,1942,0,0,0,N,0,14A73,W ARBOR VITAE ST,AVIATION BL,30,W,N,A,-,N,NA,NA,NA,NA,NA,NA,NA,NA,NA,N,4,0,1,2,A,-,11,21954,A,F,G,B,E,A,H,-,A,D,0,Y,NA,NA,NA,Y,NA,N,60,0,0,1,0,1,0,0,0,0,-,-,NA,NA,LOS ANGELES,LOS ANGELES,-118.37714874,33.95266
7126580,2015,2015-12-10,1905,2015-11-23,1337,2019,221,1,5,4,1905,0,0,0,NA,0,062,NORTH AZUSA AV,3RD ST,375,N,N,A,-,N,NA,NA,NA,NA,NA,NA,NA,NA,NA,Y,3,0,1,2,D,-,00,NA,NA,N,D,C,A,A,H,-,A,D,0,NA,NA,NA,NA,Y,NA,-,-,0,1,0,0,0,0,0,0,0,-,-,34.12628,-117.90742,LOS ANGELES,AZUSA,-117.90757432,34.12724803
7126582,2015,2015-12-09,1942,2015-11-13,1515,37715,0819,5,5,7,1942,0,0,0,H,0,8TL26W,WILSHIRE BL,HOLMBY AV,200,W,N,A,-,N,NA,NA,NA,NA,NA,NA,NA,NA,NA,N,4,0,2,2,A,-,03,22350,NA,F,C,A,A,A,H,-,A,A,0,NA,NA,NA,NA,Y,NA,A,01,0,0,2,0,0,0,0,0,0,-,-,NA,NA,LOS ANGELES,LOS ANGELES,-118.43052584,34.06591416
7126588,2015,2015-12-10,1905,2015-11-17,1809,1051,431,2,5,4,1905,0,0,0,NA,0,061,W ARROW HWY,AZUSA AV,24,W,N,A,-,N,NA,NA,NA,NA,NA,NA,NA,NA,NA,N,4,0,1,2,A,-,21,22106,NA,N,C,C,A,A,H,-,C,A,0,NA,NA,NA,NA,Y,NA,-,NA,0,0,1,0,0,0,0,0,0,-,-,34.10651,-117.88152,LOS ANGELES,AZUSA,-117.907819,34.10675322