CASE_ID,ACCIDENT_YEAR,PROC_DATE,JURIS,COLLISION_DATE,COLLISION_TIME,OFFICER_ID,REPORTING_DISTRICT,DAY_OF_WEEK,CHP_SHIFT,POPULATION,CNTY_CITY_LOC,SPECIAL_COND,BEAT_TYPE,CHP_BEAT_TYPE,CITY_DIVISION_LAPD,CHP_BEAT_CLASS,BEAT_NUMBER,PRIMARY_RD,SECONDARY_RD,DISTANCE,DIRECTION,INTERSECTION,WEATHER_1,WEATHER_2,STATE_HWY_IND,CALTRANS_COUNTY,CALTRANS_DISTRICT,STATE_ROUTE,ROUTE_SUFFIX,POSTMILE_PREFIX,POSTMILE,LOCATION_TYPE,RAMP_INTERSECTION,SIDE_OF_HWY,TOW_AWAY,COLLISION_SEVERITY,NUMBER_KILLED,NUMBER_INJURED,PARTY_COUNT,PRIMARY_COLL_FACTOR,PCF_CODE_OF_VIOL,PCF_VIOL_CATEGORY,PCF_VIOLATION,PCF_VIOL_SUBSECTION,HIT_AND_RUN,TYPE_OF_COLLISION,MVIW,PED_ACTION,ROAD_SURFACE,ROAD_COND_1,ROAD_COND_2,LIGHTING,CONTROL_DEVICE,CHP_ROAD_TYPE,PEDESTRIAN_ACCIDENT,BICYCLE_ACCIDENT,MOTORCYCLE_ACCIDENT,TRUCK_ACCIDENT,NOT_PRIVATE_PROPERTY,ALCOHOL_INVOLVED,STWD_VEHTYPE_AT_FAULT,CHP_VEHTYPE_AT_FAULT,COUNT_SEVERE_INJ,COUNT_VISIBLE_INJ,COUNT_COMPLAINT_PAIN,COUNT_PED_KILLED,COUNT_PED_INJURED,COUNT_BICYCLIST_KILLED,COUNT_BICYCLIST_INJURED,COUNT_MC_KILLED,COUNT_MC_INJURED,PRIMARY_RAMP,SECONDARY_RAMP,LATITUDE,LONGITUDE,COUNTY,CITY,POINT_X,POINT_Y
7127459,2015,2015-12-29,1942,2015-12-11,1645,37613,0782,5,5,7,1942,0,0,0,G,0,14TL52,LA CIENEGA,CADILLAC,3,N,N,A,-,N,NA,NA,NA,NA,NA,NA,NA,NA,NA,Y,4,0,2,2,A,-,09,21802,A,N,B,C,A,A,H,-,A,A,0,NA,NA,NA,NA,Y,NA,A,01,0,0,2,0,0,0,0,0,0,-,-,NA,NA,LOS ANGELES,LOS ANGELES,-118.37722,34.03824823
7127460,2015,2015-12-29,1942,2015-12-04,1835,R2657,0835,5,5,7,1942,0,0,0,H,0,8X98W7,WESTWOOD BL,LA GRANGE AV,0,NA,Y,A,-,N,NA,NA,NA,NA,NA,NA,NA,NA,NA,Y,4,0,1,2,A,-,09,21801,A,N,D,C,A,A,H,-,C,A,0,NA,NA,NA,NA,Y,NA,A,01,0,0,1,0,0,0,0,0,0,-,-,NA,NA,LOS ANGELES,LOS ANGELES,-118.43414009,34.04669008
7127463,2015,2015-12-29,1942,2015-12-05,2020,31745,1838,6,5,7,1942,0,0,0,R,0,18T23,105TH ST,WILMINGTON AV,0,NA,Y,A,-,N,NA,NA,NA,NA,NA,NA,NA,NA,NA,Y,4,0,1,2,A,-,09,21802,NA,F,D,C,A,A,H,-,C,A,0,NA,NA,NA,NA,Y,NA,A,07,0,0,1,0,0,0,0,0,0,-,-,NA,NA,LOS ANGELES,LOS ANGELES,-118.23903007,33.94062009
7127464,2015,2015-12-29,1942,2015-12-08,1755,42139,881,2,5,7,1942,0,0,0,NA,0,8A95,WILSHIRE BL,BROCKTON AV,0,NA,Y,A,-,N,NA,NA,NA,NA,NA,NA,NA,NA,NA,N,4,0,1,2,A,-,03,22350,NA,N,G,B,B,-,-,-,-,A,0,Y,NA,NA,NA,Y,NA,A,01,0,0,1,0,1,0,0,0,0,-,-,NA,NA,LOS ANGELES,LOS ANGELES,-118.46516006,34.04595002
7127467,2015,2015-12-29,1942,2015-12-10,1600,40440,1837,4,5,7,1942,0,0,0,R,0,12TL73,COMPTON AV,108TH ST,10,N,N,A,-,N,NA,NA,NA,NA,NA,NA,NA,NA,NA,N,4,0,1,2,A,-,03,22350,NA,F,C,C,A,A,H,-,A,A,0,NA,NA,NA,NA,Y,NA,-,99,0,0,1,0,0,0,0,0,0,-,-,NA,NA,LOS ANGELES,LOS ANGELES,-118.24627027,33.93786742
7127468,2015,2015-12-29,1942,2015-12-06,2031,4033,0898,7,5,7,1942,0,0,0,H,0,8X98,ROBERTSON BL,CATTARAUGUS AV,0,NA,Y,A,-,N,NA,NA,NA,NA,NA,NA,NA,NA,NA,Y,4,0,1,2,D,-,00,NA,NA,N,B,C,A,A,H,-,C,A,0,NA,NA,NA,NA,Y,NA,-,-,0,0,1,0,0,0,0,0,0,-,-,NA,NA,LOS ANGELES,LOS ANGELES,-118.38931002,34.03483007
7127471,2015,2015-12-29,1942,2015-12-07,2500,42115,1844,1,5,7,1942,0,0,0,R,0,18A49,AVALON AV,113TH,0,NA,Y,A,-,N,NA,NA,NA,NA,NA,NA,NA,NA,NA,N,4,0,1,2,A,-,03,22350,NA,F,D,C,A,A,H,-,C,-,0,NA,NA,Y,NA,Y,NA,-,99,0,0,1,0,0,0,0,0,1,-,-,NA,NA,LOS ANGELES,LOS ANGELES,-118.26519013,33.93197002
7127472,2015,2015-12-29,1942,2015-12-07,0910,42100,0841,1,5,7,1942,0,0,0,H,0,8A1,BUNDY AV,SANTA MONICA BL,306,N,N,A,-,N,NA,NA,NA,NA,NA,NA,NA,NA,NA,N,3,0,1,1,A,-,03,22350,NA,N,H,J,A,A,H,-,A,A,0,NA,NA,Y,NA,Y,NA,C,02,0,1,0,0,0,0,0,0,1,-,-,NA,NA,LOS ANGELES,LOS ANGELES,-118.46399972,34.04113432
7127475,2015,2015-12-29,1942,2015-12-06,1405,33937,1832,7,5,7,1942,0,0,0,R,0,18A35,MAIN ST,105TH ST,0,NA,Y,A,-,N,NA,NA,NA,NA,NA,NA,NA,NA,NA,N,4,0,3,2,A,-,09,21801,A,N,D,C,A,A,H,-,A,D,0,NA,NA,NA,NA,Y,NA,A,01,0,0,3,0,0,0,0,0,0,-,-,NA,NA,LOS ANGELES,LOS ANGELES,-118.27388007,33.9410301
7127476,2015,2015-12-29,1942,2015-12-07,1830,41528,881,1,5,7,1942,0,0,0,NA,0,8A53,BARRINGTON,LA GRANGE,0,NA,Y,A,-,N,NA,NA,NA,NA,NA,NA,NA,NA,NA,Y,3,0,1,2,A,-,08,22107,NA,N,D,C,A,-,-,-,B,A,0,NA,NA,Y,NA,Y,NA,A,01,0,1,0,0,0,0,0,0,0,-,-,NA,NA,LOS ANGELES,LOS ANGELES,-118.45028009,34.03707007
7127479,2015,2015-12-29,1942,2015-12-04,1710,41597,1822,5,5,7,1942,0,0,0,R,0,18U3,FIGUEROA ST,CENTURY BL,0,NA,Y,A,-,N,NA,NA,NA,NA,NA,NA,NA,NA,NA,Y,4,0,1,2,A,-,12,21453,A,N,H,C,A,A,H,-,C,A,0,NA,NA,NA,NA,Y,NA,A,01,0,0,1,0,0,0,0,0,0,-,-,NA,NA,LOS ANGELES,LOS ANGELES,-118.28265013,33.94554008
7127480,2015,2015-12-29,1942,2015-12-14,1530,40690,0667,1,5,7,1942,0,0,0,F,0,6TL7,VAN NESS AV,FOUNTAIN AV,0,NA,Y,A,B,N,NA,NA,NA,NA,NA,NA,NA,NA,NA,N,4,0,2,2,A,-,03,22350,NA,N,C,C,A,A,H,-,-,A,0,NA,NA,NA,NA,Y,NA,A,01,0,0,2,0,0,0,0,0,0,-,-,NA,NA,LOS ANGELES,LOS ANGELES,-118.31579008,34.0947101
7127522,2015,2015-12-28,1942,2015-11-27,1730,41019,1375,5,5,7,1942,0,0,0,M,0,13TL22,CENTRAL AV,55TH ST,0,NA,Y,A,-,N,NA,NA,NA,NA,NA,NA,NA,NA,NA,N,4,0,1,2,A,-,03,22350,NA,N,C,C,A,A,H,-,A,D,0,NA,NA,NA,NA,Y,NA,A,01,0,0,1,0,0,0,0,0,0,-,-,NA,NA,LOS ANGELES,LOS ANGELES,-118.25646006,33.99299009
7127524,2015,2015-12-28,1942,2015-11-16,1235,35806,1233,1,5,7,1942,0,0,0,L,0,12X32,SLAUSON AV,WESTERN AV,0,NA,Y,A,G,N,NA,NA,NA,NA,NA,NA,NA,NA,NA,Y,4,0,1,2,A,-,09,21800,A,N,D,C,A,A,H,-,A,A,0,NA,NA,NA,NA,Y,NA,A,01,0,0,1,0,0,0,0,0,0,-,-,NA,NA,LOS ANGELES,LOS ANGELES,-118.30895002,33.98915001
7127526,2015,2015-12-28,1942,2015-11-28,1220,35431,0269,6,5,7,1942,0,0,0,B,0,2A39,8TH ST,GREEN ST,10,W,N,A,-,N,NA,NA,NA,NA,NA,NA,NA,NA,NA,N,3,0,1,2,A,-,09,21801,A,N,D,C,A,A,H,-,A,D,0,NA,NA,NA,NA,Y,NA,-,-,0,1,0,0,0,0,0,0,0,-,-,NA,NA,LOS ANGELES,LOS ANGELES,-118.27106108,34.05176108
7127527,2015,2015-12-29,1900,2015-11-19,1708,546182,1126,4,5,6,1992,0,0,0,NA,0,111T1,AVENUE J-8,15TH ST WEST,592,W,N,A,-,N,NA,NA,NA,NA,NA,NA,NA,NA,NA,Y,4,0,1,2,A,-,09,21801,A,N,D,C,A,A,H,-,C,D,0,NA,NA,Y,NA,Y,NA,A,01,0,0,1,0,0,0,0,0,1,-,-,NA,NA,LOS ANGELES,LANCASTER,-118.1587946,34.6821986
7127528,2015,2015-12-28,1942,2015-11-11,0035,37456,1231,3,5,7,1942,0,0,0,L,0,12X56,60TH ST,EILEEN AV,160,E,N,A,-,N,NA,NA,NA,NA,NA,NA,NA,NA,NA,Y,4,0,1,8,A,-,03,22350,A,N,A,E,A,A,H,-,C,D,0,NA,NA,NA,NA,Y,Y,A,01,0,0,1,0,0,0,0,0,0,-,-,NA,NA,LOS ANGELES,LOS ANGELES,-118.3423232,33.98533
7127530,2015,2015-12-28,1942,2015-11-09,1820,42067,1362,1,5,7,1942,0,0,0,M,0,13X42,MAIN ST,52ND ST,7,S,N,B,-,N,NA,NA,NA,NA,NA,NA,NA,NA,NA,N,2,0,1,2,A,-,10,21950,A,N,G,B,B,A,H,-,C,A,0,Y,NA,NA,NA,Y,NA,A,08,1,0,0,0,1,0,0,0,0,-,-,NA,NA,LOS ANGELES,LOS ANGELES,-118.27396947,33.99555081
7127534,2015,2015-12-28,1942,2015-11-23,1725,37059,1128,1,5,7,1942,0,0,0,K,0,11A37,AVE 64,ELDER ST,40,S,N,A,-,N,NA,NA,NA,NA,NA,NA,NA,NA,NA,N,4,0,1,2,A,-,03,22350,NA,N,C,E,A,A,H,-,C,D,0,NA,NA,NA,NA,Y,NA,A,01,0,0,1,0,0,0,0,0,0,-,-,NA,NA,LOS ANGELES,LOS ANGELES,-118.17721748,34.12175128
7127535,2015,2015-12-29,1900,2015-11-20,1718,546182,1126,5,5,6,1992,0,0,0,NA,0,111T1,12TH ST WEST,AVENUE K,478,S,N,A,-,N,NA,NA,NA,NA,NA,NA,NA,NA,NA,Y,4,0,2,2,A,-,09,21804,A,N,D,C,A,A,H,-,C,A,0,NA,NA,NA,NA,Y,NA,A,07,0,0,2,0,0,0,0,0,0,-,-,NA,NA,LOS ANGELES,LANCASTER,-118.15212458,34.67361357
7127538,2015,2015-12-28,1942,2015-11-24,0755,32973,1117,2,5,7,1942,0,0,0,K,0,11T32,EAGLE ROCK BL,CORLISS ST,50,N,N,A,-,N,NA,NA,NA,NA,NA,NA,NA,NA,NA,N,4,0,1,2,A,-,08,22107,NA,N,B,C,A,A,H,-,A,-,0,NA,NA,NA,NA,Y,NA,A,07,0,0,1,0,0,0,0,0,0,-,-,NA,NA,LOS ANGELES,LOS ANGELES,-118.2179262,34.12761809
7127539,2015,2015-12-29,1900,2015-11-21,1641,546182,1138,6,5,6,1992,0,0,0,NA,0,111T1,70TH ST EAST,AVENUE K,0,NA,Y,A,-,N,NA,NA,NA,NA,NA,NA,NA,NA,NA,Y,4,0,1,2,A,-,09,21802,A,N,D,C,A,A,H,-,A,A,0,NA,NA,NA,NA,Y,NA,A,01,0,0,1,0,0,0,0,0,0,-,-,NA,NA,LOS ANGELES,LANCASTER,-118.00526011,34.67538002
7127542,2015,2015-12-28,1942,2015-11-30,1830,39889,1162,1,5,7,1942,0,0,0,K,0,2TL28,RODNEY DR,SUNSET BL,5,N,N,A,-,N,NA,NA,NA,NA,NA,NA,NA,NA,NA,N,4,0,1,2,A,-,05,21650,NA,N,D,G,A,A,H,-,B,A,0,NA,Y,NA,NA,Y,NA,A,01,0,0,1,0,0,0,1,0,0,-,-,NA,NA,LOS ANGELES,LOS ANGELES,-118.28977,34.09816
7127543,2015,2015-12-29,1900,2015-11-20,1804,546182,1124,5,5,6,1992,0,0,0,NA,0,111T1,AVENUE K,PARK AV,277,E,N,A,-,N,NA,NA,NA,NA,NA,NA,NA,NA,NA,Y,4,0,1,2,A,-,04,21703,NA,N,C,C,A,A,H,-,C,D,0,NA,NA,NA,NA,Y,NA,A,01,0,0,1,0,0,0,0,0,0,-,-,NA,NA,LOS ANGELES,LANCASTER,-118.13738071,34.67494933
7127546,2015,2015-12-28,1942,2015-11-19,1645,41745,0438,4,5,7,1942,0,0,0,D,0,4A66,VALLEY,MARIANNA AV,150,E,N,A,-,N,NA,NA,NA,NA,NA,NA,NA,NA,NA,Y,4,0,2,1,A,-,03,22350,NA,N,F,I,A,A,H,-,A,D,0,NA,NA,NA,NA,Y,NA,A,01,0,0,2,0,0,0,0,0,0,-,-,NA,NA,LOS ANGELES,LOS ANGELES,-118.17715196,34.06715536
7127547,2015,2015-12-29,1900,2015-11-24,0925,600527,1192,2,5,6,1992,0,0,0,NA,0,111T1,AVENUE K,32ND ST WEST,0,NA,Y,A,-,N,NA,NA,NA,NA,NA,NA,NA,NA,NA,N,3,0,1,2,A,-,12,21453,A,N,D,C,A,A,H,-,A,A,0,NA,NA,NA,NA,Y,NA,A,01,0,1,0,0,0,0,0,0,0,-,-,NA,NA,LOS ANGELES,LANCASTER,-118.18809013,34.67479008
7127550,2015,2015-12-28,1942,2015-11-14,1200,36926,436,6,5,7,1942,0,0,0,NA,0,2T28,VALLEY BL,VANDALIA AV,0,NA,Y,A,-,N,NA,NA,NA,NA,NA,NA,NA,NA,NA,N,4,0,1,2,A,-,01,23152,A,N,D,C,A,A,H,-,A,D,0,NA,NA,NA,NA,Y,Y,A,01,0,0,1,0,0,0,0,0,0,-,-,NA,NA,LOS ANGELES,LOS ANGELES,-118.16320005,34.07393008
7127551,2015,2015-12-29,1900,2015-11-30,1307,550490,1123,1,5,6,1992,0,0,0,NA,0,111T1,AVENUE K,10TH ST WEST,175,E,N,A,-,N,NA,NA,NA,NA,NA,NA,NA,NA,NA,N,4,0,1,2,A,-,09,21804,A,N,D,C,A,A,H,-,A,D,0,NA,NA,NA,NA,Y,NA,A,01,0,0,1,0,0,0,0,0,0,-,-,NA,NA,LOS ANGELES,LANCASTER,-118.14730927,34.67487854
7127554,2015,2015-12-28,1942,2015-11-20,0810,37123,0415,5,5,7,1942,0,0,0,D,0,4A3,N BROADWAY,DALY ST,80,E,N,A,-,N,NA,NA,NA,NA,NA,NA,NA,NA,NA,N,4,0,1,2,A,-,04,21703,NA,N,C,C,A,A,H,-,A,A,0,NA,NA,NA,NA,Y,NA,A,01,0,0,1,0,0,0,0,0,0,-,-,NA,NA,LOS ANGELES,LOS ANGELES,-118.21534683,34.07365316
7127555,2015,2015-12-29,1900,2015-11-24,2110,600527,1120,2,5,6,1992,0,0,0,NA,0,111T1,AVENUE G,30TH ST WEST,0,NA,Y,A,G,N,NA,NA,NA,NA,NA,NA,NA,NA,NA,Y,4,0,2,2,A,-,12,22450,A,N,D,C,A,A,H,-,C,A,0,NA,NA,NA,NA,Y,NA,A,01,0,0,2,0,0,0,0,0,0,-,-,NA,NA,LOS ANGELES,LANCASTER,-118.1839501,34.73325007
7127558,2015,2015-12-23,1942,2015-11-20,1510,39533,NA,5,5,7,1942,0,0,0,NA,0,0427,EASTERN AV,TEMPLETON ST,0,NA,Y,A,-,N,NA,NA,NA,NA,NA,NA,NA,NA,NA,N,3,0,3,2,A,-,09,21804,NA,N,D,C,A,A,H,-,A,A,0,NA,NA,NA,NA,Y,NA,A,01,0,2,1,0,0,0,0,0,0,-,-,NA,NA,LOS ANGELES,LOS ANGELES,-118.17805004,34.08188001
7127562,2015,2015-12-28,1942,2015-11-21,1120,39129,0409,6,5,7,1942,0,0,0,D,0,4A3,EASTERN AV,TWINING ST,0,NA,Y,A,-,N,NA,NA,NA,NA,NA,NA,NA,NA,NA,N,2,0,1,2,D,-,00,NA,NA,N,D,G,A,A,H,-,A,D,0,NA,Y,NA,NA,Y,NA,-,-,1,0,0,0,0,0,1,0,0,-,-,NA,NA,LOS ANGELES,LOS ANGELES,-118.17805011,34.08360012
7127564,2015,2015-12-28,1941,2015-11-30,1100,10792,NA,1,5,7,1941,0,0,0,NA,0,NA,SAN ANTONIO DR,LONG BEACH BL,117,E,N,A,-,N,NA,NA,NA,NA,NA,NA,NA,NA,NA,Y,4,0,2,2,A,-,08,22107,NA,N,D,C,A,A,H,-,A,A,0,NA,NA,NA,NA,Y,NA,D,NA,0,0,2,0,0,0,0,0,0,-,-,NA,NA,LOS ANGELES,LONG BEACH,-118.18902496,33.83466155
7127568,2015,2015-12-28,1941,2015-11-25,1642,5870,623,3,5,7,1941,0,0,0,NA,0,010,MARINA DR,STUDEBAKER RD,550,W,N,B,-,N,NA,NA,NA,NA,NA,NA,NA,NA,NA,N,4,0,1,2,B,-,22,NA,NA,M,D,G,A,A,B,-,C,A,0,NA,Y,NA,NA,Y,NA,L,04,0,0,1,0,0,0,1,0,0,-,-,NA,NA,LOS ANGELES,LONG BEACH,-118.1095841,33.75420837
7127571,2015,2015-12-29,1942,2015-11-27,1015,41386,0829,5,5,7,1942,0,0,0,H,0,8A29,BEVERLY GLEN BL,WELLWORTH,50,S,N,A,-,N,NA,NA,NA,NA,NA,NA,NA,NA,NA,Y,4,0,1,2,A,-,08,22107,NA,N,D,C,A,A,H,-,A,D,0,NA,NA,NA,NA,Y,NA,A,01,0,0,1,0,0,0,0,0,0,-,-,NA,NA,LOS ANGELES,LOS ANGELES,-118.42717459,34.06397459
7127572,2015,2015-12-28,1941,2015-11-28,1612,5277,NA,6,5,7,1941,0,0,0,NA,0,NA,ELLIS ST,LINDEN AV,171,W,N,A,-,N,NA,NA,NA,NA,NA,NA,NA,NA,NA,Y,3,0,2,2,A,-,09,21804,A,N,D,C,A,A,H,-,A,D,0,NA,NA,NA,NA,Y,NA,A,NA,0,1,1,0,0,0,0,0,0,-,-,NA,NA,LOS ANGELES,LONG BEACH,-118.18655191,33.85678844
7127573,2015,2015-12-28,1942,2015-11-25,1840,38476,1507,3,5,7,1942,0,0,0,O,0,13X42,OLYMPIC BL,MC GARRY ST,50,W,N,A,-,N,NA,NA,NA,NA,NA,NA,NA,NA,NA,N,4,0,1,2,A,-,03,22350,NA,N,C,C,A,A,H,-,A,A,0,NA,NA,NA,NA,Y,NA,A,01,0,0,1,0,0,0,0,0,0,-,-,NA,NA,LOS ANGELES,LOS ANGELES,-118.24060051,34.02898167
7127574,2015,2015-12-23,1922,2015-11-27,1800,604,NA,5,5,6,1922,0,0,0,NA,0,NA,FINEVIEW,PECK,0,NA,Y,B,-,N,NA,NA,NA,NA,NA,NA,NA,NA,NA,N,2,0,1,2,A,-,05,21650,NA,N,D,G,A,A,H,-,C,A,0,NA,Y,NA,NA,Y,NA,L,04,1,0,0,0,0,0,1,0,0,-,-,NA,NA,LOS ANGELES,EL MONTE,-118.03061006,34.05150003
7127575,2015,2015-12-29,1942,2015-11-30,1635,24517,2097,1,5,7,1942,0,0,0,NA,0,7TL38,VERMONT AV,20TH ST,70,S,N,A,-,N,NA,NA,NA,NA,NA,NA,NA,NA,NA,N,4,0,1,2,A,-,03,22350,A,N,C,C,A,A,H,-,B,A,0,NA,NA,NA,NA,Y,NA,A,01,0,0,1,0,0,0,0,0,0,-,-,NA,NA,LOS ANGELES,LOS ANGELES,-118.291552,34.037967
7127577,2015,2015-12-28,1942,2015-11-21,1155,37414,1372,6,5,7,1942,0,0,0,M,0,12FB33,SLAUSON AV,AVALON BL,25,W,N,A,-,N,NA,NA,NA,NA,NA,NA,NA,NA,NA,N,4,0,1,4,A,-,04,21703,A,N,C,C,A,A,-,-,A,A,0,NA,NA,NA,NA,Y,NA,A,01,0,0,1,0,0,0,0,0,0,-,-,NA,NA,LOS ANGELES,LOS ANGELES,-118.2652923,33.98924889
7127578,2015,2015-12-23,1922,2015-11-26,0836,502,NA,4,5,6,1922,0,0,0,NA,0,003,PECK RD,MEEKER,0,NA,Y,A,-,N,NA,NA,NA,NA,NA,NA,NA,NA,NA,N,4,0,1,2,D,-,00,NA,NA,N,D,C,A,A,H,-,A,A,0,NA,NA,NA,NA,Y,NA,-,-,0,0,1,0,0,0,0,0,0,-,-,NA,NA,LOS ANGELES,EL MONTE,-118.03043013,34.0655801
7127579,2015,2015-12-29,1942,2015-11-30,1730,33160,1822,1,5,7,1942,0,0,0,R,0,18A97,BROADWAY,102ND ST,0,NA,Y,A,-,N,NA,NA,NA,NA,NA,NA,NA,NA,NA,N,4,0,1,2,A,-,10,21950,A,F,G,B,B,A,H,-,C,D,0,Y,NA,NA,NA,Y,NA,-,99,0,0,1,0,1,0,0,0,0,-,-,NA,NA,LOS ANGELES,LOS ANGELES,-118.278162,33.943731
7127580,2015,2015-12-28,1972,2015-11-25,1111,18874,NA,3,5,6,1972,0,0,0,NA,0,NA,TORRANCE BL,SARTORI AV,0,NA,Y,A,-,N,NA,NA,NA,NA,NA,NA,NA,NA,NA,Y,4,0,1,2,A,-,09,21801,A,N,D,C,A,A,H,-,A,A,0,NA,NA,NA,NA,Y,NA,A,NA,0,0,1,0,0,0,0,0,0,-,-,NA,NA,LOS ANGELES,TORRANCE,-118.31707004,33.83631009
7127581,2015,2015-12-28,1942,2015-11-30,1645,36379,1344,1,5,7,1942,0,0,0,M,0,13M977,42ND PL,SAN PEDRO,125,E,N,A,-,N,NA,NA,NA,NA,NA,NA,NA,NA,NA,N,4,0,1,2,A,-,06,21750,A,F,D,C,A,A,H,-,A,D,0,NA,NA,NA,NA,Y,NA,-,99,0,0,1,0,0,0,0,0,0,-,-,NA,NA,LOS ANGELES,LOS ANGELES,-118.27046839,34.00657663
7127583,2015,2015-12-29,1942,2015-11-30,0700,34959,2062,1,5,7,1942,0,0,0,NA,0,20TL55,WESTERN AV,OLYMPIC BL,0,NA,Y,A,-,N,NA,NA,NA,NA,NA,NA,NA,NA,NA,Y,4,0,1,2,A,-,09,21801,A,N,D,C,A,A,H,-,A,D,0,NA,NA,NA,NA,Y,NA,A,01,0,0,1,0,0,0,0,0,0,-,-,NA,NA,LOS ANGELES,LOS ANGELES,-118.30907006,34.05264002
7127584,2015,2017-02-02,1972,2015-11-28,0450,20170,NA,6,5,6,1972,0,0,0,NA,0,NA,CARSON,WESTERN,0,NA,Y,A,-,Y,LA,7,187,-,-,7.983,I,5,W,Y,4,0,1,2,A,-,09,21801,A,N,D,C,A,A,H,-,C,A,0,NA,NA,NA,NA,Y,NA,A,NA,0,0,1,0,0,0,0,0,0,-,-,NA,NA,LOS ANGELES,TORRANCE,-118.38750035,34.02997348
7127585,2015,2015-12-28,1942,2015-11-29,0343,38233,1309,7,5,7,1942,0,0,0,M,0,2T15W3,SANTA FE AV,15TH ST,64,N,N,A,-,N,NA,NA,NA,NA,NA,NA,NA,NA,NA,Y,2,0,2,2,A,-,03,22350,NA,N,C,C,A,A,H,-,A,A,0,NA,NA,NA,NA,Y,NA,A,01,2,0,0,0,0,0,0,0,0,-,-,NA,NA,LOS ANGELES,LOS ANGELES,-118.23018708,34.0212855
7127587,2015,2015-12-28,1942,2015-11-20,1055,41805,1265,5,5,7,1942,0,0,0,L,0,12A53,W MANCHESTER AV,VERMONT AV,250,E,N,A,-,N,NA,NA,NA,NA,NA,NA,NA,NA,NA,Y,4,0,2,2,A,-,09,21804,A,N,H,C,A,A,H,-,A,D,0,NA,NA,NA,NA,Y,NA,A,01,0,0,2,0,0,0,0,0,0,-,-,NA,NA,LOS ANGELES,LOS ANGELES,-118.29094721,33.96002137
7127588,2015,2015-12-28,1972,2015-11-24,0539,19997,NA,2,5,6,1972,0,0,0,NA,0,NA,PLAZA DEL AMO,CABRILLO AV,0,NA,Y,A,-,N,NA,NA,NA,NA,NA,NA,NA,NA,NA,Y,4,0,2,2,A,-,12,22450,A,N,D,C,A,A,-,-,C,A,0,NA,NA,Y,NA,Y,NA,A,NA,0,0,2,0,0,0,0,0,1,-,-,NA,NA,LOS ANGELES,TORRANCE,-118.31435007,33.82412002
7127589,2015,2015-12-28,1942,2015-11-26,0815,40008,1343,4,5,7,1942,0,0,0,M,0,13TL55,SAN PEDRO ST,35TH ST,0,NA,Y,A,-,N,NA,NA,NA,NA,NA,NA,NA,NA,NA,Y,4,0,2,3,A,-,09,21801,A,N,D,C,A,A,H,-,A,D,0,NA,NA,NA,NA,Y,NA,A,01,0,0,2,0,0,0,0,0,0,-,-,NA,NA,LOS ANGELES,LOS ANGELES,-118.26582007,34.01451009
7127590,2015,2015-12-23,1900,2015-11-28,1830,546182,1127,6,5,6,1992,0,0,0,NA,0,111TI,AVENUE J8,30TH ST WEST,0,NA,Y,A,-,N,NA,NA,NA,NA,NA,NA,NA,NA,NA,N,4,0,1,2,A,-,08,22107,NA,M,B,C,A,A,H,-,C,A,0,NA,NA,NA,NA,Y,NA,A,01,0,0,1,0,0,0,0,0,0,-,-,NA,NA,LOS ANGELES,LANCASTER,-118.18371009,34.68214001
7127591,2015,2015-12-28,1942,2015-11-17,1730,40921,1266,2,5,7,1942,0,0,0,L,0,12X68,NORMANDIE AV,81ST,0,NA,Y,A,-,N,NA,NA,NA,NA,NA,NA,NA,NA,NA,N,4,0,1,2,A,-,09,21800,NA,F,A,C,A,A,H,-,C,D,0,NA,NA,NA,NA,Y,Y,-,99,0,0,1,0,0,0,0,0,0,-,-,NA,NA,LOS ANGELES,LOS ANGELES,-118.30026002,33.96549003
7127593,2015,2015-12-28,1942,2015-11-26,1100,30380,1363,4,5,7,1942,0,0,0,M,0,4TL43,AVALON BL,48TH ST,0,NA,Y,A,-,N,NA,NA,NA,NA,NA,NA,NA,NA,NA,Y,3,0,4,3,A,-,12,21453,A,N,A,C,A,A,H,-,A,A,0,NA,NA,NA,NA,Y,NA,A,07,0,2,2,0,0,0,0,0,0,-,-,NA,NA,LOS ANGELES,LOS ANGELES,-118.26525011,33.99973006
7127595,2015,2015-12-28,1942,2015-11-17,0800,27758,1239,2,5,7,1942,0,0,0,L,0,12A69,FIGUEROA ST,60TH ST,18,S,N,A,-,N,NA,NA,NA,NA,NA,NA,NA,NA,NA,N,4,0,1,2,A,-,09,21801,A,N,D,C,A,A,H,-,A,D,0,NA,NA,NA,NA,Y,NA,A,01,0,0,1,0,0,0,0,0,0,-,-,NA,NA,LOS ANGELES,LOS ANGELES,-118.2827,33.98503063
7127596,2015,2015-12-28,1972,2015-11-21,1344,17649,NA,6,5,6,1972,0,0,0,NA,0,NA,CRENSHAW BL,190TH ST,15,S,N,A,-,N,NA,NA,NA,NA,NA,NA,NA,NA,NA,N,4,0,1,2,A,-,03,22350,NA,N,C,C,A,A,H,-,A,A,0,NA,NA,NA,NA,Y,NA,A,NA,0,0,1,0,0,0,0,0,0,-,-,NA,NA,LOS ANGELES,TORRANCE,-118.32802539,33.85828135
7127597,2015,2015-12-28,1942,2015-11-26,1500,40099,1375,4,5,7,1942,0,0,0,M,0,13T22,CENTRAL AV,55TH ST,40,S,N,A,-,N,NA,NA,NA,NA,NA,NA,NA,NA,NA,N,3,0,1,2,A,-,17,22517,NA,N,E,G,A,A,H,-,A,D,0,NA,Y,NA,NA,Y,NA,A,01,0,1,0,0,0,0,1,0,0,-,-,NA,NA,LOS ANGELES,LOS ANGELES,-118.25646,33.9928803