CASE_ID,ACCIDENT_YEAR,PROC_DATE,JURIS,COLLISION_DATE,COLLISION_TIME,OFFICER_ID,REPORTING_DISTRICT,DAY_OF_WEEK,CHP_SHIFT,POPULATION,CNTY_CITY_LOC,SPECIAL_COND,BEAT_TYPE,CHP_BEAT_TYPE,CITY_DIVISION_LAPD,CHP_BEAT_CLASS,BEAT_NUMBER,PRIMARY_RD,SECONDARY_RD,DISTANCE,DIRECTION,INTERSECTION,WEATHER_1,WEATHER_2,STATE_HWY_IND,CALTRANS_COUNTY,CALTRANS_DISTRICT,STATE_ROUTE,ROUTE_SUFFIX,POSTMILE_PREFIX,POSTMILE,LOCATION_TYPE,RAMP_INTERSECTION,SIDE_OF_HWY,TOW_AWAY,COLLISION_SEVERITY,NUMBER_KILLED,NUMBER_INJURED,PARTY_COUNT,PRIMARY_COLL_FACTOR,PCF_CODE_OF_VIOL,PCF_VIOL_CATEGORY,PCF_VIOLATION,PCF_VIOL_SUBSECTION,HIT_AND_RUN,TYPE_OF_COLLISION,MVIW,PED_ACTION,ROAD_SURFACE,ROAD_COND_1,ROAD_COND_2,LIGHTING,CONTROL_DEVICE,CHP_ROAD_TYPE,PEDESTRIAN_ACCIDENT,BICYCLE_ACCIDENT,MOTORCYCLE_ACCIDENT,TRUCK_ACCIDENT,NOT_PRIVATE_PROPERTY,ALCOHOL_INVOLVED,STWD_VEHTYPE_AT_FAULT,CHP_VEHTYPE_AT_FAULT,COUNT_SEVERE_INJ,COUNT_VISIBLE_INJ,COUNT_COMPLAINT_PAIN,COUNT_PED_KILLED,COUNT_PED_INJURED,COUNT_BICYCLIST_KILLED,COUNT_BICYCLIST_INJURED,COUNT_MC_KILLED,COUNT_MC_INJURED,PRIMARY_RAMP,SECONDARY_RAMP,LATITUDE,LONGITUDE,COUNTY,CITY,POINT_X,POINT_Y
7128186,2015,2015-12-07,1942,2015-09-25,0050,40849,07,5,5,7,1942,0,0,0,G,0,7A1,SANTA MONICA BL,VINE BL,0,NA,Y,A,-,N,NA,NA,NA,NA,NA,NA,NA,NA,NA,N,4,0,1,2,A,-,03,22350,NA,F,C,C,A,A,H,-,C,A,0,NA,NA,NA,NA,Y,NA,-,99,0,0,1,0,0,0,0,0,0,-,-,NA,NA,LOS ANGELES,LOS ANGELES,-118.32661005,34.09074003
7128244,2015,2015-12-09,1953,2015-11-15,1329,7176,1953,7,5,6,1953,0,0,0,NA,0,002,ORANGE GROVE BL,EL MOLINO AV,0,NA,Y,B,-,N,NA,NA,NA,NA,NA,NA,NA,NA,NA,N,4,0,6,3,A,-,12,21453,A,N,D,C,A,A,H,-,A,A,0,NA,NA,NA,NA,Y,NA,A,01,0,0,6,0,0,0,0,0,0,-,-,NA,NA,LOS ANGELES,PASADENA,-118.13697007,34.1577901
7128250,2015,2015-12-07,1953,2015-11-20,1241,4980,1953,5,5,6,1953,0,0,0,NA,0,005,FAIR OAKS AV,CORSON ST,0,NA,Y,A,-,N,NA,NA,NA,NA,NA,NA,NA,NA,NA,Y,3,0,2,2,A,-,12,21453,A,N,D,C,A,A,H,-,A,A,0,NA,NA,NA,NA,Y,NA,A,01,0,1,1,0,0,0,0,0,0,-,-,NA,NA,LOS ANGELES,PASADENA,-118.15050006,34.15098008
7128254,2015,2015-12-07,1953,2015-11-17,0826,5365,1953,2,5,6,1953,0,0,0,NA,0,NA,PENN ST,MARENGO AV,200,E,N,A,-,N,NA,NA,NA,NA,NA,NA,NA,NA,NA,N,3,0,1,2,B,-,22,NA,NA,N,C,C,A,A,H,-,A,D,0,NA,NA,NA,NA,Y,NA,-,-,0,1,0,0,0,0,0,0,0,-,-,NA,NA,LOS ANGELES,PASADENA,-118.14554017,34.17454712
7128258,2015,2015-12-07,1953,2015-11-21,1349,7176,1953,6,5,6,1953,0,0,0,NA,0,005,COLORADO BL,LOS ROBLES AV,20,W,N,A,-,N,NA,NA,NA,NA,NA,NA,NA,NA,NA,Y,3,0,1,2,A,-,11,21954,A,N,D,B,D,A,H,-,A,A,0,Y,NA,NA,NA,Y,NA,N,60,0,1,0,0,1,0,0,0,0,-,-,NA,NA,LOS ANGELES,PASADENA,-118.14150596,34.14586
7128262,2015,2015-12-07,1953,2015-11-16,0053,7652,PASAD,1,5,6,1953,0,0,0,NA,0,002,MARENGO AV,MAPLE ST,0,NA,Y,A,-,N,NA,NA,NA,NA,NA,NA,NA,NA,NA,Y,4,0,1,2,A,-,12,21453,A,N,D,C,A,A,H,-,C,A,0,NA,NA,NA,NA,Y,NA,A,01,0,0,1,0,0,0,0,0,0,-,-,NA,NA,LOS ANGELES,PASADENA,-118.14665012,34.10134008
7128263,2015,2015-12-07,1953,2015-11-10,1049,0311,1953,2,5,6,1953,0,0,0,NA,0,004,SIERRA MADRE VILLA AV,FRONTAGE RD,0,NA,Y,A,-,N,NA,NA,NA,NA,NA,NA,NA,NA,NA,Y,4,0,1,2,A,-,12,21453,A,N,D,C,A,A,H,-,A,A,0,NA,NA,NA,NA,Y,NA,A,01,0,0,1,0,0,0,0,0,0,-,-,NA,NA,LOS ANGELES,PASADENA,NA,NA
7128267,2015,2015-12-07,1953,2015-11-11,1716,4980,1953,3,5,6,1953,0,0,0,NA,0,003,WILSON AV,ORANGE GROVE BL,0,NA,Y,A,-,N,NA,NA,NA,NA,NA,NA,NA,NA,NA,N,3,0,1,2,A,-,10,21950,A,N,G,B,B,A,H,-,C,A,0,Y,NA,NA,NA,Y,NA,A,07,0,1,0,0,1,0,0,0,0,-,-,NA,NA,LOS ANGELES,PASADENA,-118.1281901,34.1577701
7128279,2015,2015-12-07,1953,2015-11-13,1026,7176,1953,5,5,6,1953,0,0,0,NA,0,005,FAIR OAKS AV,DAYTON ST,0,NA,Y,A,-,N,NA,NA,NA,NA,NA,NA,NA,NA,NA,Y,4,0,1,2,A,-,03,22350,NA,N,C,C,A,A,H,-,A,A,0,NA,NA,NA,NA,Y,NA,A,01,0,0,1,0,0,0,0,0,0,-,-,NA,NA,LOS ANGELES,PASADENA,-118.15046009,34.14352001
7128283,2015,2015-12-07,1953,2015-11-14,1635,7176,1953,6,5,6,1953,0,0,0,NA,0,005,COLORADO BL,LOS ROBLES AV,10,E,N,A,-,N,NA,NA,NA,NA,NA,NA,NA,NA,NA,N,4,0,1,2,A,-,03,22350,NA,N,C,C,A,A,H,-,A,A,0,NA,NA,NA,NA,Y,NA,A,01,0,0,1,0,0,0,0,0,0,-,-,NA,NA,LOS ANGELES,PASADENA,-118.14140703,34.14585931
7128295,2015,2015-12-07,1925,2015-11-12,1511,21092,110,4,5,6,1925,0,0,0,NA,0,005,NEW YORK AV,FOOTHILL BL,0,NA,Y,A,-,N,NA,NA,NA,NA,NA,NA,NA,NA,NA,N,3,0,1,2,A,-,09,21801,A,N,D,G,A,A,H,-,A,A,0,NA,Y,NA,NA,Y,NA,A,01,0,1,0,0,0,0,1,0,0,-,-,NA,NA,LOS ANGELES,GLENDALE,-118.25304008,34.23228003
7128296,2015,2015-12-07,1925,2015-11-18,1226,24111,159,3,5,6,1925,0,0,0,NA,0,004,VERDUGO RD,CALLE VAQUERO,0,NA,Y,A,-,N,NA,NA,NA,NA,NA,NA,NA,NA,NA,N,3,0,1,2,A,-,12,22450,A,N,D,G,A,A,H,-,A,D,0,NA,Y,NA,NA,Y,NA,A,01,0,1,0,0,0,0,1,0,0,-,-,NA,NA,LOS ANGELES,GLENDALE,-118.23314005,34.16411007
7128298,2015,2015-12-07,1928,2015-11-09,1316,352,515,1,5,5,1928,0,0,0,NA,0,503,JEFFERSON AV,135TH ST,0,NA,Y,A,-,N,NA,NA,NA,NA,NA,NA,NA,NA,NA,N,3,0,1,2,A,-,12,22450,NA,N,D,G,A,A,H,-,A,A,0,NA,Y,NA,NA,Y,NA,L,04,0,1,0,0,0,0,1,0,0,-,-,33.9098,-118.3467,LOS ANGELES,HAWTHORNE,-118.34672009,33.90973003
7128299,2015,2015-12-07,1925,2015-11-08,1612,24967,252,7,5,6,1925,0,0,0,NA,0,003,COLORADO BL,ADAMS ST,0,NA,Y,A,-,N,NA,NA,NA,NA,NA,NA,NA,NA,NA,N,3,0,1,2,A,-,10,21950,A,N,G,B,B,A,H,-,B,A,0,Y,NA,NA,NA,Y,NA,-,NA,0,1,0,0,1,0,0,0,0,-,-,34.14272,-118.2417,LOS ANGELES,GLENDALE,-118.24180012,34.14265003
7128302,2015,2015-12-07,1928,2015-11-06,2135,347,530,5,5,5,1928,0,0,0,NA,0,501,HAWTHORNE BL,116TH ST,0,NA,Y,A,-,N,NA,NA,NA,NA,NA,NA,NA,NA,NA,N,4,0,1,2,A,-,08,22107,NA,F,B,C,A,A,H,-,C,D,0,NA,NA,Y,NA,Y,NA,-,NA,0,0,1,0,0,0,0,0,1,-,-,33.92922,-118.35255,LOS ANGELES,HAWTHORNE,-118.35272013,33.92913001
7128303,2015,2015-12-07,1925,2015-11-17,1303,19364,129,2,5,6,1925,0,0,0,NA,0,005,VERDUGO RD,PALOMAR AV,80,N,N,A,-,N,NA,NA,NA,NA,NA,NA,NA,NA,NA,Y,4,0,1,3,A,-,03,22350,NA,N,C,E,A,A,H,-,A,D,0,NA,NA,Y,NA,Y,NA,A,08,0,0,1,0,0,0,0,0,0,-,-,NA,NA,LOS ANGELES,GLENDALE,-118.2335311,34.13408671
7128306,2015,2015-12-07,1928,2015-11-09,1430,352,517,1,5,5,1928,0,0,0,NA,0,503,CHADRON AV,EL SEGUNDO BL,420,S,N,A,-,N,NA,NA,NA,NA,NA,NA,NA,NA,NA,N,4,0,1,2,A,-,08,22102,NA,N,D,C,A,A,H,-,A,D,0,NA,NA,NA,NA,Y,NA,M,96,0,0,1,0,0,0,0,0,0,-,-,NA,NA,LOS ANGELES,HAWTHORNE,-118.32974594,33.91527807
7128307,2015,2015-12-07,1925,2015-11-09,1150,19167,129,1,5,6,1925,0,0,0,NA,0,00S,VERDUGO RD,LA CRESCENTA AV,0,NA,Y,A,-,N,NA,NA,NA,NA,NA,NA,NA,NA,NA,Y,4,0,2,2,A,-,12,21453,A,N,D,C,A,A,H,-,A,A,0,NA,NA,NA,NA,Y,NA,A,01,0,0,2,0,0,0,0,0,0,-,-,NA,NA,LOS ANGELES,GLENDALE,-118.22971012,34.19662012
7128309,2015,2015-12-07,1929,2015-11-26,0124,201,1929,4,5,3,1929,0,0,0,NA,0,001,HERMOSA AV,11TH ST,100,N,N,A,-,N,NA,NA,NA,NA,NA,NA,NA,NA,NA,N,4,0,1,2,A,-,21,22106,NA,F,C,B,E,A,H,-,C,A,0,Y,NA,NA,NA,Y,NA,-,NA,0,0,1,0,1,0,0,0,0,-,-,NA,NA,LOS ANGELES,HERMOSA BEACH,-118.39995963,33.86171807
7128311,2015,2015-12-07,1925,2015-11-15,1410,25361,5,7,5,6,1925,0,0,0,NA,0,137,CANADA BL,DON CARLOS AV,0,NA,Y,A,-,N,NA,NA,NA,NA,NA,NA,NA,NA,NA,Y,4,0,1,2,A,-,09,21801,NA,N,B,C,A,A,H,-,A,D,0,NA,NA,NA,NA,Y,NA,A,01,0,0,1,0,0,0,0,0,0,-,-,NA,NA,LOS ANGELES,GLENDALE,-118.22907002,34.18531001
7128312,2015,2015-12-07,1953,2015-11-21,1440,1274,1953,6,5,6,1953,0,0,0,NA,0,003,ORANGE GROVE BL,ALTADENA DR,0,NA,Y,A,-,N,NA,NA,NA,NA,NA,NA,NA,NA,NA,Y,4,0,1,2,A,-,12,21453,A,N,D,C,A,A,H,-,A,A,0,NA,NA,NA,NA,Y,NA,A,01,0,0,1,0,0,0,0,0,0,-,-,NA,NA,LOS ANGELES,PASADENA,-118.09847014,34.15828003
7128315,2015,2015-12-07,1925,2015-11-13,1147,14676,282,5,5,6,1925,0,0,0,NA,0,003,GLENDALE AV,PALMER AV,185,S,N,A,-,N,NA,NA,NA,NA,NA,NA,NA,NA,NA,Y,3,0,1,1,C,-,18,NA,NA,N,E,I,A,A,H,-,A,D,0,NA,NA,NA,NA,Y,NA,-,-,0,1,0,0,0,0,0,0,0,-,-,NA,NA,LOS ANGELES,GLENDALE,-118.25226882,34.13174691
7128319,2015,2015-12-07,1925,2015-11-12,1745,21876,137,4,5,6,1925,0,0,0,NA,0,005,CANADA BL,SANTA BARBARA AV,0,NA,Y,A,-,N,NA,NA,NA,NA,NA,NA,NA,NA,NA,Y,2,0,1,4,A,-,07,21658,A,F,B,D,A,A,H,-,A,D,0,NA,NA,NA,NA,Y,NA,A,01,1,0,0,0,0,0,0,0,0,-,-,NA,NA,LOS ANGELES,GLENDALE,-118.22911005,34.18842005
7128360,2015,2015-12-07,1925,2015-10-21,1538,19364,110,3,5,6,1925,0,0,0,NA,0,005,FOOTHILL BL,NEW YORK AV,0,NA,Y,A,-,N,NA,NA,NA,NA,NA,NA,NA,NA,NA,Y,2,0,3,2,A,-,12,21453,A,N,D,C,A,A,H,-,A,A,0,NA,NA,NA,NA,Y,NA,A,08,2,1,0,0,0,0,0,0,0,-,-,NA,NA,LOS ANGELES,GLENDALE,-118.25304008,34.23228003
7128365,2015,2015-12-10,1969,2015-11-03,1304,10171,TRAFF,2,5,5,1969,0,0,0,NA,0,003,FIRESTONE BL,OTIS ST,50,E,N,A,-,N,NA,NA,NA,NA,NA,NA,NA,NA,NA,Y,3,0,2,2,A,-,01,23152,E,N,C,C,A,A,H,-,A,A,0,NA,NA,NA,NA,Y,Y,A,01,0,1,1,0,0,0,0,0,0,-,-,NA,NA,LOS ANGELES,SOUTH GATE,-118.19635691,33.95324188
7128369,2015,2015-12-09,1969,2015-10-26,1836,10038,PATRO,1,5,5,1969,0,0,0,NA,0,002,SANTA ANA ST,CALIFORNIA AV,200,W,N,A,-,N,NA,NA,NA,NA,NA,NA,NA,NA,NA,N,4,0,1,3,A,-,03,22350,NA,N,C,C,A,A,H,-,C,A,0,NA,NA,NA,NA,Y,NA,D,22,0,0,1,0,0,0,0,0,0,-,-,NA,NA,LOS ANGELES,SOUTH GATE,-118.20545201,33.96290523
7128389,2015,2015-12-09,1900,2015-10-23,1840,527057,2608,5,5,6,1950,0,0,0,NA,0,263T1,AVE Q-4,32ND ST E,85,E,N,A,-,N,NA,NA,NA,NA,NA,NA,NA,NA,NA,N,4,0,1,2,A,-,10,21952,NA,N,G,B,F,A,H,-,C,D,0,Y,NA,NA,NA,Y,NA,D,22,0,0,1,0,1,0,0,0,0,-,-,NA,NA,LOS ANGELES,PALMDALE,-118.07109822,34.5838
7128393,2015,2015-12-10,1900,2015-11-12,0850,484616,2608,4,5,6,1950,0,0,0,NA,0,NA,AVE R,20TH ST E,0,NA,Y,A,-,N,NA,NA,NA,NA,NA,NA,NA,NA,NA,Y,4,0,1,2,A,-,03,22350,NA,N,C,C,A,A,H,-,A,D,0,NA,NA,NA,NA,Y,NA,D,22,0,0,1,0,0,0,0,0,0,-,-,NA,NA,LOS ANGELES,PALMDALE,-118.09396012,34.5727001
7128452,2015,2017-01-28,1925,2015-11-16,1929,21753,240,1,5,6,1925,0,0,0,NA,0,003,HARVEY DR,RT 134,0,NA,Y,A,-,Y,LA,7,134,-,R,9.067,R,4,E,Y,4,0,1,2,A,-,12,21453,A,N,D,C,A,A,H,-,C,A,0,NA,NA,NA,NA,Y,NA,A,01,0,0,1,0,0,0,0,0,0,-,EF,NA,NA,LOS ANGELES,GLENDALE,-118.22432889,34.14604292
7128488,2015,2015-12-29,1900,2015-10-25,2000,253807,2608,7,5,6,1950,0,0,0,NA,0,261T1,47TH ST EAST,THE PLACE ON 47TH ST,0,NA,Y,A,-,N,NA,NA,NA,NA,NA,NA,NA,NA,NA,Y,4,0,3,2,A,-,12,21453,A,N,D,C,A,A,H,-,C,A,0,NA,NA,NA,NA,Y,NA,D,22,0,0,3,0,0,0,0,0,0,-,-,NA,NA,LOS ANGELES,PALMDALE,-118.04528006,34.5554401
7128492,2015,2015-12-09,1900,2015-10-27,1616,528503,2619,2,5,6,1950,0,0,0,NA,0,262T1,RANCHO VISTA BL,DIVISION ST,424,W,N,B,-,N,NA,NA,NA,NA,NA,NA,NA,NA,NA,Y,3,0,3,4,A,-,05,21650,NA,N,A,C,A,A,H,-,A,D,0,NA,NA,NA,NA,Y,NA,A,01,0,1,2,0,0,0,0,0,0,-,-,NA,NA,LOS ANGELES,PALMDALE,-118.131323,34.601738
7128496,2015,2015-12-10,1900,2015-10-26,2030,527057,2616,1,5,6,1950,0,0,0,NA,0,263T1,70TH ST W,AVE M-8,0,NA,Y,A,-,N,NA,NA,NA,NA,NA,NA,NA,NA,NA,Y,3,0,2,2,A,-,09,21800,B,N,D,C,A,A,H,-,C,A,0,NA,NA,NA,NA,Y,NA,D,22,0,2,0,0,0,0,0,0,0,-,-,NA,NA,LOS ANGELES,PALMDALE,-118.25348,34.63818007
7128500,2015,2015-12-09,1900,2015-10-25,1911,527057,2610,7,5,6,1950,0,0,0,NA,0,263T1,PALMDALE BL,12TH ST EAST,10,W,N,A,-,N,NA,NA,NA,NA,NA,NA,NA,NA,NA,N,2,0,1,2,A,-,11,21954,A,N,G,B,D,A,H,-,D,D,0,Y,NA,NA,NA,Y,NA,N,60,1,0,0,0,1,0,0,0,0,-,-,NA,NA,LOS ANGELES,PALMDALE,-118.10753314,34.5795893
7128504,2015,2015-12-10,1900,2015-10-22,0925,253807,2619,4,5,6,1950,0,0,0,NA,0,261T1,AVE P,LOCKHEED WY,326,E,N,A,-,N,NA,NA,NA,NA,NA,NA,NA,NA,NA,Y,4,0,1,3,A,-,04,21703,NA,M,C,C,A,A,H,-,A,D,0,NA,NA,NA,NA,Y,NA,A,01,0,0,1,0,0,0,0,0,0,-,-,NA,NA,LOS ANGELES,PALMDALE,-118.11539899,34.60188
7128561,2015,2015-12-14,1942,2015-11-10,1020,39021,1998,2,5,7,1942,0,0,0,NA,0,9TL55,ROSCOE BL,HAZELTINE AV,30,E,N,A,-,N,NA,NA,NA,NA,NA,NA,NA,NA,NA,Y,3,0,3,2,A,-,03,22350,NA,N,C,C,A,A,H,-,A,A,0,NA,NA,NA,NA,Y,NA,A,07,0,1,2,0,0,0,0,0,0,-,-,NA,NA,LOS ANGELES,LOS ANGELES,-118.44033094,34.22162
7128562,2015,2015-12-09,1969,2015-10-28,1043,10195,PTRL,3,5,5,1969,0,0,0,NA,0,004,WRIGHT RD,ATLANTIC AV,0,NA,Y,A,-,N,NA,NA,NA,NA,NA,NA,NA,NA,NA,Y,4,0,1,1,A,-,08,22107,NA,N,F,I,A,A,H,-,A,D,0,NA,NA,NA,NA,Y,NA,A,07,0,0,1,0,0,0,0,0,0,-,-,NA,NA,LOS ANGELES,SOUTH GATE,-118.18183005,33.93983011
7128565,2015,2015-12-14,1942,2015-11-10,0755,38850,1915,2,5,7,1942,0,0,0,NA,0,19TL75,POLK ST,HERRICK AV,0,NA,Y,A,-,N,NA,NA,NA,NA,NA,NA,NA,NA,NA,Y,3,0,1,4,A,-,09,21802,A,N,D,C,A,A,H,-,A,D,0,NA,NA,NA,NA,Y,NA,A,01,0,1,0,0,0,0,0,0,0,-,-,NA,NA,LOS ANGELES,LOS ANGELES,-118.45271011,34.30494012
7128569,2015,2015-12-14,1942,2015-11-23,0925,39021,1994,1,5,7,1942,0,0,0,NA,0,9TL55,ROSCOE BL,VAN NUYS BL,0,NA,Y,A,-,N,NA,NA,NA,NA,NA,NA,NA,NA,NA,Y,3,0,2,2,A,-,12,21453,A,N,A,C,A,A,H,-,A,A,0,NA,NA,NA,NA,Y,NA,A,01,0,2,0,0,0,0,0,0,0,-,-,NA,NA,LOS ANGELES,LOS ANGELES,-118.44878005,34.2215301
7128573,2015,2015-12-16,1942,2015-11-19,1630,26319,1963,4,5,7,1942,0,0,0,NA,0,19T74,VAN NUYS BL,WOODMAN AV,60,W,N,A,-,N,NA,NA,NA,NA,NA,NA,NA,NA,NA,N,4,0,1,2,-,-,-,NA,NA,N,C,C,A,A,H,-,A,A,0,NA,NA,NA,NA,Y,NA,-,-,0,0,1,0,0,0,0,0,0,-,-,NA,NA,LOS ANGELES,LOS ANGELES,-118.44833984,34.24698271
7128574,2014,2015-12-08,1900,2014-09-13,0331,527056,2612,6,5,6,1950,0,0,0,NA,0,264T1,RANCHO VISTA BL,DUNBAR ST,277,E,N,A,-,N,NA,NA,NA,NA,NA,NA,NA,NA,NA,Y,2,0,2,1,A,-,01,23153,A,N,E,I,A,A,H,-,C,D,0,NA,NA,NA,NA,Y,Y,A,07,1,0,1,0,0,0,0,0,0,-,-,NA,NA,LOS ANGELES,PALMDALE,-118.160522,34.601736
7128576,2015,2015-12-09,1969,2015-11-05,1349,20226,TRFC,4,5,5,1969,0,0,0,NA,0,004,ATLANTIC AV,SOUTHERN AV,75,S,N,A,-,N,NA,NA,NA,NA,NA,NA,NA,NA,NA,N,4,0,1,2,A,-,03,22350,NA,N,C,C,A,A,H,-,A,A,0,NA,NA,NA,NA,Y,NA,A,01,0,0,1,0,0,0,0,0,0,-,-,NA,NA,LOS ANGELES,SOUTH GATE,-118.18102849,33.94602082
7128577,2015,2015-12-14,1942,2015-11-18,0800,33340,21173,3,5,7,1942,0,0,0,NA,0,10TL35,WOODLAKE AV,CANZONET ST,14,N,N,A,-,N,NA,NA,NA,NA,NA,NA,NA,NA,NA,Y,4,0,1,2,A,-,12,22450,A,N,B,C,A,A,H,-,A,A,0,NA,NA,NA,NA,Y,NA,D,22,0,0,1,0,0,0,0,0,0,-,-,NA,NA,LOS ANGELES,LOS ANGELES,-118.63205,34.166568410000004
7128580,2015,2015-12-08,1969,2015-11-04,1750,20226,TRFC,3,5,5,1969,0,0,0,NA,0,005,GARFIELD AV,KARMONT AV,0,NA,Y,A,-,N,NA,NA,NA,NA,NA,NA,NA,NA,NA,Y,3,0,3,3,A,-,09,21801,A,N,D,C,A,A,H,-,C,A,0,NA,NA,NA,NA,Y,NA,A,01,0,2,1,0,0,0,0,0,0,-,-,NA,NA,LOS ANGELES,SOUTH GATE,-118.16741011,33.93848004
7128581,2015,2015-12-11,1942,2015-10-31,1710,33514,2157,6,5,7,1942,0,0,0,NA,0,21A29,VANOWEN ST,OWENSMOUTH AV,0,NA,Y,A,-,N,NA,NA,NA,NA,NA,NA,NA,NA,NA,Y,3,0,3,3,A,-,09,21801,A,N,D,C,A,A,H,-,A,D,0,NA,NA,NA,NA,Y,NA,A,01,0,1,2,0,0,0,0,0,0,-,-,NA,NA,LOS ANGELES,LOS ANGELES,-118.60152006,34.19376006
7128584,2015,2015-12-14,1969,2015-11-01,1627,10194,PTRL,7,5,5,1969,0,0,0,NA,0,002,SANTA ANITA ST,EVERGREEN AV,0,NA,Y,A,-,N,NA,NA,NA,NA,NA,NA,NA,NA,NA,Y,4,0,2,2,A,-,09,21802,A,N,A,C,A,A,H,-,A,D,0,NA,NA,NA,NA,Y,NA,A,01,0,0,2,0,0,0,0,0,0,-,-,NA,NA,LOS ANGELES,SOUTH GATE,-118.21671,33.964075
7128586,2015,2015-12-14,1942,2015-11-23,1700,40165,0909,1,5,7,1942,0,0,0,I,0,15TL42,SHERMAN WY,WOODMAN AV,330,E,N,A,-,N,NA,NA,NA,NA,NA,NA,NA,NA,NA,N,4,0,1,2,A,-,09,21801,A,N,D,C,A,A,H,-,C,D,0,NA,NA,NA,NA,Y,NA,A,01,0,0,1,0,0,0,0,0,0,-,-,NA,NA,LOS ANGELES,LOS ANGELES,-118.43015062,34.20119
7128588,2015,2017-01-28,1969,2015-11-01,1448,10202,PTRL,7,5,5,1969,0,0,0,NA,0,005,FIRESTONE BL,RT 710,0,NA,Y,A,-,Y,LA,7,710,-,-,18.314,R,4,S,Y,4,0,1,2,A,-,08,22107,NA,N,B,C,A,A,H,-,A,D,0,NA,NA,NA,NA,Y,NA,A,01,0,0,1,0,0,0,0,0,0,-,SF,NA,NA,LOS ANGELES,SOUTH GATE,-118.17047116,33.94792064
7128589,2015,2017-02-03,1942,2015-11-18,1205,36755,2103,3,5,7,1942,0,0,0,NA,0,10TL38,TOPANGA CANYON BL,CHASE ST,0,NA,Y,A,-,Y,LA,7,27,-,-,16.141,I,6,N,N,4,0,1,2,A,-,11,21456,B,N,G,B,-,A,H,-,A,A,0,Y,NA,NA,NA,Y,NA,N,60,0,0,1,0,1,0,0,0,0,-,-,NA,NA,LOS ANGELES,LOS ANGELES,-118.60592235,34.22437964
7128590,2015,2015-12-14,1942,2015-11-10,1810,39298,0911,2,5,7,1942,0,0,0,I,0,9EL2,SEPULVEDA BL,BASSETT ST,0,NA,Y,A,-,N,NA,NA,NA,NA,NA,NA,NA,NA,NA,Y,2,0,1,2,A,-,09,21801,A,N,A,C,A,A,H,-,A,D,0,NA,NA,Y,NA,Y,NA,D,22,1,0,0,0,0,0,0,0,1,-,-,NA,NA,LOS ANGELES,LOS ANGELES,-118.46620001,34.19572001
7128594,2015,2016-01-26,1942,2015-11-13,0745,33340,0946,5,5,7,1942,0,0,0,I,0,10TL3,BURBANK BL,WOODMAN AV,69,W,N,A,-,N,NA,NA,NA,NA,NA,NA,NA,NA,NA,Y,3,0,1,2,A,-,03,22350,NA,N,C,C,A,A,H,-,A,D,0,NA,NA,NA,Y,Y,NA,A,01,0,1,0,0,0,0,0,0,0,-,-,NA,NA,LOS ANGELES,LOS ANGELES,-118.4314877,34.17213
7128597,2015,2015-12-11,1942,2015-10-22,1810,40141,2143,4,5,7,1942,0,0,0,NA,0,19T74,VANOWEN ST,FALLBROOK AV,0,NA,Y,A,-,N,NA,NA,NA,NA,NA,NA,NA,NA,NA,Y,3,0,2,4,A,-,09,21801,A,N,D,C,A,A,H,-,B,A,0,NA,NA,NA,NA,Y,NA,A,01,0,1,1,0,0,0,0,0,0,-,-,NA,NA,LOS ANGELES,LOS ANGELES,-118.62341011,34.19372007
7128600,2015,2015-12-09,1900,2015-10-15,1852,600077,2607,4,5,6,1950,0,0,0,NA,0,264T1,47TH ST EAST,FORT TEJON RD,50,S,N,C,-,N,NA,NA,NA,NA,NA,NA,NA,NA,NA,Y,4,0,1,2,A,-,03,22350,NA,N,C,C,A,B,H,-,B,A,0,NA,NA,NA,NA,Y,NA,A,01,0,0,1,0,0,0,0,0,0,-,-,NA,NA,LOS ANGELES,PALMDALE,-118.04509432,34.55364265
7128601,2015,2015-12-14,1942,2015-11-10,1630,39817,1549,2,5,7,1942,0,0,0,O,0,15A39,VINELAND AV,BURBANK BL,0,NA,Y,A,-,N,NA,NA,NA,NA,NA,NA,NA,NA,NA,N,4,0,2,2,A,-,04,21703,NA,N,C,C,A,A,H,-,A,A,0,NA,NA,NA,NA,Y,NA,D,22,0,0,2,0,0,0,0,0,0,-,-,NA,NA,LOS ANGELES,LOS ANGELES,-118.3703,34.17216011
7128602,2015,2015-12-14,1942,2015-11-17,1155,40290,1018,2,5,7,1942,0,0,0,J,0,15TL47,WOODLEY AV,CANTLAY ST,0,NA,Y,A,-,N,NA,NA,NA,NA,NA,NA,NA,NA,NA,N,4,0,1,2,A,-,04,21703,NA,N,C,C,A,A,H,-,A,D,0,NA,NA,NA,NA,Y,NA,A,01,0,0,1,0,0,0,0,0,0,-,-,NA,NA,LOS ANGELES,LOS ANGELES,-118.48366008,34.20216005
7128604,2015,2015-12-09,1900,2015-10-16,1220,253807,2611,5,5,6,1950,0,0,0,NA,0,261T1,3RD ST EAST,TECHNOLOGY DR,0,NA,Y,A,-,N,NA,NA,NA,NA,NA,NA,NA,NA,NA,Y,4,0,1,2,D,-,00,NA,NA,N,D,C,A,A,H,-,A,A,0,NA,NA,NA,NA,Y,NA,-,-,0,0,1,0,0,0,0,0,0,-,-,NA,NA,LOS ANGELES,PALMDALE,-118.12543011,34.59443006
7128605,2015,2015-12-14,1942,2015-11-20,2300,40972,1998,5,5,7,1942,0,0,0,NA,0,16T23,ROSCOE BL,WAKEFIELD AV,61,W,N,A,-,N,NA,NA,NA,NA,NA,NA,NA,NA,NA,Y,4,0,1,2,A,-,03,22350,NA,N,D,E,A,A,H,-,C,D,0,NA,NA,NA,NA,Y,NA,A,01,0,0,1,0,0,0,0,0,0,-,-,NA,NA,LOS ANGELES,LOS ANGELES,-118.44364142,34.2216