CASE_ID,ACCIDENT_YEAR,PROC_DATE,JURIS,COLLISION_DATE,COLLISION_TIME,OFFICER_ID,REPORTING_DISTRICT,DAY_OF_WEEK,CHP_SHIFT,POPULATION,CNTY_CITY_LOC,SPECIAL_COND,BEAT_TYPE,CHP_BEAT_TYPE,CITY_DIVISION_LAPD,CHP_BEAT_CLASS,BEAT_NUMBER,PRIMARY_RD,SECONDARY_RD,DISTANCE,DIRECTION,INTERSECTION,WEATHER_1,WEATHER_2,STATE_HWY_IND,CALTRANS_COUNTY,CALTRANS_DISTRICT,STATE_ROUTE,ROUTE_SUFFIX,POSTMILE_PREFIX,POSTMILE,LOCATION_TYPE,RAMP_INTERSECTION,SIDE_OF_HWY,TOW_AWAY,COLLISION_SEVERITY,NUMBER_KILLED,NUMBER_INJURED,PARTY_COUNT,PRIMARY_COLL_FACTOR,PCF_CODE_OF_VIOL,PCF_VIOL_CATEGORY,PCF_VIOLATION,PCF_VIOL_SUBSECTION,HIT_AND_RUN,TYPE_OF_COLLISION,MVIW,PED_ACTION,ROAD_SURFACE,ROAD_COND_1,ROAD_COND_2,LIGHTING,CONTROL_DEVICE,CHP_ROAD_TYPE,PEDESTRIAN_ACCIDENT,BICYCLE_ACCIDENT,MOTORCYCLE_ACCIDENT,TRUCK_ACCIDENT,NOT_PRIVATE_PROPERTY,ALCOHOL_INVOLVED,STWD_VEHTYPE_AT_FAULT,CHP_VEHTYPE_AT_FAULT,COUNT_SEVERE_INJ,COUNT_VISIBLE_INJ,COUNT_COMPLAINT_PAIN,COUNT_PED_KILLED,COUNT_PED_INJURED,COUNT_BICYCLIST_KILLED,COUNT_BICYCLIST_INJURED,COUNT_MC_KILLED,COUNT_MC_INJURED,PRIMARY_RAMP,SECONDARY_RAMP,LATITUDE,LONGITUDE,COUNTY,CITY,POINT_X,POINT_Y
7128762,2015,2015-12-10,1942,2015-11-22,1130,41256,0991,7,5,7,1942,0,0,0,I,0,9A89,SAUGUS AV,VALLEY VISTA BL,0,NA,Y,A,-,N,NA,NA,NA,NA,NA,NA,NA,NA,NA,Y,3,0,1,10,A,-,12,22450,A,N,D,C,A,A,H,-,A,D,0,NA,NA,NA,NA,Y,NA,A,01,0,1,0,0,0,0,0,0,0,-,-,NA,NA,LOS ANGELES,LOS ANGELES,-118.46586006,34.14858011
7128766,2015,2015-12-10,1942,2015-11-18,1800,38362,0931,3,5,7,1942,0,0,0,I,0,9X16,SEPULVEDA BL,ERWIN ST,0,NA,Y,A,-,N,NA,NA,NA,NA,NA,NA,NA,NA,NA,Y,3,0,1,2,A,-,09,21801,A,N,D,C,A,A,H,-,C,A,0,NA,NA,NA,NA,Y,NA,A,01,0,1,0,0,0,0,0,0,0,-,-,NA,NA,LOS ANGELES,LOS ANGELES,-118.46619008,34.18302002
7128770,2015,2015-12-10,1942,2015-11-24,1210,25197,0946,2,5,7,1942,0,0,0,I,0,35M29,OXNARD ST,W WOODMAN AV,33,E,N,A,-,N,NA,NA,NA,NA,NA,NA,NA,NA,NA,Y,4,0,1,2,A,-,09,21801,A,N,D,C,A,A,H,-,A,A,0,NA,NA,NA,NA,Y,NA,A,01,0,0,1,0,0,0,0,0,0,-,-,NA,NA,LOS ANGELES,LOS ANGELES,-118.43113111,34.17940168
7128774,2015,2015-12-16,1942,2015-11-24,0910,37080,0926,2,5,7,1942,0,0,0,I,0,21TL63,HAZELTINE AV,VANOWEN ST,0,NA,Y,A,-,N,NA,NA,NA,NA,NA,NA,NA,NA,NA,Y,4,0,2,2,A,-,12,21453,A,N,D,C,A,A,H,-,A,A,0,NA,NA,NA,NA,Y,NA,-,-,0,0,2,0,0,0,0,0,0,-,-,NA,NA,LOS ANGELES,LOS ANGELES,-118.43998004,34.19394007
7128776,2015,2015-12-14,1901,2015-11-06,1622,210,18,5,5,5,1901,0,0,0,NA,0,002,ATLANTIC BL,MISSION RD,0,NA,Y,A,-,N,NA,NA,NA,NA,NA,NA,NA,NA,NA,N,4,0,1,2,A,-,03,22350,NA,N,C,C,A,A,H,-,A,A,0,NA,NA,NA,NA,Y,NA,D,22,0,0,1,0,0,0,0,0,0,-,-,NA,NA,LOS ANGELES,ALHAMBRA,-118.13455003,34.08476011
7128778,2015,2015-12-10,1942,2015-11-13,1830,35481,0932,5,5,7,1942,0,0,0,I,0,9TL54,VICTORY BL,KESTER AV,45,W,N,A,-,N,NA,NA,NA,NA,NA,NA,NA,NA,NA,N,4,0,1,2,A,-,04,21703,NA,N,C,C,A,A,H,-,C,D,0,NA,NA,NA,NA,Y,NA,A,07,0,0,1,0,0,0,0,0,0,-,-,NA,NA,LOS ANGELES,LOS ANGELES,-118.45759853,34.18666
7128782,2015,2015-12-09,1942,2015-11-13,1045,38850,0923,5,5,7,1942,0,0,0,I,0,19TL75,VANOWEN ST,KESTER AV,200,W,N,A,-,N,NA,NA,NA,NA,NA,NA,NA,NA,NA,N,4,0,1,2,A,-,09,21804,A,N,D,C,A,A,H,-,A,D,0,NA,NA,NA,NA,Y,NA,A,01,0,0,1,0,0,0,0,0,0,-,-,NA,NA,LOS ANGELES,LOS ANGELES,-118.45810019,34.19392
7128784,2015,2015-12-17,1901,2015-10-30,1312,239,31,5,5,5,1901,0,0,0,NA,0,003,COMMONWEALTH AV,RAYMOND AV,135,W,N,A,-,N,NA,NA,NA,NA,NA,NA,NA,NA,NA,N,4,0,1,2,A,-,03,22350,NA,N,C,C,A,A,H,-,A,A,0,NA,NA,NA,NA,Y,NA,I,20,0,0,1,0,0,0,0,0,0,-,-,NA,NA,LOS ANGELES,ALHAMBRA,-118.14541059,34.08760697
7128786,2015,2015-12-09,1942,2015-11-20,1740,37676,0901,5,5,7,1942,0,0,0,I,0,9T5GW7,SHERMAN WAY,SEPULVEDA BL,600,W,N,A,-,N,NA,NA,NA,NA,NA,NA,NA,NA,NA,Y,4,0,3,3,A,-,04,21703,NA,N,C,C,A,A,H,-,C,D,0,NA,NA,NA,NA,Y,NA,A,07,0,0,3,0,0,0,0,0,0,-,-,NA,NA,LOS ANGELES,LOS ANGELES,-118.46818077,34.20125
7128790,2015,2015-12-16,1942,2015-11-21,0725,38980,0915,6,5,7,1942,0,0,0,I,0,10TL37,VANOWEN ST,LENNOX AV,0,NA,Y,A,-,N,NA,NA,NA,NA,NA,NA,NA,NA,NA,Y,4,0,4,3,D,-,00,NA,NA,N,D,C,A,A,H,-,A,A,0,NA,NA,NA,NA,Y,NA,-,-,0,0,4,0,0,0,0,0,0,-,-,NA,NA,LOS ANGELES,LOS ANGELES,-118.44546009,34.19394001
7128794,2015,2015-12-10,1942,2015-11-21,0910,38980,0911,6,5,7,1942,0,0,0,I,0,10TL37,VANOWEN ST,PEACH AV,221,W,N,A,-,N,NA,NA,NA,NA,NA,NA,NA,NA,NA,Y,4,0,2,5,A,-,03,22350,NA,N,D,C,A,A,H,-,A,D,0,NA,NA,NA,NA,Y,NA,A,01,0,0,2,0,0,0,0,0,0,-,-,NA,NA,LOS ANGELES,LOS ANGELES,-118.46912952,34.19392
7128796,2015,2015-12-11,1901,2015-10-31,1220,275,23,6,5,5,1901,0,0,0,NA,0,003,MAIN ST,FREMONT AV,0,NA,Y,A,-,N,NA,NA,NA,NA,NA,NA,NA,NA,NA,N,4,0,1,2,A,-,12,21453,A,F,D,C,A,A,H,-,A,A,0,NA,NA,NA,NA,Y,NA,A,07,0,0,1,0,0,0,0,0,0,-,-,NA,NA,LOS ANGELES,ALHAMBRA,-118.15210014,34.09532001
7128798,2015,2015-12-09,1942,2015-11-22,0630,39021,0911,7,5,7,1942,0,0,0,I,0,9TL55,VANOWEN ST,CHISHOLM AV,50,W,N,A,-,N,NA,NA,NA,NA,NA,NA,NA,NA,NA,Y,3,0,1,4,A,-,08,22107,NA,N,B,E,A,A,H,-,A,D,0,NA,NA,NA,NA,Y,NA,A,01,0,1,0,0,0,0,0,0,0,-,-,NA,NA,LOS ANGELES,LOS ANGELES,-118.47184505,34.19392
7128801,2015,2017-02-03,1942,2015-11-23,0020,36599,2104,1,5,7,1942,0,0,0,NA,0,19T23,TOPANGA CANYON BL,NORDHOFF ST,350,S,N,A,-,Y,LA,7,27,-,-,16.94,H,-,S,Y,3,0,1,5,A,-,03,22350,NA,N,B,E,A,A,H,-,C,A,0,NA,NA,NA,NA,Y,NA,A,01,0,1,0,0,0,0,0,0,0,-,-,NA,NA,LOS ANGELES,LOS ANGELES,-118.604564,34.23458896
7128802,2015,2015-12-10,1976,2015-11-18,1035,438,NA,3,5,5,1976,0,0,0,NA,0,001,NORWALK BL,RINCON DR,43,S,N,A,-,N,NA,NA,NA,NA,NA,NA,NA,NA,NA,Y,3,0,1,2,A,-,08,22107,NA,N,D,C,A,A,H,-,A,D,0,NA,NA,NA,NA,Y,NA,A,07,0,1,0,0,0,0,0,0,0,-,-,NA,NA,LOS ANGELES,WHITTIER,-118.06500147,33.98892003
7128805,2015,2016-08-09,1942,2015-11-24,0930,38850,2187,2,5,7,1942,0,0,0,NA,0,19TL75,CANOGA AV,VENTURA BL,40,N,N,A,-,N,NA,NA,NA,NA,NA,NA,NA,NA,NA,N,4,0,1,2,A,-,04,21703,NA,N,C,C,A,A,H,-,A,D,0,NA,NA,NA,NA,Y,NA,A,01,0,0,1,0,0,0,0,0,0,-,-,NA,NA,LOS ANGELES,LOS ANGELES,-118.59744,34.16796973
7128806,2015,2016-08-09,1976,2015-11-17,1453,297,NA,2,5,5,1976,0,0,0,NA,0,001,NORWALK BL,DORLAND ST,0,NA,Y,A,-,N,NA,NA,NA,NA,NA,NA,NA,NA,NA,N,4,0,3,2,A,-,09,21801,A,N,D,C,A,A,H,-,A,D,0,NA,NA,NA,NA,Y,NA,A,07,0,0,3,0,0,0,0,0,0,-,-,NA,NA,LOS ANGELES,WHITTIER,-118.06367007,33.9903201
7128809,2015,2015-12-10,1942,2015-11-20,0755,38687,1974,5,5,7,1942,0,0,0,NA,0,19TL77,RAYEN ST,KESTER AV,8,E,N,A,-,N,NA,NA,NA,NA,NA,NA,NA,NA,NA,N,4,0,1,2,A,-,10,21950,A,F,G,B,B,A,H,-,A,A,0,Y,NA,NA,NA,Y,NA,-,99,0,0,1,0,1,0,0,0,0,-,-,NA,NA,LOS ANGELES,LOS ANGELES,-118.45747358,34.23182976
7128810,2015,2017-03-30,1976,2015-11-17,1119,576,1976,2,5,5,1976,0,0,0,NA,0,003,WHITTIER BL,CENTRAL AV,6,W,N,A,-,Y,LA,7,72,-,-,3.529,I,5,N,N,1,1,0,2,A,-,10,21950,A,N,G,B,B,A,H,-,A,A,0,Y,NA,NA,NA,Y,Y,A,01,0,0,0,1,0,0,0,0,0,-,-,NA,NA,LOS ANGELES,WHITTIER,-118.03090991,33.96216018
7128813,2015,2015-12-10,1942,2015-11-20,1350,37707,1982,5,5,7,1942,0,0,0,NA,0,19A93,PARTHENIA,SEPULVEDA BL,120,W,N,A,-,N,NA,NA,NA,NA,NA,NA,NA,NA,NA,N,4,0,1,2,A,-,09,21804,A,F,D,C,A,A,-,-,A,A,0,NA,NA,NA,NA,Y,NA,-,99,0,0,1,0,0,0,0,0,0,-,-,NA,NA,LOS ANGELES,LOS ANGELES,-118.46805624,34.2282745
7128814,2015,2015-12-10,1976,2015-11-17,1505,266,NA,2,5,5,1976,0,0,0,NA,0,NA,PAINTER AV,CAMILLA ST,8,S,N,A,-,N,NA,NA,NA,NA,NA,NA,NA,NA,NA,N,3,0,1,2,A,-,10,21950,A,N,G,B,B,A,H,-,A,A,0,Y,NA,NA,NA,Y,NA,A,01,0,1,0,0,1,0,0,0,0,-,-,NA,NA,LOS ANGELES,WHITTIER,-118.03265061,33.98444807
7128817,2015,2015-12-10,1942,2015-11-29,0035,31652,1983,7,5,7,1942,0,0,0,NA,0,19T73,PATHERNIA ST,PARTHENIA PL,265,W,N,A,-,N,NA,NA,NA,NA,NA,NA,NA,NA,NA,N,3,0,1,2,A,-,11,21954,A,F,G,B,D,A,H,-,C,D,0,Y,NA,NA,NA,Y,Y,N,60,0,1,0,0,1,0,0,0,0,-,-,NA,NA,LOS ANGELES,LOS ANGELES,NA,NA
7128818,2015,2016-08-09,1976,2015-11-15,1522,370,NA,7,5,5,1976,0,0,0,NA,0,002,SEASONS AV,WASHINGTON BL,0,NA,Y,A,-,N,NA,NA,NA,NA,NA,NA,NA,NA,NA,N,4,0,1,2,A,-,05,21650,NA,M,H,G,A,A,H,-,A,D,0,NA,Y,NA,NA,Y,Y,L,04,0,0,1,0,0,0,1,0,0,-,-,NA,NA,LOS ANGELES,WHITTIER,-118.05063009,33.96726005
7128821,2015,2015-12-11,1942,2015-11-25,1255,38264,1963,3,5,7,1942,0,0,0,NA,0,0W2,VAN NUYS BL,WOODMAN AV,0,NA,Y,A,-,N,NA,NA,NA,NA,NA,NA,NA,NA,NA,Y,4,0,4,2,D,-,00,NA,NA,N,D,C,A,A,H,-,A,A,0,NA,NA,NA,NA,Y,NA,-,-,0,0,4,0,0,0,0,0,0,-,-,NA,NA,LOS ANGELES,LOS ANGELES,-118.44818005,34.24708002
7128822,2015,2016-01-05,1942,2015-11-17,1840,41484,LAPD,2,5,7,1942,0,0,0,NA,0,21A1,OWENSMOUTH AV,VICTORY BL,300,S,N,A,-,N,NA,NA,NA,NA,NA,NA,NA,NA,NA,N,4,0,1,2,A,-,09,21804,A,N,A,C,A,A,H,-,C,A,0,NA,NA,NA,NA,Y,NA,A,01,0,0,1,0,0,0,0,0,0,-,-,NA,NA,LOS ANGELES,LOS ANGELES,-118.60153231,34.18690703
7128825,2015,2015-12-10,1942,2015-11-01,0015,39971,1958,7,5,7,1942,0,0,0,NA,0,35Q44,ARLETA AV,PAXTON ST,0,NA,Y,A,-,N,NA,NA,NA,NA,NA,NA,NA,NA,NA,Y,4,0,1,2,A,-,01,23152,A,N,D,C,A,A,H,-,A,A,0,NA,NA,NA,NA,Y,Y,A,01,0,0,1,0,0,0,0,0,0,-,-,NA,NA,LOS ANGELES,LOS ANGELES,-118.44498013,34.25994006
7128826,2015,2015-12-22,1976,2015-11-10,0744,380,1976,2,5,5,1976,0,0,0,NA,0,004,LAMBERT RD,SCOTT AV,615,W,N,A,-,N,NA,NA,NA,NA,NA,NA,NA,NA,NA,N,4,0,1,2,A,-,04,21703,NA,N,C,C,A,A,H,-,A,A,0,NA,NA,NA,NA,Y,NA,A,01,0,0,1,0,0,0,0,0,0,-,-,NA,NA,LOS ANGELES,WHITTIER,-118.0026174,33.93779968
7128829,2015,2015-12-10,1942,2015-11-01,1620,39477,1998,7,5,7,1942,0,0,0,NA,0,35Q41,ROSCOE BL,WAKEFIELD AV,30,E,N,A,-,N,NA,NA,NA,NA,NA,NA,NA,NA,NA,N,4,0,1,3,A,-,01,23152,E,N,B,E,A,A,H,-,A,D,0,NA,NA,NA,NA,Y,NA,A,01,0,0,1,0,0,0,0,0,0,-,-,NA,NA,LOS ANGELES,LOS ANGELES,-118.44334094,34.2216
7128830,2015,2015-12-10,1976,2015-11-05,1812,376,NA,4,5,5,1976,0,0,0,NA,0,001,BEVERLY BL,DEVERON DR,0,NA,Y,B,-,N,NA,NA,NA,NA,NA,NA,NA,NA,NA,N,3,0,1,2,A,-,09,21801,A,N,D,C,A,A,H,-,C,D,0,NA,NA,Y,NA,Y,NA,A,07,0,1,0,0,0,0,0,0,1,-,-,NA,NA,LOS ANGELES,WHITTIER,-118.0570301,33.99975009
7128833,2015,2015-12-10,1942,2015-11-25,1705,41145,RD196,3,5,7,1942,0,0,0,NA,0,16X82,VAN NUYS BL,WOODMAN AV,435,E,N,A,-,N,NA,NA,NA,NA,NA,NA,NA,NA,NA,Y,2,0,1,2,A,-,09,21801,A,N,B,C,A,A,H,-,C,D,0,NA,NA,Y,NA,Y,NA,A,01,1,0,0,0,0,0,0,0,1,-,-,NA,NA,LOS ANGELES,LOS ANGELES,-118.44710342,34.24786994
7128837,2015,2015-12-10,1942,2015-11-13,0755,38850,1972,5,5,7,1942,0,0,0,NA,0,19TL75,COLUMBUS AV,NORDHOFF ST,12,S,N,A,-,N,NA,NA,NA,NA,NA,NA,NA,NA,NA,N,3,0,1,2,A,-,10,21950,A,N,G,B,B,A,H,-,A,D,0,Y,NA,NA,NA,Y,NA,A,08,0,1,0,0,1,0,0,0,0,-,-,NA,NA,LOS ANGELES,LOS ANGELES,-118.46538,34.23547708
7128839,2015,2015-12-09,1962,2015-11-30,0752,094,1962,1,5,4,1962,0,0,0,NA,0,025,SAN GABRIEL BL,WELLS ST,2,S,N,A,-,N,NA,NA,NA,NA,NA,NA,NA,NA,NA,N,3,0,1,2,A,-,09,21802,A,N,H,G,A,A,H,-,A,D,0,NA,Y,NA,NA,Y,NA,L,04,0,1,0,0,0,0,1,0,0,-,-,NA,NA,LOS ANGELES,SAN GABRIEL,-118.09080983,34.08443452
7128841,2015,2015-12-10,1942,2015-11-29,1250,37080,1977,7,5,7,1942,0,0,0,NA,0,19TL76,BRANFORD ST,CANTERBURY AV,25,E,N,A,-,N,NA,NA,NA,NA,NA,NA,NA,NA,NA,N,4,0,2,2,A,-,04,21703,NA,N,C,C,A,A,H,-,A,A,0,NA,NA,NA,NA,Y,NA,A,01,0,0,2,0,0,0,0,0,0,-,-,NA,NA,LOS ANGELES,LOS ANGELES,-118.42631904,34.23135624
7128842,2015,2015-12-10,1942,2015-11-24,2100,37304,2158,2,5,7,1942,0,0,0,NA,0,9T53,DE SOTO AV,ERWIN ST,0,NA,Y,B,-,N,NA,NA,NA,NA,NA,NA,NA,NA,NA,Y,3,0,4,2,A,-,09,21801,A,N,A,C,A,A,H,-,C,A,0,NA,NA,NA,NA,Y,NA,A,01,0,2,2,0,0,0,0,0,0,-,-,NA,NA,LOS ANGELES,LOS ANGELES,-118.59027003,34.18265007
7128843,2015,2015-12-09,1962,2015-11-25,1756,094,1962,3,5,4,1962,0,0,0,NA,0,024,SAN GABRIEL BL,ANGELENO AV,23,S,N,A,-,N,NA,NA,NA,NA,NA,NA,NA,NA,NA,Y,4,0,1,2,A,-,09,21801,A,N,H,C,A,A,H,-,C,D,0,NA,NA,Y,NA,Y,NA,A,01,0,0,1,0,0,0,0,0,1,-,-,NA,NA,LOS ANGELES,SAN GABRIEL,-118.09093,34.09606693
7128845,2015,2015-12-10,1942,2015-11-01,1845,38835,1974,7,5,7,1942,0,0,0,NA,0,19X58,RAYEN ST,CEDROS AV,50,W,N,A,-,N,NA,NA,NA,NA,NA,NA,NA,NA,NA,N,4,0,1,2,A,-,11,21950,B,N,G,B,E,A,H,-,C,D,0,Y,NA,NA,NA,Y,NA,N,60,0,0,1,0,1,0,0,0,0,-,-,NA,NA,LOS ANGELES,LOS ANGELES,-118.45369512,34.23181
7128846,2015,2015-12-10,1942,2015-11-29,1325,40119,2145,7,5,7,1942,0,0,0,NA,0,19TL78,VANOWEN AV,TOPANGA CANYON BL,0,NA,Y,A,-,N,NA,NA,NA,NA,NA,NA,NA,NA,NA,N,4,0,3,2,A,-,09,21801,A,N,D,C,A,A,H,-,A,A,0,NA,NA,NA,NA,Y,NA,A,01,0,0,3,0,0,0,0,0,0,-,-,NA,NA,LOS ANGELES,LOS ANGELES,-118.60591009,34.1937501
7128849,2015,2015-12-10,1942,2015-11-25,0720,38687,1915,3,5,7,1942,0,0,0,NA,0,19TL77,GLENOAKS BL,SAYRE ST,0,NA,Y,A,-,N,NA,NA,NA,NA,NA,NA,NA,NA,NA,N,4,0,1,2,A,-,09,21801,A,N,H,G,A,A,H,-,A,D,0,NA,Y,NA,NA,Y,NA,A,07,0,0,1,0,0,0,1,0,0,-,-,NA,NA,LOS ANGELES,LOS ANGELES,-118.44269002,34.30218
7128850,2015,2015-12-10,1942,2015-11-27,1900,40383,2156,5,5,7,1942,0,0,0,NA,0,10T35,OWENSMOUTH AV,VANOWEN ST,200,S,N,A,-,N,NA,NA,NA,NA,NA,NA,NA,NA,NA,N,4,0,1,2,A,-,08,22107,NA,N,B,C,A,A,H,-,C,D,0,NA,NA,NA,NA,Y,NA,A,01,0,0,1,0,0,0,0,0,0,-,-,NA,NA,LOS ANGELES,LOS ANGELES,-118.60152669,34.19321136
7128853,2015,2015-12-10,1942,2015-11-01,0030,41775,1969,7,5,7,1942,0,0,0,NA,0,19A79,TERRA BELLA,VENA,10,W,N,A,-,N,NA,NA,NA,NA,NA,NA,NA,NA,NA,N,3,0,3,2,A,-,04,21703,NA,N,C,C,A,A,H,-,C,D,0,NA,NA,NA,NA,Y,NA,A,01,0,1,2,0,0,0,0,0,0,-,-,NA,NA,LOS ANGELES,LOS ANGELES,-118.42991451,34.24983162
7128854,2015,2015-12-10,1942,2015-11-26,1200,36755,2138,4,5,7,1942,0,0,0,NA,0,10TL38,WYANDOTTE ST,DELCO AV,70,E,N,A,-,N,NA,NA,NA,NA,NA,NA,NA,NA,NA,Y,3,0,1,2,A,-,01,23152,A,N,A,E,A,A,H,-,A,D,0,NA,NA,NA,NA,Y,NA,A,08,0,1,0,0,0,0,0,0,0,-,-,NA,NA,LOS ANGELES,LOS ANGELES,-118.57838776,34.20268491
7128857,2015,2015-12-10,1942,2015-11-01,1050,39272,1987,7,5,7,1942,0,0,0,NA,0,19A75,COMMUNITY ST,COSTELLO AV,50,W,N,A,-,N,NA,NA,NA,NA,NA,NA,NA,NA,NA,N,4,0,1,2,A,-,11,21954,A,N,H,B,C,A,H,-,A,-,0,Y,NA,NA,NA,Y,NA,N,60,0,0,1,0,1,0,0,0,0,-,-,NA,NA,LOS ANGELES,LOS ANGELES,-118.4385151,34.22258
7128858,2015,2017-02-03,1942,2015-11-19,1649,41976,2136,4,5,7,1942,0,0,0,NA,0,21A42,TOPANGA CANYON RD,VALERIO ST,0,NA,Y,A,-,Y,LA,7,27,-,-,14.791,I,5,S,Y,3,0,1,2,A,-,09,21801,A,F,D,C,A,A,H,-,B,A,0,NA,NA,Y,NA,Y,NA,-,99,0,1,0,0,0,0,0,0,1,-,-,NA,NA,LOS ANGELES,LOS ANGELES,-118.60603815,34.20462138
7128861,2015,2015-12-10,1942,2015-11-30,1300,37080,1559,1,5,7,1942,0,0,0,O,0,19TL76,FORMAN AV,KLING ST,168,S,N,A,-,N,NA,NA,NA,NA,NA,NA,NA,NA,NA,N,2,0,1,2,A,-,02,21654,A,N,G,B,E,A,H,-,A,D,0,Y,NA,NA,NA,Y,NA,N,60,1,0,0,0,1,0,0,0,0,-,-,NA,NA,LOS ANGELES,LOS ANGELES,-118.35278494,34.15538925
7128862,2015,2015-12-10,1942,2015-11-25,1450,40811,2148,3,5,7,1942,0,0,0,NA,0,21TL64,MASON,SHERMAN WAY,200,N,N,A,-,N,NA,NA,NA,NA,NA,NA,NA,NA,NA,N,4,0,1,2,A,-,04,21703,NA,N,C,C,A,A,H,-,A,D,0,NA,NA,NA,NA,Y,NA,A,01,0,0,1,0,0,0,0,0,0,-,-,NA,NA,LOS ANGELES,LOS ANGELES,-118.57972,34.20155836
7128865,2015,2015-12-10,1942,2015-11-27,1335,40165,1998,5,5,7,1942,0,0,0,NA,0,15TL42,VAN NUYS BL,LORNE ST,65,S,N,A,-,N,NA,NA,NA,NA,NA,NA,NA,NA,NA,Y,4,0,5,3,A,-,04,21703,NA,N,C,C,A,A,H,-,A,D,0,NA,NA,NA,NA,Y,NA,A,01,0,0,5,0,0,0,0,0,0,-,-,NA,NA,LOS ANGELES,LOS ANGELES,-118.44878,34.21659171
7128866,2015,2015-12-10,1942,2015-11-25,0930,30452,2189,3,5,7,1942,0,0,0,NA,0,9TL53,VENTURA BL,PREMIERE HILLS DR,40,E,N,A,-,N,NA,NA,NA,NA,NA,NA,NA,NA,NA,Y,4,0,1,5,A,-,08,22107,NA,N,C,E,A,A,H,-,A,D,0,NA,NA,NA,NA,Y,NA,A,01,0,0,1,0,0,0,0,0,0,-,-,NA,NA,LOS ANGELES,LOS ANGELES,-118.58341327,34.16705072
7128869,2015,2015-12-10,1942,2015-11-25,1605,31557,1954,3,5,7,1942,0,0,0,NA,0,35M41,SEPULVEDA BL,CHATSWORTH ST,0,NA,Y,A,-,N,NA,NA,NA,NA,NA,NA,NA,NA,NA,Y,4,0,4,2,A,-,12,21453,A,N,A,C,A,A,H,-,A,A,0,NA,NA,NA,NA,Y,NA,-,-,0,0,4,0,0,0,0,0,0,-,-,NA,NA,LOS ANGELES,LOS ANGELES,-118.46740007,34.26456009
7128870,2015,2015-12-10,1942,2015-11-18,1950,41779,2134,3,5,7,1942,0,0,0,NA,0,21A97,SHOUP AV,SHERMAN WAY,0,NA,Y,A,-,N,NA,NA,NA,NA,NA,NA,NA,NA,NA,Y,3,0,1,2,A,-,09,21801,A,N,F,C,A,A,H,-,C,A,0,NA,NA,NA,NA,Y,NA,A,07,0,1,0,0,0,0,0,0,0,-,-,NA,NA,LOS ANGELES,LOS ANGELES,-118.61466008,34.20102001
7128871,2015,2015-12-09,1901,2015-11-03,1219,224,14,2,5,5,1901,0,0,0,NA,0,002,VALLEY BL,CHAPEL AV,0,NA,Y,A,-,N,NA,NA,NA,NA,NA,NA,NA,NA,NA,Y,4,0,3,3,A,-,12,21453,A,N,B,C,A,A,H,-,A,A,0,NA,NA,NA,NA,Y,NA,A,01,0,0,3,0,0,0,0,0,0,-,-,NA,NA,LOS ANGELES,ALHAMBRA,-118.11975008,34.07879004
7128873,2015,2015-12-10,1942,2015-11-26,1040,38850,1982,4,5,7,1942,0,0,0,NA,0,17TL13,PARTHENIA ST,SEPULVEDA BL,50,E,N,A,-,N,NA,NA,NA,NA,NA,NA,NA,NA,NA,N,4,0,1,2,A,-,09,21804,A,N,D,C,A,A,H,-,A,D,0,NA,NA,NA,NA,Y,NA,A,01,0,0,1,0,0,0,0,0,0,-,-,NA,NA,LOS ANGELES,LOS ANGELES,-118.46749488,34.22827
7128874,2015,2015-12-14,1942,2015-11-18,2350,41774,21A29,3,5,7,1942,0,0,0,NA,0,21A29,WINNETKA AV,VALERIO ST,0,NA,Y,A,-,N,NA,NA,NA,NA,NA,NA,NA,NA,NA,N,3,0,2,2,A,-,04,21703,NA,N,C,C,A,A,H,-,C,A,0,NA,NA,NA,NA,Y,NA,A,01,0,1,1,0,0,0,0,0,0,-,-,NA,NA,LOS ANGELES,LOS ANGELES,-118.57100012,34.20471002
7128877,2015,2015-12-10,1942,2015-11-28,1500,40811,1944,6,5,7,1942,0,0,0,NA,0,21TL64,CHAMBERLAIN ST,KEWEN AV,300,W,N,A,-,N,NA,NA,NA,NA,NA,NA,NA,NA,NA,N,3,0,1,3,A,-,09,21804,A,N,D,C,A,A,H,-,A,D,0,NA,NA,NA,NA,Y,NA,A,01,0,1,0,0,0,0,0,0,0,-,-,NA,NA,LOS ANGELES,LOS ANGELES,-118.43904241,34.2726348
7128878,2015,2015-12-10,1942,2015-11-25,1455,40193,2144,3,5,7,1942,0,0,0,NA,0,17TL14,SCHOOLCRAFT ST,SHOUP AV,0,NA,Y,A,-,N,NA,NA,NA,NA,NA,NA,NA,NA,NA,Y,3,0,1,2,A,-,09,21802,A,N,D,J,A,A,H,-,A,A,0,NA,NA,Y,NA,Y,NA,A,01,0,1,0,0,0,0,0,0,1,-,-,NA,NA,LOS ANGELES,LOS ANGELES,-118.61463011,34.19647002
7128879,2015,2017-02-04,1976,2015-11-20,2114,279,1976,5,5,5,1976,0,0,0,NA,0,002,WASHINGTON BL,HOME DEPOT,10,E,N,A,-,N,NA,NA,NA,NA,NA,NA,NA,NA,NA,N,4,0,2,2,A,-,03,22350,NA,F,C,C,A,A,H,-,C,A,0,NA,NA,NA,NA,Y,Y,A,07,0,0,2,0,0,0,0,0,0,-,-,NA,NA,LOS ANGELES,WHITTIER,-118.049523,33.967108
7128881,2015,2015-12-10,1942,2015-11-16,1310,41800,1025,1,5,7,1942,0,0,0,J,0,10A3,VANOWEN,ETIWANDA,100,W,N,A,G,N,NA,NA,NA,NA,NA,NA,NA,NA,NA,N,3,0,1,3,A,-,21,22106,NA,N,C,-,A,A,H,-,A,D,0,NA,NA,NA,NA,Y,NA,A,01,0,1,0,0,0,0,0,0,0,-,-,NA,NA,LOS ANGELES,LOS ANGELES,-118.53200999,34.19386233