CASE_ID,ACCIDENT_YEAR,PROC_DATE,JURIS,COLLISION_DATE,COLLISION_TIME,OFFICER_ID,REPORTING_DISTRICT,DAY_OF_WEEK,CHP_SHIFT,POPULATION,CNTY_CITY_LOC,SPECIAL_COND,BEAT_TYPE,CHP_BEAT_TYPE,CITY_DIVISION_LAPD,CHP_BEAT_CLASS,BEAT_NUMBER,PRIMARY_RD,SECONDARY_RD,DISTANCE,DIRECTION,INTERSECTION,WEATHER_1,WEATHER_2,STATE_HWY_IND,CALTRANS_COUNTY,CALTRANS_DISTRICT,STATE_ROUTE,ROUTE_SUFFIX,POSTMILE_PREFIX,POSTMILE,LOCATION_TYPE,RAMP_INTERSECTION,SIDE_OF_HWY,TOW_AWAY,COLLISION_SEVERITY,NUMBER_KILLED,NUMBER_INJURED,PARTY_COUNT,PRIMARY_COLL_FACTOR,PCF_CODE_OF_VIOL,PCF_VIOL_CATEGORY,PCF_VIOLATION,PCF_VIOL_SUBSECTION,HIT_AND_RUN,TYPE_OF_COLLISION,MVIW,PED_ACTION,ROAD_SURFACE,ROAD_COND_1,ROAD_COND_2,LIGHTING,CONTROL_DEVICE,CHP_ROAD_TYPE,PEDESTRIAN_ACCIDENT,BICYCLE_ACCIDENT,MOTORCYCLE_ACCIDENT,TRUCK_ACCIDENT,NOT_PRIVATE_PROPERTY,ALCOHOL_INVOLVED,STWD_VEHTYPE_AT_FAULT,CHP_VEHTYPE_AT_FAULT,COUNT_SEVERE_INJ,COUNT_VISIBLE_INJ,COUNT_COMPLAINT_PAIN,COUNT_PED_KILLED,COUNT_PED_INJURED,COUNT_BICYCLIST_KILLED,COUNT_BICYCLIST_INJURED,COUNT_MC_KILLED,COUNT_MC_INJURED,PRIMARY_RAMP,SECONDARY_RAMP,LATITUDE,LONGITUDE,COUNTY,CITY,POINT_X,POINT_Y
7129038,2015,2015-12-16,1901,2015-10-20,2001,237,11,2,5,5,1901,0,0,0,NA,0,002,LOS HIGOS ST,CHAPEL,0,NA,Y,A,-,N,NA,NA,NA,NA,NA,NA,NA,NA,NA,Y,4,0,1,2,A,-,03,22350,NA,N,B,C,A,A,H,-,C,D,0,NA,NA,NA,NA,Y,NA,-,-,0,0,1,0,0,0,0,0,0,-,-,NA,NA,LOS ANGELES,ALHAMBRA,-118.11978002,34.0857001
7129052,2015,2015-12-09,1942,2015-10-31,1420,40613,2134,6,5,7,1942,0,0,0,NA,0,17A67,PARTHENIA ST,TAMPA AV,0,NA,Y,A,-,N,NA,NA,NA,NA,NA,NA,NA,NA,NA,Y,4,0,4,2,A,-,09,21802,A,N,D,C,A,A,H,-,A,A,0,NA,NA,NA,NA,Y,NA,A,01,0,0,4,0,0,0,0,0,0,-,-,NA,NA,LOS ANGELES,LOS ANGELES,-118.55355009,34.22823004
7129056,2015,2016-08-05,1942,2015-10-22,1515,38134,2136,4,5,7,1942,0,0,0,NA,0,21A97,CANOGA AV,COHASSET ST,200,N,N,A,-,N,NA,NA,NA,NA,NA,NA,NA,NA,NA,Y,3,0,2,2,A,-,05,21650,NA,N,A,C,A,A,H,-,A,D,0,NA,NA,NA,NA,Y,NA,A,07,0,1,1,0,0,0,0,0,0,-,-,NA,NA,LOS ANGELES,LOS ANGELES,-118.59751416,34.20701864
7129060,2015,2015-12-09,1942,2015-10-31,1605,41501,2146,6,5,7,1942,0,0,0,NA,0,21X72,OWENSMOUTH AV,SHERMAN WY,0,NA,Y,A,-,N,NA,NA,NA,NA,NA,NA,NA,NA,NA,N,3,0,1,2,A,-,08,22107,NA,N,B,G,A,A,H,-,A,A,0,NA,Y,NA,NA,Y,NA,A,01,0,1,0,0,0,0,1,0,0,-,-,NA,NA,LOS ANGELES,LOS ANGELES,-118.60156008,34.20103004
7129064,2015,2016-08-05,1942,2015-10-31,1805,36508,NA,6,5,7,1942,0,0,0,NA,0,NA,VENTURA BL,DE SOTO AV,0,NA,Y,A,-,N,NA,NA,NA,NA,NA,NA,NA,NA,NA,Y,4,0,2,2,A,-,09,21801,A,N,D,C,A,A,H,-,C,A,0,NA,NA,NA,NA,Y,NA,A,01,0,0,2,0,0,0,0,0,0,-,-,NA,NA,LOS ANGELES,LOS ANGELES,-118.58825009,34.16640006
7129068,2015,2015-12-09,1942,2015-10-29,0750,33514,2105,4,5,7,1942,0,0,0,NA,0,NA,ROSCOE BL,OWENSMOUTH AV,0,NA,Y,A,-,N,NA,NA,NA,NA,NA,NA,NA,NA,NA,Y,2,0,2,2,A,-,09,21801,A,N,D,C,A,A,H,-,A,A,0,NA,NA,NA,NA,Y,NA,A,07,1,0,1,0,0,0,0,0,0,-,-,NA,NA,LOS ANGELES,LOS ANGELES,-118.60163013,34.21973003
7129072,2015,2015-12-22,1942,2015-10-30,1923,41499,2,5,5,7,1942,0,0,0,NA,0,21X46,SHERMAN WY,DE SOTO AV,100,W,N,A,-,N,NA,NA,NA,NA,NA,NA,NA,NA,NA,N,3,0,2,3,A,-,11,21954,A,N,G,B,D,A,H,-,C,A,0,Y,NA,NA,NA,Y,NA,N,60,0,1,1,0,2,0,0,0,0,-,-,NA,NA,LOS ANGELES,LOS ANGELES,-118.58878016,34.20112
7129076,2015,2015-12-09,1942,2015-10-26,1930,41171,2172,1,5,7,1942,0,0,0,NA,0,21A2,VALLEY CIRCLE BL,VENTURA BL,0,NA,Y,A,-,N,NA,NA,NA,NA,NA,NA,NA,NA,NA,Y,4,0,1,2,A,-,09,21801,A,N,D,C,A,A,H,-,C,A,0,NA,NA,NA,NA,Y,NA,A,01,0,0,1,0,0,0,0,0,0,-,-,NA,NA,LOS ANGELES,LOS ANGELES,-118.63807004,34.16079008
7129080,2015,2015-12-09,1942,2015-10-26,0740,37080,2126,1,5,7,1942,0,0,0,NA,0,21TL63,ROSCOE BL,REMMET AV,65,E,N,A,-,N,NA,NA,NA,NA,NA,NA,NA,NA,NA,N,4,0,1,2,A,-,11,21954,A,N,G,B,-,A,H,-,A,A,0,Y,NA,NA,NA,Y,NA,N,60,0,0,1,0,1,0,0,0,0,-,-,NA,NA,LOS ANGELES,LOS ANGELES,-118.6000854,34.21975405
7129084,2015,2015-12-09,1942,2015-10-23,1615,35180,2136,5,5,7,1942,0,0,0,NA,0,21A5,COHASSET,CANOGA,30,W,N,A,-,N,NA,NA,NA,NA,NA,NA,NA,NA,NA,N,4,0,1,2,A,-,21,22106,NA,N,C,C,A,A,H,-,A,D,0,NA,NA,NA,NA,Y,NA,-,NA,0,0,1,0,0,0,0,0,0,-,-,NA,NA,LOS ANGELES,LOS ANGELES,-118.59761906,34.20647
7129088,2015,2015-12-09,1942,2015-10-28,0236,40974,2187,3,5,7,1942,0,0,0,NA,0,21A97,TOPANGA CANYON BL,CELES ST,90,N,N,A,-,N,NA,NA,NA,NA,NA,NA,NA,NA,NA,Y,4,0,1,2,A,-,03,22350,NA,N,C,E,A,A,H,-,C,A,0,NA,NA,NA,NA,Y,NA,A,01,0,0,1,0,0,0,0,0,0,-,-,NA,NA,LOS ANGELES,LOS ANGELES,-118.60583297,34.16211689
7129092,2015,2016-08-05,1942,2015-10-23,1850,36801,2143,5,5,7,1942,0,0,0,NA,0,21X72,VANOWEN ST,LENA AV,0,NA,Y,A,-,N,NA,NA,NA,NA,NA,NA,NA,NA,NA,Y,4,0,1,2,A,-,09,21801,A,N,D,C,A,A,H,-,C,A,0,NA,NA,NA,NA,Y,NA,A,01,0,0,1,0,0,0,0,0,0,-,-,NA,NA,LOS ANGELES,LOS ANGELES,-118.62718011,34.1937101
7129096,2015,2015-12-09,1942,2015-10-22,1525,35367,2177,4,5,7,1942,0,0,0,NA,0,21A42,DESOTO,BURBANK,0,NA,Y,A,-,N,NA,NA,NA,NA,NA,NA,NA,NA,NA,N,4,0,2,3,A,-,09,21801,A,N,D,C,A,A,H,-,A,A,0,NA,NA,NA,NA,Y,NA,A,01,0,0,2,0,0,0,0,0,0,-,-,NA,NA,LOS ANGELES,LOS ANGELES,-118.58816006,34.17333005
7129100,2015,2015-12-09,1942,2015-10-27,1435,26319,2134,2,5,7,1942,0,0,0,NA,0,19TL74,SHERMAN WY,SHOUP AV,190,E,N,A,-,N,NA,NA,NA,NA,NA,NA,NA,NA,NA,Y,4,0,4,5,A,-,03,22350,NA,N,C,C,A,A,H,-,A,A,0,NA,NA,NA,NA,Y,NA,A,08,0,0,4,0,0,0,0,0,0,-,-,NA,NA,LOS ANGELES,LOS ANGELES,-118.61403267,34.20102
7129104,2015,2015-12-09,1942,2015-10-22,2050,41198,1981,4,5,7,1942,0,0,0,NA,0,19T73,SEPULVEDA BL,PARTHENIA ST,220,N,N,A,-,N,NA,NA,NA,NA,NA,NA,NA,NA,NA,Y,4,0,1,2,A,-,09,21804,A,N,A,C,A,A,H,-,C,D,0,NA,NA,NA,NA,Y,NA,A,01,0,0,1,0,0,0,0,0,0,-,-,NA,NA,LOS ANGELES,LOS ANGELES,-118.4676485,34.22887338
7129108,2015,2015-12-09,1942,2015-10-29,2345,40763,2148,4,5,7,1942,0,0,0,NA,0,21X98,VANOWEN,WINNETKA,20,W,N,A,-,N,NA,NA,NA,NA,NA,NA,NA,NA,NA,Y,4,0,2,3,A,-,12,21453,A,N,D,C,A,A,H,-,C,A,0,NA,NA,Y,NA,Y,NA,A,01,0,0,2,0,0,0,0,0,1,-,-,NA,NA,LOS ANGELES,LOS ANGELES,-118.57104603,34.19379
7129112,2015,2015-12-09,1942,2015-10-30,2028,39986,2134,5,5,7,1942,0,0,0,NA,0,21EL6,TOPANGA CANYON BL,COVELLO ST,0,NA,Y,A,-,N,NA,NA,27,NA,NA,NA,NA,NA,NA,N,3,0,1,2,A,-,03,22350,NA,N,C,C,A,A,H,-,C,A,0,NA,NA,NA,NA,Y,NA,A,01,0,1,0,0,0,0,0,0,0,-,-,34.2074,-118.60594,LOS ANGELES,LOS ANGELES,-118.60588058,34.20740017
7129116,2015,2015-12-09,1942,2015-10-31,1510,41981,40682,6,5,7,1942,0,0,0,NA,0,21A29,VICTORY BL,ROYER AV,0,NA,Y,A,-,N,NA,NA,NA,NA,NA,NA,NA,NA,NA,Y,4,0,1,2,A,-,12,21453,A,N,D,C,A,A,H,-,A,A,0,NA,NA,NA,NA,Y,NA,A,01,0,0,1,0,0,0,0,0,0,-,-,NA,NA,LOS ANGELES,LOS ANGELES,-118.62772012,34.18644004
7129120,2015,2015-12-09,1942,2015-10-31,0330,27792,2157,6,5,7,1942,0,0,0,NA,0,10T35W,KITTRIDGE ST,ETON AV,20,E,N,A,-,N,NA,NA,NA,NA,NA,NA,NA,NA,NA,N,4,0,2,3,A,-,05,21650,NA,N,A,E,A,A,H,-,C,D,0,NA,NA,NA,NA,Y,NA,A,07,0,0,2,0,0,0,0,0,0,-,-,NA,NA,LOS ANGELES,LOS ANGELES,-118.59543917,34.19136794
7129149,2015,2016-01-29,1942,2015-10-30,2150,40337,2172,5,5,7,1942,0,0,0,NA,0,19T73,VALLEY CIRCLE BL,MARIANO ST,0,NA,Y,A,-,N,NA,NA,NA,NA,NA,NA,NA,NA,NA,Y,4,0,1,2,A,-,12,21453,A,N,D,C,A,A,H,-,C,A,0,NA,NA,NA,NA,Y,NA,A,07,0,0,1,0,0,0,0,0,0,-,-,NA,NA,LOS ANGELES,LOS ANGELES,-118.64262014,34.16839005
7129153,2015,2016-02-05,1942,2015-10-04,0325,41779,LOSAN,7,5,7,1942,0,0,0,NA,0,21A57W,WOODLEY AV,STAGG ST,800,N,N,C,-,N,NA,NA,NA,NA,NA,NA,NA,NA,NA,Y,3,0,1,1,A,-,-,NA,NA,N,A,I,A,B,H,-,C,A,0,NA,NA,NA,NA,Y,NA,D,NA,0,1,0,0,0,0,0,0,0,-,-,NA,NA,LOS ANGELES,LOS ANGELES,-118.48368,34.21494428
7129365,2015,2015-12-04,1942,2015-10-01,1730,41210,0725,4,5,7,1942,0,0,0,G,0,34EL2,S MARTEL AV,3RD ST,125,N,N,A,-,N,NA,NA,NA,NA,NA,NA,NA,NA,NA,N,3,0,1,2,A,-,09,21804,A,F,D,G,A,A,H,-,A,D,0,NA,Y,NA,NA,Y,NA,L,04,0,1,0,0,0,0,1,0,0,-,-,NA,NA,LOS ANGELES,LOS ANGELES,-118.35108,34.07026284
7129373,2015,2015-12-04,1942,2015-10-28,1000,31387,0646,3,5,7,1942,0,0,0,F,0,6TL7,SUNSET BL,MCCADDEN PL,0,NA,Y,A,-,N,NA,NA,NA,NA,NA,NA,NA,NA,NA,Y,4,0,1,3,A,-,09,21801,A,N,D,C,A,A,H,-,A,D,0,NA,NA,NA,NA,Y,NA,A,01,0,0,1,0,0,0,0,0,0,-,-,NA,NA,LOS ANGELES,LOS ANGELES,-118.33806001,34.09797003
7129374,2015,2015-12-10,1926,2015-11-24,1518,8104,NA,2,5,5,1926,0,0,0,NA,0,004,LONE HILL AV,PETUNIA AV,268,N,N,B,-,N,NA,NA,NA,NA,NA,NA,NA,NA,NA,Y,4,0,1,2,A,-,03,22350,NA,N,C,C,A,A,H,-,A,A,0,NA,NA,NA,NA,Y,NA,A,01,0,0,1,0,0,0,0,0,0,-,-,NA,NA,LOS ANGELES,GLENDORA,-117.82899186,34.12374464
7129381,2015,2015-12-04,1942,2015-08-30,0825,40024,0647,7,5,7,1942,0,0,0,F,0,6T7,HOLLYWOOD BL,GOWER ST,80,W,N,A,-,N,NA,NA,NA,NA,NA,NA,NA,NA,NA,N,4,0,1,3,A,-,03,22350,NA,N,C,C,A,A,H,-,C,D,0,NA,NA,NA,NA,Y,NA,A,07,0,0,1,0,0,0,0,0,0,-,-,NA,NA,LOS ANGELES,LOS ANGELES,-118.32265375,34.10165
7129441,2015,2015-12-08,1975,2015-11-13,1809,640,NA,5,5,6,1975,0,0,0,NA,0,001,CAMERON AV,PACIFIC,20,S,N,A,-,N,NA,NA,NA,NA,NA,NA,NA,NA,NA,N,4,0,1,2,A,-,03,22350,NA,N,C,C,A,A,H,-,C,A,0,NA,NA,NA,NA,Y,NA,-,NA,0,0,1,0,0,0,0,0,0,-,-,NA,NA,LOS ANGELES,WEST COVINA,-117.94627449,34.07470955
7129443,2015,2015-12-08,1900,2015-11-13,2340,532461,BLFLW,5,5,6,1949,0,0,0,NA,0,4371,PIONEER BL,166TH ST,11,N,N,A,-,N,NA,NA,NA,NA,NA,NA,NA,NA,NA,NA,4,0,1,2,A,-,03,22350,NA,N,C,C,A,A,H,-,C,A,0,NA,NA,NA,NA,Y,NA,A,01,0,0,1,0,0,0,0,0,0,-,-,NA,NA,LOS ANGELES,NORWALK,-118.08242159,33.88041013
7129445,2015,2015-12-09,1975,2015-11-14,1845,431,NA,6,5,6,1975,0,0,0,NA,0,002,AZUSA AV,CAMERON AV,0,NA,Y,A,-,N,NA,NA,NA,NA,NA,NA,NA,NA,NA,Y,4,0,1,2,A,-,08,22100,A,N,C,C,A,A,H,-,C,A,0,NA,NA,NA,NA,Y,NA,-,NA,0,0,1,0,0,0,0,0,0,-,-,NA,NA,LOS ANGELES,WEST COVINA,-117.90795007,34.06109007
7129447,2015,2015-12-07,1900,2015-11-03,1730,475024,0466,2,5,4,1936,0,0,0,NA,0,46T1,VALLEY VIEW AV,FIRESTONE BL,75,N,N,B,-,N,NA,NA,NA,NA,NA,NA,NA,NA,NA,Y,3,0,1,4,A,-,03,22350,NA,N,C,C,A,A,H,-,A,A,0,NA,NA,NA,NA,Y,NA,A,01,0,1,0,0,0,0,0,0,0,-,-,NA,NA,LOS ANGELES,LA MIRADA,-118.02896,33.88598564
7129449,2015,2015-12-08,1975,2015-11-16,0808,989,NA,1,5,6,1975,0,0,0,NA,0,006,NOGALES AV,VALLEY BL,0,NA,N,A,-,N,NA,NA,NA,NA,NA,NA,NA,NA,NA,Y,4,0,1,3,A,-,03,22350,NA,N,C,C,B,A,H,-,A,A,0,Y,NA,NA,NA,Y,NA,-,NA,0,0,1,0,1,0,0,0,0,-,-,NA,NA,LOS ANGELES,WEST COVINA,-117.88768009,34.00307002
7129453,2015,2015-12-08,1975,2015-11-16,0955,353,NA,1,5,6,1975,0,0,0,NA,0,002,CITRUS AV,WORKMAN AV,33,S,N,A,-,N,NA,NA,NA,NA,NA,NA,NA,NA,NA,N,4,0,1,2,A,-,03,22350,NA,N,C,C,A,A,H,-,A,D,0,NA,NA,NA,NA,Y,NA,A,01,0,0,1,0,0,0,0,0,0,-,-,NA,NA,LOS ANGELES,WEST COVINA,-117.89017,34.07534
7129457,2015,2016-08-03,1975,2015-11-17,2104,384,NA,2,5,6,1975,0,0,0,NA,0,002,AZUSA AV,VINE AV,150,S,N,-,-,N,NA,NA,NA,NA,NA,NA,NA,NA,NA,Y,4,0,1,1,A,-,08,22107,NA,N,E,I,A,A,H,-,C,A,0,NA,NA,NA,NA,Y,NA,-,NA,0,0,1,0,0,0,0,0,0,-,-,NA,NA,LOS ANGELES,WEST COVINA,-117.90799991,34.05704886
7129461,2015,2015-12-08,1975,2015-11-19,1504,353,NA,4,5,6,1975,0,0,0,NA,0,004,LARKWOOD DR,LARK ELLEN AV,3,W,N,A,-,N,NA,NA,NA,NA,NA,NA,NA,NA,NA,N,4,0,1,2,A,-,05,21650,NA,N,D,G,A,A,H,-,A,A,0,NA,Y,NA,NA,Y,NA,L,04,0,0,1,0,0,0,1,0,0,-,-,NA,NA,LOS ANGELES,WEST COVINA,-117.91671988,34.06390019
7129465,2015,2015-12-08,1975,2015-11-21,1816,640,NA,6,5,6,1975,0,0,0,NA,0,004,LARK ELLEN AV,THACKERY ST,0,NA,Y,A,-,N,NA,NA,NA,NA,NA,NA,NA,NA,NA,N,4,0,1,2,A,-,09,21801,A,N,D,C,A,A,H,-,C,B,0,NA,NA,NA,NA,Y,NA,-,NA,0,0,1,0,0,0,0,0,0,-,-,NA,NA,LOS ANGELES,WEST COVINA,-117.91672008,34.05859006
7129469,2015,2015-12-08,1962,2015-11-29,1442,126,1962,7,5,4,1962,0,0,0,NA,0,024,BROADWAY,PINE ST,0,NA,Y,A,-,N,NA,NA,NA,NA,NA,NA,NA,NA,NA,Y,4,0,1,2,A,-,09,21800,A,N,D,C,A,A,H,-,A,D,0,NA,NA,NA,NA,Y,NA,A,01,0,0,1,0,0,0,0,0,0,-,-,NA,NA,LOS ANGELES,SAN GABRIEL,-118.09220001,34.09904006
7129473,2015,2015-12-08,1975,2015-11-13,1256,673,NA,5,5,6,1975,0,0,0,NA,0,003,SUNSET AV,FRANCISQUITO AV,200,S,N,A,-,N,NA,NA,NA,NA,NA,NA,NA,NA,NA,Y,3,0,1,2,A,-,09,21804,A,N,D,C,A,A,H,-,A,D,0,NA,NA,NA,NA,Y,NA,-,NA,0,1,0,0,0,0,0,0,0,-,-,NA,NA,LOS ANGELES,WEST COVINA,-117.9545924,34.05346372
7129475,2015,2015-12-08,1900,2015-11-19,1810,489533,0456,4,5,6,1949,0,0,0,NA,0,45T1,NORWALK BL,EXCELSIOR DR,0,NA,Y,A,-,N,NA,NA,NA,NA,NA,NA,NA,NA,NA,N,4,0,3,2,A,-,03,22350,NA,N,C,C,A,A,H,-,C,A,0,NA,NA,NA,NA,Y,NA,A,01,0,0,3,0,0,0,0,0,0,-,-,NA,NA,LOS ANGELES,NORWALK,-118.07295009,33.89492004
7129477,2015,2015-12-08,1975,2015-11-14,1447,427,NA,6,5,6,1975,0,0,0,NA,0,005,AZUSA AV,AMAR RD,5,S,N,A,-,N,NA,NA,NA,NA,NA,NA,NA,NA,NA,N,4,0,1,2,A,-,04,21703,NA,N,C,C,A,A,H,-,A,A,0,NA,NA,NA,NA,Y,NA,-,NA,0,0,1,0,0,0,0,0,0,-,-,NA,NA,LOS ANGELES,WEST COVINA,-117.91482681,34.03144752
7129479,2015,2015-12-08,1900,2015-11-20,0840,483167,0454,5,5,6,1949,0,0,0,NA,0,43T1,SAN ANTONIO RD,UNION ST,0,NA,Y,A,-,N,NA,NA,NA,NA,NA,NA,NA,NA,NA,N,3,0,3,2,A,-,12,21453,A,N,D,C,A,A,H,-,A,A,0,NA,NA,NA,NA,Y,NA,A,01,0,2,1,0,0,0,0,0,0,-,-,NA,NA,LOS ANGELES,NORWALK,-118.074041,33.911894
7129485,2015,2016-08-03,1975,2015-11-08,1654,430,NA,7,5,6,1975,0,0,0,NA,0,002,AZUSA AV,CORTEZ AV,198,N,N,A,-,N,NA,NA,NA,NA,NA,NA,NA,NA,NA,N,3,0,1,2,A,-,11,21950,B,N,G,B,D,A,H,-,A,D,0,Y,NA,NA,NA,Y,NA,N,60,0,1,0,0,1,0,0,0,0,-,-,NA,NA,LOS ANGELES,WEST COVINA,-117.90787,34.06525275
7129489,2015,2015-12-08,1975,2015-11-09,1838,389,NA,1,5,6,1975,0,0,0,NA,0,002,WORKMAN AV,PHILLIPS AV,7,E,N,A,-,N,NA,NA,NA,NA,NA,NA,NA,NA,NA,N,3,0,2,3,A,-,10,21950,A,N,G,B,B,A,H,-,C,A,0,Y,NA,NA,NA,Y,NA,-,NA,0,1,1,0,2,0,0,0,0,-,-,NA,NA,LOS ANGELES,WEST COVINA,-117.90504694,34.0754599
7129493,2015,2015-12-08,1975,2015-11-10,2209,349,NA,2,5,6,1975,0,0,0,NA,0,006,AMAR,WESTPORT,0,NA,Y,A,-,N,NA,NA,NA,NA,NA,NA,NA,NA,NA,Y,3,0,2,2,A,-,01,23152,B,N,-,C,A,A,H,-,C,A,0,NA,NA,NA,NA,Y,Y,-,NA,0,2,0,0,0,0,0,0,0,-,-,NA,NA,LOS ANGELES,WEST COVINA,-117.90667011,34.02737002
7129497,2015,2015-12-08,1975,2015-11-11,1626,675,NA,3,5,6,1975,0,0,0,NA,0,003,FRANCISQUITO AV,CALIFORNIA AV,0,NA,Y,A,-,N,NA,NA,NA,NA,NA,NA,NA,NA,NA,Y,3,0,2,2,A,-,09,21801,NA,N,D,C,A,A,H,-,A,A,0,NA,NA,NA,NA,Y,NA,-,NA,0,1,1,0,0,0,0,0,0,-,-,NA,NA,LOS ANGELES,WEST COVINA,-117.94939013,34.05036004
7129501,2015,2015-12-08,1975,2015-11-13,0820,377,NA,5,5,6,1975,0,0,0,NA,0,004,VALINDA AV,SERVICE AV,0,NA,Y,A,-,N,NA,NA,NA,NA,NA,NA,NA,NA,NA,Y,4,0,1,2,A,-,09,21801,A,N,B,C,A,A,H,-,A,A,0,NA,NA,NA,NA,Y,NA,-,NA,0,0,1,0,0,0,0,0,0,-,-,NA,NA,LOS ANGELES,WEST COVINA,-117.92536011,34.06489005
7129507,2015,2015-12-08,1926,2015-11-25,1836,5794,NA,3,5,5,1926,0,0,0,NA,0,004,GLADSTONE,WILLOW,0,NA,Y,A,-,N,NA,NA,NA,NA,NA,NA,NA,NA,NA,Y,4,0,1,2,A,-,09,21804,A,N,D,C,A,A,H,-,C,A,0,NA,NA,NA,NA,Y,NA,A,01,0,0,1,0,0,0,0,0,0,-,-,NA,NA,LOS ANGELES,GLENDORA,-117.83983008,34.11394012
7129511,2015,2016-08-03,1926,2015-11-23,1205,7897,NA,1,5,5,1926,0,0,0,NA,0,004,LONE HILL AV,RT 66,489,S,N,A,-,N,NA,NA,NA,NA,NA,NA,NA,NA,NA,Y,3,0,1,2,A,-,08,22107,NA,F,E,C,A,A,H,-,A,D,0,NA,NA,NA,NA,Y,NA,A,01,0,1,0,0,0,0,0,0,0,-,-,NA,NA,LOS ANGELES,GLENDORA,-117.82899,34.12730439
7129515,2015,2015-12-08,1962,2015-11-24,0845,102,1962,2,5,4,1962,0,0,0,NA,0,025,VALLEY BL,WALNUT ST,14,W,N,A,-,N,NA,NA,NA,NA,NA,NA,NA,NA,NA,Y,3,0,2,2,A,-,01,23153,A,F,D,C,A,A,H,-,A,A,0,NA,NA,NA,NA,Y,NA,A,07,0,1,1,0,0,0,0,0,0,-,-,NA,NA,LOS ANGELES,SAN GABRIEL,-118.09471609,34.07997826
7129519,2015,2015-12-08,1926,2015-11-25,1941,7450,NA,3,5,5,1926,0,0,0,NA,0,004,LONE HILL AV,PETUNIA AV,210,N,N,A,-,N,NA,NA,NA,NA,NA,NA,NA,NA,NA,Y,4,0,1,2,A,-,03,22350,NA,N,C,C,A,A,H,-,C,A,0,NA,NA,NA,NA,Y,NA,A,01,0,0,1,0,0,0,0,0,0,-,-,NA,NA,LOS ANGELES,GLENDORA,-117.82899098,34.12358565
7129553,2015,2015-12-08,1942,2015-10-15,2115,41198,1793,4,5,7,1942,0,0,0,Q,0,17T17,ROSCOE BL,TAMPA AV,0,NA,Y,A,-,N,NA,NA,NA,NA,NA,NA,NA,NA,NA,Y,3,0,2,2,A,-,12,21453,A,N,D,C,A,A,H,-,C,A,0,NA,NA,NA,NA,Y,NA,A,01,0,1,1,0,0,0,0,0,0,-,-,NA,NA,LOS ANGELES,LOS ANGELES,-118.55351004,34.22048007
7129557,2015,2015-12-08,1925,2015-10-28,1645,19364,158,3,5,6,1925,0,0,0,NA,0,004,VERDUGO RD,MONTEREY RD,185,N,N,A,-,N,NA,NA,NA,NA,NA,NA,NA,NA,NA,Y,4,0,1,2,A,-,05,21460,A,N,A,C,A,A,H,-,A,D,0,NA,NA,NA,NA,Y,NA,A,01,0,0,1,0,0,0,0,0,0,-,-,NA,NA,LOS ANGELES,GLENDALE,-118.2374914,34.15548227
7129589,2015,2015-12-07,1942,2015-10-21,0050,39546,0884,3,5,7,1942,0,0,0,H,0,7TL23W,OLYMPIC BL,GREENFIELD AV,15,NA,N,A,-,N,NA,NA,NA,NA,NA,NA,NA,NA,NA,Y,3,0,1,1,A,-,01,23152,A,N,B,I,A,A,H,-,C,D,0,NA,NA,NA,NA,Y,Y,A,01,0,1,0,0,0,0,0,0,0,-,-,NA,NA,LOS ANGELES,LOS ANGELES,-118.43535005,34.04175004
7129593,2015,2015-12-07,1942,2015-10-29,1830,40024,2019,4,5,7,1942,0,0,0,NA,0,14T47,BEVERLY BL,VIRGIL AV,100,W,N,A,-,N,NA,NA,NA,NA,NA,NA,NA,NA,NA,N,4,0,1,2,A,-,07,21658,A,F,B,C,A,A,H,-,B,D,0,NA,NA,NA,NA,Y,NA,A,01,0,0,1,0,0,0,0,0,0,-,-,NA,NA,LOS ANGELES,LOS ANGELES,-118.28694871,34.07508247
7129857,2015,2015-12-07,1972,2015-05-15,0936,18159,NA,5,5,6,1972,0,0,0,NA,0,NA,190TH,FELBAR,150,E,N,C,-,N,NA,NA,NA,NA,NA,NA,NA,NA,NA,Y,4,0,1,2,A,-,09,21804,NA,N,D,C,A,B,H,-,A,D,0,NA,NA,NA,NA,Y,NA,A,NA,0,0,1,0,0,0,0,0,0,-,-,NA,NA,LOS ANGELES,TORRANCE,-118.33832687,33.85828
7129866,2015,2015-12-21,1900,2015-11-16,1840,509580,0631,1,5,6,1985,0,0,0,NA,0,61T1,SIERRA HWY,SCHERZINGER LN,77,N,N,A,-,N,NA,NA,NA,NA,NA,NA,NA,NA,NA,Y,4,0,1,2,A,-,03,22350,NA,N,D,C,A,A,H,-,C,D,0,NA,NA,Y,Y,Y,NA,C,02,0,0,1,0,0,0,0,0,1,-,-,NA,NA,LOS ANGELES,SANTA CLARITA,-118.45053191,34.42391876
7129868,2015,2017-01-28,1900,2015-11-25,1020,532040,1127,3,5,6,1992,0,0,0,NA,0,112T1,AVE J,RT 14,63,E,N,A,-,Y,LA,7,14,-,R,68.154,R,4,S,N,4,0,3,3,A,-,03,22350,NA,N,C,C,A,A,H,-,A,A,0,NA,NA,NA,NA,Y,NA,A,07,0,0,3,0,0,0,0,0,0,-,-,NA,NA,LOS ANGELES,LANCASTER,-118.17015728,34.69161036