CASE_ID,ACCIDENT_YEAR,PROC_DATE,JURIS,COLLISION_DATE,COLLISION_TIME,OFFICER_ID,REPORTING_DISTRICT,DAY_OF_WEEK,CHP_SHIFT,POPULATION,CNTY_CITY_LOC,SPECIAL_COND,BEAT_TYPE,CHP_BEAT_TYPE,CITY_DIVISION_LAPD,CHP_BEAT_CLASS,BEAT_NUMBER,PRIMARY_RD,SECONDARY_RD,DISTANCE,DIRECTION,INTERSECTION,WEATHER_1,WEATHER_2,STATE_HWY_IND,CALTRANS_COUNTY,CALTRANS_DISTRICT,STATE_ROUTE,ROUTE_SUFFIX,POSTMILE_PREFIX,POSTMILE,LOCATION_TYPE,RAMP_INTERSECTION,SIDE_OF_HWY,TOW_AWAY,COLLISION_SEVERITY,NUMBER_KILLED,NUMBER_INJURED,PARTY_COUNT,PRIMARY_COLL_FACTOR,PCF_CODE_OF_VIOL,PCF_VIOL_CATEGORY,PCF_VIOLATION,PCF_VIOL_SUBSECTION,HIT_AND_RUN,TYPE_OF_COLLISION,MVIW,PED_ACTION,ROAD_SURFACE,ROAD_COND_1,ROAD_COND_2,LIGHTING,CONTROL_DEVICE,CHP_ROAD_TYPE,PEDESTRIAN_ACCIDENT,BICYCLE_ACCIDENT,MOTORCYCLE_ACCIDENT,TRUCK_ACCIDENT,NOT_PRIVATE_PROPERTY,ALCOHOL_INVOLVED,STWD_VEHTYPE_AT_FAULT,CHP_VEHTYPE_AT_FAULT,COUNT_SEVERE_INJ,COUNT_VISIBLE_INJ,COUNT_COMPLAINT_PAIN,COUNT_PED_KILLED,COUNT_PED_INJURED,COUNT_BICYCLIST_KILLED,COUNT_BICYCLIST_INJURED,COUNT_MC_KILLED,COUNT_MC_INJURED,PRIMARY_RAMP,SECONDARY_RAMP,LATITUDE,LONGITUDE,COUNTY,CITY,POINT_X,POINT_Y
7130021,2015,2015-12-08,1905,2015-11-22,1639,2019,226,7,5,4,1905,0,0,0,NA,0,062,BARRANCA AV,HOLLYVALE,0,NA,Y,A,-,N,NA,NA,NA,NA,NA,NA,NA,NA,NA,Y,3,0,1,2,A,-,09,21802,A,N,D,C,A,A,H,-,A,A,0,NA,NA,NA,NA,Y,NA,A,01,0,1,0,0,0,0,0,0,0,-,-,NA,NA,LOS ANGELES,AZUSA,-117.88136001,34.12703001
7130023,2015,2017-02-01,1900,2015-11-27,1710,529688,1016,5,5,3,1995,0,0,0,NA,0,101T4,RT 1,CARBON CANYON RD,4224,N,N,A,-,Y,LA,7,1,-,-,45.85,H,-,N,N,2,0,1,2,A,-,10,21950,A,N,G,B,C,A,H,-,B,A,0,Y,NA,NA,NA,Y,NA,A,07,1,0,0,0,1,0,0,0,0,-,-,34.223,-118.3955,LOS ANGELES,MALIBU,-118.6653928,34.03971333
7130024,2015,2015-12-08,1900,2015-11-24,1737,510509,1123,2,5,6,1992,0,0,0,NA,0,112T1,AVENUE J,GENOA AV,87,W,N,A,-,N,NA,NA,NA,NA,NA,NA,NA,NA,NA,Y,4,0,1,3,A,-,03,22350,NA,F,C,C,A,A,H,-,C,D,0,NA,NA,NA,NA,Y,NA,A,07,0,0,1,0,0,0,0,0,0,-,-,NA,NA,LOS ANGELES,LANCASTER,-118.1460888,34.68945
7130025,2015,2015-12-08,1905,2015-11-19,1747,1142,225,4,5,4,1905,0,0,0,NA,0,003,ALOSTA AV,CALERA AV,215,W,N,A,-,N,NA,NA,NA,NA,NA,NA,NA,NA,NA,N,3,0,2,2,A,-,09,21801,A,N,D,C,A,A,H,-,C,A,0,NA,NA,NA,NA,Y,NA,A,01,0,1,1,0,0,0,0,0,0,-,-,34.128660000000004,-117.88577,LOS ANGELES,AZUSA,-117.88647827,34.1288
7130028,2015,2015-12-08,1900,2015-11-30,1720,236790,1133,1,5,6,1992,0,0,0,NA,0,112T2,AVENUE J,DIVISION ST,331,W,N,A,-,N,NA,NA,NA,NA,NA,NA,NA,NA,NA,Y,4,0,1,2,A,-,09,21801,A,N,D,C,A,A,H,-,C,D,0,NA,NA,NA,NA,Y,NA,A,01,0,0,1,0,0,0,0,0,0,-,-,NA,NA,LOS ANGELES,LANCASTER,-118.1314686,34.68947
7130029,2015,2015-12-08,1905,2015-11-19,0948,1142,225,4,5,4,1905,0,0,0,NA,0,003,ALOSTA AV,CITRUS AV,0,NA,Y,A,-,N,NA,NA,NA,NA,NA,NA,NA,NA,NA,N,4,0,1,2,D,-,00,NA,NA,F,G,B,B,A,H,-,A,A,0,Y,NA,NA,NA,Y,NA,-,-,0,0,1,0,1,0,0,0,0,-,-,34.12885,-117.89009,LOS ANGELES,AZUSA,-117.8901,34.12885002
7130032,2015,2016-04-08,1900,2015-11-28,1734,546182,1120,6,5,6,1992,0,0,0,NA,0,111T1,SIERRA HWY,AVENUE G,0,NA,Y,A,-,N,NA,NA,NA,NA,NA,NA,NA,NA,NA,Y,1,1,1,2,A,-,12,22450,A,N,D,C,A,A,H,-,D,A,0,NA,NA,Y,NA,Y,NA,A,01,0,0,1,0,0,0,0,1,0,-,-,NA,NA,LOS ANGELES,LANCASTER,-118.14223004,34.73338
7130035,2015,2017-02-01,1900,2015-11-22,1432,552036,1017,7,5,3,1995,0,0,0,NA,0,101T1,RT 1,LOS FLORES CANYON RD,1056,E,N,A,-,Y,LA,7,1,-,-,43.92,H,-,N,Y,3,0,1,2,C,-,18,NA,NA,N,H,E,A,A,H,-,A,D,0,NA,NA,Y,NA,Y,NA,-,-,0,1,0,0,0,0,0,0,1,-,-,34.03763,-118.63159,LOS ANGELES,MALIBU,-118.63259743,34.03753712
7130036,2015,2015-12-08,1900,2015-11-27,1400,532040,1192,5,5,6,1992,0,0,0,NA,0,112T1,AVENUE K-4,EDSON AV,0,NA,Y,A,-,N,NA,NA,NA,NA,NA,NA,NA,NA,NA,N,4,0,1,2,A,-,09,21801,A,N,B,C,A,A,H,-,A,D,0,NA,NA,NA,NA,Y,NA,A,01,0,0,1,0,0,0,0,0,0,-,-,NA,NA,LOS ANGELES,LANCASTER,-118.17720007,34.6712401
7130039,2015,2017-02-01,1900,2015-11-22,2041,463262,1017,7,5,3,1995,0,0,0,NA,0,101T3P,RT 1,LAS FLORES CANYON RD,2640,E,N,A,-,Y,LA,7,1,-,-,43.62,H,-,S,Y,4,0,1,2,A,-,21,22106,NA,N,D,C,A,A,H,-,C,D,0,NA,NA,NA,NA,Y,NA,A,01,0,0,1,0,0,0,0,0,0,-,-,NA,NA,LOS ANGELES,MALIBU,-118.62737593,34.03732032
7130043,2015,2017-01-30,1900,2015-11-22,1237,530182,1014,7,5,3,1995,0,0,0,NA,0,101T4,RT 1,LATIGO SHORE DR,45,W,N,A,-,Y,LA,7,1,-,-,50.83,H,-,S,Y,3,0,2,4,A,-,01,23153,A,N,C,C,A,A,H,-,A,D,0,NA,NA,NA,NA,Y,Y,A,01,0,1,1,0,0,0,0,0,0,-,-,NA,NA,LOS ANGELES,MALIBU,-118.75062383,34.0310294
7130045,2015,2015-12-08,1900,2015-11-01,0140,522453,2117,7,5,5,1943,0,0,0,NA,0,212F,ATLANTIC AV,AGNES AV,0,NA,Y,A,-,N,NA,NA,NA,NA,NA,NA,NA,NA,NA,Y,4,0,1,3,A,-,12,21453,A,N,D,C,A,A,H,-,C,A,0,NA,NA,NA,NA,Y,NA,A,01,0,0,1,0,0,0,0,0,0,-,-,NA,NA,LOS ANGELES,LYNWOOD,-118.1905001,33.91398001
7130047,2015,2015-12-08,1900,2015-11-12,1415,284951,2248,4,5,3,1989,0,0,0,NA,0,224T1,PARK SORRENTO,PARK MARISOL,53,W,N,A,-,N,NA,NA,NA,NA,NA,NA,NA,NA,NA,Y,3,0,1,3,A,-,03,22350,NA,N,C,E,A,A,H,-,A,D,0,NA,NA,NA,NA,Y,NA,A,01,0,1,0,0,0,0,0,0,0,-,-,NA,NA,LOS ANGELES,CALABASAS,-118.63768234,34.15581411
7130048,2015,2015-12-08,1900,2015-11-21,2250,536332,0455,6,5,6,1949,0,0,0,NA,0,43T1,STUDEBAKER RD,ALONDRA BL,120,N,N,A,-,N,NA,NA,NA,NA,NA,NA,NA,NA,NA,N,4,0,1,2,A,-,04,21703,NA,N,C,C,A,A,H,-,C,D,0,NA,NA,NA,NA,Y,NA,A,07,0,0,1,0,0,0,0,0,0,-,-,NA,NA,LOS ANGELES,NORWALK,-118.09998,33.88792905
7130049,2015,2015-12-08,1956,2015-11-24,1520,1236,NA,2,5,5,1956,0,0,0,NA,0,NA,AVIATION BL,STANFORD AV,0,NA,Y,A,-,N,NA,NA,NA,NA,NA,NA,NA,NA,NA,N,3,0,1,2,A,-,05,21650,NA,N,D,G,A,A,H,-,A,D,0,NA,Y,NA,NA,Y,NA,L,04,0,1,0,0,0,0,1,0,0,-,-,NA,NA,LOS ANGELES,REDONDO BEACH,-118.38608005,33.86590003
7130051,2015,2015-12-08,1900,2015-11-17,1540,487891,2261,2,5,2,1993,0,0,0,NA,0,226T1,LINDERO CANYON RD,VIA COLINAS,0,NA,Y,A,-,N,NA,NA,NA,NA,NA,NA,NA,NA,NA,Y,4,0,3,2,A,-,03,22350,NA,N,C,C,A,A,H,-,A,A,0,NA,NA,NA,NA,Y,NA,A,01,0,0,3,0,0,0,0,0,0,-,-,NA,NA,LOS ANGELES,WESTLAKE VILLAGE,-118.80153003,34.15256002
7130052,2015,2015-12-08,1900,2015-11-14,1024,517022,045,6,5,6,1949,0,0,0,NA,0,45T1AM,NORWALK BL,LOWEMONT ST,0,NA,Y,A,-,N,NA,NA,NA,NA,NA,NA,NA,NA,NA,N,4,0,2,2,A,-,09,21801,A,N,D,C,A,A,H,-,A,A,0,NA,NA,NA,NA,Y,NA,A,01,0,0,2,0,0,0,0,0,0,-,-,NA,NA,LOS ANGELES,NORWALK,-118.07288011,33.88975003
7130053,2015,2015-12-08,1956,2015-11-21,1120,1297,24,6,5,5,1956,0,0,0,NA,0,002,CATALINA AV,BERYL ST,30,N,N,A,-,N,NA,NA,NA,NA,NA,NA,NA,NA,NA,N,4,0,2,3,A,-,03,22350,NA,N,C,C,A,A,H,-,A,A,0,NA,NA,NA,NA,Y,NA,A,01,0,0,2,0,0,0,0,0,0,-,-,NA,NA,LOS ANGELES,REDONDO BEACH,-118.3919008,33.84657179
7130055,2015,2017-02-01,1900,2015-11-21,1020,547278,1016,6,5,3,1995,0,0,0,NA,0,101T1,RT 1,LAS FLORES,1584,E,N,A,-,Y,LA,7,1,-,-,43.82,H,-,S,N,4,0,1,2,A,-,03,22350,NA,N,C,E,A,A,H,-,A,A,0,NA,Y,NA,NA,Y,NA,L,04,0,0,1,0,0,0,1,0,0,-,-,34.03726,-118.62744000000001,LOS ANGELES,MALIBU,-118.63085723,34.03758723
7130057,2015,2015-12-08,1956,2015-11-20,1729,1221,65,5,5,5,1956,0,0,0,NA,0,005,MANHATTAN BEACH BL,INGLEWOOD AV,294,W,N,A,-,N,NA,NA,NA,NA,NA,NA,NA,NA,NA,N,4,0,1,2,A,-,09,21804,A,N,D,G,A,A,H,-,C,D,0,NA,Y,NA,NA,Y,NA,L,04,0,0,1,0,0,0,1,0,0,-,-,NA,NA,LOS ANGELES,REDONDO BEACH,-118.36230689,33.88743
7130059,2015,2017-01-30,1900,2015-11-14,1515,552714,1087,6,5,3,1995,0,0,0,NA,0,101T3,RT 1,SWEETWATER CANYON,350,W,N,A,-,Y,LA,7,1,-,-,46.44,H,-,S,N,4,0,2,2,A,-,03,22350,NA,N,C,C,A,A,H,-,A,D,0,NA,NA,NA,NA,Y,NA,A,01,0,0,2,0,0,0,0,0,0,-,-,34.03811,-118.67524,LOS ANGELES,MALIBU,-118.67535206,34.03804328
7130063,2015,2015-12-29,1900,2015-11-18,0810,475023,2223,3,5,3,1994,0,0,0,NA,0,222T1,ROCK TREE DR,ROCK VISTA DR,93,N,N,A,-,N,NA,NA,NA,NA,NA,NA,NA,NA,NA,N,4,0,2,3,A,-,05,21650,NA,N,A,B,E,A,-,-,A,D,0,Y,NA,NA,NA,Y,NA,A,01,0,0,2,0,1,0,0,0,0,-,-,34.08169,-118.39307,LOS ANGELES,AGOURA HILLS,-118.75760006,34.15148488
7130067,2015,2015-12-08,1900,2015-11-14,1646,546182,1125,6,5,6,1992,0,0,0,NA,0,111T1,20TH ST WEST,LANCASTER BL,0,NA,Y,A,-,N,NA,NA,NA,NA,NA,NA,NA,NA,NA,N,4,0,1,2,A,-,04,21703,NA,N,C,C,A,A,H,-,B,A,0,NA,NA,NA,NA,Y,NA,A,07,0,0,1,0,0,0,0,0,0,-,-,NA,NA,LOS ANGELES,LANCASTER,-118.16582,34.69674001
7130071,2015,2016-08-03,1900,2015-11-11,2001,546182,1137,3,5,6,1992,0,0,0,NA,0,111T1,30TH ST EAST,AVENUE K,0,NA,Y,A,-,N,NA,NA,NA,NA,NA,NA,NA,NA,NA,Y,4,0,2,2,A,-,12,21453,A,N,D,C,A,A,H,-,C,A,0,NA,NA,NA,NA,Y,NA,A,01,0,0,2,0,0,0,0,0,0,-,-,NA,NA,LOS ANGELES,LANCASTER,-118.07694008,34.67524005
7130075,2015,2017-01-31,1900,2015-11-13,1300,547278,1016,5,5,3,1995,0,0,0,NA,0,101T1,RT 1,CARBON BEACH TERRACE,1056,E,N,A,-,Y,LA,7,1,-,-,45.34,H,-,S,N,4,0,1,2,A,-,03,22350,NA,N,B,E,A,A,H,-,A,A,0,NA,Y,NA,NA,Y,NA,L,04,0,0,1,0,0,0,1,0,0,-,-,34.02932,-118.74294,LOS ANGELES,MALIBU,-118.65660668,34.03897396
7130079,2015,2017-01-30,1900,2015-11-14,0850,547278,1015,6,5,3,1995,0,0,0,NA,0,101T1,RT 1,MALIBU CANYON,255,E,N,A,-,Y,LA,7,1,-,-,48.12,H,-,N,N,4,0,1,2,A,-,03,22350,NA,N,C,G,A,A,H,-,A,A,0,NA,Y,NA,NA,Y,NA,A,01,0,0,1,0,0,0,1,0,0,-,-,34.03513,-118.70161,LOS ANGELES,MALIBU,-118.70300982,34.03481865
7130080,2015,2016-08-05,1900,2015-11-21,1543,517022,0469,6,5,4,1936,0,0,0,NA,0,46T1PM,IMPERIAL HWY,VALLE VIEW AV,294,W,N,A,-,N,NA,NA,NA,NA,NA,NA,NA,NA,NA,N,4,0,1,2,A,-,09,21804,A,M,D,C,A,A,H,-,A,D,0,NA,NA,Y,NA,Y,NA,A,01,0,0,1,0,0,0,0,0,1,-,-,NA,NA,LOS ANGELES,LA MIRADA,-118.03034688,33.91702656
7130084,2015,2015-12-09,1900,2015-11-08,1320,450416,0622,7,5,6,1985,0,0,0,NA,0,62T1,AVENIDA NAVARRE,VIA LUPONA,0,NA,Y,A,-,N,NA,NA,NA,NA,NA,NA,NA,NA,NA,Y,2,0,1,2,D,-,00,NA,NA,N,D,C,A,A,H,-,A,A,0,NA,NA,Y,NA,Y,NA,-,-,1,0,0,0,0,0,0,0,1,-,-,NA,NA,LOS ANGELES,SANTA CLARITA,-118.54914013,34.39825005
7130085,2015,2016-08-05,1942,2015-11-24,1850,33599,1207,2,5,7,1942,0,0,0,L,0,3T5,VERNON AV,VERMONT AV,0,NA,N,A,-,N,NA,NA,NA,NA,NA,NA,NA,NA,NA,N,2,0,1,2,A,-,11,21954,A,N,G,B,D,A,G,-,A,A,0,Y,NA,NA,NA,Y,NA,N,60,1,0,0,0,1,0,0,0,0,-,-,NA,NA,LOS ANGELES,LOS ANGELES,-118.29157008,34.00368009
7130088,2015,2015-12-09,1900,2015-11-28,2025,540658,1125,6,5,6,1992,0,0,0,NA,0,112T1,15TH ST EAST,NUGENT ST,532,S,N,A,-,N,NA,NA,NA,NA,NA,NA,NA,NA,NA,Y,4,0,2,2,A,-,09,21804,A,N,D,C,A,A,H,-,C,D,0,NA,NA,NA,NA,Y,NA,A,01,0,0,2,0,0,0,0,0,0,-,-,NA,NA,LOS ANGELES,LANCASTER,-118.10370785,34.69170137
7130089,2015,2015-12-09,1942,2015-11-20,2235,36911,1265,5,5,7,1942,0,0,0,L,0,12T41,MANCHESTER AV,NORMANDIE AV,0,NA,Y,A,-,N,NA,NA,NA,NA,NA,NA,NA,NA,NA,Y,2,0,1,2,A,-,12,21453,A,F,D,C,A,A,H,-,C,A,0,NA,NA,Y,NA,Y,NA,A,07,1,0,0,0,0,0,0,0,1,-,-,NA,NA,LOS ANGELES,LOS ANGELES,-118.30027005,33.96001002
7130092,2015,2015-12-09,1900,2015-11-21,0731,540658,NA,6,5,6,1992,0,0,0,NA,0,112T2,10TH ST W,AVENUE J-4,35,N,N,A,-,N,NA,NA,NA,NA,NA,NA,NA,NA,NA,Y,4,0,2,1,A,-,05,21650,NA,N,E,I,A,A,H,-,A,D,0,NA,NA,NA,NA,Y,NA,A,07,0,0,2,0,0,0,0,0,0,-,-,NA,NA,LOS ANGELES,LANCASTER,-118.148,34.68587597
7130093,2015,2015-12-09,1942,2015-11-25,1220,37807,1209,3,5,7,1942,0,0,0,L,0,3TL5,51ST ST,FIGUEROA ST,0,NA,Y,A,-,N,NA,NA,NA,NA,NA,NA,NA,NA,NA,Y,4,0,2,3,A,-,03,22350,A,F,A,A,A,A,H,-,A,A,0,NA,NA,NA,NA,Y,NA,A,01,0,0,2,0,0,0,0,0,0,-,-,NA,NA,LOS ANGELES,LOS ANGELES,-118.28271013,33.99648006
7130096,2015,2015-12-09,1900,2015-11-12,1420,509580,0644,4,5,6,1985,0,0,0,NA,0,62T1,MAGIC MOUNTAIN PKWY,VALENCIA BL,821,E,N,A,-,N,NA,NA,NA,NA,NA,NA,NA,NA,NA,Y,4,0,1,1,A,-,08,22107,NA,N,E,I,A,A,H,-,A,D,0,NA,NA,NA,NA,Y,NA,A,07,0,0,1,0,0,0,0,0,0,-,-,NA,NA,LOS ANGELES,SANTA CLARITA,-118.54727068,34.41522753
7130097,2015,2015-12-09,1942,2015-11-21,0250,40754,1249,6,5,7,1942,0,0,0,L,0,12X56,68TH,FIGUEROA ST,0,NA,Y,A,-,N,NA,NA,NA,NA,NA,NA,NA,NA,NA,Y,4,0,1,2,A,-,03,22350,A,F,D,C,A,A,-,-,C,D,0,NA,NA,NA,NA,Y,Y,-,99,0,0,1,0,0,0,0,0,0,-,-,NA,NA,LOS ANGELES,LOS ANGELES,-118.28271003,33.97829007
7130100,2015,2015-12-09,1900,2015-11-12,1345,536813,0647,4,5,6,1985,0,0,0,NA,0,64T1,SOLEDAD CANYON RD,BOUQUET CANYON RD,1742,E,N,A,-,N,NA,NA,NA,NA,NA,NA,NA,NA,NA,Y,3,0,2,2,A,-,09,21804,B,N,D,C,A,A,H,-,A,D,0,NA,NA,NA,NA,Y,NA,A,01,0,1,1,0,0,0,0,0,0,-,-,NA,NA,LOS ANGELES,SANTA CLARITA,-118.53544798,34.42164942
7130104,2015,2015-12-09,1900,2015-11-07,1525,514681,0631,6,5,6,1985,0,0,0,NA,0,61T1,LOST CANYON RD,CANYON PARK BL,0,NA,Y,A,-,N,NA,NA,NA,NA,NA,NA,NA,NA,NA,Y,4,0,4,2,A,-,12,22450,A,N,D,C,A,A,H,-,A,A,0,NA,NA,NA,NA,Y,NA,A,01,0,0,4,0,0,0,0,0,0,-,-,NA,NA,LOS ANGELES,SANTA CLARITA,-118.44697002,34.40610005
7130108,2015,2015-12-09,1900,2015-11-13,1510,437700,0633,5,5,6,1985,0,0,0,NA,0,61T1,JAKES WY,SANDY DR,0,NA,Y,A,-,N,NA,NA,NA,NA,NA,NA,NA,NA,NA,N,3,0,2,3,A,-,10,21950,A,N,G,B,B,A,H,-,A,A,0,Y,NA,NA,NA,Y,NA,A,07,0,1,1,0,2,0,0,0,0,-,-,NA,NA,LOS ANGELES,SANTA CLARITA,-118.44994003,34.41134008
7130112,2015,2015-12-09,1900,2015-11-13,1510,542860,0633,5,5,6,1985,0,0,0,NA,0,64T1,RUETHER AV,CENTRE POINTE PKWY,900,N,N,A,-,N,NA,NA,NA,NA,NA,NA,NA,NA,NA,Y,4,0,1,2,A,-,09,21801,A,N,D,C,A,A,H,-,A,D,0,NA,NA,NA,NA,Y,NA,A,01,0,0,1,0,0,0,0,0,0,-,-,NA,NA,LOS ANGELES,SANTA CLARITA,-118.49954206,34.41595349
7130113,2015,2015-12-09,1942,2015-11-23,1850,40740,1256,1,5,7,1942,0,0,0,L,0,12A15,FLORENCE AV,BROADWAY,190,W,N,A,-,N,NA,NA,NA,NA,NA,NA,NA,NA,NA,Y,3,0,4,3,A,-,01,23152,A,N,C,C,A,A,H,-,C,D,0,NA,NA,NA,NA,Y,Y,A,01,0,1,3,0,0,0,0,0,0,-,-,NA,NA,LOS ANGELES,LOS ANGELES,-118.27895545,33.97466
7130116,2015,2015-12-09,1900,2015-11-09,2305,550491,0627,1,5,6,1985,0,0,0,NA,0,61T1,RAILROAD AV,MARKET ST,0,NA,Y,A,-,N,NA,NA,NA,NA,NA,NA,NA,NA,NA,Y,3,0,2,2,A,-,09,21801,A,N,D,C,A,A,H,-,C,A,0,NA,NA,NA,NA,Y,NA,A,01,0,1,1,0,0,0,0,0,0,-,-,NA,NA,LOS ANGELES,SANTA CLARITA,-118.52712004,34.37896001
7130117,2015,2015-12-09,1942,2015-11-30,0945,42050,1268,1,5,7,1942,0,0,0,L,0,12A69,BROADWAY ST,76TH ST,51,S,Y,A,-,N,NA,NA,NA,NA,NA,NA,NA,NA,NA,Y,4,0,1,2,A,-,04,21703,NA,F,C,C,A,A,H,-,A,A,0,NA,NA,NA,NA,Y,NA,A,08,0,0,1,0,0,0,0,0,0,-,-,NA,NA,LOS ANGELES,LOS ANGELES,-118.27830746,33.97067015
7130119,2015,2015-12-09,1900,2015-11-28,1533,550490,1125,6,5,6,1992,0,0,0,NA,0,111T1,AVENUE J,LONEOAK AV,50,E,N,A,-,N,NA,NA,NA,NA,NA,NA,NA,NA,NA,Y,3,0,1,1,A,-,03,22350,NA,N,F,A,A,A,G,-,A,D,0,NA,NA,Y,NA,Y,NA,C,02,0,1,0,0,0,0,0,0,1,-,-,NA,NA,LOS ANGELES,LANCASTER,-118.15301,34.68957
7130120,2015,2015-12-09,1900,2015-11-16,1430,476218,0641,1,5,6,1985,0,0,0,NA,0,64T1,COPPERHILL DR,BENZ RD,0,NA,Y,A,G,N,NA,NA,NA,NA,NA,NA,NA,NA,NA,Y,3,0,1,2,A,-,09,21802,A,N,D,C,A,A,H,-,A,A,0,NA,NA,NA,NA,Y,NA,A,01,0,1,0,0,0,0,0,0,0,-,-,NA,NA,LOS ANGELES,SANTA CLARITA,-118.5001701,34.46048009
7130121,2015,2015-12-09,1942,2015-11-19,1414,40053,121,4,5,7,1942,0,0,0,L,0,12T73,SLAUSON AV,2ND AV,0,NA,Y,A,-,N,NA,NA,NA,NA,NA,NA,NA,NA,NA,Y,4,0,2,2,A,-,03,22350,NA,F,D,C,A,A,H,-,A,A,0,NA,NA,NA,NA,Y,NA,A,01,0,0,2,0,0,0,0,0,0,-,-,NA,NA,LOS ANGELES,LOS ANGELES,-118.31962009,33.98910008
7130123,2015,2015-12-09,1900,2015-11-23,1705,532239,1127,1,5,6,1992,0,0,0,NA,0,111T1,AVENUE J,20TH ST W,461,W,N,A,-,N,NA,NA,NA,NA,NA,NA,NA,NA,NA,Y,4,0,1,2,A,-,09,21804,A,N,D,C,A,A,H,-,C,D,0,NA,NA,NA,NA,Y,NA,A,01,0,0,1,0,0,0,0,0,0,-,-,NA,NA,LOS ANGELES,LANCASTER,-118.16719036,34.68942
7130124,2015,2015-12-08,1900,2015-11-14,1920,465550,0642,6,5,6,1985,0,0,0,NA,0,60T1,NEWHALL RANCH RD,BRIDGEPORT MARKETPLACE,0,NA,Y,A,-,N,NA,NA,NA,NA,NA,NA,NA,NA,NA,N,4,0,2,2,D,-,00,NA,NA,N,C,C,A,A,H,-,C,A,0,NA,NA,NA,NA,Y,NA,-,-,0,0,2,0,0,0,0,0,0,-,-,NA,NA,LOS ANGELES,SANTA CLARITA,-118.554067,34.429436
7130127,2015,2015-12-09,1942,2015-11-13,1715,41019,0211,5,5,7,1942,0,0,0,B,0,13T22,SANTA MONICA BL,VERMONT AV,10,W,N,A,-,N,NA,NA,NA,NA,NA,NA,NA,NA,NA,N,4,0,1,2,A,-,03,22350,NA,N,G,B,E,A,H,-,B,D,0,Y,NA,NA,NA,Y,NA,-,99,0,0,1,0,1,0,0,0,0,-,-,NA,NA,LOS ANGELES,LOS ANGELES,-118.29176296,34.09087
7130128,2015,2017-01-28,1900,2015-11-12,1755,509580,0627,4,5,6,1985,0,0,0,NA,0,62T1,SIERRA HWY,RT 14,0,NA,Y,A,-,Y,LA,7,710,-,R,28.122,R,4,S,Y,4,0,1,2,A,-,09,21801,A,N,D,C,A,A,H,-,C,A,0,NA,NA,Y,NA,Y,NA,A,01,0,0,1,0,0,0,0,0,1,-,-,NA,NA,LOS ANGELES,SANTA CLARITA,-118.16157145,34.07445003
7130136,2015,2015-12-09,1900,2015-11-16,1955,263486,0612,1,5,6,1985,0,0,0,NA,0,64T1,NATHAN HILL DR,MIDAS LN,50,E,N,A,-,N,NA,NA,NA,NA,NA,NA,NA,NA,NA,Y,3,0,1,1,A,-,21,22106,NA,N,E,I,A,A,H,-,C,A,0,NA,NA,NA,NA,Y,NA,A,07,0,1,0,0,0,0,0,0,0,-,-,NA,NA,LOS ANGELES,SANTA CLARITA,-118.46314455,34.42059338
7130140,2015,2015-12-09,1900,2015-11-19,1530,536813,0612,4,5,6,1985,0,0,0,NA,0,63T1,SIERRA HWY,SOLEDAD CANYON RD,681,S,N,A,-,N,NA,NA,NA,NA,NA,NA,NA,NA,NA,Y,4,0,1,2,A,-,04,21703,NA,N,C,C,A,A,H,-,A,D,0,NA,NA,NA,NA,Y,NA,A,01,0,0,1,0,0,0,0,0,0,-,-,NA,NA,LOS ANGELES,SANTA CLARITA,-118.4568069,34.41463006
7130144,2015,2015-12-09,1900,2015-11-14,1930,450416,0645,6,5,6,1985,0,0,0,NA,0,62T1,NEWHALL RANCH RD,COPPERHILL DR,0,NA,Y,A,-,N,NA,NA,NA,NA,NA,NA,NA,NA,NA,N,4,0,2,2,A,-,09,21453,C,N,D,C,A,A,H,-,C,A,0,NA,NA,NA,NA,Y,NA,A,07,0,0,2,0,0,0,0,0,0,-,-,NA,NA,LOS ANGELES,SANTA CLARITA,-118.57558013,34.44296005
7130145,2015,2015-12-09,1942,2015-11-21,1950,40795,1273,6,5,7,1942,0,0,0,L,0,12A69,WESTERN AV,92ND ST,0,NA,Y,A,-,N,NA,NA,NA,NA,NA,NA,NA,NA,NA,Y,3,0,2,3,A,-,01,23152,A,F,G,B,B,A,H,-,C,A,0,Y,NA,NA,NA,Y,Y,A,01,0,1,1,0,2,0,0,0,0,-,-,NA,NA,LOS ANGELES,LOS ANGELES,-118.30901,33.95271
7130148,2015,2016-08-05,1900,2015-11-16,1605,509580,0631,1,5,6,1985,0,0,0,NA,0,61T1,SOLEDAD CANYON RD,POPPY MEADOW ST,0,NA,Y,A,-,N,NA,NA,NA,NA,NA,NA,NA,NA,NA,Y,4,0,2,2,A,-,12,21453,A,N,D,C,A,A,H,-,A,A,0,NA,NA,NA,NA,Y,NA,A,01,0,0,2,0,0,0,0,0,0,-,-,NA,NA,LOS ANGELES,SANTA CLARITA,-118.39971012,34.43076009
7130152,2015,2015-12-09,1900,2015-11-16,1550,476218,0629,1,5,6,1985,0,0,0,NA,0,62T1,LYONS AV,APPLE ST,348,W,N,A,-,N,NA,NA,NA,NA,NA,NA,NA,NA,NA,N,4,0,1,2,A,-,09,21801,A,N,D,C,A,A,H,-,A,D,0,NA,NA,NA,NA,Y,NA,A,01,0,0,1,0,0,0,0,0,0,-,-,NA,NA,LOS ANGELES,SANTA CLARITA,-118.54362747,34.3796635