CASE_ID,ACCIDENT_YEAR,PROC_DATE,JURIS,COLLISION_DATE,COLLISION_TIME,OFFICER_ID,REPORTING_DISTRICT,DAY_OF_WEEK,CHP_SHIFT,POPULATION,CNTY_CITY_LOC,SPECIAL_COND,BEAT_TYPE,CHP_BEAT_TYPE,CITY_DIVISION_LAPD,CHP_BEAT_CLASS,BEAT_NUMBER,PRIMARY_RD,SECONDARY_RD,DISTANCE,DIRECTION,INTERSECTION,WEATHER_1,WEATHER_2,STATE_HWY_IND,CALTRANS_COUNTY,CALTRANS_DISTRICT,STATE_ROUTE,ROUTE_SUFFIX,POSTMILE_PREFIX,POSTMILE,LOCATION_TYPE,RAMP_INTERSECTION,SIDE_OF_HWY,TOW_AWAY,COLLISION_SEVERITY,NUMBER_KILLED,NUMBER_INJURED,PARTY_COUNT,PRIMARY_COLL_FACTOR,PCF_CODE_OF_VIOL,PCF_VIOL_CATEGORY,PCF_VIOLATION,PCF_VIOL_SUBSECTION,HIT_AND_RUN,TYPE_OF_COLLISION,MVIW,PED_ACTION,ROAD_SURFACE,ROAD_COND_1,ROAD_COND_2,LIGHTING,CONTROL_DEVICE,CHP_ROAD_TYPE,PEDESTRIAN_ACCIDENT,BICYCLE_ACCIDENT,MOTORCYCLE_ACCIDENT,TRUCK_ACCIDENT,NOT_PRIVATE_PROPERTY,ALCOHOL_INVOLVED,STWD_VEHTYPE_AT_FAULT,CHP_VEHTYPE_AT_FAULT,COUNT_SEVERE_INJ,COUNT_VISIBLE_INJ,COUNT_COMPLAINT_PAIN,COUNT_PED_KILLED,COUNT_PED_INJURED,COUNT_BICYCLIST_KILLED,COUNT_BICYCLIST_INJURED,COUNT_MC_KILLED,COUNT_MC_INJURED,PRIMARY_RAMP,SECONDARY_RAMP,LATITUDE,LONGITUDE,COUNTY,CITY,POINT_X,POINT_Y
7132440,2015,2015-12-15,1955,2015-11-28,1258,41872,0005,6,5,6,1955,0,0,0,NA,0,004,PALOMARES ST,3RD ST,0,NA,Y,A,-,N,NA,NA,NA,NA,NA,NA,NA,NA,NA,N,4,0,2,2,A,-,03,22350,NA,F,C,C,A,A,H,-,A,A,0,NA,NA,NA,NA,Y,NA,A,01,0,0,2,0,0,0,0,0,0,-,-,NA,NA,LOS ANGELES,POMONA,-117.74574013,34.05702003
7132443,2015,2015-12-15,1942,2015-11-27,1610,36755,1529,5,5,7,1942,0,0,0,O,0,10T38,VICTORY BL,CRANER AV,0,NA,Y,A,-,N,NA,NA,NA,NA,NA,NA,NA,NA,NA,N,3,0,2,2,A,-,09,21801,A,N,D,C,A,A,H,-,A,D,0,NA,NA,NA,NA,Y,NA,A,01,0,1,1,0,0,0,0,0,0,-,-,NA,NA,LOS ANGELES,LOS ANGELES,-118.36925004,34.18670011
7132445,2015,2015-12-14,1931,2015-12-05,1716,5563,1931,6,5,5,1931,0,0,0,NA,0,003,SATURN AV,TEMPLETON ST,20,W,N,A,-,N,NA,NA,NA,NA,NA,NA,NA,NA,NA,N,4,0,1,2,A,-,09,21801,A,N,D,C,A,A,H,-,C,D,0,NA,NA,NA,NA,Y,NA,-,NA,0,0,1,0,0,0,0,0,0,-,-,NA,NA,LOS ANGELES,HUNTINGTON PARK,-118.22010583,33.97690947
7132447,2015,2015-12-15,1942,2015-11-27,1255,37578,1557,5,5,7,1942,0,0,0,O,0,15A3,CAHUENGA BL,CAMARILLO ST,0,NA,Y,A,-,N,NA,NA,NA,NA,NA,NA,NA,NA,NA,N,3,0,3,2,A,-,12,21453,A,N,D,C,A,A,H,-,A,A,0,NA,NA,NA,NA,Y,NA,A,01,0,1,2,0,0,0,0,0,0,-,-,NA,NA,LOS ANGELES,LOS ANGELES,-118.36155008,34.15767005
7132449,2015,2015-12-14,1931,2015-12-01,0719,5617,1931,2,5,5,1931,0,0,0,NA,0,004,CUDAHY AV,CALIFORNIA AV,375,E,N,A,-,N,NA,NA,NA,NA,NA,NA,NA,NA,NA,N,4,0,1,2,A,-,11,21956,A,N,B,B,E,A,H,-,A,D,0,Y,NA,NA,NA,Y,NA,N,60,0,0,1,0,1,0,0,0,0,-,-,NA,NA,LOS ANGELES,HUNTINGTON PARK,-118.20343558,33.96356082
7132451,2015,2015-12-15,1942,2015-11-29,1450,40811,1553,7,5,7,1942,0,0,0,O,0,21TL64,MORELLA AV,RIVERSIDE DR,0,NA,Y,A,-,N,NA,NA,NA,NA,NA,NA,NA,NA,NA,Y,3,0,3,2,A,-,09,21804,A,N,D,D,A,A,H,-,A,D,0,NA,NA,NA,NA,Y,NA,A,07,0,1,2,0,0,0,0,0,0,-,-,NA,NA,LOS ANGELES,LOS ANGELES,-118.38999005,34.15763001
7132453,2015,2015-12-14,1926,2015-12-01,1620,7897,NA,2,5,5,1926,0,0,0,NA,0,004,SUNFLOWER AV,ARROW HWY,146,N,N,A,-,N,NA,NA,NA,NA,NA,NA,NA,NA,NA,Y,4,0,1,2,A,-,03,22350,NA,N,C,C,A,A,H,-,A,D,0,NA,NA,NA,NA,Y,NA,A,01,0,0,1,0,0,0,0,0,0,-,-,NA,NA,LOS ANGELES,GLENDORA,-117.84638,34.10713023
7132454,2015,2015-12-18,1900,2015-11-24,1930,501908,2835,2,5,5,1915,0,0,0,NA,0,283T1,WILMINGTON AV,156TH ST,0,NA,Y,A,-,N,NA,NA,NA,NA,NA,NA,NA,NA,NA,Y,4,0,4,2,A,-,09,21802,A,N,D,C,A,A,H,-,C,D,0,NA,NA,NA,NA,Y,NA,D,22,0,0,4,0,0,0,0,0,0,-,-,NA,NA,LOS ANGELES,COMPTON,-118.23726008,33.89124004
7132455,2015,2015-12-15,1942,2015-11-21,0030,39981,1599,6,5,7,1942,0,0,0,O,0,6A77,BARHAM,CAHUENGA,0,NA,Y,A,-,N,NA,NA,NA,NA,NA,NA,NA,NA,NA,Y,4,0,2,2,A,-,12,21453,A,N,D,C,A,A,H,-,C,A,0,NA,NA,NA,NA,Y,NA,A,01,0,0,2,0,0,0,0,0,0,-,-,NA,NA,LOS ANGELES,LOS ANGELES,-118.3472601,34.12846003
7132457,2015,2017-01-28,1926,2015-12-01,1908,3877,NA,2,5,5,1926,0,0,0,NA,0,004,LONE HILL AV,RT 210,71,S,N,A,-,Y,LA,7,210,-,R,44.094,R,4,W,Y,4,0,1,2,A,-,03,22350,NA,N,C,C,A,A,H,-,C,A,0,NA,NA,NA,NA,Y,NA,A,01,0,0,1,0,0,0,0,0,0,-,WF,NA,NA,LOS ANGELES,GLENDORA,-117.83106611,34.12122684
7132458,2015,2016-01-08,1900,2015-11-18,1349,532570,2840,3,5,5,1915,0,0,0,NA,0,283T3,COMPTON BL,WILLOWBROOK AV,0,NA,Y,A,-,N,NA,NA,NA,NA,NA,NA,NA,NA,NA,N,4,0,1,2,A,-,12,21453,A,N,-,C,A,A,H,-,A,A,0,NA,NA,NA,NA,Y,NA,-,-,0,0,1,0,0,0,0,0,0,-,-,NA,NA,LOS ANGELES,COMPTON,-118.22438,33.89599005
7132459,2015,2015-12-15,1942,2015-11-21,1140,32361,1553,6,5,7,1942,0,0,0,O,0,15A33,RIVERSIDE DR,KRAFT AV,0,NA,Y,A,-,N,NA,NA,NA,NA,NA,NA,NA,NA,NA,N,3,0,1,2,A,-,06,21750,NA,N,D,G,A,A,H,-,A,D,0,NA,Y,NA,NA,Y,NA,A,01,0,1,0,0,0,0,1,0,0,-,-,NA,NA,LOS ANGELES,LOS ANGELES,-118.38013006,34.15765011
7132462,2015,2015-12-18,1900,2015-11-25,2245,530382,2810,3,5,5,1915,0,0,0,NA,0,281T1,ROSECRANS AV,APRILIA AV,0,NA,Y,A,-,N,NA,NA,NA,NA,NA,NA,NA,NA,NA,N,4,0,1,2,A,-,08,22100,A,N,B,C,A,A,H,-,C,A,0,NA,NA,NA,Y,Y,NA,F,27,0,0,1,0,0,0,0,0,0,-,-,NA,NA,LOS ANGELES,COMPTON,-118.25747009,33.90263005
7132463,2015,2016-08-03,1942,2015-11-19,1300,35346,1555,4,5,7,1942,0,0,0,O,0,15EL2,TUJUNGA AV,RIVERSIDE DR,50,S,N,A,-,N,NA,NA,NA,NA,NA,NA,NA,NA,NA,Y,4,0,1,2,A,-,09,21801,A,N,A,C,A,A,H,-,A,A,0,NA,NA,NA,NA,Y,NA,A,08,0,0,1,0,0,0,0,0,0,-,-,NA,NA,LOS ANGELES,LOS ANGELES,-118.37904413,34.15751337
7132464,2015,2015-12-14,1955,2015-11-13,1419,42120,0088,5,5,6,1955,0,0,0,NA,0,004,MARKET PL,TOWNE AV,1,W,N,A,-,N,NA,NA,NA,NA,NA,NA,NA,NA,NA,N,4,0,1,2,A,-,09,21804,A,N,D,G,A,A,H,-,A,A,0,NA,Y,NA,NA,Y,NA,L,04,0,0,1,0,0,0,1,0,0,-,-,NA,NA,LOS ANGELES,POMONA,-117.74028328,34.02384977
7132467,2015,2015-12-15,1942,2015-11-06,1915,38095,1525,5,5,7,1942,0,0,0,O,0,15A43W,SYLVAN ST,MORELLA AV,0,NA,Y,A,-,N,NA,NA,NA,NA,NA,NA,NA,NA,NA,N,4,0,2,2,A,-,04,21703,NA,N,C,C,A,A,H,-,C,A,0,NA,NA,NA,NA,Y,NA,A,01,0,0,2,0,0,0,0,0,0,-,-,NA,NA,LOS ANGELES,LOS ANGELES,-118.38998006,34.18485005
7132468,2015,2015-12-14,1942,2015-11-27,1955,41239,1553,5,5,7,1942,0,0,0,O,0,16T23,RIVERSIDE DR,CARPENTER AV,129,W,N,A,-,N,NA,NA,NA,NA,NA,NA,NA,NA,NA,Y,2,0,1,3,A,-,09,21801,A,N,D,C,A,A,H,-,C,A,0,NA,NA,Y,NA,Y,NA,A,01,1,0,0,0,0,0,0,0,1,-,-,NA,NA,LOS ANGELES,LOS ANGELES,-118.39150541,34.15762
7132471,2015,2017-02-04,1942,2015-11-11,2350,34599,1562,3,5,7,1942,0,0,0,O,0,15T43,COLDWATER CANYON AV,VENTURA FWY,0,NA,Y,A,-,Y,LA,7,101,-,-,14.011,R,4,S,N,3,0,1,1,A,-,01,23152,A,N,E,I,A,A,H,-,C,A,0,NA,NA,NA,NA,Y,Y,A,01,0,1,0,0,0,0,0,0,0,-,SF,NA,NA,LOS ANGELES,LOS ANGELES,-118.41596405,34.15664958
7132472,2015,2015-12-14,1942,2015-11-28,1145,34383,1548,6,5,7,1942,0,0,0,O,0,15X64,LANKERSHIM BL,WEDDINGTON,130,S,N,A,-,N,NA,NA,NA,NA,NA,NA,NA,NA,NA,N,2,0,1,1,A,-,03,22350,NA,N,H,J,A,A,H,-,A,D,0,NA,NA,Y,NA,Y,NA,C,02,1,0,0,0,0,0,0,0,1,-,-,NA,NA,LOS ANGELES,LOS ANGELES,-118.37571856,34.16668093
7132476,2015,2015-12-14,1942,2015-11-28,2230,41198,1515,6,5,7,1942,0,0,0,O,0,17T17,LANKERSHIM BL,KITTRIDGE ST,415,N,N,A,-,N,NA,NA,NA,NA,NA,NA,NA,NA,NA,N,4,0,2,2,A,-,08,22107,NA,N,B,C,A,A,H,-,C,A,0,NA,NA,NA,NA,Y,NA,A,01,0,0,2,0,0,0,0,0,0,-,-,NA,NA,LOS ANGELES,LOS ANGELES,-118.38778513,34.19142817
7132480,2015,2015-12-14,1942,2015-11-29,1350,41749,1525,7,5,7,1942,0,0,0,O,0,15A33,OXNARD ST,RADFORD AV,200,W,N,A,-,N,NA,NA,NA,NA,NA,NA,NA,NA,NA,Y,4,0,2,2,A,-,09,21801,A,N,A,C,A,A,H,-,A,A,0,NA,NA,NA,NA,Y,NA,A,01,0,0,2,0,0,0,0,0,0,-,-,NA,NA,LOS ANGELES,LOS ANGELES,-118.39282001,34.17941293
7132485,2015,2016-02-09,1955,2015-11-03,1523,42085,0017,2,5,6,1955,0,0,0,NA,0,003,SAN ANTONIO AV,LINCOLN AV,0,NA,Y,B,C,N,NA,NA,NA,NA,NA,NA,NA,NA,NA,N,4,0,1,2,A,-,10,21950,A,N,G,B,B,B,H,-,B,A,0,Y,NA,NA,NA,Y,NA,A,01,0,0,1,0,1,0,0,0,0,-,-,NA,NA,LOS ANGELES,POMONA,-117.73669001,34.07095003
7132493,2015,2016-02-09,1926,2015-11-29,1708,3836,NA,7,5,5,1926,0,0,0,NA,0,001,FOOTHILL,WILDWOOD,0,NA,Y,A,-,N,NA,NA,NA,NA,NA,NA,NA,NA,NA,N,4,0,1,2,A,-,01,23152,A,N,C,C,A,A,H,-,D,D,0,NA,NA,NA,NA,Y,Y,A,01,0,0,1,0,0,0,0,0,0,-,-,NA,NA,LOS ANGELES,GLENDORA,-117.87803003,34.13604001
7132568,2015,2015-12-21,1902,2015-11-30,0635,699,9,1,5,5,1902,0,0,0,NA,0,001,FOOTHILL BL,RANCHO RD,154,W,N,A,-,N,NA,NA,NA,NA,NA,NA,NA,NA,NA,Y,3,0,1,1,A,-,07,21658,A,N,E,I,A,A,H,-,B,D,0,NA,NA,NA,NA,Y,NA,D,22,0,1,0,0,0,0,0,0,0,-,-,NA,NA,LOS ANGELES,ARCADIA,-118.03904785,34.15084587
7132577,2015,2015-12-22,1900,2015-11-21,0130,530382,2825,6,5,5,1915,0,0,0,NA,0,281T1,BULLIS RD,TUCKER ST,70,S,N,A,-,N,NA,NA,NA,NA,NA,NA,NA,NA,NA,Y,3,0,1,5,A,-,03,22350,NA,N,A,-,A,A,-,-,C,D,0,NA,NA,NA,NA,Y,NA,A,01,0,1,0,0,0,0,0,0,0,-,-,NA,NA,LOS ANGELES,COMPTON,-118.20730915,33.90676825
7132578,2015,2015-12-15,1900,2015-11-24,1250,516691,NA,2,5,5,1915,0,0,0,NA,0,282T1,ALAMEDA ST,133RD ST,45,N,N,A,-,N,NA,NA,NA,NA,NA,NA,NA,NA,NA,N,4,0,1,2,A,-,08,22107,NA,N,C,D,A,A,H,-,B,A,0,NA,NA,NA,NA,Y,NA,A,01,0,0,1,0,0,0,0,0,0,-,-,NA,NA,LOS ANGELES,COMPTON,-118.22286798,33.91163249
7132589,2015,2015-12-15,1900,2015-12-02,1150,520027,2846,3,5,5,1915,0,0,0,NA,0,282T1,COMPTON BL,THORSON AV,0,NA,Y,A,-,N,NA,NA,NA,NA,NA,NA,NA,NA,NA,N,4,0,1,2,A,-,09,21802,A,N,D,C,A,A,H,-,A,D,0,NA,NA,NA,NA,Y,NA,A,01,0,0,1,0,0,0,0,0,0,-,-,NA,NA,LOS ANGELES,COMPTON,-118.19960004000001,33.89608009
7132617,2015,2016-06-08,1900,2015-11-26,1110,520027,2820,4,5,5,1915,0,0,0,NA,0,282T1,EL SEGUNDO BL,SANTA FE AV,1050,W,N,A,-,N,NA,NA,NA,NA,NA,NA,NA,NA,NA,N,4,0,1,2,A,-,21,22106,NA,N,D,C,A,A,H,-,A,D,0,NA,NA,Y,NA,Y,NA,A,07,0,0,1,0,0,0,0,0,1,-,-,NA,NA,LOS ANGELES,COMPTON,-118.22095495,33.9164382
7132625,2015,2016-01-11,1900,2015-11-23,1747,533031,2823,1,5,5,1915,0,0,0,NA,0,287D,LONG BEACH BL,GOLDEN ST,0,NA,Y,A,-,N,NA,NA,NA,NA,NA,NA,NA,NA,NA,N,4,0,1,2,A,-,10,21950,A,N,G,B,B,A,H,-,C,D,0,Y,NA,NA,NA,Y,NA,A,01,0,0,1,0,1,0,0,0,0,-,-,NA,NA,LOS ANGELES,COMPTON,-118.20876005,33.90791001
7132629,2015,2016-01-11,1900,2015-11-21,0510,524071,2844,6,5,5,1915,0,0,0,NA,0,283H,LONG BEACH BL,GREENLEAF BL,0,NA,Y,A,-,N,NA,NA,NA,NA,NA,NA,NA,NA,NA,Y,3,0,1,2,A,-,12,21453,A,N,D,C,A,A,H,-,C,A,0,NA,NA,NA,NA,Y,NA,-,-,0,1,0,0,0,0,0,0,0,-,-,NA,NA,LOS ANGELES,COMPTON,-118.20487007,33.88133009
7132648,2015,2015-12-18,1962,2015-12-01,1242,135,1962,2,5,4,1962,0,0,0,NA,0,023,EL MONTE ST,DEL MAR AV,114,E,N,A,-,N,NA,NA,NA,NA,NA,NA,NA,NA,NA,Y,3,0,1,1,A,-,08,22107,NA,N,A,I,A,A,H,-,A,D,0,NA,NA,NA,NA,Y,NA,D,22,0,1,0,0,0,0,0,0,0,-,-,NA,NA,LOS ANGELES,SAN GABRIEL,-118.09920639,34.09414321
7132652,2015,2015-12-18,1962,2015-11-24,1658,086,1962,2,5,4,1962,0,0,0,NA,0,024,SAN GABRIEL BL,COMMERCIAL AV,34,S,N,A,-,N,NA,NA,NA,NA,NA,NA,NA,NA,NA,Y,3,0,1,2,A,-,09,21801,A,N,H,A,A,A,H,-,C,D,0,NA,NA,Y,NA,Y,NA,D,22,0,1,0,0,0,0,0,0,1,-,-,NA,NA,LOS ANGELES,SAN GABRIEL,-118.0909383,34.09680678
7132719,2015,2015-12-21,1962,2015-12-04,0818,120,1962,5,5,4,1962,0,0,0,NA,0,022,DEL MAR AV,WELLS ST,40,N,N,B,-,N,NA,NA,NA,NA,NA,NA,NA,NA,NA,N,4,0,1,2,A,-,03,22350,NA,N,C,C,A,A,H,-,A,D,0,NA,NA,NA,NA,Y,NA,D,22,0,0,1,0,0,0,0,0,0,-,-,NA,NA,LOS ANGELES,SAN GABRIEL,-118.09957789,34.08489967
7132722,2015,2015-12-22,1942,2015-11-27,2005,41198,1045,5,5,7,1942,0,0,0,J,0,17T17,BURBANK BL,LINDLEY AV,0,NA,Y,A,-,N,NA,NA,NA,NA,NA,NA,NA,NA,NA,Y,4,0,2,2,A,-,12,21453,A,N,D,C,A,A,H,-,C,A,0,NA,NA,NA,NA,Y,NA,A,07,0,0,2,0,0,0,0,0,0,-,-,NA,NA,LOS ANGELES,LOS ANGELES,-118.52728007,34.17225007
7132726,2015,2015-12-22,1942,2015-11-25,1945,34332,1015,3,5,7,1942,0,0,0,J,0,16T25,SATICOY ST,LINDLEY AV,0,NA,Y,A,-,N,NA,NA,NA,NA,NA,NA,NA,NA,NA,Y,4,0,1,2,A,-,09,21801,A,N,D,C,A,A,H,-,C,A,0,NA,NA,NA,NA,Y,NA,A,01,0,0,1,0,0,0,0,0,0,-,-,NA,NA,LOS ANGELES,LOS ANGELES,-118.52734006,34.20840011
7132727,2015,2017-02-02,1956,2015-12-05,1324,1257,68,6,5,5,1956,0,0,0,NA,0,005,RT 107,182ND ST,902,N,N,A,-,Y,LA,7,107,-,-,4.367,I,5,S,Y,4,0,1,2,A,-,09,21801,A,N,D,C,A,A,H,-,A,D,0,NA,NA,NA,NA,Y,NA,A,01,0,0,1,0,0,0,0,0,0,-,-,NA,NA,LOS ANGELES,REDONDO BEACH,-118.35265822,33.86810149
7132730,2015,2016-08-05,1942,2015-11-25,1750,40193,1035,3,5,7,1942,0,0,0,J,0,17TL14,VICTORY BL,WHITE OAK AV,0,NA,Y,A,-,N,NA,NA,NA,NA,NA,NA,NA,NA,NA,Y,3,0,3,5,A,-,09,21801,A,N,D,C,A,A,H,-,C,A,0,NA,NA,NA,NA,Y,NA,A,01,0,1,2,0,0,0,0,0,0,-,-,NA,NA,LOS ANGELES,LOS ANGELES,-118.51849002,34.18662007
7132734,2015,2015-12-22,1942,2015-11-22,1315,40636,1005,7,5,7,1942,0,0,0,J,0,1088WY,YARMOUTH AV,LANARK ST,0,NA,Y,A,-,N,NA,NA,NA,NA,NA,NA,NA,NA,NA,Y,4,0,1,2,A,-,12,22450,A,N,D,D,A,A,H,-,A,A,0,NA,NA,NA,NA,Y,NA,A,01,0,0,1,0,0,0,0,0,0,-,-,NA,NA,LOS ANGELES,LOS ANGELES,-118.51971001,34.21797006
7132738,2015,2016-08-05,1942,2015-11-21,1430,36990,923,6,5,7,1942,0,0,0,NA,0,9A5,VESPER,VICTORY,0,NA,N,A,-,N,NA,NA,NA,NA,NA,NA,NA,NA,NA,N,3,0,2,2,A,-,09,21801,A,N,D,C,A,A,H,-,A,A,0,NA,NA,NA,NA,Y,NA,A,01,0,2,0,0,0,0,0,0,0,-,-,NA,NA,LOS ANGELES,LOS ANGELES,-118.45093011,34.18666011
7132742,2015,2015-12-22,1942,2015-11-21,1330,41168,0932,6,5,7,1942,0,0,0,I,0,9A23,SYLVAN,NOBLE,0,NA,Y,A,-,N,NA,NA,NA,NA,NA,NA,NA,NA,NA,N,4,0,3,2,A,-,12,22450,NA,N,D,C,A,A,-,-,A,A,0,NA,NA,NA,NA,Y,NA,A,01,0,0,3,0,0,0,0,0,0,-,-,NA,NA,LOS ANGELES,LOS ANGELES,-118.46184009,34.18483007
7132743,2015,2015-12-17,1902,2015-12-02,1501,638,14,3,5,5,1902,0,0,0,NA,0,002,2ND AV,GENOA ST,0,NA,Y,A,-,N,NA,NA,NA,NA,NA,NA,NA,NA,NA,Y,3,0,3,2,A,-,09,21802,A,N,D,C,A,A,H,-,A,A,0,NA,NA,NA,NA,Y,NA,A,01,0,1,2,0,0,0,0,0,0,-,-,NA,NA,LOS ANGELES,ARCADIA,-118.02506008,34.1323901
7132746,2015,2015-12-18,1942,2015-11-25,1942,40737,0914,3,5,7,1942,0,0,0,I,0,9A23,VICTORY BL,ETHEL ST,25,E,N,A,-,N,NA,NA,NA,NA,NA,NA,NA,NA,NA,Y,4,0,3,2,A,-,04,21703,NA,N,C,C,A,A,-,-,C,A,0,NA,NA,NA,NA,Y,NA,A,01,0,0,3,0,0,0,0,0,0,-,-,NA,NA,LOS ANGELES,LOS ANGELES,-118.41805749,34.18668
7132747,2015,2015-12-17,1902,2015-12-02,1102,668,28,3,5,5,1902,0,0,0,NA,0,005,6TH AV,CAMINO REAL AV,0,NA,Y,A,-,N,NA,NA,NA,NA,NA,NA,NA,NA,NA,N,3,0,1,2,A,-,09,21802,A,N,D,G,A,A,H,-,A,A,0,NA,Y,NA,NA,Y,NA,-,NA,0,1,0,0,0,0,1,0,0,-,-,NA,NA,LOS ANGELES,ARCADIA,-118.01864012,34.12194001
7132750,2015,2015-12-18,1942,2015-11-04,0740,30452,0923,3,5,7,1942,0,0,0,I,0,9TL53,VICTORY BL,NOBLE AV,100,E,N,B,-,N,NA,NA,NA,NA,NA,NA,NA,NA,NA,N,4,0,3,2,A,-,09,21804,A,N,D,C,A,A,H,-,A,D,0,NA,NA,NA,NA,Y,NA,A,01,0,0,3,0,0,0,0,0,0,-,-,NA,NA,LOS ANGELES,LOS ANGELES,-118.46151993,34.18665
7132751,2015,2015-12-17,1962,2015-12-01,1850,134,1962,2,5,4,1962,0,0,0,NA,0,023,DEL MAR AV,MISSION RD,0,NA,Y,A,-,N,NA,NA,NA,NA,NA,NA,NA,NA,NA,Y,4,0,1,2,A,-,08,22107,NA,N,A,C,A,A,H,-,C,A,0,NA,NA,NA,NA,Y,NA,A,01,0,0,1,0,0,0,0,0,0,-,-,NA,NA,LOS ANGELES,SAN GABRIEL,-118.09958009,34.09411004
7132754,2015,2015-12-30,1942,2015-11-30,0750,40290,0939,1,5,7,1942,0,0,0,I,0,15TL47,OXNARD BL,ATOLL AV,123,E,N,A,-,N,NA,NA,NA,NA,NA,NA,NA,NA,NA,N,3,0,1,2,A,-,09,21801,A,N,D,C,A,A,H,-,A,D,0,NA,NA,NA,NA,Y,NA,A,01,0,1,0,0,0,0,0,0,0,-,-,NA,NA,LOS ANGELES,LOS ANGELES,-118.41998419,34.17939828
7132758,2015,2015-12-18,1942,2015-11-24,0615,39021,0946,2,5,7,1942,0,0,0,I,0,9TL55,BURBANK BL,WOODMAN AV,35,E,N,A,-,N,NA,NA,NA,NA,NA,NA,NA,NA,NA,Y,3,0,2,2,A,-,03,22350,NA,N,C,C,A,A,H,-,A,A,0,NA,NA,NA,NA,Y,NA,A,01,0,1,1,0,0,0,0,0,0,-,-,NA,NA,LOS ANGELES,LOS ANGELES,-118.4311445,34.17213
7132760,2015,2015-12-18,1942,2015-11-25,1930,39131,1011,3,5,7,1942,0,0,0,J,0,10A3,TAMPA AV,SATICOY ST,25,N,N,A,-,N,NA,NA,NA,NA,NA,NA,NA,NA,NA,N,4,0,2,2,A,-,03,22350,NA,N,B,C,A,A,H,-,C,A,0,NA,NA,NA,NA,Y,NA,A,01,0,0,2,0,0,0,0,0,0,-,-,NA,NA,LOS ANGELES,LOS ANGELES,-118.55351,34.20842858
7132762,2015,2015-12-18,1942,2015-11-24,1740,40029,1754,2,5,7,1942,0,0,0,Q,0,17X82,DEVONSHIRE ST,DEVONSHIRE ST 18441,0,NA,-,A,-,N,NA,NA,NA,NA,NA,NA,NA,NA,NA,Y,4,0,2,2,A,-,04,21703,NA,N,B,C,A,A,H,-,C,D,0,NA,NA,NA,NA,Y,NA,A,01,0,0,2,0,0,0,0,0,0,-,-,NA,NA,LOS ANGELES,LOS ANGELES,-118.535428,34.257251
7132766,2015,2015-12-18,1942,2015-11-24,1330,42093,1764,2,5,7,1942,0,0,0,Q,0,17A35,TAMPA AV,NORDHOFF ST,500,N,N,A,-,N,NA,NA,NA,NA,NA,NA,NA,NA,NA,Y,4,0,1,2,A,-,09,21801,A,N,D,C,A,A,H,-,A,D,0,NA,NA,NA,NA,Y,NA,A,07,0,0,1,0,0,0,0,0,0,-,-,NA,NA,LOS ANGELES,LOS ANGELES,-118.55356,34.23683159
7132767,2015,2015-12-17,1902,2015-12-05,1557,719,6,6,5,5,1902,0,0,0,NA,0,001,SAN CARLOS RD,SAN CARLOS RD 1112,0,NA,-,A,-,N,NA,NA,NA,NA,NA,NA,NA,NA,NA,Y,3,0,1,1,A,-,03,22350,NA,N,E,I,A,A,H,-,A,D,0,NA,NA,NA,NA,Y,NA,-,NA,0,1,0,0,0,0,0,0,0,-,-,NA,NA,LOS ANGELES,ARCADIA,-118.045312,34.15124
7132770,2015,2015-12-18,1942,2015-11-20,1700,35554,1004,5,5,7,1942,0,0,0,J,0,17A67,LINDLEY AV,ROSCOE BL,0,NA,Y,A,-,N,NA,NA,NA,NA,NA,NA,NA,NA,NA,N,4,0,1,2,A,-,09,21801,A,N,D,C,A,A,H,-,B,A,0,NA,NA,NA,NA,Y,NA,A,01,0,0,1,0,0,0,0,0,0,-,-,NA,NA,LOS ANGELES,LOS ANGELES,-118.52736008,34.22085011
7132775,2015,2015-12-17,1956,2015-12-07,1517,1257,69,1,5,5,1956,0,0,0,NA,0,002,TORRANCE BL,CATALINA AV,606,W,N,A,-,N,NA,NA,NA,NA,NA,NA,NA,NA,NA,N,3,0,1,1,A,-,03,22350,NA,N,E,J,A,A,G,-,A,D,0,NA,Y,NA,NA,Y,NA,L,04,0,1,0,0,0,0,1,0,0,-,-,NA,NA,LOS ANGELES,REDONDO BEACH,-118.38798,33.83829
7132776,2015,2015-12-22,1955,2015-11-27,1355,42227,0071,5,5,6,1955,0,0,0,NA,0,005,PHILLIPS RANCH RD,SCENIC RIDGE DR,0,NA,Y,A,-,N,NA,NA,NA,NA,NA,NA,NA,NA,NA,Y,4,0,1,2,A,-,09,21801,A,N,D,C,A,A,H,-,A,A,0,NA,NA,NA,NA,Y,NA,A,07,0,0,1,0,0,0,0,0,0,-,-,NA,NA,LOS ANGELES,POMONA,-117.77137009,34.02108003
7132780,2015,2015-12-22,1955,2015-11-30,0954,42227,0089,1,5,6,1955,0,0,0,NA,0,004,RESERVOIR ST,COUNTY RD,0,NA,Y,A,-,N,NA,NA,NA,NA,NA,NA,NA,NA,NA,Y,4,0,1,2,A,-,09,21801,A,N,D,C,A,A,H,-,A,A,0,NA,NA,NA,NA,Y,NA,A,01,0,0,1,0,0,0,0,0,0,-,-,NA,NA,LOS ANGELES,POMONA,-117.73152,34.02645012
7132789,2015,2015-12-22,1942,2015-11-23,1125,30830,1033,1,5,7,1942,0,0,0,J,0,16TL23,RESEDA BL,VICTORY BL,0,NA,Y,A,-,N,NA,NA,NA,NA,NA,NA,NA,NA,NA,Y,4,0,2,3,A,-,09,21801,A,N,D,C,A,A,H,-,A,A,0,NA,NA,NA,NA,Y,NA,A,07,0,0,2,0,0,0,0,0,0,-,-,NA,NA,LOS ANGELES,LOS ANGELES,-118.53602012,34.18657009