CASE_ID,ACCIDENT_YEAR,PROC_DATE,JURIS,COLLISION_DATE,COLLISION_TIME,OFFICER_ID,REPORTING_DISTRICT,DAY_OF_WEEK,CHP_SHIFT,POPULATION,CNTY_CITY_LOC,SPECIAL_COND,BEAT_TYPE,CHP_BEAT_TYPE,CITY_DIVISION_LAPD,CHP_BEAT_CLASS,BEAT_NUMBER,PRIMARY_RD,SECONDARY_RD,DISTANCE,DIRECTION,INTERSECTION,WEATHER_1,WEATHER_2,STATE_HWY_IND,CALTRANS_COUNTY,CALTRANS_DISTRICT,STATE_ROUTE,ROUTE_SUFFIX,POSTMILE_PREFIX,POSTMILE,LOCATION_TYPE,RAMP_INTERSECTION,SIDE_OF_HWY,TOW_AWAY,COLLISION_SEVERITY,NUMBER_KILLED,NUMBER_INJURED,PARTY_COUNT,PRIMARY_COLL_FACTOR,PCF_CODE_OF_VIOL,PCF_VIOL_CATEGORY,PCF_VIOLATION,PCF_VIOL_SUBSECTION,HIT_AND_RUN,TYPE_OF_COLLISION,MVIW,PED_ACTION,ROAD_SURFACE,ROAD_COND_1,ROAD_COND_2,LIGHTING,CONTROL_DEVICE,CHP_ROAD_TYPE,PEDESTRIAN_ACCIDENT,BICYCLE_ACCIDENT,MOTORCYCLE_ACCIDENT,TRUCK_ACCIDENT,NOT_PRIVATE_PROPERTY,ALCOHOL_INVOLVED,STWD_VEHTYPE_AT_FAULT,CHP_VEHTYPE_AT_FAULT,COUNT_SEVERE_INJ,COUNT_VISIBLE_INJ,COUNT_COMPLAINT_PAIN,COUNT_PED_KILLED,COUNT_PED_INJURED,COUNT_BICYCLIST_KILLED,COUNT_BICYCLIST_INJURED,COUNT_MC_KILLED,COUNT_MC_INJURED,PRIMARY_RAMP,SECONDARY_RAMP,LATITUDE,LONGITUDE,COUNTY,CITY,POINT_X,POINT_Y
7134636,2015,2015-12-18,1942,2015-11-21,1045,38503,1821,6,5,7,1942,0,0,0,R,0,18T39,FIGUEROA ST,COLDEN AV,0,NA,Y,A,-,N,NA,NA,NA,NA,NA,NA,NA,NA,NA,N,3,0,1,2,A,-,12,22450,NA,F,B,G,A,A,H,-,A,A,0,NA,Y,NA,NA,Y,NA,-,99,0,1,0,0,0,0,1,0,0,-,-,NA,NA,LOS ANGELES,LOS ANGELES,-118.28270012,33.94916006
7134637,2015,2015-12-23,1942,2015-11-12,1815,26691,2022,4,5,7,1942,0,0,0,NA,0,2A2,WILTON,4TH ST,0,NA,Y,A,-,N,NA,NA,NA,NA,NA,NA,NA,NA,NA,Y,4,0,1,2,A,-,08,22101,D,N,A,C,A,A,H,-,A,A,0,NA,NA,NA,NA,Y,NA,-,NA,0,0,1,0,0,0,0,0,0,-,-,NA,NA,LOS ANGELES,LOS ANGELES,-118.31409004,34.06713007
7134638,2015,2015-12-17,1942,2015-11-27,1900,39262,2069,5,5,7,1942,0,0,0,NA,0,20T59,VERMONT AV,11TH ST,262,S,N,A,-,N,NA,NA,NA,NA,NA,NA,NA,NA,NA,N,4,0,2,2,A,-,03,22350,NA,N,C,C,A,A,H,-,C,D,0,NA,NA,NA,NA,Y,NA,A,01,0,0,2,0,0,0,0,0,0,-,-,NA,NA,LOS ANGELES,LOS ANGELES,NA,NA
7134639,2015,2015-12-18,1942,2015-11-15,0530,41937,0666,7,5,7,1942,0,0,0,F,0,6A67,CAHUENGA BL,DE LONGPRE,20,S,N,A,-,N,NA,NA,NA,NA,NA,NA,NA,NA,NA,Y,3,0,1,1,A,-,03,22350,NA,N,E,I,A,A,H,-,C,A,0,NA,NA,NA,NA,Y,NA,A,01,0,1,0,0,0,0,0,0,0,-,-,NA,NA,LOS ANGELES,LOS ANGELES,-118.32945802,34.09610203
7134640,2015,2015-12-18,1942,2015-11-20,2345,37724,1821,5,5,7,1942,0,0,0,R,0,3T5,103RD ST,VERMONT AV,120,E,N,A,-,N,NA,NA,NA,NA,NA,NA,NA,NA,NA,N,3,0,1,2,A,-,03,22350,NA,F,G,B,E,A,H,-,C,D,0,Y,NA,NA,NA,Y,NA,-,99,0,1,0,0,1,0,0,0,0,-,-,NA,NA,LOS ANGELES,LOS ANGELES,-118.29119512,33.94303
7134643,2015,2015-12-18,1942,2015-12-01,1430,40164,832,2,5,7,1942,0,0,0,NA,0,8TL26,SAN VICENTE BL,MONTANA AV,100,W,N,A,-,N,NA,NA,NA,NA,NA,NA,NA,NA,NA,N,4,0,1,2,A,-,07,21658,A,N,H,G,A,A,H,-,A,D,0,NA,Y,NA,NA,Y,NA,L,04,0,0,1,0,0,0,1,0,0,-,-,NA,NA,LOS ANGELES,LOS ANGELES,-118.47023081,34.05261723
7134647,2015,2015-12-18,1942,2015-12-02,1910,37575,0857,3,5,7,1942,0,0,0,H,0,6T7,PICO BL,REEVES ST,50,W,N,A,-,N,NA,NA,NA,NA,NA,NA,NA,NA,NA,N,4,0,1,2,A,-,07,21658,A,N,H,C,A,A,H,-,C,D,0,NA,NA,NA,NA,Y,NA,A,01,0,0,1,0,0,0,0,0,0,-,-,NA,NA,LOS ANGELES,LOS ANGELES,-118.39664477,34.05527
7134651,2015,2015-12-24,1942,2015-12-02,1650,42123,0893,3,5,7,1942,0,0,0,H,0,8A35,WESTWOOD,CONVENTRY PL,25,S,N,A,-,N,NA,NA,NA,NA,NA,NA,NA,NA,NA,Y,4,0,2,2,A,-,09,21801,A,N,D,C,A,-,-,-,-,A,0,NA,NA,NA,NA,Y,NA,A,01,0,0,2,0,0,0,0,0,0,-,-,NA,NA,LOS ANGELES,LOS ANGELES,-118.423128,34.033379
7134655,2015,2015-12-18,1942,2015-12-03,2330,39624,0893,4,5,7,1942,0,0,0,H,0,8T33,SEPULVEDA BL,RICHLAND AV,132,N,N,A,-,N,NA,NA,NA,NA,NA,NA,NA,NA,NA,N,4,0,1,2,A,-,11,21954,NA,N,G,B,D,A,H,-,C,D,0,Y,NA,NA,NA,Y,NA,N,60,0,0,1,0,1,0,0,0,0,-,-,NA,NA,LOS ANGELES,LOS ANGELES,-118.4326799,34.033282
7134659,2015,2015-12-18,1942,2015-12-01,1430,37715,2055,2,5,7,1942,0,0,0,NA,0,6TL2W4,OLYMPIC BL,KENMORE AV,40,E,N,A,-,N,NA,NA,NA,NA,NA,NA,NA,NA,NA,N,4,0,1,2,A,-,03,22350,NA,N,C,C,A,A,H,-,A,D,0,NA,NA,NA,NA,Y,NA,A,01,0,0,1,0,0,0,0,0,0,-,-,NA,NA,LOS ANGELES,LOS ANGELES,-118.2967182,34.05266
7134661,2015,2016-02-10,1942,2015-11-26,1150,42013,1834,4,5,7,1942,0,0,0,R,0,18A41,AVALON BL,107TH ST,0,NA,Y,B,-,N,NA,NA,NA,NA,NA,NA,NA,NA,NA,Y,4,0,1,2,A,-,09,21801,A,N,D,C,A,A,H,-,A,A,0,NA,NA,NA,NA,Y,NA,A,01,0,0,1,0,0,0,0,0,0,-,-,NA,NA,LOS ANGELES,LOS ANGELES,-118.26519002,33.93929002
7134663,2015,2015-12-18,1942,2015-12-02,1215,36083,0822,3,5,7,1942,0,0,0,H,0,14TL52,TEMESCAL CANYON RD,BOWDOIN ST,0,NA,Y,A,-,N,NA,NA,NA,NA,NA,NA,NA,NA,NA,N,3,0,1,2,A,-,05,21650,NA,N,D,-,A,A,H,-,A,A,0,NA,NA,NA,NA,Y,NA,M,96,0,1,0,0,0,0,0,0,0,-,-,NA,NA,LOS ANGELES,LOS ANGELES,-118.5304701,34.04622003
7134667,2015,2015-12-18,1942,2015-12-02,1730,38118,2015,3,5,7,1942,0,0,0,NA,0,20TL58,VERMONT AV,BEVERLY BL,5,W,N,A,-,N,NA,NA,NA,NA,NA,NA,NA,NA,NA,N,4,0,1,2,A,-,04,21703,NA,N,C,C,A,A,H,-,C,A,0,NA,NA,NA,NA,Y,NA,A,01,0,0,1,0,0,0,0,0,0,-,-,NA,NA,LOS ANGELES,LOS ANGELES,-118.29169,34.07632
7134671,2015,2017-01-31,1942,2015-12-02,2000,40867,LOS A,3,5,7,1942,0,0,0,NA,0,NA,VERMONT,RT 105,0,NA,Y,A,-,Y,LA,7,105,-,R,6.948,R,4,W,N,4,0,1,2,A,-,10,21950,A,N,G,B,B,A,H,-,C,A,0,Y,NA,NA,NA,Y,NA,A,01,0,0,1,0,1,0,0,0,0,-,-,NA,NA,LOS ANGELES,LOS ANGELES,-118.28828523,33.92886634
7134675,2015,2015-12-18,1942,2015-12-02,1745,40663,1824,3,5,7,1942,0,0,0,R,0,18A44,COLDEN,AVALON,0,NA,Y,A,-,N,NA,NA,NA,NA,NA,NA,NA,NA,NA,N,4,0,1,2,A,-,09,21801,NA,F,D,C,A,A,H,-,A,A,0,NA,NA,NA,NA,Y,NA,-,99,0,0,1,0,0,0,0,0,0,-,-,NA,NA,LOS ANGELES,LOS ANGELES,-118.26516003,33.94925009
7134679,2015,2015-12-18,1942,2015-12-03,1830,37510,NA,4,5,7,1942,0,0,0,NA,0,12A49,AVALON BL,COLDEN,0,NA,Y,A,-,N,NA,NA,NA,NA,NA,NA,NA,NA,NA,N,4,0,1,2,A,-,09,21801,A,F,D,C,A,A,H,-,C,A,0,NA,NA,NA,NA,Y,NA,A,01,0,0,1,0,0,0,0,0,0,-,-,NA,NA,LOS ANGELES,LOS ANGELES,-118.26516003,33.94925009
7134683,2015,2015-12-18,1942,2015-12-02,1455,39762,1842,3,5,7,1942,0,0,0,R,0,3T57,FIGUEROA ST,111TH PL,0,NA,Y,A,-,N,NA,NA,NA,NA,NA,NA,NA,NA,NA,Y,4,0,4,2,A,-,12,21453,A,N,D,C,A,A,H,-,A,A,0,NA,NA,NA,NA,Y,NA,A,01,0,0,4,0,0,0,0,0,0,-,-,NA,NA,LOS ANGELES,LOS ANGELES,-118.28263,33.93389003
7134687,2015,2015-12-18,1942,2015-12-06,1825,35393,1871,7,5,7,1942,0,0,0,R,0,3T5,VERMONT AV,249TH ST,169,S,N,A,-,N,NA,NA,NA,NA,NA,NA,NA,NA,NA,N,2,0,1,2,A,-,10,21950,A,N,G,B,C,A,H,-,C,A,0,Y,NA,NA,NA,Y,NA,A,07,1,0,0,0,1,0,0,0,0,-,-,NA,NA,LOS ANGELES,LOS ANGELES,NA,NA
7134691,2015,2017-01-28,1942,2015-12-02,0750,41859,1444,3,5,7,1942,0,0,0,N,0,14A11,LINCOLN BL,RT 90,0,NA,Y,A,-,Y,LA,7,1,-,-,31.26,H,-,N,Y,3,0,1,2,D,-,00,NA,NA,N,C,C,A,A,H,-,A,A,0,NA,NA,NA,NA,Y,NA,-,-,0,1,0,0,0,0,0,0,0,-,-,NA,NA,LOS ANGELES,LOS ANGELES,-118.44238539,33.98435472
7134692,2015,2015-12-18,1942,2015-12-03,2305,40024,0666,4,5,7,1942,0,0,0,F,0,6T7,SUNSET BL,VINE ST,0,NA,Y,A,-,N,NA,NA,NA,NA,NA,NA,NA,NA,NA,Y,3,0,2,3,A,-,12,21453,A,N,D,C,A,A,H,-,C,A,0,NA,NA,NA,NA,Y,NA,A,01,0,1,1,0,0,0,0,0,0,-,-,NA,NA,LOS ANGELES,LOS ANGELES,-118.32663012,34.09801011
7134695,2015,2015-12-18,1942,2015-12-05,1205,26101,1823,6,5,7,1942,0,0,0,R,0,18T23,AVALON BL,97TH ST,80,S,N,A,-,N,NA,NA,NA,NA,NA,NA,NA,NA,NA,Y,3,0,2,2,A,-,21,22106,NA,N,D,C,A,A,H,-,A,D,0,NA,NA,NA,NA,Y,NA,A,07,0,1,1,0,0,0,0,0,0,-,-,NA,NA,LOS ANGELES,LOS ANGELES,-118.26517,33.9481006
7134696,2015,2015-12-18,1942,2015-12-01,1140,37715,0621,2,5,7,1942,0,0,0,F,0,6TL2W4,LAUREL CANYON BL,WILLOW GLEN RD,50,N,N,A,-,N,NA,NA,NA,NA,NA,NA,NA,NA,NA,N,4,0,1,2,A,-,03,22350,NA,F,C,A,A,A,H,-,A,D,0,NA,NA,NA,NA,Y,NA,-,99,0,0,1,0,0,0,0,0,0,-,-,NA,NA,LOS ANGELES,LOS ANGELES,-118.37460257,34.1156687
7134699,2015,2015-12-18,1942,2015-12-01,1820,39889,0129,2,5,7,1942,0,0,0,A,0,11TL32,CENTER ST,TEMPLE ST,87,N,N,A,-,N,NA,NA,NA,NA,NA,NA,NA,NA,NA,N,3,0,1,1,A,-,03,22350,NA,N,H,C,A,A,H,-,C,D,0,NA,NA,Y,NA,Y,NA,C,02,0,1,0,0,0,0,0,0,1,-,-,NA,NA,LOS ANGELES,LOS ANGELES,-118.23173061,34.05021632
7134700,2015,2015-12-18,1942,2015-12-02,1630,41943,0665,3,5,7,1942,0,0,0,F,0,6A48,CHEROKEE AV,FOUNTAIN AV,0,NA,Y,A,-,N,NA,NA,NA,NA,NA,NA,NA,NA,NA,Y,4,0,2,2,A,-,09,21802,A,N,D,C,A,A,H,-,B,A,0,NA,NA,NA,NA,Y,NA,A,01,0,0,2,0,0,0,0,0,0,-,-,NA,NA,LOS ANGELES,LOS ANGELES,-118.33524011,34.09438003
7134704,2015,2015-12-18,1942,2015-12-01,0745,33191,2029,2,5,7,1942,0,0,0,NA,0,6TL7,3RD ST,COMMONWEALTH AV,40,W,N,A,-,N,NA,NA,NA,NA,NA,NA,NA,NA,NA,N,4,0,1,2,A,-,04,21703,NA,N,C,C,A,A,H,-,A,A,0,NA,NA,NA,NA,Y,NA,A,08,0,0,1,0,0,0,0,0,0,-,-,NA,NA,LOS ANGELES,LOS ANGELES,-118.28585179,34.06896244
7134708,2015,2015-12-18,1942,2015-12-02,0745,42086,0626,3,5,7,1942,0,0,0,F,0,6A63,CAHUENGA BL,FRANKLIN AV,15,N,N,A,-,N,NA,NA,NA,NA,NA,NA,NA,NA,NA,N,3,0,1,2,A,-,10,21950,A,N,G,B,B,A,H,-,A,A,0,Y,NA,NA,NA,Y,NA,A,01,0,1,0,0,1,0,0,0,0,-,-,NA,NA,LOS ANGELES,LOS ANGELES,-118.33041332,34.10527628
7134711,2015,2017-02-01,1942,2015-12-02,0845,40452,1444,3,5,7,1942,0,0,0,N,0,6TL11,LINCOLN BL,JEFFERSON WY,85,S,N,A,-,Y,LA,7,1,-,-,31.55,H,-,S,Y,4,0,3,4,A,-,03,22350,NA,N,C,C,A,A,H,-,A,D,0,NA,NA,NA,NA,Y,NA,A,01,0,0,3,0,0,0,0,0,0,-,-,NA,NA,LOS ANGELES,LOS ANGELES,-118.44540852,33.98780141
7134712,2015,2015-12-18,1942,2015-12-02,1550,37966,0628,3,5,7,1942,0,0,0,F,0,6TL2,BEACHWOOD DR,TEMPLE HILL DR,12,N,N,A,-,N,NA,NA,NA,NA,NA,NA,NA,NA,NA,N,4,0,2,2,A,-,03,22350,A,N,C,C,A,A,H,-,A,D,0,NA,NA,NA,NA,Y,NA,A,07,0,0,2,0,0,0,0,0,0,-,-,NA,NA,LOS ANGELES,LOS ANGELES,-118.32148961,34.11175291
7134716,2015,2015-12-18,1942,2015-12-01,1340,38118,2011,2,5,7,1942,0,0,0,NA,0,34EL2,3RD ST,WINDSOR AV,31,W,N,A,-,N,NA,NA,NA,NA,NA,NA,NA,NA,NA,Y,3,0,1,2,A,-,08,22101,D,N,D,C,A,A,H,-,A,A,0,NA,NA,NA,NA,Y,NA,A,01,0,1,0,0,0,0,0,0,0,-,-,NA,NA,LOS ANGELES,LOS ANGELES,-118.32155217,34.06895
7134720,2015,2015-12-18,1942,2015-12-01,1900,36635,0733,2,5,7,1942,0,0,0,G,0,7A33,WILSHIRE BL,FAIRGATE AV,190,E,N,A,-,N,NA,NA,NA,NA,NA,NA,NA,NA,NA,N,4,0,1,2,A,-,11,21955,NA,N,G,B,D,A,D,-,C,D,0,Y,NA,NA,NA,Y,NA,N,60,0,0,1,0,1,0,0,0,0,-,-,NA,NA,LOS ANGELES,LOS ANGELES,NA,NA
7134764,2015,2016-02-03,1955,2015-10-05,1708,P4,NA,1,5,6,1955,0,0,0,NA,0,NA,KELLOGG DR,SOUTH CAMPUS DR,1381,N,N,C,-,N,NA,NA,NA,NA,NA,NA,NA,NA,NA,Y,4,0,1,1,A,-,03,22350,NA,N,E,I,A,B,H,-,A,D,0,NA,NA,NA,NA,Y,NA,A,01,0,0,1,0,0,0,0,0,0,-,-,NA,NA,LOS ANGELES,POMONA,-117.81770763,34.05555586
7134805,2015,2017-02-04,1900,2015-11-30,1420,529403,0452,1,5,6,1949,0,0,0,NA,0,43T1,IMPERIAL HWY,RT 5,54,W,N,A,-,Y,LA,7,5,-,-,5.221,R,4,S,N,4,0,2,2,A,-,03,22350,A,N,C,C,A,A,H,-,A,A,0,NA,NA,NA,NA,Y,NA,A,01,0,0,2,0,0,0,0,0,0,-,SF,NA,NA,LOS ANGELES,NORWALK,-118.08250451,33.920752
7134831,2015,2016-01-04,1900,2015-10-23,1840,510524,0466,5,5,4,1936,0,0,0,NA,0,46T1,ALONDRA BL,VALLEY VIEW AV,300,E,N,A,-,N,NA,NA,NA,NA,NA,NA,NA,NA,NA,Y,3,0,1,2,A,-,07,21658,A,N,B,C,A,A,H,-,A,D,0,NA,NA,NA,Y,Y,Y,G,25,0,1,0,0,0,0,0,0,0,-,-,NA,NA,LOS ANGELES,LA MIRADA,-118.02808376,33.8880485
7134833,2015,2016-02-10,1900,2015-11-30,1715,43T1,0453,1,5,6,1949,0,0,0,NA,0,43T1,PIONEER BL,VALENCIA ST,0,NA,Y,A,-,N,NA,NA,NA,NA,NA,NA,NA,NA,NA,N,4,0,1,2,A,-,09,21801,A,N,D,C,A,A,H,-,C,A,0,NA,NA,NA,NA,Y,NA,A,01,0,0,1,0,0,0,0,0,0,-,-,NA,NA,LOS ANGELES,NORWALK,-118.08257002,33.90395006
7134855,2015,2015-12-21,1900,2015-12-01,0710,442391,0466,2,5,4,1936,0,0,0,NA,0,46T1,ALONDRA BL,STAGE RD,0,NA,Y,A,-,N,NA,NA,NA,NA,NA,NA,NA,NA,NA,Y,4,0,1,3,A,-,12,21453,A,N,D,C,A,A,H,-,A,A,0,NA,NA,NA,NA,Y,NA,A,01,0,0,1,0,0,0,0,0,0,-,-,NA,NA,LOS ANGELES,LA MIRADA,-118.01195012,33.88818009
7134857,2015,2016-02-10,1900,2015-11-21,1325,489533,0455,6,5,6,1949,0,0,0,NA,0,43K3,EXCELSIOR DR,STUDEBAKER RD,13,E,N,A,-,N,NA,NA,NA,NA,NA,NA,NA,NA,NA,N,4,0,1,2,A,-,21,22106,NA,N,C,C,A,A,H,-,A,A,0,NA,NA,NA,NA,Y,NA,A,01,0,0,1,0,0,0,0,0,0,-,-,NA,NA,LOS ANGELES,NORWALK,-118.09999725,33.89477
7134859,2015,2016-02-09,1900,2015-11-30,2220,532461,DOWNE,1,5,4,1936,0,0,0,NA,0,46T1,BEACH BL,HILLSBOROUGH DR,0,NA,Y,A,-,N,NA,NA,NA,NA,NA,NA,NA,NA,NA,Y,3,0,2,2,A,-,01,23152,A,N,D,C,A,A,H,-,C,A,0,NA,NA,NA,NA,Y,Y,A,07,0,1,1,0,0,0,0,0,0,-,-,NA,NA,LOS ANGELES,LA MIRADA,-117.97793003,33.90861002
7134871,2015,2016-08-18,1900,2015-11-28,0936,517022,0454,6,5,6,1949,0,0,0,NA,0,45T1AM,BLOOMFIELD AV,RT 5,188,S,N,A,-,N,NA,NA,NA,NA,NA,NA,NA,NA,NA,NA,4,0,3,3,A,-,03,22350,NA,N,C,C,A,A,H,-,A,A,0,NA,NA,NA,NA,Y,NA,D,22,0,0,3,0,0,0,0,0,0,-,NO,NA,NA,LOS ANGELES,NORWALK,-118.064606,33.904161
7134885,2015,2015-12-18,1900,2015-11-20,1900,551350,0454,5,5,6,1949,0,0,0,NA,0,43T1,NORWALK BL,FOSTER RD,0,NA,Y,A,-,N,NA,NA,NA,NA,NA,NA,NA,NA,NA,Y,4,0,2,1,A,-,03,22350,NA,N,E,I,A,A,H,-,D,D,0,NA,NA,NA,NA,Y,NA,A,01,0,0,2,0,0,0,0,0,0,-,-,NA,NA,LOS ANGELES,NORWALK,-118.07302005,33.90522009
7134889,2015,2016-08-03,1900,2015-11-23,1720,292950,0452,1,5,6,1949,0,0,0,NA,0,43T1,BLOOMFIELD AV,IMPERIAL HWY,224,N,N,A,-,N,NA,NA,NA,NA,NA,NA,NA,NA,NA,N,3,0,1,3,A,-,03,22350,NA,N,C,C,A,A,H,-,C,D,0,NA,NA,NA,NA,Y,NA,A,01,0,1,0,0,0,0,0,0,0,-,-,NA,NA,LOS ANGELES,NORWALK,-118.06391,33.9177842
7134897,2015,2015-12-18,1900,2015-11-14,1847,517022,0466,6,5,4,1936,0,0,0,NA,0,46T1PM,ALONDRA BL,STAGE RD,46,E,N,A,-,N,NA,NA,NA,NA,NA,NA,NA,NA,NA,N,4,0,2,2,A,-,09,21801,A,N,D,C,A,A,H,-,C,A,0,NA,NA,NA,NA,Y,NA,A,01,0,0,2,0,0,0,0,0,0,-,-,NA,NA,LOS ANGELES,LA MIRADA,-118.01179897,33.88818643
7134901,2015,2016-08-09,1900,2015-11-30,1340,442391,0463,1,5,4,1936,0,0,0,NA,0,46T1,LA MIRADA BL,FOSTER RD,0,NA,Y,A,-,N,NA,NA,NA,NA,NA,NA,NA,NA,NA,NA,4,0,1,2,A,-,12,21453,A,N,D,C,A,A,H,-,A,A,0,NA,NA,NA,NA,Y,NA,A,01,0,0,1,0,0,0,0,0,0,-,-,NA,NA,LOS ANGELES,LA MIRADA,-118.01189005,33.90884004
7134913,2015,2015-12-18,1900,2015-11-12,1240,520746,0454,4,5,6,1949,0,0,0,NA,0,43K1,SAN ANTONIO DR,SYCAMORE ST,77,S,N,A,-,N,NA,NA,NA,NA,NA,NA,NA,NA,NA,N,4,0,1,2,A,-,05,21650,1,N,A,G,A,A,H,-,A,D,0,NA,Y,NA,NA,Y,NA,L,04,0,0,1,0,0,0,1,0,0,-,-,NA,NA,LOS ANGELES,NORWALK,-118.07967589,33.90503049
7134964,2015,2015-12-21,1900,2015-12-01,1815,489533,0459,2,5,6,1949,0,0,0,NA,0,45T1,MAPLEDALE ST,CLARISSA AV,82,E,N,A,-,N,NA,NA,NA,NA,NA,NA,NA,NA,NA,Y,4,0,1,1,A,-,08,22107,NA,N,E,I,A,A,H,-,C,D,0,NA,NA,NA,NA,Y,NA,A,08,0,0,1,0,0,0,0,0,0,-,-,NA,NA,LOS ANGELES,NORWALK,-118.0481104,33.89876321
7134968,2015,2015-12-21,1900,2015-12-03,1720,272611,0458,4,5,6,1949,0,0,0,NA,0,43T1P,166TH ST,NORWALK BL,0,NA,Y,A,-,N,NA,NA,NA,NA,NA,NA,NA,NA,NA,Y,4,0,3,2,A,-,09,21801,A,N,A,C,A,A,H,-,C,A,0,NA,NA,NA,NA,Y,NA,A,07,0,0,3,0,0,0,0,0,0,-,-,NA,NA,LOS ANGELES,NORWALK,-118.07272004,33.88038003
7134976,2015,2015-12-21,1900,2015-12-03,1740,272611,0455,4,5,6,1949,0,0,0,NA,0,43T1P,LONGWORTH AV,SIBLEY ST,0,NA,Y,A,-,N,NA,NA,NA,NA,NA,NA,NA,NA,NA,Y,4,0,2,2,A,-,09,21800,B,N,D,C,A,A,H,-,C,D,0,NA,NA,NA,NA,Y,NA,A,01,0,0,2,0,0,0,0,0,0,-,-,NA,NA,LOS ANGELES,NORWALK,-118.09305003,33.89684006
7135000,2015,2015-12-21,1900,2015-12-03,1715,524692,2914,4,5,4,1974,0,0,0,NA,0,291K1,LEMON AV,LA PUENTE RD,510,S,N,A,-,N,NA,NA,NA,NA,NA,NA,NA,NA,NA,Y,4,0,1,2,A,-,09,21804,A,N,D,C,A,A,H,-,C,D,0,NA,NA,NA,NA,Y,NA,A,01,0,0,1,0,0,0,0,0,0,-,-,NA,NA,LOS ANGELES,WALNUT,-117.86538645,34.01899112
7135102,2015,2016-01-07,1942,2015-12-19,1255,34458,0192,6,5,7,1942,0,0,0,A,0,2TL15,18TH ST,HILL ST,0,NA,N,A,-,N,NA,NA,NA,NA,NA,NA,NA,NA,NA,Y,3,0,1,2,A,-,12,21453,A,N,D,C,A,A,H,-,A,A,0,NA,NA,NA,NA,Y,NA,D,22,0,1,0,0,0,0,0,0,0,-,-,NA,NA,LOS ANGELES,LOS ANGELES,-118.26571012,34.03327008
7135106,2015,2016-01-07,1942,2015-12-09,1500,35748,101,3,5,7,1942,0,0,0,J,0,1A1,SUNSET BL,ELYSIAN PARK AV,163,W,N,A,-,N,NA,NA,NA,NA,NA,NA,NA,NA,NA,N,3,0,1,2,A,-,07,21658,A,N,B,C,A,A,H,-,A,-,0,NA,NA,NA,NA,Y,NA,-,NA,0,1,0,0,0,0,0,0,0,-,-,NA,NA,LOS ANGELES,LOS ANGELES,NA,NA
7135110,2015,2016-01-07,1942,2015-12-17,1310,41075,0182,4,5,7,1942,0,0,0,A,0,1X11,OLYMPIC BL,FIGUEROA BL,0,NA,Y,A,-,N,NA,NA,NA,NA,NA,NA,NA,NA,NA,N,4,0,1,3,A,-,03,22350,NA,N,C,C,A,A,H,-,A,A,0,NA,NA,NA,NA,Y,Y,A,01,0,0,1,0,0,0,0,0,0,-,-,NA,NA,LOS ANGELES,LOS ANGELES,-118.26398007,34.04497003
7135122,2015,2016-02-23,1942,2015-12-19,0405,37540,0249,6,5,7,1942,0,0,0,B,0,11T32,LUCAS AV,3RD ST,0,NA,Y,A,-,N,NA,NA,NA,NA,NA,NA,NA,NA,NA,Y,4,0,3,2,A,-,12,21453,A,F,-,C,A,A,H,-,C,A,0,NA,NA,NA,NA,Y,NA,A,07,0,0,3,0,0,0,0,0,0,-,-,NA,NA,LOS ANGELES,LOS ANGELES,-118.26162012,34.05830007
7135130,2015,2016-01-07,1942,2015-12-18,1415,34426,0265,5,5,7,1942,0,0,0,B,0,2TL28,7TH ST,BONNIE BRAE AV,0,NA,Y,A,-,N,NA,NA,NA,NA,NA,NA,NA,NA,NA,N,4,0,3,2,D,-,00,NA,NA,N,D,C,A,A,H,-,A,A,0,NA,NA,NA,NA,Y,NA,-,-,0,0,3,0,0,0,0,0,0,-,-,NA,NA,LOS ANGELES,LOS ANGELES,-118.27457012,34.05545006
7135142,2015,2017-01-31,1942,2015-12-19,1640,34426,1177,6,5,7,1942,0,0,0,K,0,2TL28,AVENUE 26,FIGUEROA ST,145,S,N,C,-,Y,LA,7,110,-,-,26.03,R,4,S,NA,4,0,1,2,A,-,09,21802,A,F,D,C,A,B,H,-,B,A,0,NA,NA,NA,NA,Y,NA,-,99,0,0,1,0,0,0,0,0,0,-,-,NA,NA,LOS ANGELES,LOS ANGELES,-118.21986876,34.0845784
7135150,2015,2016-01-06,1942,2015-12-18,0720,36553,1435,5,5,7,1942,0,0,0,N,0,14TL49,PALMS BL,CENTINELA AV,0,NA,Y,A,-,N,NA,NA,NA,NA,NA,NA,NA,NA,NA,Y,4,0,1,2,A,-,12,21453,A,N,D,C,A,A,H,-,B,A,0,NA,NA,NA,NA,Y,NA,D,22,0,0,1,0,0,0,0,0,0,-,-,NA,NA,LOS ANGELES,LOS ANGELES,-118.43881001,34.01058007
7135158,2015,2016-01-06,1942,2015-12-22,0750,35279,0807,2,5,7,1942,0,0,0,H,0,20TL59,MULHOLLAND DR,NICADA DR,297,W,N,B,C,N,NA,NA,NA,NA,NA,NA,NA,NA,NA,Y,3,0,2,2,A,-,05,21460,A,N,A,C,A,A,H,-,A,D,0,NA,NA,NA,NA,Y,NA,D,22,0,1,1,0,0,0,0,0,0,-,-,NA,NA,LOS ANGELES,LOS ANGELES,-118.44949247,34.13203659
7135170,2015,2016-01-09,1942,2015-11-30,1700,37613,1434,1,5,7,1942,0,0,0,N,0,6TL2,PALMS BL,GREENWOOD AV,4,E,N,A,-,N,NA,NA,NA,NA,NA,NA,NA,NA,NA,N,2,0,1,2,A,-,10,21950,A,N,G,B,B,A,H,-,B,A,0,Y,NA,NA,NA,Y,NA,D,22,1,0,0,0,1,0,0,0,0,-,-,NA,NA,LOS ANGELES,LOS ANGELES,-118.44705194,34.00581868