CASE_ID,ACCIDENT_YEAR,PROC_DATE,JURIS,COLLISION_DATE,COLLISION_TIME,OFFICER_ID,REPORTING_DISTRICT,DAY_OF_WEEK,CHP_SHIFT,POPULATION,CNTY_CITY_LOC,SPECIAL_COND,BEAT_TYPE,CHP_BEAT_TYPE,CITY_DIVISION_LAPD,CHP_BEAT_CLASS,BEAT_NUMBER,PRIMARY_RD,SECONDARY_RD,DISTANCE,DIRECTION,INTERSECTION,WEATHER_1,WEATHER_2,STATE_HWY_IND,CALTRANS_COUNTY,CALTRANS_DISTRICT,STATE_ROUTE,ROUTE_SUFFIX,POSTMILE_PREFIX,POSTMILE,LOCATION_TYPE,RAMP_INTERSECTION,SIDE_OF_HWY,TOW_AWAY,COLLISION_SEVERITY,NUMBER_KILLED,NUMBER_INJURED,PARTY_COUNT,PRIMARY_COLL_FACTOR,PCF_CODE_OF_VIOL,PCF_VIOL_CATEGORY,PCF_VIOLATION,PCF_VIOL_SUBSECTION,HIT_AND_RUN,TYPE_OF_COLLISION,MVIW,PED_ACTION,ROAD_SURFACE,ROAD_COND_1,ROAD_COND_2,LIGHTING,CONTROL_DEVICE,CHP_ROAD_TYPE,PEDESTRIAN_ACCIDENT,BICYCLE_ACCIDENT,MOTORCYCLE_ACCIDENT,TRUCK_ACCIDENT,NOT_PRIVATE_PROPERTY,ALCOHOL_INVOLVED,STWD_VEHTYPE_AT_FAULT,CHP_VEHTYPE_AT_FAULT,COUNT_SEVERE_INJ,COUNT_VISIBLE_INJ,COUNT_COMPLAINT_PAIN,COUNT_PED_KILLED,COUNT_PED_INJURED,COUNT_BICYCLIST_KILLED,COUNT_BICYCLIST_INJURED,COUNT_MC_KILLED,COUNT_MC_INJURED,PRIMARY_RAMP,SECONDARY_RAMP,LATITUDE,LONGITUDE,COUNTY,CITY,POINT_X,POINT_Y
7140557,2015,2016-01-04,1906,2015-12-10,2002,4416,NA,4,5,5,1906,0,0,0,NA,0,003,VIRGINIA AV,WHITESELL ST,0,NA,Y,C,-,N,NA,NA,NA,NA,NA,NA,NA,NA,NA,N,4,0,1,2,A,-,03,22350,NA,N,A,C,A,B,-,-,-,-,0,NA,NA,NA,NA,Y,NA,A,01,0,0,1,0,0,0,0,0,0,-,-,34.06791,-117.97491,LOS ANGELES,BALDWIN PARK,-117.9748601,34.06789002
7140563,2015,2015-12-21,1900,2015-11-27,1915,536813,0613,5,5,6,1985,0,0,0,NA,0,63T1,SOLEDAD CANYON RD,SHANGRI LA DR,12,W,N,A,-,N,NA,NA,NA,NA,NA,NA,NA,NA,NA,N,3,0,1,2,A,-,11,21456,B,N,G,B,B,A,H,-,C,A,0,Y,NA,NA,NA,Y,NA,N,60,0,1,0,0,1,0,0,0,0,-,-,NA,NA,LOS ANGELES,SANTA CLARITA,-118.4586997,34.41607919
7140567,2015,2015-12-21,1900,2015-11-25,1920,542860,0629,3,5,6,1985,0,0,0,NA,0,64T1,LYONS AV,WILEY CANYON RD,30,W,N,A,-,N,NA,NA,NA,NA,NA,NA,NA,NA,NA,N,4,0,1,2,A,-,03,22350,NA,M,C,C,A,A,H,-,C,D,0,NA,NA,NA,NA,Y,NA,A,07,0,0,1,0,0,0,0,0,0,-,-,NA,NA,LOS ANGELES,SANTA CLARITA,-118.55848907,34.37880492
7140569,2015,2017-02-04,1900,2015-11-27,1725,295010,628,5,5,6,1985,0,0,0,NA,0,62T1PM,CALGROVE BL,RT 5,0,NA,Y,A,-,Y,LA,7,5,-,R,48.91,R,4,N,Y,4,0,2,2,A,-,09,21802,A,N,D,C,A,A,H,-,C,A,0,NA,NA,NA,NA,Y,NA,A,01,0,0,2,0,0,0,0,0,0,-,NF,NA,NA,LOS ANGELES,SANTA CLARITA,-118.55437817,34.36035371
7140570,2015,2015-12-21,1900,2015-11-21,1400,526024,2111,6,5,5,1943,0,0,0,NA,0,212T3,LONG BEACH BL,PLUMA AV,0,NA,Y,A,-,N,NA,NA,NA,NA,NA,NA,NA,NA,NA,N,4,0,3,3,A,-,09,21801,A,N,B,-,A,A,H,-,A,D,0,NA,NA,NA,NA,Y,NA,A,NA,0,0,3,0,0,0,0,0,0,-,-,NA,NA,LOS ANGELES,LYNWOOD,-118.21267008,33.93391002
7140571,2015,2015-12-21,1900,2015-11-24,2220,550491,0637,2,5,6,1985,0,0,0,NA,0,61T1,PLACERITA CANYON RD,RAVENHILL RD,162,E,N,B,-,N,NA,NA,NA,NA,NA,NA,NA,NA,NA,Y,2,0,1,1,A,-,01,23152,A,N,E,I,A,A,H,-,D,D,0,NA,NA,NA,NA,Y,Y,A,01,1,0,0,0,0,0,0,0,0,-,-,NA,NA,LOS ANGELES,SANTA CLARITA,-118.4169803,34.38112311
7140573,2015,2015-12-21,1900,2015-11-26,1005,450416,622,4,5,6,1985,0,0,0,NA,0,62T1,MCBEAN PKWY,ORCHARD VILLAGE RD,0,NA,Y,A,-,N,NA,NA,NA,NA,NA,NA,NA,NA,NA,N,4,0,2,2,A,-,12,21453,A,N,D,C,A,A,H,-,A,A,0,NA,NA,NA,NA,Y,NA,A,08,0,0,2,0,0,0,0,0,0,-,-,NA,NA,LOS ANGELES,SANTA CLARITA,-118.55313012,34.39618012
7140574,2015,2015-12-21,1906,2015-11-09,1048,4407,1906,1,5,5,1906,0,0,0,NA,0,003,RAMONA BL,CESAR CHAVEZ DR,0,NA,Y,B,-,N,NA,NA,NA,NA,NA,NA,NA,NA,NA,N,4,0,1,2,A,-,03,22350,NA,N,B,B,C,A,H,-,A,D,0,Y,NA,NA,NA,Y,NA,A,01,0,0,1,0,1,0,0,0,0,-,-,NA,NA,LOS ANGELES,BALDWIN PARK,-117.96236,34.08614
7140575,2015,2015-12-21,1900,2015-11-24,0412,550491,0641,2,5,6,1985,0,0,0,NA,0,61T1,BOUQUET CANYON RD,SUSAN BETH WY,540,E,N,A,-,N,NA,NA,NA,NA,NA,NA,NA,NA,NA,Y,2,0,2,1,A,-,08,22107,NA,N,E,I,A,A,H,-,C,D,0,NA,NA,NA,NA,Y,NA,A,01,1,1,0,0,0,0,0,0,0,-,-,NA,NA,LOS ANGELES,SANTA CLARITA,-118.50862521,34.44369096
7140577,2015,2015-12-21,1900,2015-11-24,1520,437700,612,2,5,6,1985,0,0,0,NA,0,61T1,WHITES CANYON RD,RANIER ST,0,NA,Y,B,-,N,NA,NA,NA,NA,NA,NA,NA,NA,NA,Y,4,0,1,2,A,-,09,21801,A,N,D,C,A,A,H,-,A,A,0,NA,NA,NA,NA,Y,NA,A,01,0,0,1,0,0,0,0,0,0,-,-,NA,NA,LOS ANGELES,SANTA CLARITA,-118.4702501,34.42596003
7140578,2015,2015-12-21,1976,2015-11-18,0753,749,NA,3,5,3,1964,0,0,0,NA,0,NA,ALONDRA BL,MARQUARDT AV,0,NA,Y,A,-,N,NA,NA,NA,NA,NA,NA,NA,NA,NA,N,4,0,2,2,A,-,09,21453,B,N,C,C,A,A,H,-,A,A,0,NA,NA,NA,NA,Y,NA,A,01,0,0,2,0,0,0,0,0,0,-,-,NA,NA,LOS ANGELES,SANTA FE SPRINGS,-118.03783005,33.88792008
7140579,2015,2015-12-21,1900,2015-11-21,1745,536813,0631,6,5,6,1985,0,0,0,NA,0,63T1,SIERRA HWY,LINDA VISTA ST,704,N,N,A,-,N,NA,NA,NA,NA,NA,NA,NA,NA,NA,Y,3,0,1,1,C,-,18,NA,NA,N,E,I,A,A,H,-,C,D,0,NA,NA,NA,NA,Y,NA,-,-,0,1,0,0,0,0,0,0,0,-,-,NA,NA,LOS ANGELES,SANTA CLARITA,-118.43601447,34.43427745
7140581,2015,2015-12-21,1900,2015-11-24,1500,480759,629,2,5,6,1985,0,0,0,NA,0,62T1,LYONS AV,WILEY CANYON RD,0,NA,Y,A,-,N,NA,NA,NA,NA,NA,NA,NA,NA,NA,Y,3,0,6,2,A,-,12,21453,A,N,D,C,A,A,H,-,A,A,0,NA,NA,NA,NA,Y,NA,A,01,0,1,5,0,0,0,0,0,0,-,-,NA,NA,LOS ANGELES,SANTA CLARITA,-118.55839007,34.37881008
7140582,2015,2015-12-21,1976,2015-11-19,1332,488,NA,4,5,3,1964,0,0,0,NA,0,NA,GREENLEAF AV,LOS NIETOS RD,0,NA,Y,A,-,N,NA,NA,NA,NA,NA,NA,NA,NA,NA,Y,3,0,1,2,A,-,09,21801,A,N,A,C,A,A,H,-,A,A,0,NA,NA,NA,NA,Y,NA,A,01,0,1,0,0,0,0,0,0,0,-,-,NA,NA,LOS ANGELES,SANTA FE SPRINGS,-118.05612012,33.94693004
7140583,2015,2015-12-21,1900,2015-11-19,1820,532237,0631,4,5,6,1985,0,0,0,NA,0,60T2,SIERRA HWY,SANDY DR,463,N,N,A,-,N,NA,NA,NA,NA,NA,NA,NA,NA,NA,N,2,0,1,3,A,-,11,21956,A,N,G,B,D,A,H,-,C,D,0,Y,NA,NA,NA,Y,NA,N,60,1,0,0,0,1,0,0,0,0,-,-,NA,NA,LOS ANGELES,SANTA CLARITA,-118.45715226,34.41333212
7140585,2015,2015-12-21,1900,2015-11-20,1530,480759,622,5,5,6,1985,0,0,0,NA,0,64T1,ALTA MADERA DR,RANCHO ADOBE RD,0,NA,Y,A,-,N,NA,NA,NA,NA,NA,NA,NA,NA,NA,N,4,0,1,2,A,-,10,21950,A,N,G,B,B,A,H,-,A,D,0,Y,NA,NA,NA,Y,NA,A,01,0,0,1,0,1,0,0,0,0,-,-,NA,NA,LOS ANGELES,SANTA CLARITA,-118.54891011,34.40078007
7140586,2015,2015-12-21,1976,2015-11-21,0106,331,1976,6,5,3,1964,0,0,0,NA,0,002,NORWALK BL,TELEGRAPH RD,0,NA,Y,A,-,N,NA,NA,NA,NA,NA,NA,NA,NA,NA,Y,3,0,3,2,A,-,12,21453,A,F,A,C,A,A,H,-,C,A,0,NA,NA,NA,NA,Y,NA,A,01,0,2,1,0,0,0,0,0,0,-,-,NA,NA,LOS ANGELES,SANTA FE SPRINGS,-118.07272012,33.94199006
7140587,2015,2015-12-21,1900,2015-11-19,1715,536813,0609,4,5,6,1985,0,0,0,NA,0,63T1,SOLEDAD CANYON RD,LANGSIDE AV,1003,E,N,A,-,N,NA,NA,NA,NA,NA,NA,NA,NA,NA,Y,4,0,4,3,A,-,03,22350,NA,N,C,C,A,A,H,-,C,D,0,NA,NA,NA,NA,Y,NA,A,01,0,0,4,0,0,0,0,0,0,-,-,NA,NA,LOS ANGELES,SANTA CLARITA,-118.48222013,34.41882566
7140589,2015,2015-12-21,1900,2015-11-23,0719,509580,631,1,5,6,1985,0,0,0,NA,0,69T1,SOLEDAD CANYON RD,IRONSTONE DR,0,NA,Y,A,-,N,NA,NA,NA,NA,NA,NA,NA,NA,NA,Y,4,0,1,1,A,-,08,22107,NA,N,F,A,A,A,H,-,A,D,0,NA,NA,Y,NA,Y,NA,C,02,0,0,1,0,0,0,0,0,1,-,-,NA,NA,LOS ANGELES,SANTA CLARITA,-118.44890007,34.41639002
7140590,2015,2015-12-21,1976,2015-11-25,1751,597,NA,3,5,3,1964,0,0,0,NA,0,003,LEFFINGWELL AV,ADLER DR,0,NA,Y,A,-,N,NA,NA,NA,NA,NA,NA,NA,NA,NA,Y,4,0,2,3,A,-,09,21801,A,N,D,C,A,A,H,-,C,D,0,NA,NA,NA,NA,Y,NA,A,01,0,0,2,0,0,0,0,0,0,-,-,NA,NA,LOS ANGELES,SANTA FE SPRINGS,-118.05056008,33.91440004
7140593,2015,2017-02-04,1900,2015-11-21,0830,450416,621,6,5,6,1985,0,0,0,NA,0,62T1,MAGIC MOUNTAIN PKWY,RT 5,0,NA,Y,A,-,Y,LA,7,5,-,R,53.402,R,4,N,Y,3,0,1,2,A,-,12,21453,A,N,D,C,A,A,H,-,A,A,0,NA,NA,Y,NA,Y,NA,A,01,0,1,0,0,0,0,0,0,1,-,NF,NA,NA,LOS ANGELES,SANTA CLARITA,-118.58210075,34.42113838
7140603,2015,2015-12-21,1900,2015-11-13,1700,526024,2115,5,5,5,1943,0,0,0,NA,0,212T3,MARTIN LUTHER KING JR BL,ATLANTIC AV,150,E,N,A,-,N,NA,NA,NA,NA,NA,NA,NA,NA,NA,N,4,0,1,4,A,-,09,21804,A,N,D,C,A,A,H,-,B,A,0,NA,NA,NA,NA,Y,NA,A,01,0,0,1,0,0,0,0,0,0,-,-,NA,NA,LOS ANGELES,LYNWOOD,-118.18705425,33.92103498
7140607,2015,2016-08-09,1900,2015-11-28,0755,529383,2116,6,5,5,1943,0,0,0,NA,0,212T4,LONG BEACH BL,MAGNOLIA AV,60,N,N,A,-,N,NA,NA,NA,NA,NA,NA,NA,NA,NA,Y,4,0,1,2,A,-,09,21804,A,N,D,C,A,A,H,-,A,A,0,NA,NA,NA,NA,Y,NA,A,01,0,0,1,0,0,0,0,0,0,-,-,NA,NA,LOS ANGELES,LYNWOOD,-118.20942992,33.91705433
7140611,2015,2015-12-21,1976,2015-11-16,1220,494,NA,1,5,3,1964,0,0,0,NA,0,NA,TELEGRAPH RD,SHOEMAKER AV,174,W,N,A,-,N,NA,NA,NA,NA,NA,NA,NA,NA,NA,Y,4,0,1,2,A,-,03,22350,NA,N,C,C,A,A,H,-,A,D,0,NA,NA,NA,NA,Y,NA,A,07,0,0,1,0,0,0,0,0,0,-,-,NA,NA,LOS ANGELES,SANTA FE SPRINGS,-118.05585243,33.9418
7140615,2015,2015-12-21,1976,2015-11-21,0252,890,NA,6,5,3,1964,0,0,0,NA,0,NA,FLORENCE AV,PIONEER BL,191,E,N,A,-,N,NA,NA,NA,NA,NA,NA,NA,NA,NA,Y,3,0,2,1,A,-,08,22107,NA,N,E,I,A,A,H,-,C,D,0,NA,NA,NA,NA,Y,NA,A,01,0,1,1,0,0,0,0,0,0,-,-,NA,NA,LOS ANGELES,SANTA FE SPRINGS,-118.08121174,33.93531478
7140619,2015,2015-12-21,1976,2015-11-29,0606,386,NA,7,5,3,1964,0,0,0,NA,0,003,ALONDRA BL,SHOEMAKER AV,512,E,N,A,-,N,NA,NA,NA,NA,NA,NA,NA,NA,NA,Y,3,0,1,1,A,-,08,22107,NA,N,E,I,A,A,H,-,A,D,0,NA,NA,NA,NA,Y,NA,A,07,0,1,0,0,0,0,0,0,0,-,-,NA,NA,LOS ANGELES,SANTA FE SPRINGS,-118.0536868,33.88786727
7140623,2015,2015-12-21,1976,2015-11-30,2023,495,NA,1,5,3,1964,0,0,0,NA,0,NA,TELEGRAPH RD,BARTLEY AV,63,W,N,A,-,N,NA,NA,NA,NA,NA,NA,NA,NA,NA,N,4,0,2,2,A,-,03,22350,NA,N,C,C,A,A,H,-,C,A,0,NA,NA,NA,NA,Y,NA,A,08,0,0,2,0,0,0,0,0,0,-,-,NA,NA,LOS ANGELES,SANTA FE SPRINGS,-118.09083516,33.94922765
7140676,2015,2015-12-28,1920,2015-11-18,1825,12323,NA,3,5,6,1920,0,0,0,NA,0,006,BROOKSHIRE AV,STEWART AND GRAY RD,20,S,N,A,-,N,NA,NA,NA,NA,NA,NA,NA,NA,NA,Y,3,0,2,2,A,-,09,21801,A,N,D,C,A,A,H,-,C,A,0,NA,NA,NA,NA,Y,NA,A,01,0,1,1,0,0,0,0,0,0,-,-,NA,NA,LOS ANGELES,DOWNEY,-118.13537472,33.93065342
7140680,2015,2015-12-28,1920,2015-11-20,1811,10216,NA,5,5,6,1920,0,0,0,NA,0,006,COLE ST,DOWNEY AV,35,E,N,A,-,N,NA,NA,NA,NA,NA,NA,NA,NA,NA,N,3,0,1,2,A,-,21,22106,NA,N,G,B,F,A,H,-,C,D,0,Y,NA,NA,NA,Y,Y,-,NA,0,1,0,0,1,0,0,0,0,-,-,NA,NA,LOS ANGELES,DOWNEY,-118.13937726,33.93100667
7140684,2015,2015-12-28,1920,2015-11-20,0807,12476,NA,5,5,6,1920,0,0,0,NA,0,004,TELEGRAPH RD,SONGFEST DR,0,NA,Y,A,-,N,NA,NA,NA,NA,NA,NA,NA,NA,NA,Y,4,0,1,2,A,-,09,21801,A,N,D,C,A,A,H,-,A,D,0,NA,NA,NA,NA,Y,NA,A,07,0,0,1,0,0,0,0,0,0,-,-,NA,NA,LOS ANGELES,DOWNEY,-118.09889005,33.95300007
7140692,2015,2017-01-28,1920,2015-11-21,0510,11992,NA,6,5,6,1920,0,0,0,NA,0,001,BELLFLOWER BL,RT 105,0,NA,Y,A,-,Y,LA,7,105,-,R,16.847,R,4,W,Y,4,0,1,2,D,-,00,NA,NA,M,D,C,A,A,H,-,C,A,0,NA,NA,NA,NA,Y,NA,-,-,0,0,1,0,0,0,0,0,0,-,-,NA,NA,LOS ANGELES,DOWNEY,-118.1217869,33.91356258
7140702,2015,2016-02-11,1948,2015-12-08,1738,398,1948,2,5,5,1948,0,0,0,NA,0,001,MONTEREY PASS RD,GARVEY AV,11,S,N,A,-,N,NA,NA,NA,NA,NA,NA,NA,NA,NA,N,3,0,1,2,A,-,03,22350,NA,N,C,C,A,A,H,-,A,A,0,NA,NA,NA,NA,Y,NA,A,01,0,1,0,0,0,0,0,0,0,-,-,NA,NA,LOS ANGELES,MONTEREY PARK,-118.14344,34.06035984
7140794,2015,2016-02-17,1900,2015-11-20,1531,480759,0621,5,5,6,1985,0,0,0,NA,0,64T1,MAGIC MOUNTAIN PKWY,MCBEAN PKWY,0,NA,Y,A,-,N,NA,NA,NA,NA,NA,NA,NA,NA,NA,Y,3,0,1,2,D,-,00,NA,NA,N,D,C,A,A,H,-,A,A,0,NA,NA,NA,NA,Y,NA,-,-,0,1,0,0,0,0,0,0,0,-,-,NA,NA,LOS ANGELES,SANTA CLARITA,-118.56287003,34.41988003
7140802,2015,2015-12-31,1900,2015-11-18,1645,196195,1418,3,5,1,1932,0,0,0,NA,0,141T5,ROWLAND AV,RADECKI CT,0,NA,Y,A,-,N,NA,NA,NA,NA,NA,NA,NA,NA,NA,Y,3,0,2,3,A,-,09,21802,A,N,D,C,A,A,H,-,A,D,0,NA,NA,NA,Y,Y,NA,A,01,0,1,1,0,0,0,0,0,0,-,-,34.00191,-117.91908,LOS ANGELES,INDUSTRY,-117.91828002,34.00157
7140810,2015,2016-01-04,1900,2015-11-20,1245,526352,1431,5,5,4,1937,0,0,0,NA,0,143T1,HACIENDA BL,LOUKELTON ST,75,S,N,A,-,N,NA,NA,NA,NA,NA,NA,NA,NA,NA,Y,4,0,1,2,D,-,00,NA,NA,N,B,C,A,A,H,-,A,A,0,NA,NA,NA,NA,Y,NA,-,-,0,0,1,0,0,0,0,0,0,-,-,NA,NA,LOS ANGELES,LA PUENTE,-117.95029563,34.03445792
7140811,2015,2015-12-28,1900,2015-11-11,0810,457374,1430,3,5,4,1937,0,0,0,NA,0,143TI,AMAR RD,PUENTE AV,176,E,N,A,-,N,NA,NA,NA,NA,NA,NA,NA,NA,NA,N,4,0,1,2,A,-,05,21650,NA,N,D,G,A,A,H,-,A,D,0,NA,Y,NA,NA,Y,NA,L,04,0,0,1,0,0,0,1,0,0,-,-,34.05422,-117.97741,LOS ANGELES,LA PUENTE,-117.97763645,34.05423023
7140812,2015,2016-02-09,1900,2015-12-01,0550,532237,0628,2,5,6,1985,0,0,0,NA,0,62T1,NEWHALL AV,VALLE DEL ORO,0,NA,Y,A,-,N,NA,NA,NA,NA,NA,NA,NA,NA,NA,Y,4,0,1,3,A,-,03,22350,NA,N,C,C,A,A,H,-,C,A,0,NA,NA,NA,NA,Y,NA,D,22,0,0,1,0,0,0,0,0,0,-,-,NA,NA,LOS ANGELES,SANTA CLARITA,-118.51474,34.37075009
7140814,2015,2015-12-23,1900,2015-12-02,0725,290645,1412,3,5,1,1932,0,0,0,NA,0,141T2,AMAR RD,BALDWIN PARK BL,277,E,N,A,-,N,NA,NA,NA,NA,NA,NA,NA,NA,NA,Y,4,0,1,4,A,-,03,22350,NA,N,C,C,A,A,H,-,A,A,0,NA,NA,NA,NA,Y,NA,D,22,0,0,1,0,0,0,0,0,0,-,-,NA,NA,LOS ANGELES,INDUSTRY,-117.98726814,34.06066488
7140816,2015,2015-12-28,1900,2015-11-29,1305,472724,0610,7,5,6,1985,0,0,0,NA,0,61T1,SOLEDAD CANYON RD,RAINBOW GLEN DR,653,E,N,A,-,N,NA,NA,NA,NA,NA,NA,NA,NA,NA,Y,4,0,1,3,A,-,07,21658,A,N,B,C,A,A,H,-,A,D,0,NA,NA,NA,NA,Y,NA,A,01,0,0,1,0,0,0,0,0,0,-,-,NA,NA,LOS ANGELES,SANTA CLARITA,-118.4881053,34.42150852
7140819,2015,2015-12-28,1900,2015-11-15,1840,531276,1434,7,5,4,1937,0,0,0,NA,0,143TI,BLUEBONNET ST,COMMON ST,59,W,N,A,-,N,NA,NA,NA,NA,NA,NA,NA,NA,NA,N,4,0,1,2,A,-,03,22350,NA,N,A,E,A,A,H,-,A,D,0,NA,NA,NA,NA,Y,NA,D,22,0,0,1,0,0,0,0,0,0,-,-,34.01808,-117.94616,LOS ANGELES,LA PUENTE,-117.94637884,34.01821313
7140830,2015,2015-12-24,1900,2015-12-04,1050,406363,1414,5,5,1,1932,0,0,0,NA,0,141T5,VALLEY BL,HACIENDA BL,40,E,N,A,-,N,NA,NA,NA,NA,NA,NA,NA,NA,NA,N,4,0,1,2,A,-,03,22350,NA,N,C,C,A,A,H,-,A,A,0,NA,NA,NA,NA,Y,NA,D,22,0,0,1,0,0,0,0,0,0,-,-,NA,NA,LOS ANGELES,INDUSTRY,-117.95813547,34.01973365
7140837,2015,2015-12-29,1923,2015-12-10,1411,467,315,4,5,3,1923,0,0,0,NA,0,3M3,EL SEGUNDO BL,AVIATION BL,3,W,N,B,-,N,NA,NA,NA,NA,NA,NA,NA,NA,NA,N,4,0,1,2,A,-,11,21950,B,N,G,B,B,A,H,-,A,A,0,Y,NA,NA,NA,Y,NA,N,60,0,0,1,0,1,0,0,0,0,-,-,NA,NA,LOS ANGELES,EL SEGUNDO,-118.37844987,33.91629
7140838,2015,2015-12-24,1900,2015-12-04,1420,531276,1434,5,5,4,1937,0,0,0,NA,0,143T1,TEMPLE AV,GLENDORA AV,0,NA,Y,A,-,N,NA,NA,NA,NA,NA,NA,NA,NA,NA,N,4,0,2,2,A,-,09,21801,A,M,A,C,A,A,G,-,A,A,0,NA,NA,NA,NA,Y,NA,A,01,0,0,2,0,0,0,0,0,0,-,-,34.02811,-117.9508,LOS ANGELES,LA PUENTE,-117.95080006,34.02808003
7140841,2015,2015-12-28,1947,2015-11-14,1350,1352,NA,6,5,5,1947,0,0,0,NA,0,00A,EAST VIA CAMPO BL,FINDLAY AV,0,NA,Y,A,-,N,NA,NA,NA,NA,NA,NA,NA,NA,NA,Y,4,0,4,2,A,-,08,22107,NA,N,B,C,A,A,H,-,A,A,0,NA,NA,NA,NA,Y,NA,A,01,0,0,4,0,0,0,0,0,0,-,-,NA,NA,LOS ANGELES,MONTEBELLO,-118.13796001,34.03266001
7140842,2015,2015-12-24,1900,2015-12-04,1826,478216,1418,5,5,1,1932,0,0,0,NA,0,141T6,VALLEY BL,LEMON AV,300,W,N,A,-,N,NA,NA,NA,NA,NA,NA,NA,NA,NA,NA,3,0,2,2,A,-,03,22350,NA,M,C,C,A,A,H,-,C,D,0,NA,NA,NA,NA,Y,NA,D,22,0,1,1,0,0,0,0,0,0,-,-,NA,NA,LOS ANGELES,INDUSTRY,-117.85970929,34.00931085
7140845,2015,2015-12-30,1947,2015-11-22,0615,1389,NA,7,5,5,1947,0,0,0,NA,0,00C,N LINCOLN AV,AVENIDA DE LA MERCED,3168,N,N,A,-,N,NA,NA,NA,NA,NA,NA,NA,NA,NA,Y,3,0,1,1,D,-,00,NA,NA,N,A,I,A,A,C,-,B,D,0,NA,NA,NA,NA,Y,NA,-,-,0,1,0,0,0,0,0,0,0,-,-,34.02257,-118.08796,LOS ANGELES,MONTEBELLO,-118.07901378,34.02626029
7140849,2015,2015-12-24,1947,2015-11-19,1708,1400,NA,4,5,5,1947,0,0,0,NA,0,00E,W WHITTIER BL,GARFIELD AV,0,NA,Y,A,-,N,NA,NA,NA,NA,NA,NA,NA,NA,NA,Y,4,0,1,2,A,-,09,21801,B,N,A,C,A,A,H,-,C,A,0,NA,NA,NA,NA,Y,NA,D,22,0,0,1,0,0,0,0,0,0,-,-,NA,NA,LOS ANGELES,MONTEBELLO,-118.13003005,34.01460001
7140850,2015,2015-12-24,1900,2015-12-15,0720,413816,1415,2,5,1,1932,0,0,0,NA,0,141T3D,GALE AV,BIXBY DR,0,NA,Y,A,-,N,NA,NA,NA,NA,NA,NA,NA,NA,NA,Y,4,0,2,2,A,-,09,21801,A,N,D,C,A,A,H,-,A,A,0,NA,NA,NA,NA,Y,NA,A,01,0,0,2,0,0,0,0,0,0,-,-,34.00468,-117.94461,LOS ANGELES,INDUSTRY,-117.9446001,34.00471002
7140851,2015,2015-12-23,1900,2015-12-02,1740,437700,0610,3,5,6,1985,0,0,0,NA,0,61T1,SOLEDAD CANYON RD,LANGSIDE AV,1046,E,N,A,-,N,NA,NA,NA,NA,NA,NA,NA,NA,NA,Y,4,0,1,3,A,-,03,22350,NA,N,C,C,A,A,H,-,C,D,0,NA,NA,NA,NA,Y,NA,A,08,0,0,1,0,0,0,0,0,0,-,-,NA,NA,LOS ANGELES,SANTA CLARITA,-118.48215451,34.41872101
7140853,2015,2015-12-24,1947,2015-11-25,1434,1393,NA,3,5,5,1947,0,0,0,NA,0,00E,WEST WASHINGTON BL,MAPLE AV,138,W,N,A,-,N,NA,NA,NA,NA,NA,NA,NA,NA,NA,N,4,0,2,2,A,-,09,21804,A,N,D,C,A,A,H,-,A,D,0,NA,NA,NA,NA,Y,NA,A,01,0,0,2,0,0,0,0,0,0,-,-,33.99694,-118.12372,LOS ANGELES,MONTEBELLO,-118.12412881,33.99709509
7140857,2015,2015-12-24,1947,2015-11-30,0913,1405,NA,1,5,5,1947,0,0,0,NA,0,00E,S MAPLE AV,TELEGRAPH RD,0,NA,Y,A,-,N,NA,NA,NA,NA,NA,NA,NA,NA,NA,Y,4,0,1,2,A,-,08,21460,5,N,A,C,A,A,H,-,A,D,0,NA,NA,Y,NA,Y,NA,C,02,0,0,1,0,0,0,0,0,1,-,-,NA,NA,LOS ANGELES,MONTEBELLO,-118.13189011,33.98328011
7140861,2015,2015-12-24,1947,2015-11-30,1109,1252,NA,1,5,5,1947,0,0,0,NA,0,00E,GREENWOOD AV,OLYMPIC BL,22,N,N,A,-,N,NA,NA,NA,NA,NA,NA,NA,NA,NA,NA,4,0,1,2,A,-,17,21663,NA,N,D,G,A,A,H,-,A,D,0,NA,Y,NA,NA,Y,NA,L,04,0,0,1,0,0,0,1,0,0,-,-,NA,NA,LOS ANGELES,MONTEBELLO,-118.112952,34.00728843
7140863,2015,2015-12-24,1900,2015-12-01,1530,437456,0642,2,5,6,1985,0,0,0,NA,0,60T2,MC BEAN PKWY,NORTHPARK DR,40,S,N,A,-,N,NA,NA,NA,NA,NA,NA,NA,NA,NA,N,4,0,1,2,A,-,04,21703,NA,N,C,C,A,A,H,-,A,D,0,NA,NA,NA,NA,Y,NA,A,01,0,0,1,0,0,0,0,0,0,-,-,NA,NA,LOS ANGELES,SANTA CLARITA,-118.5495275,34.45160102
7140869,2015,2016-08-05,1947,2015-11-20,1935,1403,NA,5,5,5,1947,0,0,0,NA,0,00D,S GREENWOOD AV,DATE ST,0,NA,Y,A,-,N,NA,NA,NA,NA,NA,NA,NA,NA,NA,Y,4,0,1,2,A,-,09,21801,A,N,D,C,A,A,H,-,C,A,0,NA,NA,NA,NA,Y,NA,D,22,0,0,1,0,0,0,0,0,0,-,-,NA,NA,LOS ANGELES,MONTEBELLO,-118.12175001,33.9910101
7140871,2015,2015-12-28,1900,2015-11-28,1812,532237,0609,6,5,6,1985,0,0,0,NA,0,6ITI,WHITES CANYON RD,DELIGHT ST,0,NA,Y,A,-,N,NA,NA,NA,NA,NA,NA,NA,NA,NA,Y,4,0,1,2,A,-,09,21802,A,N,D,C,A,A,H,-,C,A,0,NA,NA,NA,NA,Y,NA,A,07,0,0,1,0,0,0,0,0,0,-,-,NA,NA,LOS ANGELES,SANTA CLARITA,-118.4720601,34.42370007