CASE_ID,ACCIDENT_YEAR,PROC_DATE,JURIS,COLLISION_DATE,COLLISION_TIME,OFFICER_ID,REPORTING_DISTRICT,DAY_OF_WEEK,CHP_SHIFT,POPULATION,CNTY_CITY_LOC,SPECIAL_COND,BEAT_TYPE,CHP_BEAT_TYPE,CITY_DIVISION_LAPD,CHP_BEAT_CLASS,BEAT_NUMBER,PRIMARY_RD,SECONDARY_RD,DISTANCE,DIRECTION,INTERSECTION,WEATHER_1,WEATHER_2,STATE_HWY_IND,CALTRANS_COUNTY,CALTRANS_DISTRICT,STATE_ROUTE,ROUTE_SUFFIX,POSTMILE_PREFIX,POSTMILE,LOCATION_TYPE,RAMP_INTERSECTION,SIDE_OF_HWY,TOW_AWAY,COLLISION_SEVERITY,NUMBER_KILLED,NUMBER_INJURED,PARTY_COUNT,PRIMARY_COLL_FACTOR,PCF_CODE_OF_VIOL,PCF_VIOL_CATEGORY,PCF_VIOLATION,PCF_VIOL_SUBSECTION,HIT_AND_RUN,TYPE_OF_COLLISION,MVIW,PED_ACTION,ROAD_SURFACE,ROAD_COND_1,ROAD_COND_2,LIGHTING,CONTROL_DEVICE,CHP_ROAD_TYPE,PEDESTRIAN_ACCIDENT,BICYCLE_ACCIDENT,MOTORCYCLE_ACCIDENT,TRUCK_ACCIDENT,NOT_PRIVATE_PROPERTY,ALCOHOL_INVOLVED,STWD_VEHTYPE_AT_FAULT,CHP_VEHTYPE_AT_FAULT,COUNT_SEVERE_INJ,COUNT_VISIBLE_INJ,COUNT_COMPLAINT_PAIN,COUNT_PED_KILLED,COUNT_PED_INJURED,COUNT_BICYCLIST_KILLED,COUNT_BICYCLIST_INJURED,COUNT_MC_KILLED,COUNT_MC_INJURED,PRIMARY_RAMP,SECONDARY_RAMP,LATITUDE,LONGITUDE,COUNTY,CITY,POINT_X,POINT_Y
7141787,2015,2015-12-30,1962,2015-12-16,1757,132,1962,3,5,4,1962,0,0,0,NA,0,024,BROADWAY,PINE ST,0,NA,Y,A,-,N,NA,NA,NA,NA,NA,NA,NA,NA,NA,Y,4,0,2,2,A,-,09,21802,A,N,D,C,A,A,H,-,C,D,0,NA,NA,NA,NA,Y,NA,A,01,0,0,2,0,0,0,0,0,0,-,-,NA,NA,LOS ANGELES,SAN GABRIEL,-118.09220001,34.09904006
7141788,2015,2016-01-05,1941,2015-12-05,2315,10539,NA,6,5,7,1941,0,0,0,NA,0,NA,ATLANTIC AV,ADAMS ST,167,S,N,A,-,N,NA,NA,NA,NA,NA,NA,NA,NA,NA,Y,2,0,4,2,A,-,03,22350,NA,N,C,C,A,A,H,-,C,D,0,NA,NA,NA,NA,Y,NA,A,NA,1,0,3,0,0,0,0,0,0,-,-,NA,NA,LOS ANGELES,LONG BEACH,-118.18580262,33.86937556
7141790,2015,2015-12-30,1953,2015-12-11,1525,0311,1953,5,5,6,1953,0,0,0,NA,0,003,ORANGE GROVE BL,CRAIG AV,0,NA,Y,A,-,N,NA,NA,NA,NA,NA,NA,NA,NA,NA,Y,4,0,1,2,A,-,09,21801,A,N,D,C,A,A,H,-,A,B,0,NA,NA,NA,NA,Y,NA,A,01,0,0,1,0,0,0,0,0,0,-,-,NA,NA,LOS ANGELES,PASADENA,-118.10628011,34.15825008
7141792,2015,2016-01-05,1941,2015-12-12,2323,10553,NA,6,5,7,1941,0,0,0,NA,0,NA,REDONDO AV,11TH ST,220,N,N,A,-,N,NA,NA,NA,NA,NA,NA,NA,NA,NA,N,4,0,1,2,A,-,00,21050,A,N,G,B,C,A,H,-,E,A,0,Y,NA,NA,NA,Y,NA,A,NA,0,0,1,0,1,0,0,0,0,-,-,NA,NA,LOS ANGELES,LONG BEACH,-118.15243,33.78137329
7141793,2015,2015-12-30,1942,2015-12-04,1520,39096,0937,5,5,7,1942,0,0,0,I,0,10TL34,VICTORY BL,COLBATH AV,0,NA,Y,A,-,N,NA,NA,NA,NA,NA,NA,NA,NA,NA,Y,3,0,2,2,A,-,09,21801,A,N,D,C,A,A,H,-,A,D,0,NA,NA,NA,NA,Y,NA,A,01,0,1,1,0,0,0,0,0,0,-,-,NA,NA,LOS ANGELES,LOS ANGELES,-118.43670013,34.18667002
7141794,2015,2015-12-30,1953,2015-12-10,0810,4980,1953,4,5,6,1953,0,0,0,NA,0,005,FAIR OAKS AV,UNION ST,0,NA,Y,A,-,N,NA,NA,NA,NA,NA,NA,NA,NA,NA,Y,4,0,1,2,A,-,03,22350,NA,N,C,C,A,A,H,-,A,A,0,NA,NA,NA,NA,Y,NA,A,07,0,0,1,0,0,0,0,0,0,-,-,NA,NA,LOS ANGELES,PASADENA,-118.15050008,34.14675002
7141796,2015,2016-01-05,1941,2015-12-13,2352,10564,NA,7,5,7,1941,0,0,0,NA,0,NA,2ND ST,NAPLES PL,15,W,N,A,-,N,NA,NA,NA,NA,NA,NA,NA,NA,NA,Y,3,0,1,1,A,-,03,22350,NA,N,F,A,A,B,H,-,C,D,0,NA,NA,Y,NA,Y,NA,C,NA,0,1,0,0,0,0,0,0,1,-,-,NA,NA,LOS ANGELES,LONG BEACH,-118.1201882,33.75643843
7141797,2015,2016-01-05,1942,2015-12-05,1630,42088,0914,6,5,7,1942,0,0,0,I,0,10A39,VAN NUYS BL,HARTLAND ST,0,NA,Y,A,-,N,NA,NA,NA,NA,NA,NA,NA,NA,NA,N,4,0,2,2,A,-,12,21453,A,N,D,C,A,A,H,-,A,A,0,NA,NA,NA,NA,Y,NA,A,08,0,0,2,0,0,0,0,0,0,-,-,NA,NA,LOS ANGELES,LOS ANGELES,-118.44875006,34.19514003
7141798,2015,2015-12-30,1953,2015-12-07,1022,15016919,1953,1,5,6,1953,0,0,0,NA,0,001,DEL MAR BL,OAK KNOLL AV,0,NA,Y,A,-,N,NA,NA,NA,NA,NA,NA,NA,NA,NA,N,3,0,1,2,A,-,10,21950,A,N,A,B,B,A,H,-,A,A,0,Y,NA,NA,NA,Y,NA,A,01,0,1,0,0,1,0,0,0,0,-,-,NA,NA,LOS ANGELES,PASADENA,-118.13518009,34.14040001
7141800,2015,2016-01-05,1941,2015-12-13,1332,10024,NA,7,5,7,1941,0,0,0,NA,0,NA,STEARNS ST,EUCLID AV,120,W,N,A,-,N,NA,NA,NA,NA,NA,NA,NA,NA,NA,Y,3,0,1,2,A,-,09,21804,A,N,D,C,A,A,H,-,A,D,0,NA,NA,NA,NA,Y,NA,A,NA,0,1,0,0,0,0,0,0,0,-,-,NA,NA,LOS ANGELES,LONG BEACH,-118.14870414,33.7961
7141801,2015,2015-12-30,1942,2015-12-05,1758,37118,0964,6,5,7,1942,0,0,0,I,0,9X84,MOORPARK ST,VENTURA CYN,0,NA,Y,A,-,N,NA,NA,NA,NA,NA,NA,NA,NA,NA,N,4,0,1,2,A,-,09,21801,A,N,D,C,A,A,H,-,C,A,0,NA,NA,NA,NA,Y,NA,A,01,0,0,1,0,0,0,0,0,0,-,-,NA,NA,LOS ANGELES,LOS ANGELES,-118.42962,34.15036006
7141805,2015,2015-12-30,1942,2015-12-05,0915,38980,0935,6,5,7,1942,0,0,0,I,0,10TL37,VAN NUYS BL,FRIAR ST,0,NA,Y,A,-,N,NA,NA,NA,NA,NA,NA,NA,NA,NA,Y,4,0,1,2,A,-,12,21453,A,N,D,C,A,A,H,-,A,A,0,NA,NA,NA,NA,Y,NA,A,01,0,0,1,0,0,0,0,0,0,-,-,NA,NA,LOS ANGELES,LOS ANGELES,-118.44873006,34.18568005
7141807,2015,2015-12-30,1941,2015-12-11,1057,10764,NA,5,5,7,1941,0,0,0,NA,0,NA,JUNIPERO AV,14TH ST,96,S,N,A,-,N,NA,NA,NA,NA,NA,NA,NA,NA,NA,N,2,0,1,2,D,-,00,NA,NA,N,G,B,F,A,H,-,A,D,0,Y,NA,NA,NA,Y,NA,-,-,1,0,0,0,1,0,0,0,0,-,-,NA,NA,LOS ANGELES,LONG BEACH,-118.16335,33.78415674
7141809,2015,2015-12-30,1942,2015-12-06,1235,37080,0932,7,5,7,1942,0,0,0,I,0,19TL76,KESTER AV,VICTORY BL,0,NA,Y,A,-,N,NA,NA,NA,NA,NA,NA,NA,NA,NA,Y,3,0,3,2,A,-,12,21453,A,N,D,C,A,A,H,-,A,A,0,NA,NA,NA,NA,Y,NA,A,01,0,1,2,0,0,0,0,0,0,-,-,NA,NA,LOS ANGELES,LOS ANGELES,-118.45745,34.18666011
7141813,2015,2016-01-05,1942,2015-12-05,1005,38273,0938,6,5,7,1942,0,0,0,I,0,21TL67,FULTON AV,VICTORY BL,0,NA,Y,A,-,N,NA,NA,NA,NA,NA,NA,NA,NA,NA,Y,4,0,7,4,A,-,12,21453,A,N,D,C,A,A,H,-,A,A,0,NA,NA,NA,NA,Y,NA,A,07,0,0,7,0,0,0,0,0,0,-,-,NA,NA,LOS ANGELES,LOS ANGELES,-118.42250008,34.18668008
7141814,2015,2015-12-30,1942,2015-12-20,2015,36336,1613,7,5,7,1942,0,0,0,P,0,15T45,VAN NUYS BL,BORDEN AV,0,NA,Y,A,-,N,NA,NA,NA,NA,NA,NA,NA,NA,NA,Y,2,0,4,2,A,-,12,21453,A,F,D,C,A,A,H,-,C,A,0,NA,NA,NA,NA,Y,NA,A,01,1,2,1,0,0,0,0,0,0,-,-,NA,NA,LOS ANGELES,LOS ANGELES,-118.40842002,34.2760801
7141817,2015,2015-12-30,1942,2015-12-08,1300,36755,1037,2,5,7,1942,0,0,0,J,0,10TL38,VICTORY BL,LOUISE AV,0,NA,Y,A,-,N,NA,NA,NA,NA,NA,NA,NA,NA,NA,N,4,0,1,3,A,-,07,21658,A,F,B,C,A,A,H,-,A,A,0,NA,NA,NA,NA,Y,NA,-,99,0,0,1,0,0,0,0,0,0,-,-,NA,NA,LOS ANGELES,LOS ANGELES,-118.51006006,34.18682006
7141818,2015,2016-06-13,1942,2015-12-19,0235,41775,0933,6,5,7,1942,0,0,0,I,0,9A89,VAN NUYS BL,SYLVAN ST,0,NA,Y,A,-,N,NA,NA,NA,NA,NA,NA,NA,NA,NA,Y,4,0,1,2,A,-,12,21453,A,F,A,C,A,A,H,-,C,A,0,NA,NA,NA,NA,Y,NA,A,01,0,0,1,0,0,0,0,0,0,-,-,NA,NA,LOS ANGELES,LOS ANGELES,-118.44876,34.18464009
7141821,2015,2015-12-30,1941,2015-12-09,1821,5754,NA,3,5,7,1941,0,0,0,NA,0,NA,ATLANTIC AV,21ST ST,0,NA,Y,A,-,N,NA,NA,NA,NA,NA,NA,NA,NA,NA,Y,4,0,1,2,A,-,03,22350,NA,N,C,C,A,A,H,-,C,D,0,NA,NA,NA,NA,Y,NA,A,NA,0,0,1,0,0,0,0,0,0,-,-,NA,NA,LOS ANGELES,LONG BEACH,-118.18503006,33.79530004
7141822,2015,2015-12-30,1942,2015-12-10,2130,35592,1747,4,5,7,1942,0,0,0,Q,0,17A81,CHATSWORTH ST,HAYVENHURST AV,0,NA,Y,B,-,N,NA,NA,NA,NA,NA,NA,NA,NA,NA,N,4,0,1,2,A,-,12,21453,A,M,D,C,A,B,H,-,C,A,0,NA,NA,NA,NA,Y,NA,-,99,0,0,1,0,0,0,0,0,0,-,-,NA,NA,LOS ANGELES,LOS ANGELES,-118.49351002,34.26471004
7141825,2015,2016-01-05,1941,2015-12-13,0922,10795,NA,7,5,7,1941,0,0,0,NA,0,NA,GUNDRY AV,14TH ST,0,NA,Y,A,-,N,NA,NA,NA,NA,NA,NA,NA,NA,NA,Y,4,0,3,2,D,-,00,NA,NA,N,A,C,A,A,H,-,A,A,0,NA,NA,NA,NA,Y,NA,-,-,0,0,3,0,0,0,0,0,0,-,-,NA,NA,LOS ANGELES,LONG BEACH,-118.17418008,33.78443004
7141826,2015,2016-01-05,1942,2015-12-10,2045,38734,1764,4,5,7,1942,0,0,0,Q,0,17X82,MELVIN,PRAIRIE,0,NA,Y,A,-,N,NA,NA,NA,NA,NA,NA,NA,NA,NA,N,4,0,1,2,A,-,21,22106,NA,F,G,B,E,B,H,-,C,A,0,Y,NA,NA,NA,Y,Y,-,99,0,0,1,0,1,0,0,0,0,-,-,NA,NA,LOS ANGELES,LOS ANGELES,-118.56011004,34.23912004
7141827,2015,2015-12-30,1942,2015-12-03,1740,38471,0941,4,5,7,1942,0,0,0,I,0,9TL54,SEPULVEDA BL,HATTERAS ST,80,S,N,A,-,N,NA,NA,NA,NA,NA,NA,NA,NA,NA,Y,4,0,1,3,A,-,08,22107,NA,N,D,C,A,A,H,-,C,A,0,NA,NA,NA,NA,Y,Y,A,07,0,0,1,0,0,0,0,0,0,-,-,NA,NA,LOS ANGELES,LOS ANGELES,-118.46616,34.17551056
7141829,2015,2015-12-30,1941,2015-12-12,2228,10328,NA,6,5,7,1941,0,0,0,NA,0,NA,DAISY AV,W 20TH ST,0,NA,Y,A,-,N,NA,NA,NA,NA,NA,NA,NA,NA,NA,N,4,0,1,2,A,-,10,21950,A,N,G,B,D,A,H,-,C,D,0,Y,NA,NA,NA,Y,NA,A,NA,0,0,1,0,1,0,0,0,0,-,-,NA,NA,LOS ANGELES,LONG BEACH,-118.19955001,33.79349005
7141830,2015,2015-12-30,1942,2015-12-02,0735,39643,1749,3,5,7,1942,0,0,0,Q,0,17A49,SAN JOSE ST,MONTGOMERY AV,0,NA,Y,A,-,N,NA,NA,NA,NA,NA,NA,NA,NA,NA,NA,4,0,1,2,A,-,00,23123,A,F,A,B,B,A,-,-,A,D,0,Y,NA,NA,NA,Y,Y,-,99,0,0,1,0,1,0,0,0,0,-,-,NA,NA,LOS ANGELES,LOS ANGELES,-118.48163006,34.26100012
7141831,2015,2015-12-30,1942,2015-12-04,1730,40193,0931,5,5,7,1942,0,0,0,I,0,17TL14,SEPULVEDA BL,ERWIN ST,140,S,N,A,-,N,NA,NA,NA,NA,NA,NA,NA,NA,NA,Y,4,0,1,2,A,-,09,21804,A,N,D,C,A,A,H,-,C,D,0,NA,NA,NA,NA,Y,NA,A,01,0,0,1,0,0,0,0,0,0,-,-,NA,NA,LOS ANGELES,LOS ANGELES,-118.46618183,34.18263604
7141833,2015,2016-01-05,1941,2015-12-11,2236,10639,NA,5,5,7,1941,0,0,0,NA,0,NA,WARDLOW RD,CHERRY AV,20,E,N,A,-,N,NA,NA,NA,NA,NA,NA,NA,NA,NA,Y,4,0,2,2,A,-,08,22107,NA,N,D,C,A,A,H,-,C,-,0,NA,NA,NA,NA,Y,NA,A,NA,0,0,2,0,0,0,0,0,0,-,-,NA,NA,LOS ANGELES,LONG BEACH,-118.16757432,33.81892168
7141834,2015,2016-01-05,1942,2015-12-19,1515,34561,2145,6,5,7,1942,0,0,0,NA,0,35790,TOPANGA CANYON BL,KITTRIDGE ST,0,NA,Y,C,-,N,NA,NA,NA,NA,NA,NA,NA,NA,NA,N,4,0,1,2,D,-,00,NA,NA,F,D,C,A,B,H,-,A,A,0,NA,NA,NA,Y,Y,NA,-,-,0,0,1,0,0,0,0,0,0,-,-,NA,NA,LOS ANGELES,LOS ANGELES,-118.60590003,34.19113007
7141835,2015,2015-12-30,1942,2015-12-08,1615,40165,0998,2,5,7,1942,0,0,0,I,0,15TL42,VENTURA BL,COLDWATER CYN AV,95,W,N,A,-,N,NA,NA,NA,NA,NA,NA,NA,NA,NA,N,4,0,4,5,A,-,21,22106,NA,N,C,C,A,A,H,-,B,D,0,NA,NA,NA,NA,Y,NA,A,01,0,0,4,0,0,0,0,0,0,-,-,NA,NA,LOS ANGELES,LOS ANGELES,-118.41402728,34.14518122
7141837,2015,2015-12-30,1941,2015-12-13,1602,10763,NA,7,5,7,1941,0,0,0,NA,0,NA,REDONDO AV,8TH ST,0,NA,Y,B,-,N,NA,NA,NA,NA,NA,NA,NA,NA,NA,Y,3,0,2,2,A,-,01,23153,A,N,D,C,A,A,H,-,A,A,0,NA,NA,NA,NA,Y,Y,-,-,0,2,0,0,0,0,0,0,0,-,-,NA,NA,LOS ANGELES,LONG BEACH,-118.15242001,33.77714009
7141839,2015,2015-12-30,1942,2015-12-05,2210,36336,0941,6,5,7,1942,0,0,0,I,0,15T45,BURBANK BL,WILLIS AV,18,E,N,A,-,N,NA,NA,NA,NA,NA,NA,NA,NA,NA,Y,4,0,2,1,A,-,08,22107,NA,N,E,I,A,A,H,-,C,D,0,NA,NA,NA,NA,Y,NA,A,01,0,0,2,0,0,0,0,0,0,-,-,NA,NA,LOS ANGELES,LOS ANGELES,-118.4552106,34.1721
7141845,2015,2015-12-30,1942,2015-12-20,1935,36733,1718,7,5,7,1942,0,0,0,Q,0,17T17,HASKELL AV,INDEX ST,350,N,N,A,-,N,NA,NA,NA,NA,NA,NA,NA,NA,NA,Y,3,0,2,2,A,-,08,22103,NA,N,D,C,A,A,H,-,C,D,0,NA,NA,NA,NA,Y,Y,A,07,0,1,1,0,0,0,0,0,0,-,-,NA,NA,LOS ANGELES,LOS ANGELES,-118.47593,34.27640004
7141847,2015,2016-06-01,1942,2015-12-19,1305,38996,0926,6,5,7,1942,0,0,0,I,0,16TL28,VICTORY BL,SYLMAR AV,0,NA,Y,A,-,N,NA,NA,NA,NA,NA,NA,NA,NA,NA,N,4,0,1,2,A,-,12,21453,A,F,A,C,A,A,H,-,A,A,0,NA,NA,NA,NA,Y,NA,-,99,0,0,1,0,0,0,0,0,0,-,-,NA,NA,LOS ANGELES,LOS ANGELES,-118.44653008,34.18667009
7141849,2015,2015-12-30,1942,2015-12-19,2350,38354,1037,6,5,7,1942,0,0,0,J,0,9T53,LOUISE AV,VICTORY BL,68,S,N,A,-,N,NA,NA,NA,NA,NA,NA,NA,NA,NA,Y,3,0,2,1,A,-,03,22350,NA,F,F,I,A,A,H,-,C,A,0,NA,NA,NA,NA,Y,NA,A,01,0,2,0,0,0,0,0,0,0,-,-,NA,NA,LOS ANGELES,LOS ANGELES,-118.51006,34.18682
7141852,2015,2015-12-31,1941,2015-12-11,1925,10542,NA,5,5,7,1941,0,0,0,NA,0,NA,56TH ST,WALNUT AV,150,W,N,A,-,N,NA,NA,NA,NA,NA,NA,NA,NA,NA,N,3,0,1,2,A,-,11,21950,B,N,G,B,D,A,H,-,C,D,0,Y,NA,NA,NA,Y,NA,N,NA,0,1,0,0,1,0,0,0,0,-,-,NA,NA,LOS ANGELES,LONG BEACH,-118.17398305,33.85763871
7141853,2015,2015-12-30,1942,2015-12-19,2100,39943,LOSAN,6,5,7,1942,0,0,0,NA,0,1525,VICTORY BL,GENTRY AV,200,E,N,A,-,N,NA,NA,NA,NA,NA,NA,NA,NA,NA,Y,4,0,4,2,A,-,01,23152,A,N,A,C,A,B,-,-,C,D,0,NA,NA,NA,NA,Y,Y,A,01,0,0,4,0,0,0,0,0,0,-,-,NA,NA,LOS ANGELES,LOS ANGELES,-118.39259016,34.186675
7141857,2015,2015-12-30,1942,2015-12-21,1920,39971,NA,1,5,7,1942,0,0,0,NA,0,1934,W BRAND BL,SEPULVEDA BL,313,E,N,A,-,N,NA,NA,NA,NA,NA,NA,NA,NA,NA,Y,4,0,1,2,A,-,01,23152,A,F,A,E,A,A,H,-,C,A,0,NA,NA,NA,NA,Y,Y,A,01,0,0,1,0,0,0,0,0,0,-,-,NA,NA,LOS ANGELES,LOS ANGELES,-118.46608272,34.26946353
7141861,2015,2015-12-30,1942,2015-12-21,2250,40383,0911,1,5,7,1942,0,0,0,I,0,17T17,VANOWEN ST,N SEPULVEDA BL,40,E,N,A,-,N,NA,NA,NA,NA,NA,NA,NA,NA,NA,Y,4,0,2,2,A,-,01,23152,A,F,C,C,A,B,H,-,C,A,0,NA,NA,NA,NA,Y,Y,A,01,0,0,2,0,0,0,0,0,0,-,-,NA,NA,LOS ANGELES,LOS ANGELES,-118.46604796,34.19392
7141870,2015,2015-12-30,1900,2015-12-20,1415,524692,2917,7,5,4,1974,0,0,0,NA,0,291K2,AMAR RD,FRANCESCA DR,581,W,N,A,-,N,NA,NA,NA,NA,NA,NA,NA,NA,NA,Y,4,0,1,2,A,-,09,21804,A,N,D,C,A,A,H,-,A,D,0,NA,NA,NA,NA,Y,NA,A,01,0,0,1,0,0,0,0,0,0,-,-,NA,NA,LOS ANGELES,WALNUT,-117.8937078,34.02800131
7141871,2015,2015-12-31,1926,2015-12-13,1718,0620,NA,7,5,5,1926,0,0,0,NA,0,003,FOOTHILL BL,GALANTO AV,21,E,N,B,-,N,NA,NA,NA,NA,NA,NA,NA,NA,NA,Y,2,0,1,2,A,-,01,23152,A,N,C,C,A,A,H,-,C,D,0,NA,NA,Y,NA,Y,Y,A,07,1,0,0,0,0,0,0,0,1,-,-,NA,NA,LOS ANGELES,GLENDORA,-117.88464077,34.13599
7141875,2015,2015-12-31,1962,2015-12-16,1850,084,1962,3,5,4,1962,0,0,0,NA,0,025,VALLEY BL,WALNUT ST,119,E,N,A,-,N,NA,NA,NA,NA,NA,NA,NA,NA,NA,Y,4,0,1,2,A,-,07,21658,A,N,B,C,A,A,H,-,C,D,0,NA,NA,Y,NA,Y,NA,A,08,0,0,1,0,0,0,0,0,0,-,-,NA,NA,LOS ANGELES,SAN GABRIEL,-118.09427831000001,34.07999567
7141883,2015,2017-02-04,1942,2015-12-13,1620,37080,0914,7,5,7,1942,0,0,0,I,0,19T76,KESTER AV,SHERMAN WY,50,N,N,B,-,N,NA,NA,NA,NA,NA,NA,NA,NA,NA,Y,4,0,1,2,A,-,21,22106,NA,F,D,C,A,B,H,-,A,D,0,NA,NA,NA,NA,Y,NA,-,99,0,0,1,0,0,0,0,0,0,-,-,NA,NA,LOS ANGELES,LOS ANGELES,-118.45745,34.20127686
7141884,2015,2016-01-04,1900,2015-10-27,1640,524706,0334,2,5,4,1939,0,0,0,NA,0,35B,HAWTHORNE BL,MANHATTAN BEACH BL,5,S,N,A,-,N,NA,NA,NA,NA,NA,NA,NA,NA,NA,N,4,0,1,2,A,-,05,21650,1,N,H,G,A,A,H,-,A,D,0,NA,Y,NA,NA,Y,NA,L,04,0,0,1,0,0,0,1,0,0,-,-,NA,NA,LOS ANGELES,LAWNDALE,-118.35273,33.88742629
7141886,2015,2015-12-30,1953,2015-12-15,0245,4777,1953,2,5,6,1953,0,0,0,NA,0,001,OAK KNOLL AV,ELLIOTT DR,250,N,N,A,-,N,NA,NA,NA,NA,NA,NA,NA,NA,NA,Y,3,0,2,1,A,-,03,22350,NA,N,F,I,A,A,H,-,C,D,0,NA,NA,NA,NA,Y,NA,A,01,0,2,0,0,0,0,0,0,0,-,-,NA,NA,LOS ANGELES,PASADENA,-118.13566035,34.12595905
7141887,2015,2015-12-31,1942,2015-12-14,1500,37304,1757,1,5,7,1942,0,0,0,Q,0,9TL53,ODESSA AV,DEVONSHIRE ST,6,S,N,A,G,N,NA,NA,NA,NA,NA,NA,NA,NA,NA,N,3,0,1,2,A,-,08,22107,NA,F,G,B,F,A,H,-,A,D,0,Y,NA,NA,NA,Y,NA,-,99,0,1,0,0,1,0,0,0,0,-,-,NA,NA,LOS ANGELES,LOS ANGELES,-118.49138034,34.25743354
7141890,2014,2015-12-30,1953,2014-12-13,1915,2038,1953,6,5,6,1953,0,0,0,NA,0,003,CATALINA AV,CLAREMONT ST,2,N,N,C,-,N,NA,NA,NA,NA,NA,NA,NA,NA,NA,N,3,0,1,2,A,-,08,22107,NA,N,G,B,B,B,H,-,D,A,0,Y,NA,NA,NA,Y,NA,A,01,0,1,0,0,1,0,0,0,0,-,-,NA,NA,LOS ANGELES,PASADENA,-118.12957008,34.16693548
7141891,2015,2015-12-31,1942,2015-12-17,0800,31931,2149,4,5,7,1942,0,0,0,NA,0,35M54,CORBIN AV,HART ST,35,S,N,A,-,N,NA,NA,NA,NA,NA,NA,NA,NA,NA,N,4,0,1,2,A,-,03,22350,NA,F,C,C,A,A,H,-,A,A,0,NA,NA,NA,NA,Y,NA,-,99,0,0,1,0,0,0,0,0,0,-,-,NA,NA,LOS ANGELES,LOS ANGELES,-118.56223055,34.19734399
7141894,2015,2015-12-30,1953,2015-12-12,2119,3135,1953,6,5,6,1953,0,0,0,NA,0,002,FAIR OAKS AV,CEDAR ST,50,S,N,A,-,N,NA,NA,NA,NA,NA,NA,NA,NA,NA,Y,3,0,3,1,A,-,03,22350,NA,N,F,A,A,A,H,-,C,D,0,NA,NA,NA,NA,Y,NA,A,07,0,3,0,0,0,0,0,0,0,-,-,NA,NA,LOS ANGELES,PASADENA,-118.15069859,34.1704829
7141898,2015,2015-12-30,1953,2015-12-09,0748,7724,LACOU,3,5,6,1953,0,0,0,NA,0,001,MARENGO AV,DEL MAR BL,100,S,N,A,-,N,NA,NA,NA,NA,NA,NA,NA,NA,NA,Y,4,0,1,3,A,-,03,22350,NA,N,C,C,A,A,H,-,A,A,0,NA,NA,NA,NA,Y,NA,A,01,0,0,1,0,0,0,0,0,0,-,-,NA,NA,LOS ANGELES,PASADENA,-118.14588,34.14017579
7141901,2015,2015-12-30,1942,2015-12-04,1620,26319,0937,5,5,7,1942,0,0,0,I,0,19TL74,VICTORY BL,MATILIJA AV,120,W,N,A,-,N,NA,NA,NA,NA,NA,NA,NA,NA,NA,N,4,0,2,3,A,-,07,21658,A,N,B,C,A,A,H,-,A,A,0,NA,NA,NA,NA,Y,NA,A,01,0,0,2,0,0,0,0,0,0,-,-,NA,NA,LOS ANGELES,LOS ANGELES,-118.43385607,34.18667
7141902,2015,2015-12-30,1926,2015-12-12,1823,3836,NA,6,5,5,1926,0,0,0,NA,0,004,SUNFLOWER,GLADSTONE,106,S,N,A,-,N,NA,NA,NA,NA,NA,NA,NA,NA,NA,N,3,0,1,2,A,-,03,22350,NA,N,C,C,A,A,H,-,C,A,0,NA,NA,NA,NA,Y,NA,A,01,0,1,0,0,0,0,0,0,0,-,-,NA,NA,LOS ANGELES,GLENDORA,-117.84637,34.11363943
7141905,2015,2015-12-30,1942,2015-12-08,1800,33289,0939,2,5,7,1942,0,0,0,I,0,19X8,VICTORY BL,COLDWATER CYN,150,W,N,A,-,N,NA,NA,NA,NA,NA,NA,NA,NA,NA,N,2,0,1,2,A,-,10,21952,NA,N,G,B,D,A,-,-,C,D,0,Y,NA,NA,NA,Y,NA,A,01,1,0,0,0,1,0,0,0,0,-,-,NA,NA,LOS ANGELES,LOS ANGELES,-118.41430508,34.18668
7141917,2015,2015-12-30,1962,2015-12-20,0121,126,1962,7,5,4,1962,0,0,0,NA,0,025,SAXON AV,DENTON AV,6,E,N,B,-,N,NA,NA,NA,NA,NA,NA,NA,NA,NA,Y,4,0,1,1,A,-,03,22350,NA,N,A,I,A,B,H,-,C,D,0,NA,NA,NA,NA,Y,NA,A,01,0,0,1,0,0,0,0,0,0,-,-,NA,NA,LOS ANGELES,SAN GABRIEL,-118.09579023,34.07299015
7141919,2015,2015-12-31,1942,2015-12-19,2010,34599,1788,6,5,7,1942,0,0,0,Q,0,16T23,PARTHENIA ST,BALBOA BL,75,W,N,A,-,N,NA,NA,NA,NA,NA,NA,NA,NA,NA,N,4,0,1,2,A,-,03,22350,NA,F,C,C,A,A,H,-,C,A,0,NA,NA,NA,NA,Y,NA,-,99,0,0,1,0,0,0,0,0,0,-,-,NA,NA,LOS ANGELES,LOS ANGELES,-118.50282762,34.22851459
7141921,2015,2016-01-04,1942,2015-11-26,1015,38676,0919,4,5,7,1942,0,0,0,I,0,15A21,SHERMAN WY,ALLOTT,0,NA,N,A,-,N,NA,NA,NA,NA,NA,NA,NA,NA,NA,Y,4,0,2,2,A,-,09,21801,A,N,D,C,A,A,H,-,A,A,0,NA,NA,NA,NA,Y,NA,A,01,0,0,2,0,0,0,0,0,0,-,-,NA,NA,LOS ANGELES,LOS ANGELES,-118.42807001,34.20119002
7141922,2015,2016-01-04,1900,2015-11-22,1832,515395,0332,7,5,4,1939,0,0,0,NA,0,35T1,HAWTHORNE BL,156TH ST,8,S,N,A,-,N,NA,NA,NA,NA,NA,NA,NA,NA,NA,N,2,0,1,2,A,-,09,21802,A,N,H,G,A,A,H,-,C,A,0,NA,Y,NA,NA,Y,Y,L,04,1,0,0,0,0,0,1,0,0,-,-,NA,NA,LOS ANGELES,LAWNDALE,-118.35273985,33.88962806