CASE_ID,ACCIDENT_YEAR,PROC_DATE,JURIS,COLLISION_DATE,COLLISION_TIME,OFFICER_ID,REPORTING_DISTRICT,DAY_OF_WEEK,CHP_SHIFT,POPULATION,CNTY_CITY_LOC,SPECIAL_COND,BEAT_TYPE,CHP_BEAT_TYPE,CITY_DIVISION_LAPD,CHP_BEAT_CLASS,BEAT_NUMBER,PRIMARY_RD,SECONDARY_RD,DISTANCE,DIRECTION,INTERSECTION,WEATHER_1,WEATHER_2,STATE_HWY_IND,CALTRANS_COUNTY,CALTRANS_DISTRICT,STATE_ROUTE,ROUTE_SUFFIX,POSTMILE_PREFIX,POSTMILE,LOCATION_TYPE,RAMP_INTERSECTION,SIDE_OF_HWY,TOW_AWAY,COLLISION_SEVERITY,NUMBER_KILLED,NUMBER_INJURED,PARTY_COUNT,PRIMARY_COLL_FACTOR,PCF_CODE_OF_VIOL,PCF_VIOL_CATEGORY,PCF_VIOLATION,PCF_VIOL_SUBSECTION,HIT_AND_RUN,TYPE_OF_COLLISION,MVIW,PED_ACTION,ROAD_SURFACE,ROAD_COND_1,ROAD_COND_2,LIGHTING,CONTROL_DEVICE,CHP_ROAD_TYPE,PEDESTRIAN_ACCIDENT,BICYCLE_ACCIDENT,MOTORCYCLE_ACCIDENT,TRUCK_ACCIDENT,NOT_PRIVATE_PROPERTY,ALCOHOL_INVOLVED,STWD_VEHTYPE_AT_FAULT,CHP_VEHTYPE_AT_FAULT,COUNT_SEVERE_INJ,COUNT_VISIBLE_INJ,COUNT_COMPLAINT_PAIN,COUNT_PED_KILLED,COUNT_PED_INJURED,COUNT_BICYCLIST_KILLED,COUNT_BICYCLIST_INJURED,COUNT_MC_KILLED,COUNT_MC_INJURED,PRIMARY_RAMP,SECONDARY_RAMP,LATITUDE,LONGITUDE,COUNTY,CITY,POINT_X,POINT_Y
7141930,2015,2016-01-04,1953,2015-11-16,1247,1187,1953,1,5,6,1953,0,0,0,NA,0,005,FAIR OAKS AV,UNION ST,5,S,N,A,-,N,NA,NA,NA,NA,NA,NA,NA,NA,NA,N,3,0,1,2,A,-,00,21760,C,N,B,G,A,A,H,-,A,A,0,NA,Y,NA,NA,Y,NA,A,01,0,1,0,0,0,0,1,0,0,-,-,NA,NA,LOS ANGELES,PASADENA,-118.15049946,34.1467363
7141938,2015,2017-02-01,1941,2015-10-28,2214,6066,NA,3,5,7,1941,0,0,0,NA,0,NA,PACIFIC COAST HWY,MOLINO AV,74,W,N,A,-,Y,LA,7,1,-,-,4.65,H,-,N,N,4,0,1,2,A,-,09,21801,A,N,D,C,A,A,H,-,C,A,0,NA,NA,NA,NA,Y,NA,A,NA,0,0,1,0,0,0,0,0,0,-,-,NA,NA,LOS ANGELES,LONG BEACH,-118.16128515,33.78991724
7141953,2015,2016-01-04,1941,2015-11-02,1752,10009,NA,1,5,7,1941,0,0,0,NA,0,NA,4TH ST,TILE,36,W,N,A,-,N,NA,NA,NA,NA,NA,NA,NA,NA,NA,N,3,0,1,2,A,-,11,21954,A,N,G,B,D,A,H,-,C,D,0,Y,NA,NA,NA,Y,NA,N,NA,0,1,0,0,1,0,0,0,0,-,-,NA,NA,LOS ANGELES,LONG BEACH,-118.17429797,33.77171632
7141967,2015,2016-02-20,1941,2015-12-12,1409,10135,NA,6,5,7,1941,0,0,0,NA,0,NA,3RD ST,BONITO AV,0,NA,Y,A,-,N,NA,NA,NA,NA,NA,NA,NA,NA,NA,Y,4,0,2,2,A,-,09,21802,A,N,D,C,A,A,H,-,A,D,0,NA,NA,NA,NA,Y,NA,A,NA,0,0,2,0,0,0,0,0,0,-,-,NA,NA,LOS ANGELES,LONG BEACH,-118.18010006,33.77065006
7141971,2015,2016-02-20,1941,2015-12-12,1731,6245,NA,6,5,7,1941,0,0,0,NA,0,NA,ATLANTIC BL,52ND ST,0,NA,Y,A,-,N,NA,NA,NA,NA,NA,NA,NA,NA,NA,Y,4,0,1,2,A,-,09,21801,A,N,D,C,A,A,H,-,C,A,0,NA,NA,NA,NA,Y,NA,A,NA,0,0,1,0,0,0,0,0,0,-,-,NA,NA,LOS ANGELES,LONG BEACH,-118.1849701,33.8504901
7141978,2015,2016-01-04,1900,2015-10-22,0940,517806,0334,4,5,4,1939,0,0,0,NA,0,35T1,HAWTHORNE BL,MANHATTAN BEACH BL,0,NA,Y,A,-,N,NA,NA,NA,NA,NA,NA,NA,NA,NA,Y,4,0,1,2,A,-,04,21703,NA,N,C,C,A,A,H,-,A,A,0,NA,NA,NA,NA,Y,NA,A,01,0,0,1,0,0,0,0,0,0,-,-,NA,NA,LOS ANGELES,LAWNDALE,-118.35273001,33.8874401
7141986,2015,2016-01-04,1941,2015-10-29,2037,6066,NA,4,5,7,1941,0,0,0,NA,0,NA,CHERRY AV,N 15TH ST,279,N,N,A,-,N,NA,NA,NA,NA,NA,NA,NA,NA,NA,Y,2,0,1,2,D,-,00,NA,NA,N,D,C,A,-,H,-,C,D,0,NA,NA,Y,NA,Y,NA,-,-,1,0,0,0,0,0,0,0,1,-,-,NA,NA,LOS ANGELES,LONG BEACH,-118.167661,33.78699
7141989,2015,2016-08-03,1900,2015-11-15,0335,527068,0331,7,5,4,1939,0,0,0,NA,0,35T1,HAWTHORNE BL,149TH ST,14,N,N,A,-,N,NA,NA,NA,NA,NA,NA,NA,NA,NA,Y,4,0,1,2,A,-,09,21802,A,N,B,C,A,A,H,-,C,D,0,NA,NA,NA,NA,Y,NA,A,01,0,0,1,0,0,0,0,0,0,-,-,NA,NA,LOS ANGELES,LAWNDALE,-118.35274,33.8964584
7141993,2015,2016-01-04,1900,2015-10-23,1500,525107,0332,5,5,4,1939,0,0,0,NA,0,035,INGLEWOOD AV,MARINE AV,100,N,N,A,-,N,NA,NA,NA,NA,NA,NA,NA,NA,NA,N,4,0,1,2,A,-,04,21703,NA,F,C,C,A,A,-,-,A,A,0,NA,NA,NA,NA,Y,NA,-,99,0,0,1,0,0,0,0,0,0,-,-,NA,NA,LOS ANGELES,LAWNDALE,-118.36131,33.89491428
7141997,2015,2016-01-04,1900,2015-11-20,1920,530056,0334,5,5,4,1939,0,0,0,NA,0,35T1,MANHATTAN BEACH BL,PRAIRIE AV,325,W,N,A,-,N,NA,NA,NA,NA,NA,NA,NA,NA,NA,Y,3,0,2,2,A,-,03,22350,NA,N,C,C,A,A,H,-,C,D,0,NA,NA,NA,NA,Y,NA,A,01,0,1,1,0,0,0,0,0,0,-,-,NA,NA,LOS ANGELES,LAWNDALE,-118.34489032,33.88733
7142126,2015,2016-08-03,1941,2015-12-09,0558,10154,NA,3,5,7,1941,0,0,0,NA,0,NA,7TH ST,WALNUT,12,E,N,A,-,N,NA,NA,NA,NA,NA,NA,NA,NA,NA,N,4,0,1,2,A,-,10,21950,A,N,G,B,B,-,H,-,B,A,0,Y,NA,NA,NA,Y,NA,A,NA,0,0,1,0,1,0,0,0,0,-,-,NA,NA,LOS ANGELES,LONG BEACH,-118.17199059,33.77535
7142128,2015,2015-12-28,1941,2015-12-08,2033,5520,NA,2,5,7,1941,0,0,0,NA,0,NA,LONG BEACH BL,25TH,120,S,N,A,-,N,NA,NA,NA,NA,NA,NA,NA,NA,NA,Y,3,0,1,2,A,-,03,22350,NA,N,C,E,A,A,H,-,C,D,0,NA,NA,Y,NA,Y,NA,C,NA,0,1,0,0,0,0,0,0,1,-,-,NA,NA,LOS ANGELES,LONG BEACH,-118.18947362,33.80224093
7142129,2015,2015-12-28,1941,2015-12-06,1444,10782,NA,7,5,7,1941,0,0,0,NA,0,NA,CHESTNUT,4TH ST,0,NA,Y,A,-,N,NA,NA,NA,NA,NA,NA,NA,NA,NA,N,3,0,1,2,D,-,00,NA,NA,N,D,G,A,A,H,-,A,A,0,NA,Y,NA,NA,Y,NA,-,-,0,1,0,0,0,0,1,0,0,-,-,NA,NA,LOS ANGELES,LONG BEACH,-118.19633001,33.77173002
7142130,2015,2015-12-28,1941,2015-12-06,1534,10772,NA,7,5,7,1941,0,0,0,NA,0,NA,17TH ST,GARDENIA AV,44,W,N,A,-,N,NA,NA,NA,NA,NA,NA,NA,NA,NA,N,3,0,1,3,D,-,00,NA,NA,N,B,B,E,A,H,-,A,D,0,Y,NA,NA,NA,Y,NA,-,-,0,1,0,0,1,0,0,0,0,-,-,NA,NA,LOS ANGELES,LONG BEACH,-118.16891451,33.78809
7142131,2015,2015-12-29,1941,2015-12-04,1219,5839,NA,5,5,7,1941,0,0,0,NA,0,NA,LONG BEACH BL,8TH ST,0,NA,Y,A,-,N,NA,NA,NA,NA,NA,NA,NA,NA,NA,Y,4,0,1,2,A,-,12,21453,A,N,D,C,A,A,H,-,A,A,0,NA,NA,NA,NA,Y,NA,A,NA,0,0,1,0,0,0,0,0,0,-,-,NA,NA,LOS ANGELES,LONG BEACH,-118.18949,33.77655012
7142132,2015,2015-12-29,1941,2015-12-06,0338,10546,NA,7,5,7,1941,0,0,0,NA,0,NA,OCEAN BL,ALAMITOS AV,111,E,N,A,-,N,NA,NA,NA,NA,NA,NA,NA,NA,NA,Y,2,0,1,1,A,-,07,21658,A,N,E,I,A,A,H,-,B,A,0,NA,NA,NA,NA,Y,NA,A,NA,1,0,0,0,0,0,0,0,0,-,-,NA,NA,LOS ANGELES,LONG BEACH,-118.18274991,33.7664145
7142133,2015,2015-12-29,1941,2015-12-09,1334,5375,NA,3,5,7,1941,0,0,0,NA,0,NA,MAGNOLIA AV,31ST ST,47,S,N,A,-,N,NA,NA,NA,NA,NA,NA,NA,NA,NA,Y,4,0,1,2,A,-,07,21658,A,N,C,E,A,A,H,-,A,D,0,NA,NA,NA,NA,Y,NA,A,NA,0,0,1,0,0,0,0,0,0,-,-,NA,NA,LOS ANGELES,LONG BEACH,-118.19813,33.81332111
7142134,2015,2015-12-29,1941,2015-12-09,1721,5384,NA,3,5,7,1941,0,0,0,NA,0,NA,ATLANTIC AV,11TH ST,0,NA,Y,A,-,N,NA,NA,NA,NA,NA,NA,NA,NA,NA,N,4,0,1,2,A,-,10,21950,A,N,G,B,B,A,H,-,C,A,0,Y,NA,NA,NA,Y,NA,A,NA,0,0,1,0,1,0,0,0,0,-,-,NA,NA,LOS ANGELES,LONG BEACH,-118.18505003,33.78093005
7142135,2015,2015-12-29,1941,2015-12-09,1346,6196,NA,3,5,7,1941,0,0,0,NA,0,NA,3RD ST,ORANGE AV,0,NA,Y,A,-,N,NA,NA,NA,NA,NA,NA,NA,NA,NA,Y,4,0,1,2,A,-,12,21453,A,N,D,C,A,A,H,-,A,A,0,NA,NA,NA,NA,Y,NA,A,NA,0,0,1,0,0,0,0,0,0,-,-,NA,NA,LOS ANGELES,LONG BEACH,-118.17652003,33.77016003
7142136,2015,2015-12-29,1941,2015-12-08,1446,5741,NA,2,5,7,1941,0,0,0,NA,0,NA,WILLOW,BALTIC,0,NA,Y,A,-,N,NA,NA,NA,NA,NA,NA,NA,NA,NA,Y,4,0,2,2,A,-,09,21804,A,N,D,C,A,A,H,-,A,D,0,NA,NA,NA,NA,Y,NA,A,NA,0,0,2,0,0,0,0,0,0,-,-,NA,NA,LOS ANGELES,LONG BEACH,-118.21329004,33.80439001
7142137,2015,2017-01-28,1941,2015-12-08,0805,5839,NA,2,5,7,1941,0,0,0,NA,0,NA,PACIFIC COAST HWY,CEDAR AV,0,W,N,A,-,Y,LA,7,1,-,-,6.62,H,-,S,N,4,0,1,2,A,-,03,22350,NA,F,C,C,A,A,H,-,A,A,0,NA,NA,NA,NA,Y,NA,A,NA,0,0,1,0,0,0,0,0,0,-,-,NA,NA,LOS ANGELES,LONG BEACH,-118.19549564,33.7898095
7142138,2015,2015-12-29,1941,2015-12-09,0650,3764,NA,3,5,7,1941,0,0,0,NA,0,NA,WILLOW ST,LONG BEACH BL,222,W,N,A,-,N,NA,NA,NA,NA,NA,NA,NA,NA,NA,N,4,0,1,2,A,-,10,21952,NA,F,G,B,F,A,H,-,A,D,0,Y,NA,NA,NA,Y,NA,A,NA,0,0,1,0,1,0,0,0,0,-,-,NA,NA,LOS ANGELES,LONG BEACH,-118.19018927,33.80444
7142154,2015,2015-12-29,1962,2015-12-13,0804,106,1962,7,5,4,1962,0,0,0,NA,0,025,SAN GABRIEL BL,DEWEY AV,58,S,N,A,-,N,NA,NA,NA,NA,NA,NA,NA,NA,NA,N,4,0,1,2,A,-,08,22107,NA,N,D,C,A,A,H,-,A,D,0,NA,NA,Y,NA,Y,NA,A,01,0,0,1,0,0,0,0,0,1,-,-,NA,NA,LOS ANGELES,SAN GABRIEL,-118.09073,34.07704096
7142155,2015,2015-12-29,1962,2015-12-10,1644,124,1962,4,5,4,1962,0,0,0,NA,0,024,SAN GABRIEL BL,LIVE OAK ST,0,NA,Y,A,-,N,NA,NA,NA,NA,NA,NA,NA,NA,NA,Y,4,0,3,2,A,-,09,21800,A,N,D,C,A,A,H,-,C,D,0,NA,NA,NA,NA,Y,NA,A,01,0,0,3,0,0,0,0,0,0,-,-,NA,NA,LOS ANGELES,SAN GABRIEL,-118.09100003,34.1016001
7142156,2015,2015-12-29,1956,2015-12-15,1927,1281,5,2,5,5,1956,0,0,0,NA,0,065,MANHATTAN BEACH BL,INGLEWOOD AV,280,W,N,A,-,N,NA,NA,NA,NA,NA,NA,NA,NA,NA,Y,4,0,1,2,A,-,09,21804,A,N,D,C,A,A,H,-,C,D,0,NA,NA,NA,NA,Y,NA,A,01,0,0,1,0,0,0,0,0,0,-,-,NA,NA,LOS ANGELES,REDONDO BEACH,-118.36226085,33.88743
7142157,2015,2015-12-29,1956,2015-12-12,2046,1242,20,6,5,5,1956,0,0,0,NA,0,002,CATALINA AV,DIAMOND ST,14,N,N,A,-,N,NA,NA,NA,NA,NA,NA,NA,NA,NA,N,4,0,1,2,A,-,11,21456,B,N,G,B,B,A,H,-,C,A,0,Y,NA,NA,NA,Y,NA,N,60,0,0,1,0,1,0,0,0,0,-,-,NA,NA,LOS ANGELES,REDONDO BEACH,-118.38932668,33.84343129
7142158,2015,2017-02-02,1956,2015-12-11,1550,1192,50,5,5,5,1956,0,0,0,NA,0,005,RT 107,180TH ST,0,NA,Y,A,-,Y,LA,7,107,-,-,4.32,I,5,S,Y,4,0,1,2,A,-,09,21801,A,N,D,C,A,A,H,-,A,D,0,NA,NA,NA,NA,Y,NA,A,01,0,0,1,0,0,0,0,0,0,-,-,NA,NA,LOS ANGELES,REDONDO BEACH,-118.35265819,33.86741692
7142159,2015,2015-12-29,1942,2015-12-09,1640,36083,0752,3,5,7,1942,0,0,0,G,0,14T52,OLYMPIC BL,ORLANDO AV,40,W,N,A,-,N,NA,NA,NA,NA,NA,NA,NA,NA,NA,N,4,0,1,2,A,-,07,21658,A,N,E,I,A,A,H,-,B,D,0,NA,NA,Y,NA,Y,NA,A,01,0,0,1,0,0,0,0,0,1,-,-,NA,NA,LOS ANGELES,LOS ANGELES,-118.37385052,34.05933535
7142191,2015,2015-12-28,1900,2015-12-03,1640,236790,1127,4,5,6,1992,0,0,0,NA,0,111T1,30TH ST W,AVENUE J-8,37,S,N,A,-,N,NA,NA,NA,NA,NA,NA,NA,NA,NA,Y,3,0,2,2,A,-,03,22350,NA,N,C,C,A,A,H,-,A,A,0,NA,NA,NA,NA,Y,NA,A,01,0,1,1,0,0,0,0,0,0,-,-,NA,NA,LOS ANGELES,LANCASTER,-118.18371,34.68203854
7142192,2015,2015-12-28,1900,2015-12-03,1455,236790,1126,4,5,6,1992,0,0,0,NA,0,111T1,AVENUE J,10TH ST W,470,W,N,A,-,N,NA,NA,NA,NA,NA,NA,NA,NA,NA,N,4,0,1,2,A,-,03,22350,NA,N,C,C,A,A,H,-,A,D,0,NA,NA,NA,NA,Y,NA,A,01,0,0,1,0,0,0,0,0,0,-,-,NA,NA,LOS ANGELES,LANCASTER,-118.14958006,34.68944
7142193,2015,2015-12-28,1900,2015-12-03,2020,236790,1127,4,5,6,1992,0,0,0,NA,0,111T1,AVENUE I,20TH ST W,0,NA,Y,A,-,N,NA,NA,NA,NA,NA,NA,NA,NA,NA,Y,2,0,1,2,A,-,01,23153,A,F,D,C,A,A,H,-,C,A,0,NA,NA,NA,NA,Y,Y,A,07,1,0,0,0,0,0,0,0,0,-,-,NA,NA,LOS ANGELES,LANCASTER,-118.16597001,34.70405
7142194,2015,2015-12-28,1900,2015-12-04,1430,550490,1182,5,5,6,1992,0,0,0,NA,0,111T1,40TH ST WEST,AVENUE L,0,NA,Y,A,-,N,NA,NA,NA,NA,NA,NA,NA,NA,NA,Y,4,0,1,2,A,-,09,21801,A,N,D,C,A,A,H,-,A,A,0,NA,NA,NA,NA,Y,NA,A,07,0,0,1,0,0,0,0,0,0,-,-,NA,NA,LOS ANGELES,LANCASTER,-118.20136004,34.66017001
7142195,2015,2015-12-28,1900,2015-12-15,1520,263565,1122,2,5,6,1992,0,0,0,NA,0,112T2,SIERRA HWY,NEWGROVE ST,225,S,N,B,-,N,NA,NA,NA,NA,NA,NA,NA,NA,NA,N,4,0,1,2,A,-,08,22107,NA,N,B,E,A,A,H,-,A,D,0,NA,NA,NA,NA,Y,NA,A,08,0,0,1,0,0,0,0,0,0,-,-,NA,NA,LOS ANGELES,LANCASTER,-118.1362666,34.69416791
7142196,2015,2015-12-28,1900,2015-12-14,1826,510509,1126,1,5,6,1992,0,0,0,NA,0,112T1,AVENUE J-8,15TH ST WEST,462,W,N,A,-,N,NA,NA,NA,NA,NA,NA,NA,NA,NA,Y,4,0,1,2,A,-,02,22400,A,N,D,C,A,A,H,-,C,D,0,NA,NA,NA,NA,Y,NA,A,07,0,0,1,0,0,0,0,0,0,-,-,NA,NA,LOS ANGELES,LANCASTER,-118.15836311,34.68219445
7142204,2015,2015-12-28,1942,2015-12-08,1720,39624,0721,2,5,7,1942,0,0,0,G,0,8TL35,HOLT AV,BURTON WY,139,N,N,A,-,N,NA,NA,NA,NA,NA,NA,NA,NA,NA,N,4,0,1,2,A,-,09,21804,A,N,D,C,A,A,H,-,C,D,0,NA,NA,NA,NA,Y,NA,A,07,0,0,1,0,0,0,0,0,0,-,-,NA,NA,LOS ANGELES,LOS ANGELES,-118.37848,34.07273125
7142205,2015,2015-12-28,1942,2015-12-08,1610,37715,0758,2,5,7,1942,0,0,0,G,0,6T2W4,OLYMPIC BL,RIMPAU BL,0,NA,Y,A,-,N,NA,NA,NA,NA,NA,NA,NA,NA,NA,Y,4,0,2,2,A,-,09,21801,A,N,A,C,A,A,H,-,A,A,0,NA,NA,NA,NA,Y,NA,A,01,0,0,2,0,0,0,0,0,0,-,-,NA,NA,LOS ANGELES,LOS ANGELES,-118.33373006,34.05690005
7142206,2015,2015-12-28,1942,2015-12-10,1245,37715,0727,4,5,7,1942,0,0,0,G,0,20T56W,BEVERLY BL,MANSFIELD AV,0,NA,Y,A,-,N,NA,NA,NA,NA,NA,NA,NA,NA,NA,Y,4,0,1,2,A,-,09,21802,A,N,D,C,A,A,H,-,A,A,0,NA,NA,NA,NA,Y,NA,A,01,0,0,1,0,0,0,0,0,0,-,-,NA,NA,LOS ANGELES,LOS ANGELES,-118.34080012,34.07617009
7142207,2015,2015-12-28,1942,2015-12-10,1340,31573,0788,4,5,7,1942,0,0,0,G,0,34MQ09,WASHINGTON BL,BRONSON AV,0,NA,Y,A,-,N,NA,NA,NA,NA,NA,NA,NA,NA,NA,N,4,0,1,2,A,-,09,21802,A,N,B,C,A,A,H,-,A,A,0,NA,NA,NA,NA,Y,NA,A,01,0,0,1,0,0,0,0,0,0,-,-,NA,NA,LOS ANGELES,LOS ANGELES,-118.32978009,34.0398701
7142210,2015,2015-12-28,1900,2015-12-08,1300,466734,0455,2,5,6,1949,0,0,0,NA,0,45T1D,ROSECRANS AV,ELMCROFT AV,0,NA,Y,A,-,N,NA,NA,NA,NA,NA,NA,NA,NA,NA,Y,3,0,2,2,A,-,09,21801,A,N,D,C,A,A,H,-,A,D,0,NA,NA,NA,NA,Y,NA,A,07,0,2,0,0,0,0,0,0,0,-,-,NA,NA,LOS ANGELES,NORWALK,-118.09569006,33.90229008
7142211,2015,2017-02-04,1900,2015-12-11,2210,489533,0454,5,5,6,1949,0,0,0,NA,0,45T1,ROSECRANS AV,RT 5,0,NA,Y,A,-,Y,LA,7,5,-,-,3.383,R,4,S,Y,4,0,1,2,A,-,12,21453,A,N,D,C,A,A,H,-,C,A,0,NA,NA,NA,NA,Y,NA,A,01,0,0,1,0,0,0,0,0,0,-,SF,NA,NA,LOS ANGELES,NORWALK,-118.06074138,33.90156359
7142212,2015,2015-12-28,1922,2015-12-08,0827,582,NA,2,5,6,1922,0,0,0,NA,0,003,TYLER,SCHMIDT,0,N,N,A,-,N,NA,NA,NA,NA,NA,NA,NA,NA,NA,Y,4,0,1,2,A,-,08,22107,NA,N,E,I,A,A,H,-,A,D,0,NA,NA,NA,NA,Y,NA,A,01,0,0,1,0,0,0,0,0,0,-,-,NA,NA,LOS ANGELES,EL MONTE,-118.03565008,34.05731001
7142213,2015,2015-12-28,1922,2015-12-09,1159,502,NA,3,5,6,1922,0,0,0,NA,0,004,MAGNOLIA,LEAFDALE,0,NA,Y,A,-,N,NA,NA,NA,NA,NA,NA,NA,NA,NA,N,4,0,1,2,A,-,10,21950,NA,F,G,B,B,A,H,-,A,D,0,Y,NA,NA,NA,Y,NA,A,01,0,0,1,0,1,0,0,0,0,-,-,NA,NA,LOS ANGELES,EL MONTE,-118.02001004,34.05810007
7142214,2015,2015-12-28,1922,2015-12-08,1411,513,NA,2,5,6,1922,0,0,0,NA,0,NA,DURFEE,EXLINE,450,N,N,A,-,N,NA,NA,NA,NA,NA,NA,NA,NA,NA,N,3,0,1,2,A,-,09,21804,A,N,B,G,A,A,H,-,A,D,0,NA,Y,NA,NA,Y,NA,L,04,0,1,0,0,0,0,1,0,0,-,-,NA,NA,LOS ANGELES,EL MONTE,-118.01036448,34.06590701
7142215,2015,2015-12-28,1922,2015-12-02,1558,651,39,3,5,6,1922,0,0,0,NA,0,002,COGSWELL RD,FERRIS RD,10,N,N,A,-,N,NA,NA,NA,NA,NA,NA,NA,NA,NA,N,4,0,1,2,A,-,21,22106,NA,N,D,G,A,A,H,-,A,D,0,NA,Y,NA,NA,Y,NA,A,07,0,0,1,0,0,0,1,0,0,-,-,NA,NA,LOS ANGELES,EL MONTE,-118.01548834,34.06976564
7142216,2015,2015-12-28,1922,2015-12-07,1640,576,NA,1,5,6,1922,0,0,0,NA,0,NA,TYLER AV,ELLIOTT AV,0,NA,Y,A,-,N,NA,NA,NA,NA,NA,NA,NA,NA,NA,N,4,0,1,2,D,-,00,NA,NA,N,D,C,A,A,H,-,A,A,0,NA,NA,NA,NA,Y,NA,-,-,0,0,1,0,0,0,0,0,0,-,-,NA,NA,LOS ANGELES,EL MONTE,-118.03563005,34.05859006
7142217,2015,2015-12-28,1922,2015-12-05,1256,598,NA,6,5,6,1922,0,0,0,NA,0,NA,PECK,WEAVER,0,NA,Y,A,-,N,NA,NA,NA,NA,NA,NA,NA,NA,NA,N,3,0,3,2,A,-,08,22107,NA,N,D,C,A,A,H,-,A,D,0,NA,NA,NA,NA,Y,NA,-,NA,0,2,1,0,0,0,0,0,0,-,-,NA,NA,LOS ANGELES,EL MONTE,-118.03063012,34.04999002
7142218,2015,2015-12-28,1926,2015-12-12,1319,5137,NA,6,5,5,1926,0,0,0,NA,0,002,GRAND AV,MAUNA LOA AV,239,S,N,A,-,N,NA,NA,NA,NA,NA,NA,NA,NA,NA,N,4,0,1,3,A,-,03,22350,NA,N,C,C,A,A,H,-,A,A,0,NA,NA,NA,NA,Y,NA,A,01,0,0,1,0,0,0,0,0,0,-,-,NA,NA,LOS ANGELES,GLENDORA,-117.87274,34.12443488
7142219,2015,2015-12-28,1926,2015-12-04,1336,3836,NA,5,5,5,1926,0,0,0,NA,0,003,CRESTGLEN RD,VISA BONITA,369,E,N,A,-,N,NA,NA,NA,NA,NA,NA,NA,NA,NA,N,2,0,1,1,A,-,03,22350,NA,N,H,A,A,A,H,-,A,D,0,NA,NA,Y,NA,Y,NA,C,02,1,0,0,0,0,0,0,0,1,-,-,NA,NA,LOS ANGELES,GLENDORA,-117.86291598,34.14912781
7142220,2015,2015-12-28,1926,2015-12-06,0314,0620,NA,7,5,5,1926,0,0,0,NA,0,003,AMELIA AV,COUNTRY CLUB DR,0,NA,Y,A,-,N,NA,NA,NA,NA,NA,NA,NA,NA,NA,Y,4,0,1,1,A,-,08,22107,NA,N,E,I,A,A,H,-,C,A,0,NA,NA,NA,NA,Y,Y,A,01,0,0,1,0,0,0,0,0,0,-,-,NA,NA,LOS ANGELES,GLENDORA,-117.82065007,34.13255006
7142286,2015,2015-12-29,1941,2015-12-02,1618,5615,NA,3,5,7,1941,0,0,0,NA,0,NA,LONG BEACH BL,ARTESIA BL,0,NA,Y,A,-,N,NA,NA,NA,NA,NA,NA,NA,NA,NA,N,4,0,1,2,A,-,11,21456,B,N,G,G,A,A,H,-,B,A,0,NA,Y,NA,NA,Y,NA,L,NA,0,0,1,0,0,0,1,0,0,-,-,NA,NA,LOS ANGELES,LONG BEACH,-118.20279011,33.87436003
7142287,2015,2016-01-05,1941,2015-12-03,0939,10785,NA,4,5,7,1941,0,0,0,NA,0,NA,7TH ST,OBISPO AV,0,NA,Y,A,-,N,NA,NA,NA,NA,NA,NA,NA,NA,NA,Y,3,0,1,3,A,-,04,21703,NA,N,C,C,A,A,H,-,A,A,0,NA,NA,NA,NA,Y,NA,-,-,0,1,0,0,0,0,0,0,0,-,-,NA,NA,LOS ANGELES,LONG BEACH,-118.15461012,33.7753501
7142288,2015,2015-12-29,1941,2015-12-03,1923,10120,NA,4,5,7,1941,0,0,0,NA,0,NA,ANAHEIM ST,CHESTNUT AV,210,W,N,A,-,N,NA,NA,NA,NA,NA,NA,NA,NA,NA,Y,4,0,1,2,A,-,09,21802,A,N,H,C,A,A,H,-,C,D,0,NA,NA,Y,NA,Y,Y,A,NA,0,0,1,0,0,0,0,0,1,-,-,NA,NA,LOS ANGELES,LONG BEACH,-118.19703968,33.7826
7142290,2015,2015-12-29,1941,2015-12-06,1204,10128,NA,7,5,7,1941,0,0,0,NA,0,NA,VICTORIA ST,LONG BEACH BL,0,NA,Y,A,-,N,NA,NA,NA,NA,NA,NA,NA,NA,NA,N,4,0,1,2,A,-,03,22350,NA,N,C,C,A,A,H,-,A,A,0,NA,NA,NA,NA,Y,Y,A,NA,0,0,1,0,0,0,0,0,0,-,-,NA,NA,LOS ANGELES,LONG BEACH,-118.19992013,33.86487008
7142291,2015,2015-12-29,1941,2015-12-01,1447,6291,NA,2,5,7,1941,0,0,0,NA,0,NA,W SHORELINE,W SHORELINE 30,0,NA,-,A,-,N,NA,NA,NA,NA,NA,NA,NA,NA,NA,N,2,0,1,2,A,-,07,21658,A,N,D,G,A,A,H,-,A,A,0,NA,Y,NA,NA,Y,NA,L,NA,1,0,0,0,0,0,1,0,0,-,-,NA,NA,LOS ANGELES,LONG BEACH,-118.193905,33.763396
7142292,2015,2016-08-03,1972,2015-12-08,1713,19999,NA,2,5,6,1972,0,0,0,NA,0,NA,CRENSHAW BL,ARTESIA BL,15,N,N,A,-,N,NA,NA,NA,NA,NA,NA,NA,NA,NA,N,4,0,1,2,A,-,03,22350,NA,N,C,C,A,A,H,-,C,A,0,NA,NA,NA,NA,Y,NA,A,NA,0,0,1,0,0,0,0,0,0,-,-,NA,NA,LOS ANGELES,TORRANCE,-118.32649,33.87296114
7142293,2015,2015-12-29,1972,2015-12-04,1511,17071,NA,5,5,6,1972,0,0,0,NA,0,NA,OCEAN AV,242ND ST,0,NA,Y,A,-,N,NA,NA,NA,NA,NA,NA,NA,NA,NA,N,3,0,1,2,A,-,09,21804,A,N,D,C,A,A,H,-,A,D,0,NA,Y,NA,NA,Y,NA,L,NA,0,1,0,0,0,0,1,0,0,-,-,NA,NA,LOS ANGELES,TORRANCE,-118.35448012,33.80445003
7142294,2015,2017-02-02,1972,2015-12-05,1420,17624,NA,6,5,6,1972,0,0,0,NA,0,NA,SEPULVEDA,WESTERN,20,W,N,A,-,Y,LA,7,213,-,-,6.996,I,6,S,N,4,0,1,2,A,-,21,22106,NA,N,C,C,A,A,H,-,A,A,0,NA,NA,NA,NA,Y,NA,A,NA,0,0,1,0,0,0,0,0,0,-,-,NA,NA,LOS ANGELES,TORRANCE,-118.30893813,33.81728025