CASE_ID,ACCIDENT_YEAR,PROC_DATE,JURIS,COLLISION_DATE,COLLISION_TIME,OFFICER_ID,REPORTING_DISTRICT,DAY_OF_WEEK,CHP_SHIFT,POPULATION,CNTY_CITY_LOC,SPECIAL_COND,BEAT_TYPE,CHP_BEAT_TYPE,CITY_DIVISION_LAPD,CHP_BEAT_CLASS,BEAT_NUMBER,PRIMARY_RD,SECONDARY_RD,DISTANCE,DIRECTION,INTERSECTION,WEATHER_1,WEATHER_2,STATE_HWY_IND,CALTRANS_COUNTY,CALTRANS_DISTRICT,STATE_ROUTE,ROUTE_SUFFIX,POSTMILE_PREFIX,POSTMILE,LOCATION_TYPE,RAMP_INTERSECTION,SIDE_OF_HWY,TOW_AWAY,COLLISION_SEVERITY,NUMBER_KILLED,NUMBER_INJURED,PARTY_COUNT,PRIMARY_COLL_FACTOR,PCF_CODE_OF_VIOL,PCF_VIOL_CATEGORY,PCF_VIOLATION,PCF_VIOL_SUBSECTION,HIT_AND_RUN,TYPE_OF_COLLISION,MVIW,PED_ACTION,ROAD_SURFACE,ROAD_COND_1,ROAD_COND_2,LIGHTING,CONTROL_DEVICE,CHP_ROAD_TYPE,PEDESTRIAN_ACCIDENT,BICYCLE_ACCIDENT,MOTORCYCLE_ACCIDENT,TRUCK_ACCIDENT,NOT_PRIVATE_PROPERTY,ALCOHOL_INVOLVED,STWD_VEHTYPE_AT_FAULT,CHP_VEHTYPE_AT_FAULT,COUNT_SEVERE_INJ,COUNT_VISIBLE_INJ,COUNT_COMPLAINT_PAIN,COUNT_PED_KILLED,COUNT_PED_INJURED,COUNT_BICYCLIST_KILLED,COUNT_BICYCLIST_INJURED,COUNT_MC_KILLED,COUNT_MC_INJURED,PRIMARY_RAMP,SECONDARY_RAMP,LATITUDE,LONGITUDE,COUNTY,CITY,POINT_X,POINT_Y
7142295,2015,2015-12-29,1972,2015-12-08,1933,17755,NA,2,5,6,1972,0,0,0,NA,0,NA,TORRANCE,OCEAN,0,NA,Y,A,-,N,NA,NA,NA,NA,NA,NA,NA,NA,NA,Y,4,0,1,2,A,-,09,21801,A,N,D,C,A,A,H,-,C,D,0,NA,NA,Y,NA,Y,NA,A,NA,0,0,1,0,0,0,0,0,1,-,-,NA,NA,LOS ANGELES,TORRANCE,-118.35711004,33.83758009
7142296,2015,2015-12-29,1972,2015-12-10,0859,16610,NA,4,5,6,1972,0,0,0,NA,0,NA,PALOS VERDES BL,SEPULVEDA BL,45,S,N,B,-,N,NA,NA,NA,NA,NA,NA,NA,NA,NA,N,4,0,1,2,A,-,03,22350,NA,N,C,C,A,A,H,-,A,A,0,NA,NA,NA,NA,Y,NA,A,NA,0,0,1,0,0,0,0,0,0,-,-,NA,NA,LOS ANGELES,TORRANCE,-118.3692523,33.82701674
7142297,2015,2015-12-29,1972,2015-12-08,2030,16181,NA,2,5,6,1972,0,0,0,NA,0,NA,182ND ST,YUKON,0,NA,Y,A,-,N,NA,NA,NA,NA,NA,NA,NA,NA,NA,N,4,0,1,2,A,-,09,21801,A,N,D,C,A,A,H,-,C,A,0,NA,NA,NA,NA,Y,NA,A,NA,0,0,1,0,0,0,0,0,0,-,-,NA,NA,LOS ANGELES,TORRANCE,-118.33514002,33.8655801
7142298,2015,2015-12-29,1972,2015-12-04,1445,18874,NA,5,5,6,1972,0,0,0,NA,0,NA,CRENSHAW BL,PACIFIC COAST HWY,30,N,N,A,-,N,NA,NA,NA,NA,NA,NA,NA,NA,NA,Y,4,0,1,4,A,-,07,21658,A,N,B,C,A,A,H,-,A,A,0,NA,NA,NA,NA,Y,NA,A,NA,0,0,1,0,0,0,0,0,0,-,-,NA,NA,LOS ANGELES,TORRANCE,-118.33311191,33.7921502
7142299,2015,2017-02-01,1972,2015-12-04,1254,18874,NA,5,5,6,1972,0,0,0,NA,0,NA,PACIFIC COAST HWY,PENNSYLVANIA AV,473,W,N,A,-,Y,LA,7,1,-,-,14.22,H,-,S,Y,4,0,2,2,A,-,09,21804,A,N,D,C,A,A,H,-,A,D,0,NA,NA,NA,NA,Y,NA,A,NA,0,0,2,0,0,0,0,0,0,-,-,NA,NA,LOS ANGELES,TORRANCE,-118.32702068,33.78949648
7142300,2015,2015-12-29,1972,2015-12-07,1114,18059,NA,1,5,6,1972,0,0,0,NA,0,NA,CRENSHAW,164TH ST,0,NA,Y,A,-,N,NA,NA,NA,NA,NA,NA,NA,NA,NA,N,4,0,2,2,A,-,09,21802,A,N,D,C,A,A,H,-,A,A,0,NA,NA,NA,NA,Y,NA,A,NA,0,0,2,0,0,0,0,0,0,-,-,NA,NA,LOS ANGELES,TORRANCE,-118.32649013,33.88193007
7142301,2015,2017-02-02,1972,2015-12-07,1526,18450,NA,1,5,6,1972,0,0,0,NA,0,NA,LOMITA BL,HAWTHORNE BL,170,W,N,A,-,Y,LA,7,107,-,-,0.747,I,6,S,Y,4,0,1,2,A,-,09,21804,A,N,D,C,A,A,H,-,A,D,0,NA,NA,NA,NA,Y,NA,A,NA,0,0,1,0,0,0,0,0,0,-,-,NA,NA,LOS ANGELES,TORRANCE,-118.35118764,33.81601404
7142302,2015,2015-12-29,1972,2015-12-09,1602,19999,NA,3,5,6,1972,0,0,0,NA,0,NA,CRENSHAW BL,TORRANCE BL,0,NA,Y,A,-,N,NA,NA,NA,NA,NA,NA,NA,NA,NA,Y,4,0,2,2,A,-,12,21453,A,N,D,C,A,A,H,-,A,A,0,NA,NA,NA,NA,Y,NA,A,NA,0,0,2,0,0,0,0,0,0,-,-,NA,NA,LOS ANGELES,TORRANCE,-118.32871004,33.83634007
7142303,2015,2015-12-29,1972,2015-12-04,0029,19999,NA,5,5,6,1972,0,0,0,NA,0,NA,PRAIRIE AV,CHALLENGER ST,100,N,N,A,-,N,NA,NA,NA,NA,NA,NA,NA,NA,NA,Y,3,0,1,1,A,-,08,22107,NA,N,F,I,A,A,H,-,C,D,0,NA,NA,NA,NA,Y,NA,A,NA,0,1,0,0,0,0,0,0,0,-,-,NA,NA,LOS ANGELES,TORRANCE,-118.34523525,33.85130709
7142304,2015,2015-12-29,1972,2015-12-02,1723,18450,NA,3,5,6,1972,0,0,0,NA,0,NA,SKYPARK DR,CRENSHAW BL,830,W,N,A,-,N,NA,NA,NA,NA,NA,NA,NA,NA,NA,Y,3,0,1,2,A,-,09,21804,A,N,D,C,A,A,H,-,C,D,0,NA,NA,Y,NA,Y,NA,A,NA,0,1,0,0,0,0,0,0,1,-,-,NA,NA,LOS ANGELES,TORRANCE,-118.33057925,33.8023637
7142305,2015,2015-12-29,1972,2015-12-02,1257,17649,NA,3,5,6,1972,0,0,0,NA,0,NA,SEPULVEDA BL,BORDER AV,0,NA,Y,A,-,N,NA,NA,NA,NA,NA,NA,NA,NA,NA,Y,4,0,2,2,A,-,09,21801,A,N,D,C,A,A,H,-,A,D,0,NA,NA,NA,NA,Y,NA,A,NA,0,0,2,0,0,0,0,0,0,-,-,NA,NA,LOS ANGELES,TORRANCE,-118.31482011,33.81906003
7142306,2015,2017-02-02,1972,2015-12-01,1901,16181,NA,2,5,6,1972,0,0,0,NA,0,NA,HAWTHORNE,TORRANCE,150,N,N,A,-,Y,LA,7,107,-,-,2.28,H,-,N,Y,4,0,3,3,A,-,03,22350,NA,N,C,C,A,A,H,-,C,D,0,NA,NA,NA,NA,Y,NA,A,NA,0,0,3,0,0,0,0,0,0,-,-,NA,NA,LOS ANGELES,TORRANCE,-118.35357271,33.83798487
7142307,2015,2017-02-02,1972,2015-12-01,1441,19522,NA,2,5,6,1972,0,0,0,NA,0,NA,HAWTHORNE BL,LOMITA BL,75,S,N,A,-,Y,LA,7,107,-,-,0.74,H,-,N,Y,4,0,1,2,A,-,03,22350,NA,N,C,C,A,A,H,-,A,A,0,NA,NA,NA,NA,Y,NA,A,NA,0,0,1,0,0,0,0,0,0,-,-,NA,NA,LOS ANGELES,TORRANCE,-118.35099694,33.81580071
7142308,2015,2015-12-29,1972,2015-12-01,0830,14197,NA,2,5,6,1972,0,0,0,NA,0,NA,VAN NESS AV,COLUMBIA PL,0,NA,Y,A,-,N,NA,NA,NA,NA,NA,NA,NA,NA,NA,N,3,0,1,2,A,-,09,21804,A,N,D,G,A,A,H,-,A,A,0,NA,Y,NA,NA,Y,NA,L,NA,0,1,0,0,0,0,1,0,0,-,-,NA,NA,LOS ANGELES,TORRANCE,-118.31874004,33.84033007
7142324,2015,2016-08-03,1929,2015-12-09,2150,191,SW,3,5,3,1929,0,0,0,NA,0,002,MANHATTAN AV,PIER AV,18,S,N,E,-,N,NA,NA,NA,NA,NA,NA,NA,NA,NA,N,4,0,1,2,A,-,03,22350,NA,N,G,B,B,B,H,-,C,A,0,Y,NA,NA,NA,Y,NA,A,07,0,0,1,0,1,0,0,0,0,-,-,NA,NA,LOS ANGELES,HERMOSA BEACH,-118.39920225,33.86268639
7142325,2015,2017-02-01,1956,2015-12-15,1245,1192,16,2,5,5,1956,0,0,0,NA,0,002,RT 1,GARNET ST,0,NA,Y,A,-,Y,LA,7,1,-,-,19.651,I,5,N,Y,4,0,1,2,D,-,00,NA,NA,N,D,C,A,A,H,-,A,A,0,NA,NA,NA,NA,Y,NA,-,-,0,0,1,0,0,0,0,0,0,-,-,NA,NA,LOS ANGELES,REDONDO BEACH,-118.38559546,33.84020007
7142326,2015,2015-12-29,1956,2015-12-15,1459,1236,23,2,5,5,1956,0,0,0,NA,0,002,DEL AMO ST,PROSPECT AV,299,W,N,A,-,N,NA,NA,NA,NA,NA,NA,NA,NA,NA,N,4,0,1,2,A,-,08,22107,NA,N,D,C,A,A,H,-,A,D,0,NA,NA,NA,NA,Y,NA,A,01,0,0,1,0,0,0,0,0,0,-,-,NA,NA,LOS ANGELES,REDONDO BEACH,-118.37845745,33.84816501
7142329,2015,2015-12-29,1900,2015-12-12,1450,526362,2118,6,5,5,1943,0,0,0,NA,0,212T1,ATLANTIC AV,CARLIN AV,0,NA,Y,A,-,N,NA,NA,NA,NA,NA,NA,NA,NA,NA,N,4,0,2,2,A,-,09,21801,A,N,D,C,A,A,H,-,A,A,0,NA,NA,NA,NA,Y,NA,A,01,0,0,2,0,0,0,0,0,0,-,-,NA,NA,LOS ANGELES,LYNWOOD,-118.19201005,33.91034007
7142330,2015,2015-12-29,1900,2015-12-10,1903,506162,2112,4,5,5,1943,0,0,0,NA,0,212T2,IMPERIAL HWY,CALIFORNIA AV,170,W,N,A,-,N,NA,NA,NA,NA,NA,NA,NA,NA,NA,N,4,0,1,2,A,-,11,21954,A,N,G,B,D,A,H,-,C,-,0,Y,NA,NA,NA,Y,Y,N,60,0,0,1,0,1,0,0,0,0,-,-,NA,NA,LOS ANGELES,LYNWOOD,-118.20926666,33.93073513
7142331,2015,2015-12-29,1900,2015-12-09,1515,526024,2112,3,5,5,1943,0,0,0,NA,0,212T3,MARTIN LUTHER KING JR BL,CARSON DR,0,NA,Y,A,-,N,NA,NA,NA,NA,NA,NA,NA,NA,NA,N,3,0,1,2,A,-,03,22350,NA,F,C,G,A,A,H,-,A,A,0,NA,Y,NA,NA,Y,NA,A,NA,0,1,0,0,0,0,1,0,0,-,-,NA,NA,LOS ANGELES,LYNWOOD,-118.20014008,33.92834003
7142332,2015,2015-12-29,1900,2015-12-08,1842,482811,2111,2,5,5,1943,0,0,0,NA,0,0PM,ATLANTIC AV,FERNWOOD AV,100,N,N,A,-,N,NA,NA,NA,NA,NA,NA,NA,NA,NA,N,4,0,1,2,A,-,08,22107,NA,N,C,C,A,A,H,-,C,D,0,NA,NA,NA,NA,Y,NA,A,NA,0,0,1,0,0,0,0,0,0,-,-,NA,NA,LOS ANGELES,LYNWOOD,-118.18928933,33.91689824
7142344,2015,2015-12-28,1900,2015-12-01,0757,540658,1137,2,5,6,1992,0,0,0,NA,0,112T2,AVENUE J-4,27TH ST EAST,229,W,N,A,-,N,NA,NA,NA,NA,NA,NA,NA,NA,NA,N,3,0,1,2,A,-,11,21954,A,N,G,B,D,A,H,-,A,D,0,Y,NA,NA,NA,Y,NA,N,60,0,1,0,0,1,0,0,0,0,-,-,NA,NA,LOS ANGELES,LANCASTER,-118.08129,34.68608
7142345,2015,2015-12-29,1900,2015-12-02,1130,600527,1127,3,5,6,1992,0,0,0,NA,0,111T1,VALLEY CENTRAL WY,MALL LOOP RD,109,N,N,A,-,N,NA,NA,NA,NA,NA,NA,NA,NA,NA,N,4,0,1,1,A,-,08,22107,NA,N,E,I,A,A,H,-,A,D,0,NA,NA,Y,NA,Y,NA,C,02,0,0,1,0,0,0,0,0,1,-,-,NA,NA,LOS ANGELES,LANCASTER,-118.17508498,34.69963385
7142346,2015,2015-12-28,1900,2015-12-03,1801,510509,1135,4,5,6,1992,0,0,0,NA,0,112T1,CHALLENGER WY,KETTERING ST,10,S,N,A,-,N,NA,NA,NA,NA,NA,NA,NA,NA,NA,Y,4,0,2,2,A,-,09,21801,A,N,D,C,A,A,H,-,C,A,0,NA,NA,NA,NA,Y,NA,-,-,0,0,2,0,0,0,0,0,0,-,-,NA,NA,LOS ANGELES,LANCASTER,-118.11265,34.700393
7142347,2015,2015-12-28,1900,2015-12-03,1156,540658,1137,4,5,6,1992,0,0,0,NA,0,1156,CHALLENGER WY,AVENUE K-6,0,NA,Y,A,-,N,NA,NA,NA,NA,NA,NA,NA,NA,NA,Y,4,0,2,2,A,-,09,21801,A,N,D,C,A,A,H,-,A,D,0,NA,NA,NA,NA,Y,NA,A,01,0,0,2,0,0,0,0,0,0,-,-,NA,NA,LOS ANGELES,LANCASTER,-118.112353,34.669531
7142348,2015,2015-12-28,1900,2015-12-03,1522,263565,1134,4,5,6,1992,0,0,0,NA,0,112T2,4TH ST EAST,AVENUE L-4,528,S,N,A,-,N,NA,NA,NA,NA,NA,NA,NA,NA,NA,N,4,0,1,2,A,-,04,21703,NA,N,C,C,A,A,H,-,A,D,0,NA,NA,NA,NA,Y,NA,A,08,0,0,1,0,0,0,0,0,0,-,-,NA,NA,LOS ANGELES,LANCASTER,-118.12336001,34.65526236
7142349,2015,2015-12-28,1900,2015-12-06,1533,527065,1135,7,5,6,1992,0,0,0,NA,0,112T2,CHALLENGER WY,AVENUE H,1043,S,N,A,-,N,NA,NA,NA,NA,NA,NA,NA,NA,NA,Y,4,0,3,2,A,-,04,21703,NA,N,C,C,A,A,H,-,A,D,0,NA,NA,NA,NA,Y,NA,A,01,0,0,3,0,0,0,0,0,0,-,-,NA,NA,LOS ANGELES,LANCASTER,-118.112364,34.716022
7142350,2015,2015-12-28,1900,2015-12-07,1659,546182,1125,1,5,6,1992,0,0,0,NA,0,111T1,LANCASTER BL,LORIMER AV,0,NA,Y,A,-,N,NA,NA,NA,NA,NA,NA,NA,NA,NA,Y,4,0,1,2,A,-,09,21801,A,N,D,C,A,A,H,-,C,D,0,NA,NA,NA,NA,Y,NA,A,01,0,0,1,0,0,0,0,0,0,-,-,NA,NA,LOS ANGELES,LANCASTER,-118.15996002,34.69672
7142351,2015,2015-12-28,1900,2015-12-09,2127,510509,1121,3,5,6,1992,0,0,0,NA,0,112T1,AVENUE I,20TH ST WEST,105,E,N,A,-,N,NA,NA,NA,NA,NA,NA,NA,NA,NA,Y,3,0,10,5,A,-,03,22350,NA,N,C,C,A,A,H,-,C,A,0,NA,NA,NA,NA,Y,Y,A,07,0,2,8,0,0,0,0,0,0,-,-,NA,NA,LOS ANGELES,LANCASTER,-118.1656214,34.70404671
7142352,2015,2015-12-28,1900,2015-12-10,1433,550490,1121,4,5,6,1992,0,0,0,NA,0,111T1,AVENUE 1,17TH ST WEST,0,NA,Y,A,-,N,NA,NA,NA,NA,NA,NA,NA,NA,NA,N,4,0,1,2,A,-,09,21801,A,N,D,C,A,A,H,-,A,A,0,NA,NA,NA,NA,Y,NA,A,01,0,0,1,0,0,0,0,0,0,-,-,NA,NA,LOS ANGELES,LANCASTER,-118.16148001,34.70421007
7142353,2015,2015-12-28,1900,2015-12-11,1611,546182,1125,5,5,6,1992,0,0,0,NA,0,111T1,AVENUE I,11TH ST W,46,W,N,A,-,N,NA,NA,NA,NA,NA,NA,NA,NA,NA,N,2,0,1,2,A,-,11,21954,A,N,G,B,D,A,H,-,A,D,0,Y,NA,NA,NA,Y,NA,N,60,1,0,0,0,1,0,0,0,0,-,-,NA,NA,LOS ANGELES,LANCASTER,-118.14959273,34.70396083
7142354,2015,2015-12-28,1900,2015-12-11,1922,546182,1126,5,5,6,1992,0,0,0,NA,0,111T1,AVENUE K,20TH ST WEST,325,NA,N,A,-,N,NA,NA,NA,NA,NA,NA,NA,NA,NA,N,4,0,1,2,A,-,11,21954,A,N,G,B,D,A,H,-,C,D,0,Y,NA,NA,NA,Y,NA,N,60,0,0,1,0,1,0,0,0,0,-,-,NA,NA,LOS ANGELES,LANCASTER,-118.16573007,34.67500008
7142355,2015,2015-12-28,1900,2015-12-13,1714,546182,1126,7,5,6,1992,0,0,0,NA,0,111T1,AVENUE K,10TH ST WEST,120,W,N,B,C,N,NA,NA,NA,NA,NA,NA,NA,NA,NA,Y,4,0,1,2,A,-,07,21658,A,N,B,C,A,B,H,-,C,A,0,NA,NA,NA,NA,Y,NA,A,01,0,0,1,0,0,0,0,0,0,-,-,NA,NA,LOS ANGELES,LANCASTER,-118.14828828,34.67487
7142356,2015,2015-12-28,1900,2015-12-13,1116,602999,1127,7,5,6,1992,0,0,0,NA,0,113,AVENUE J-8,CLARK CT,0,NA,Y,A,G,N,NA,NA,NA,NA,NA,NA,NA,NA,NA,Y,4,0,1,2,A,-,09,21801,A,N,D,C,A,A,H,-,A,D,0,NA,NA,NA,NA,Y,NA,A,01,0,0,1,0,0,0,0,0,0,-,-,NA,NA,LOS ANGELES,LANCASTER,-118.18085012,34.68215005
7142357,2015,2015-12-28,1900,2015-12-14,1957,546182,1126,1,5,6,1992,0,0,0,NA,0,111T1,AVENUE K,12TH ST WEST,0,NA,Y,A,-,N,NA,NA,NA,NA,NA,NA,NA,NA,NA,Y,4,0,2,2,A,-,12,21453,A,N,A,C,A,A,H,-,C,A,0,NA,NA,NA,NA,Y,NA,A,01,0,0,2,0,0,0,0,0,0,-,-,NA,NA,LOS ANGELES,LANCASTER,-118.15236011,34.6749001
7142358,2015,2015-12-29,1900,2015-12-15,0758,550490,1137,2,5,6,1992,0,0,0,NA,0,111T1,AVENUE K,15TH ST EAST,0,NA,Y,A,G,N,NA,NA,NA,NA,NA,NA,NA,NA,NA,N,3,0,4,3,A,-,09,21801,A,N,A,C,A,A,H,-,A,A,0,NA,NA,NA,NA,Y,NA,A,01,0,2,2,0,0,0,0,0,0,-,-,NA,NA,LOS ANGELES,LANCASTER,-118.10352004,34.67504008
7142377,2015,2017-02-02,1941,2015-12-06,2054,10052,NA,7,5,7,1941,0,0,0,NA,0,NA,PACIFIC COAST HWY,LOYNES DR,0,NA,Y,A,-,Y,LA,7,1,-,-,1.311,I,5,S,N,4,0,2,2,A,-,11,21456,B,N,-,B,B,A,H,-,C,A,0,Y,NA,NA,NA,Y,NA,N,NA,0,0,2,0,1,0,0,0,0,-,-,NA,NA,LOS ANGELES,LONG BEACH,-118.11701589,33.76730792
7142562,2015,2016-02-23,1931,2015-12-18,1430,5277,1931,5,5,5,1931,0,0,0,NA,0,001,SLAUSON AV,SEVILLE AV,0,NA,Y,A,-,N,NA,NA,NA,NA,NA,NA,NA,NA,NA,N,4,0,1,2,A,-,11,21955,NA,N,B,B,B,A,H,-,A,A,0,Y,NA,NA,NA,Y,NA,N,60,0,0,1,0,1,0,0,0,0,-,-,NA,NA,LOS ANGELES,HUNTINGTON PARK,-118.22265013,33.98918001
7142615,2015,2016-01-13,1900,2015-12-08,1437,525409,2915,2,5,4,1974,0,0,0,NA,0,291K2,AMETHYST LN,SHAKESPEARE DR,16,N,N,A,-,N,NA,NA,NA,NA,NA,NA,NA,NA,NA,N,4,0,1,2,A,-,07,21658,A,N,D,G,A,A,H,-,A,D,0,NA,Y,NA,NA,Y,NA,-,-,0,0,1,0,0,0,1,0,0,-,-,NA,NA,LOS ANGELES,WALNUT,-117.88752293,34.01774949
7142616,2015,2016-01-22,1900,2015-12-18,1118,443554,2923,5,5,5,1990,0,0,0,NA,0,292K5,GOLDEN SPRINGS DR,BALLENA DR,44,E,N,A,-,N,NA,NA,NA,NA,NA,NA,NA,NA,NA,Y,4,0,1,3,A,-,03,22350,NA,N,B,C,A,A,D,E,A,B,0,NA,NA,NA,NA,Y,NA,A,01,0,0,1,0,0,0,0,0,0,-,-,NA,NA,LOS ANGELES,DIAMOND BAR,-117.80023502,34.02435097
7142617,2015,2016-01-13,1900,2015-12-11,1415,525409,2915,5,5,4,1974,0,0,0,NA,0,291K2,VALLEY BL,PIERRE RD,258,E,N,A,-,N,NA,NA,NA,NA,NA,NA,NA,NA,NA,Y,4,0,1,3,A,-,03,22350,NA,N,C,C,A,A,H,-,A,A,0,NA,NA,NA,NA,Y,NA,A,01,0,0,1,0,0,0,0,0,0,-,-,NA,NA,LOS ANGELES,WALNUT,-117.84914604,34.01628066
7142665,2015,2015-12-23,1900,2015-11-15,2044,517137,0978,7,5,4,1979,0,0,0,NA,0,91T2,SUNSET BL,HORN AV,98,E,N,A,-,N,NA,NA,NA,NA,NA,NA,NA,NA,NA,Y,4,0,2,3,A,-,21,22106,NA,N,C,C,A,A,H,-,D,A,0,NA,NA,NA,NA,Y,NA,J,48,0,0,2,0,0,0,0,0,0,-,-,NA,NA,LOS ANGELES,WEST HOLLYWOOD,-118.38301958,34.09085521
7142669,2015,2015-12-23,1900,2015-11-29,2014,196195,1417,7,5,1,1932,0,0,0,NA,0,141T5,AZUSA AV,TEMPLE AV,25,S,N,A,-,N,NA,NA,NA,NA,NA,NA,NA,NA,NA,Y,4,0,1,4,C,-,18,NA,NA,N,D,C,A,A,H,-,C,A,0,NA,NA,NA,NA,Y,NA,-,-,0,0,1,0,0,0,0,0,0,-,-,NA,NA,LOS ANGELES,INDUSTRY,-117.91772686,34.02461522
7142673,2015,2015-12-23,1965,2015-11-20,1547,3566,0B3B,5,5,5,1965,0,0,0,NA,0,B003,20TH ST,SANTA MONICA BL,0,NA,Y,A,-,N,NA,NA,NA,NA,NA,NA,NA,NA,NA,Y,4,0,1,4,A,-,09,21801,A,N,D,C,A,A,H,-,A,A,0,NA,NA,NA,NA,Y,NA,A,01,0,0,1,0,0,0,0,0,0,-,-,NA,NA,LOS ANGELES,SANTA MONICA,-118.48001012,34.02866006
7142717,2015,2015-12-24,1941,2015-10-24,2117,5532,NA,6,5,7,1941,0,0,0,NA,0,NA,REDONDO,STEARNS,0,NA,Y,A,-,N,NA,NA,NA,NA,NA,NA,NA,NA,NA,Y,2,0,2,2,A,-,12,21453,A,N,B,D,A,A,H,-,C,A,0,NA,NA,NA,NA,Y,Y,A,NA,2,0,0,0,0,0,0,0,0,-,-,NA,NA,LOS ANGELES,LONG BEACH,-118.15143004,33.79610008
7142773,2015,2015-12-29,1942,2015-11-17,1240,38590,1441,2,5,7,1942,0,0,0,N,0,7T38,ABBOTT KINNEY BL,VENICE BL,120,S,N,A,-,N,NA,NA,NA,NA,NA,NA,NA,NA,NA,N,4,0,1,2,A,-,03,22350,NA,N,C,C,A,A,H,-,A,D,0,NA,NA,NA,NA,Y,NA,J,41,0,0,1,0,0,0,0,0,0,-,-,NA,NA,LOS ANGELES,LOS ANGELES,-118.46224785,33.98891853
7142805,2015,2016-01-08,1942,2015-12-10,0745,37807,0376,4,5,7,1942,0,0,0,C,0,3T5,MARTIN LUTHER KING JR BL,BRIGHTON AV,0,NA,Y,E,-,N,NA,NA,NA,NA,NA,NA,NA,NA,NA,N,3,0,1,2,A,-,03,22350,NA,N,D,C,A,B,H,-,A,D,0,NA,NA,Y,NA,Y,NA,C,02,0,1,0,0,0,0,0,0,1,-,-,NA,NA,LOS ANGELES,LOS ANGELES,-118.30125007,34.01086009
7142809,2015,2016-01-08,1942,2015-12-11,1800,27792,2133,5,5,7,1942,0,0,0,NA,0,10T35W,FALLBROOK AV,INGOMAR ST,366,S,N,B,-,N,NA,NA,NA,NA,NA,NA,NA,NA,NA,Y,2,0,2,3,A,-,03,22350,NA,F,C,C,A,A,-,-,C,D,0,NA,NA,NA,NA,Y,NA,J,48,2,0,0,0,0,0,0,0,0,-,-,NA,NA,LOS ANGELES,LOS ANGELES,-118.62344,34.21085593
7142816,2015,2016-01-19,1942,2015-12-14,1450,39745,0138,1,5,7,1942,0,0,0,A,0,1TL24,WALL ST,BOYD ST,0,NA,Y,A,-,N,NA,NA,NA,NA,NA,NA,NA,NA,NA,Y,3,0,1,2,A,-,09,21802,A,N,D,C,A,A,H,-,A,A,0,NA,NA,NA,NA,Y,NA,D,22,0,1,0,0,0,0,0,0,0,-,-,NA,NA,LOS ANGELES,LOS ANGELES,-118.24426003,34.0471901
7142863,2015,2016-01-19,1942,2015-12-15,2023,36602,2004,2,5,7,1942,0,0,0,NA,0,20T59,WESTERN AV,MELROSE AV,116,S,N,A,-,N,NA,NA,NA,NA,NA,NA,NA,NA,NA,N,4,0,1,2,B,-,22,NA,NA,N,B,C,A,A,H,-,C,A,0,NA,NA,NA,NA,Y,NA,J,49,0,0,1,0,0,0,0,0,0,-,-,NA,NA,LOS ANGELES,LOS ANGELES,-118.30913,34.08319186
7142871,2015,2016-01-19,1942,2015-12-18,1105,41054,2056,5,5,7,1942,0,0,0,NA,0,7TL23,DEWEY ST,OLYMPIC BL,0,NA,Y,A,-,N,NA,NA,NA,NA,NA,NA,NA,NA,NA,Y,3,0,1,2,A,-,09,21802,A,N,D,C,A,A,H,-,A,D,0,NA,NA,NA,NA,Y,NA,A,01,0,1,0,0,0,0,0,0,0,-,-,NA,NA,LOS ANGELES,LOS ANGELES,-118.29578009,34.05266011
7142875,2015,2016-01-19,1942,2015-12-17,1030,41054,0787,4,5,7,1942,0,0,0,G,0,8T35,CRENSHAW BL,WASHINGTON BL,655,S,N,A,-,N,NA,NA,NA,NA,NA,NA,NA,NA,NA,Y,4,0,1,2,A,-,07,21658,A,N,B,C,A,A,H,-,A,A,0,NA,NA,NA,NA,Y,NA,A,07,0,0,1,0,0,0,0,0,0,-,-,NA,NA,LOS ANGELES,LOS ANGELES,-118.33198457,34.03823288
7142879,2015,2016-01-19,1942,2015-12-17,1635,40514,1317,4,5,7,1942,0,0,0,M,0,13XL4,WASHINGTON BL,E HOOPER AV,24,E,N,A,-,N,NA,NA,NA,NA,NA,NA,NA,NA,NA,N,4,0,1,2,A,-,05,21752,NA,N,D,F,A,A,H,-,A,A,0,NA,NA,NA,NA,Y,NA,D,22,0,0,1,0,0,0,0,0,0,-,-,NA,NA,LOS ANGELES,LOS ANGELES,-118.24599392,34.02185388
7143533,2015,2016-02-10,1925,2015-11-27,1600,25164,219,5,5,6,1925,0,0,0,NA,0,001,ARDEN AV,CENTRAL AV,0,NA,Y,A,-,N,NA,NA,NA,NA,NA,NA,NA,NA,NA,N,4,0,1,2,A,-,09,21801,A,N,G,B,B,A,H,-,A,A,0,Y,NA,NA,NA,Y,NA,A,01,0,0,1,0,1,0,0,0,0,-,-,NA,NA,LOS ANGELES,GLENDALE,-118.25798,34.15850011
7143723,2015,2015-12-28,1948,2015-12-17,1111,445,1948,4,5,5,1948,0,0,0,NA,0,003,FERNFIELD AV,GARFIELD AV,45,W,N,A,-,N,NA,NA,NA,NA,NA,NA,NA,NA,NA,N,3,0,1,2,A,-,21,22106,NA,N,B,C,A,A,H,-,A,D,0,NA,NA,NA,NA,Y,NA,-,NA,0,1,0,0,0,0,0,0,0,-,-,NA,NA,LOS ANGELES,MONTEREY PARK,-118.13037821,34.03436141
7143727,2015,2015-12-28,1948,2015-12-16,1131,414,1948,3,5,5,1948,0,0,0,NA,0,002,W EMERSON AV,N MOORE AV,0,NA,Y,A,-,N,NA,NA,NA,NA,NA,NA,NA,NA,NA,N,3,0,1,2,A,-,09,21802,A,N,D,G,A,A,H,-,A,D,0,NA,Y,NA,NA,Y,NA,L,04,0,1,0,0,0,0,1,0,0,-,-,NA,NA,LOS ANGELES,MONTEREY PARK,-118.13062006,34.06611005