CASE_ID,ACCIDENT_YEAR,PROC_DATE,JURIS,COLLISION_DATE,COLLISION_TIME,OFFICER_ID,REPORTING_DISTRICT,DAY_OF_WEEK,CHP_SHIFT,POPULATION,CNTY_CITY_LOC,SPECIAL_COND,BEAT_TYPE,CHP_BEAT_TYPE,CITY_DIVISION_LAPD,CHP_BEAT_CLASS,BEAT_NUMBER,PRIMARY_RD,SECONDARY_RD,DISTANCE,DIRECTION,INTERSECTION,WEATHER_1,WEATHER_2,STATE_HWY_IND,CALTRANS_COUNTY,CALTRANS_DISTRICT,STATE_ROUTE,ROUTE_SUFFIX,POSTMILE_PREFIX,POSTMILE,LOCATION_TYPE,RAMP_INTERSECTION,SIDE_OF_HWY,TOW_AWAY,COLLISION_SEVERITY,NUMBER_KILLED,NUMBER_INJURED,PARTY_COUNT,PRIMARY_COLL_FACTOR,PCF_CODE_OF_VIOL,PCF_VIOL_CATEGORY,PCF_VIOLATION,PCF_VIOL_SUBSECTION,HIT_AND_RUN,TYPE_OF_COLLISION,MVIW,PED_ACTION,ROAD_SURFACE,ROAD_COND_1,ROAD_COND_2,LIGHTING,CONTROL_DEVICE,CHP_ROAD_TYPE,PEDESTRIAN_ACCIDENT,BICYCLE_ACCIDENT,MOTORCYCLE_ACCIDENT,TRUCK_ACCIDENT,NOT_PRIVATE_PROPERTY,ALCOHOL_INVOLVED,STWD_VEHTYPE_AT_FAULT,CHP_VEHTYPE_AT_FAULT,COUNT_SEVERE_INJ,COUNT_VISIBLE_INJ,COUNT_COMPLAINT_PAIN,COUNT_PED_KILLED,COUNT_PED_INJURED,COUNT_BICYCLIST_KILLED,COUNT_BICYCLIST_INJURED,COUNT_MC_KILLED,COUNT_MC_INJURED,PRIMARY_RAMP,SECONDARY_RAMP,LATITUDE,LONGITUDE,COUNTY,CITY,POINT_X,POINT_Y
7159008,2016,2016-02-08,1926,2016-01-29,2004,3836,NA,5,5,5,1926,0,0,0,NA,0,002,GLADSTONE ST,GRAND,97,W,N,A,-,N,NA,NA,NA,NA,NA,NA,NA,NA,NA,N,4,0,1,2,A,-,03,22350,NA,N,C,C,A,A,H,-,C,A,0,NA,NA,NA,NA,Y,NA,A,01,0,0,1,0,0,0,0,0,0,-,-,NA,NA,LOS ANGELES,GLENDORA,-117.8730097,34.11396
7159015,2016,2016-02-08,1942,2016-01-08,1745,35869,1239,5,5,7,1942,0,0,0,L,0,12A15,SLAUSON AV,BONSALLO AV,100,E,N,A,-,N,NA,NA,NA,NA,NA,NA,NA,NA,NA,N,4,0,1,2,A,-,03,22350,NA,N,C,C,A,A,H,-,C,D,0,NA,NA,NA,NA,Y,NA,A,01,0,0,1,0,0,0,0,0,0,-,-,NA,NA,LOS ANGELES,LOS ANGELES,-118.28563076,33.98916
7159019,2016,2016-02-08,1942,2016-01-21,1520,42025,0338,4,5,7,1942,0,0,0,C,0,3A41,ORCHARD AV,W 30TH ST,0,NA,Y,A,-,N,NA,NA,NA,NA,NA,NA,NA,NA,NA,Y,3,0,1,2,A,-,12,22450,A,F,H,G,A,A,H,-,A,A,0,NA,Y,NA,NA,Y,NA,-,99,0,1,0,0,0,0,1,0,0,-,-,NA,NA,LOS ANGELES,LOS ANGELES,-118.28822004,34.02745001
7159023,2016,2016-02-08,1942,2016-01-06,0820,38707,1259,3,5,7,1942,0,0,0,L,0,18T23,WADSWORTH AV,79TH ST,150,S,N,B,C,N,NA,NA,NA,NA,NA,NA,NA,NA,NA,N,4,0,1,2,A,-,09,21804,A,N,A,C,A,B,H,-,A,D,0,NA,NA,Y,NA,Y,NA,A,01,0,0,1,0,0,0,0,0,0,-,-,NA,NA,LOS ANGELES,LOS ANGELES,-118.25861,33.96704863
7159027,2016,2016-02-08,1942,2016-01-20,1800,46440,03,3,5,7,1942,0,0,0,C,0,12T73,MONTCLAIR AV,11TH AV,0,NA,Y,A,-,N,NA,NA,NA,NA,NA,NA,NA,NA,NA,N,4,0,1,2,A,-,10,21950,A,F,G,B,B,A,H,-,C,D,0,Y,NA,NA,NA,Y,NA,-,99,0,0,1,0,1,0,0,0,0,-,-,NA,NA,LOS ANGELES,LOS ANGELES,-118.32895002,34.02988001
7159028,2016,2016-02-08,1965,2016-01-20,1417,3566,0B2E,3,5,5,1965,0,0,0,NA,0,B002,PICO BL,23RD ST,0,NA,Y,A,-,N,NA,NA,NA,NA,NA,NA,NA,NA,NA,Y,3,0,2,2,A,-,09,21801,A,N,D,C,A,A,H,-,A,A,0,NA,NA,NA,NA,Y,NA,A,01,0,1,1,0,0,0,0,0,0,-,-,NA,NA,LOS ANGELES,SANTA MONICA,-118.46656009,34.02104009
7159032,2016,2016-02-08,1965,2016-01-23,2250,3770,0B1A,6,5,5,1965,0,0,0,NA,0,A001,PALISADES BEACH RD,BEACH HOUSE WY,0,NA,Y,A,-,N,NA,NA,NA,NA,NA,NA,NA,NA,NA,Y,4,0,1,2,A,-,01,23153,B,N,D,C,A,A,H,-,C,A,0,NA,NA,NA,NA,Y,Y,A,08,0,0,1,0,0,0,0,0,0,-,-,NA,NA,LOS ANGELES,SANTA MONICA,NA,NA
7159036,2016,2016-02-08,1965,2016-01-26,1538,3597,0B3D,2,5,5,1965,0,0,0,NA,0,003,14TH ST,PICO BL,274,N,N,A,-,N,NA,NA,NA,NA,NA,NA,NA,NA,NA,N,3,0,2,3,A,-,11,21955,NA,N,G,B,D,A,H,-,A,D,0,Y,NA,NA,NA,Y,NA,N,60,0,2,0,0,2,0,0,0,0,-,-,NA,NA,LOS ANGELES,SANTA MONICA,-118.47678748,34.01644428
7159040,2016,2016-02-08,1965,2016-01-18,1537,3764,0B3C,1,5,5,1965,0,0,0,NA,0,B003,OLYMPIC BL,14TH ST,0,NA,Y,B,C,N,NA,NA,NA,NA,NA,NA,NA,NA,NA,Y,3,0,3,2,A,-,12,21453,A,N,D,C,A,B,H,-,A,A,0,NA,NA,NA,NA,Y,NA,A,01,0,3,0,0,0,0,0,0,0,-,-,NA,NA,LOS ANGELES,SANTA MONICA,-118.48066012,34.01975004
7159049,2016,2016-02-08,1965,2016-01-02,1200,3296,0B1L,6,5,5,1965,0,0,0,NA,0,A001,BROADWAY,7TH ST,0,NA,N,-,-,N,NA,NA,NA,NA,NA,NA,NA,NA,NA,N,3,0,1,2,D,-,00,NA,NA,F,H,G,A,-,-,-,-,-,0,NA,Y,NA,NA,Y,NA,-,-,0,1,0,0,0,0,1,0,0,-,-,NA,NA,LOS ANGELES,SANTA MONICA,-118.49077002,34.0173901
7159057,2016,2016-02-08,1965,2016-01-22,0740,3553,0B3F,5,5,5,1965,0,0,0,NA,0,B003,OLYMPIC BL,17TH ST,42,E,N,B,-,N,NA,NA,NA,NA,NA,NA,NA,NA,NA,Y,4,0,1,1,A,-,03,22350,NA,N,E,I,A,A,H,-,A,A,0,NA,NA,NA,NA,Y,NA,A,01,0,0,1,0,0,0,0,0,0,-,-,NA,NA,LOS ANGELES,SANTA MONICA,-118.47771131,34.02214075
7159077,2016,2016-02-16,1942,2016-01-17,1940,39410,1523,7,5,7,1942,0,0,0,O,0,9T53W3,VICTORY BL,COLDWATER CANYON BL,0,NA,Y,-,-,N,NA,NA,NA,NA,NA,NA,NA,NA,NA,Y,4,0,1,2,A,-,00,22801,NA,N,-,-,A,-,-,-,-,-,0,NA,NA,NA,NA,Y,NA,A,01,0,0,1,0,0,0,0,0,0,-,-,NA,NA,LOS ANGELES,LOS ANGELES,-118.41381,34.18668008
7159085,2016,2016-03-02,1942,2016-01-07,2345,41545,1249,4,5,7,1942,0,0,0,L,0,3T5,FLORENCE AV,FLOWER ST,25,W,N,A,-,N,NA,NA,NA,NA,NA,NA,NA,NA,NA,N,3,0,1,2,A,-,09,21804,A,M,B,G,A,A,H,-,C,D,0,NA,Y,NA,NA,Y,NA,L,04,0,1,0,0,0,0,1,0,0,-,-,NA,NA,LOS ANGELES,LOS ANGELES,-118.2813423,33.97465
7159093,2016,2016-03-02,1942,2016-01-04,1700,41214,LOSAN,1,5,7,1942,0,0,0,NA,0,332,JEFFERSON BL,HILLCREST,10,W,N,A,-,N,NA,NA,NA,NA,NA,NA,NA,NA,NA,N,4,0,1,2,A,-,03,22350,NA,M,C,C,A,A,H,-,B,A,0,NA,NA,NA,NA,Y,NA,-,99,0,0,1,0,0,0,0,0,0,-,-,NA,NA,LOS ANGELES,LOS ANGELES,-118.34292294,34.02555969
7159122,2015,2016-02-08,1942,2015-11-18,1715,40572,0519,3,5,7,1942,0,0,0,E,0,5X26W5,KING AV,I ST,0,NA,Y,A,-,N,NA,NA,NA,NA,NA,NA,NA,NA,NA,Y,4,0,4,2,A,-,08,22107,NA,N,D,C,A,A,H,-,B,D,0,NA,NA,NA,NA,Y,Y,A,01,0,0,4,0,0,0,0,0,0,-,-,NA,NA,LOS ANGELES,LOS ANGELES,-118.27561004,33.78070006
7159126,2015,2016-02-08,1942,2015-11-24,1600,36659,0555,2,5,7,1942,0,0,0,E,0,5A85,GRAND AV,SEPULVEDA ST,0,NA,Y,A,-,N,NA,NA,NA,NA,NA,NA,NA,NA,NA,Y,4,0,3,2,A,-,09,21802,A,N,D,C,A,A,H,-,B,A,0,NA,NA,NA,NA,Y,NA,A,01,0,0,3,0,0,0,0,0,0,-,-,NA,NA,LOS ANGELES,LOS ANGELES,-118.29014013,33.74512001
7159154,2015,2016-02-08,1942,2015-11-23,0100,41773,1942,1,5,7,1942,0,0,0,NA,0,5A25,FRIES AV,ANAHEIM ST,0,NA,Y,A,-,N,NA,NA,NA,NA,NA,NA,NA,NA,NA,Y,3,0,1,1,A,-,03,22350,NA,N,E,I,A,A,H,-,C,A,0,NA,NA,NA,NA,Y,NA,A,01,0,1,0,0,0,0,0,0,0,-,-,NA,NA,LOS ANGELES,LOS ANGELES,-118.26509005,33.77982005
7159156,2016,2016-02-10,1900,2016-02-01,0940,522648,2834,1,5,5,1915,0,0,0,NA,0,282T1,VICTORIA ST,WILMINGTON AV,328,E,N,A,-,N,NA,NA,NA,NA,NA,NA,NA,NA,NA,N,4,0,1,1,C,-,18,NA,NA,N,A,I,A,A,H,-,A,D,0,NA,NA,NA,NA,Y,NA,-,-,0,0,1,0,0,0,0,0,0,-,-,NA,NA,LOS ANGELES,COMPTON,-118.23458178,33.86785
7159164,2016,2016-02-11,1900,2016-01-28,1110,520027,2837,4,5,5,1915,0,0,0,NA,0,282T1,WILMINGTON AV,GREENLEAF BL,0,NA,Y,A,-,N,NA,NA,NA,NA,NA,NA,NA,NA,NA,Y,4,0,1,2,A,-,09,21801,A,N,D,C,A,A,H,-,A,D,0,NA,NA,NA,NA,Y,NA,A,07,0,0,1,0,0,0,0,0,0,-,-,NA,NA,LOS ANGELES,COMPTON,-118.23656007,33.88073011
7159171,2016,2016-02-19,1900,2016-01-25,0822,516691,2825,1,5,5,1915,0,0,0,NA,0,282T1,ROSECRANS AV,THORSON AV,0,NA,Y,A,-,N,NA,NA,NA,NA,NA,NA,NA,NA,NA,Y,4,0,2,4,A,-,06,21755,A,N,B,C,A,A,H,-,A,A,0,NA,NA,NA,NA,Y,NA,J,48,0,0,2,0,0,0,0,0,0,-,-,NA,NA,LOS ANGELES,COMPTON,-118.20031004,33.90359009
7159184,2015,2016-02-26,1900,2015-12-19,1630,521384,1847,6,5,5,1915,0,0,0,NA,0,283T1,MURIEL AV,ELIZABETH ST,0,NA,Y,B,-,N,NA,NA,NA,NA,NA,NA,NA,NA,NA,N,4,0,1,2,A,-,12,22450,A,M,B,C,A,B,H,-,A,A,0,NA,NA,NA,NA,Y,NA,D,22,0,0,1,0,0,0,0,0,0,-,-,NA,NA,LOS ANGELES,COMPTON,-118.2010901,33.88780001
7159188,2015,2016-02-23,1900,2015-12-31,2200,523692,1611,4,5,5,1977,0,0,0,NA,0,167T1,WALNUT ST,CENTRAL AV,0,NA,Y,A,-,N,NA,NA,NA,NA,NA,NA,NA,NA,NA,Y,3,0,1,2,A,-,12,21453,A,N,D,C,A,A,-,-,C,A,0,NA,NA,NA,NA,Y,NA,A,01,0,1,0,0,0,0,0,0,0,-,-,NA,NA,LOS ANGELES,CARSON,-118.24879009,33.87550012
7159248,2016,2016-02-09,1900,2016-01-23,1917,533018,2844,6,5,5,1915,0,0,0,NA,0,283T1,GREENLEAF BL,LONG BEACH BL,309,W,N,A,-,N,NA,NA,NA,NA,NA,NA,NA,NA,NA,N,4,0,1,2,A,-,09,21804,A,N,C,C,A,A,H,-,C,D,0,NA,NA,NA,NA,Y,NA,A,01,0,0,1,0,0,0,0,0,0,-,-,NA,NA,LOS ANGELES,COMPTON,-118.20588373,33.88128723
7159252,2016,2016-02-09,1900,2016-01-27,0833,516691,2832,3,5,5,1915,0,0,0,NA,0,282T1,CENTRAL AV,COMPTON BL,10,S,N,A,-,N,NA,NA,NA,NA,NA,NA,NA,NA,NA,N,4,0,1,2,A,-,21,22106,NA,N,C,C,A,B,H,-,B,A,0,NA,NA,NA,NA,Y,NA,A,01,0,0,1,0,0,0,0,0,0,-,-,NA,NA,LOS ANGELES,COMPTON,-118.25184351,33.895783109999996
7159256,2016,2016-02-09,1900,2016-01-28,1638,533018,2826,4,5,5,1915,0,0,0,NA,0,283T1,COMPTON BL,BRADFIELD AV,0,NA,Y,A,-,N,NA,NA,NA,NA,NA,NA,NA,NA,NA,N,4,0,1,3,A,-,03,22350,NA,N,C,C,A,A,H,-,A,A,0,NA,NA,NA,NA,Y,NA,A,07,0,0,1,0,0,0,0,0,0,-,-,NA,NA,LOS ANGELES,COMPTON,-118.20370006,33.89605003
7159276,2016,2016-02-09,1900,2016-01-20,2205,530382,NA,3,5,5,1915,0,0,0,NA,0,281T1,ROSECRANS AV,HARRIS AV,0,NA,Y,A,-,N,NA,NA,NA,NA,NA,NA,NA,NA,NA,N,4,0,1,2,A,-,05,21651,C,F,B,C,A,A,H,-,C,A,0,NA,NA,NA,NA,Y,NA,A,01,0,0,1,0,0,0,0,0,0,-,-,NA,NA,LOS ANGELES,COMPTON,-118.19935009,33.90359001
7159280,2016,2016-02-09,1900,2016-01-27,0536,516691,2821,3,5,5,1915,0,0,0,NA,0,282T1,ROSECRANS AV,WILLOW AV,0,NA,Y,A,-,N,NA,NA,NA,NA,NA,NA,NA,NA,NA,Y,4,0,1,2,A,-,09,21801,A,F,H,C,A,A,H,-,C,D,0,NA,NA,Y,NA,Y,NA,-,99,0,0,1,0,0,0,0,0,1,-,-,NA,NA,LOS ANGELES,COMPTON,-118.21747005,33.90333011
7159291,2015,2016-02-16,1900,2015-12-19,1748,528499,1628,6,5,5,1977,0,0,0,NA,0,167T1,AVALON BL,213TH ST,0,S,N,C,-,N,NA,NA,NA,NA,NA,NA,NA,NA,NA,N,4,0,1,2,A,-,10,21950,A,N,G,B,B,B,H,-,C,A,0,Y,NA,NA,NA,Y,NA,A,01,0,0,1,0,1,0,0,0,0,-,-,NA,NA,LOS ANGELES,CARSON,-118.263613,33.835381
7159301,2016,2016-02-12,1928,2016-01-18,1355,261,506,1,5,5,1928,0,0,0,NA,0,501,INGLEWOOD AV,116TH ST,40,S,N,B,-,N,NA,NA,NA,NA,NA,NA,NA,NA,NA,Y,4,0,1,2,A,-,03,22350,NA,N,C,C,A,A,H,-,A,D,0,NA,NA,NA,NA,Y,NA,A,07,0,0,1,0,0,0,0,0,0,-,-,33.92914,-118.36131,LOS ANGELES,HAWTHORNE,-118.36132875,33.92899029
7159317,2016,2016-02-12,1955,2016-01-27,1548,30060,0008,3,5,6,1955,0,0,0,NA,0,001,HOLT AV,GAREY AV,0,NA,Y,A,-,N,NA,NA,NA,NA,NA,NA,NA,NA,NA,N,4,0,1,2,A,-,08,22107,NA,N,B,C,A,A,H,-,A,D,0,NA,NA,Y,NA,Y,NA,D,22,0,0,1,0,0,0,0,0,1,-,-,NA,NA,LOS ANGELES,POMONA,-117.75033013,34.06239004
7159321,2016,2016-03-04,1955,2016-01-18,1806,41138,0084,1,5,6,1955,0,0,0,NA,0,004,RIVERSIDE DR,TOWNE AV,0,NA,Y,B,-,N,NA,NA,NA,NA,NA,NA,NA,NA,NA,Y,4,0,1,2,A,-,09,21801,A,N,A,C,A,A,H,-,C,A,0,NA,NA,NA,NA,Y,NA,I,09,0,0,1,0,0,0,0,0,0,-,-,NA,NA,LOS ANGELES,POMONA,-117.7401,34.01903
7159332,2015,2016-02-10,1900,2015-12-19,1607,521384,2814,6,5,5,1915,0,0,0,NA,0,283T1,MATHISEN AV,ROSECRANS AV,10,S,N,C,-,N,NA,NA,NA,NA,NA,NA,NA,NA,NA,N,4,0,1,2,A,-,05,21650,NA,M,D,G,A,B,H,-,A,A,0,NA,Y,NA,NA,Y,NA,L,04,0,0,1,0,0,0,1,0,0,-,-,NA,NA,LOS ANGELES,COMPTON,-118.23434751,33.90334265
7159389,2015,2016-08-03,1928,2015-12-27,1909,384,525,7,5,5,1928,0,0,0,NA,0,0H1,IMPERIAL HWY,HAWTHORNE BL,0,NA,Y,A,-,N,NA,NA,NA,NA,NA,NA,NA,NA,NA,N,4,0,1,2,A,-,11,21456,B,N,G,B,B,A,H,-,C,A,0,Y,NA,NA,NA,Y,NA,N,60,0,0,1,0,1,0,0,0,0,-,-,33.93094,-118.35257,LOS ANGELES,HAWTHORNE,-118.35271001,33.93096006
7159409,2015,2016-02-10,1928,2015-12-21,2213,327,519,1,5,5,1928,0,0,0,NA,0,503,CRENSHAW BL,139TH ST,350,N,N,A,-,N,NA,NA,NA,NA,NA,NA,NA,NA,NA,N,4,0,1,2,A,-,09,21801,A,N,D,C,A,A,H,-,C,D,0,NA,NA,NA,NA,Y,NA,A,01,0,0,1,0,0,0,0,0,0,-,-,33.90555,-118.32651,LOS ANGELES,HAWTHORNE,-118.3266,33.90649095
7159443,2016,2016-02-16,1942,2016-01-14,1100,41396,2104,4,5,7,1942,0,0,0,NA,0,9T53,OSBORNE ST,CANOGA AV,0,NA,Y,A,-,N,NA,NA,NA,NA,NA,NA,NA,NA,NA,Y,4,0,2,2,A,-,09,21802,A,N,D,C,A,A,H,-,A,A,0,NA,NA,NA,NA,Y,NA,A,01,0,0,2,0,0,0,0,0,0,-,-,NA,NA,LOS ANGELES,LOS ANGELES,-118.59755013,34.23361004
7159447,2016,2016-02-17,1942,2016-01-12,2345,38765,2148,2,5,7,1942,0,0,0,NA,0,21T65,SHERMAN WAY,MASON AV,0,NA,Y,A,-,N,NA,NA,NA,NA,NA,NA,NA,NA,NA,Y,4,0,1,2,A,-,12,21453,A,N,D,C,A,A,H,-,C,A,0,NA,NA,NA,NA,Y,NA,-,-,0,0,1,0,0,0,0,0,0,-,-,NA,NA,LOS ANGELES,LOS ANGELES,-118.57973003,34.20101007
7159455,2016,2016-02-11,1942,2016-01-21,2205,41198,2136,4,5,7,1942,0,0,0,NA,0,10TL35,CANOGA AV,SATICOY ST,0,NA,Y,A,-,N,NA,NA,NA,NA,NA,NA,NA,NA,NA,Y,4,0,2,4,A,-,12,21453,A,F,D,C,A,A,H,-,C,A,0,NA,NA,NA,NA,Y,NA,A,01,0,0,2,0,0,0,0,0,0,-,-,NA,NA,LOS ANGELES,LOS ANGELES,-118.5975101,34.20832012
7159459,2016,2016-02-12,1942,2016-01-11,1450,37093,2146,1,5,7,1942,0,0,0,NA,0,21A57,SHERMAN WAY,VASSAR AV,0,NA,Y,A,-,N,NA,NA,NA,NA,NA,NA,NA,NA,NA,N,4,0,1,2,A,-,09,21802,A,N,D,C,A,A,H,-,A,D,0,NA,NA,NA,NA,Y,NA,A,01,0,0,1,0,0,0,0,0,0,-,-,NA,NA,LOS ANGELES,LOS ANGELES,-118.60438004,34.2010201
7159463,2016,2016-02-12,1942,2016-01-06,0600,34634,2143,3,5,7,1942,0,0,0,NA,0,17TL17,VANOWEN ST,FALLBROOK AV,0,NA,Y,B,-,N,NA,NA,NA,NA,NA,NA,NA,NA,NA,N,4,0,1,2,A,-,10,21950,A,N,G,B,B,A,H,-,C,A,0,Y,NA,NA,NA,Y,NA,A,01,0,0,1,0,1,0,0,0,0,-,-,NA,NA,LOS ANGELES,LOS ANGELES,-118.62341011,34.19372007
7159467,2016,2016-02-12,1942,2016-01-06,0820,30452,2146,3,5,7,1942,0,0,0,NA,0,9T53,CANOGA AV,HART ST,170,S,N,B,C,N,NA,NA,NA,NA,NA,NA,NA,NA,NA,Y,3,0,1,1,A,-,08,22107,NA,N,E,I,A,B,H,-,A,D,0,NA,NA,NA,NA,Y,NA,A,07,0,1,0,0,0,0,0,0,0,-,-,NA,NA,LOS ANGELES,LOS ANGELES,-118.59759547,34.19694768
7159471,2016,2016-02-11,1942,2016-01-12,0630,30452,2149,2,5,7,1942,0,0,0,NA,0,9TL53,VANOWEN ST,CORBIN AV,0,NA,Y,A,-,N,NA,NA,NA,NA,NA,NA,NA,NA,NA,Y,4,0,1,3,A,-,12,21453,A,N,D,C,A,A,H,-,B,A,0,NA,NA,NA,NA,Y,NA,A,01,0,0,1,0,0,0,0,0,0,-,-,NA,NA,LOS ANGELES,LOS ANGELES,-118.56225012,34.1938201
7159475,2016,2016-02-12,1942,2016-01-12,1620,38995,2136,2,5,7,1942,0,0,0,NA,0,17TL16,VARIEL AV,VALERIO ST,0,NA,Y,A,-,N,NA,NA,NA,NA,NA,NA,NA,NA,NA,N,4,0,2,2,A,-,09,21802,A,N,D,C,A,A,H,-,A,A,0,NA,NA,NA,NA,Y,NA,A,01,0,0,2,0,0,0,0,0,0,-,-,NA,NA,LOS ANGELES,LOS ANGELES,-118.59286005,34.20467011
7159483,2016,2016-02-12,1942,2016-01-27,1915,36753,2143,3,5,7,1942,0,0,0,NA,0,15T45,FALLBROOK AV,VANOWEN ST,30,S,N,A,-,N,NA,NA,NA,NA,NA,NA,NA,NA,NA,Y,3,0,2,2,A,-,05,21650,NA,F,B,C,A,A,H,-,C,D,0,NA,NA,NA,NA,Y,NA,-,99,0,1,1,0,0,0,0,0,0,-,-,NA,NA,LOS ANGELES,LOS ANGELES,-118.62341,34.1936377
7159487,2016,2016-02-12,1928,2016-01-15,1757,350,532,5,5,5,1928,0,0,0,NA,0,501,INGLEWOOD AV,123RD ST,0,NA,Y,A,-,N,NA,NA,NA,NA,NA,NA,NA,NA,NA,Y,4,0,1,2,A,-,03,22350,NA,N,C,C,A,A,H,-,C,D,0,NA,NA,NA,NA,Y,NA,A,08,0,0,1,0,0,0,0,0,0,-,-,33.92145,-118.36142,LOS ANGELES,HAWTHORNE,-118.36130013,33.92143003
7159491,2016,2016-02-12,1928,2016-01-14,1833,371,522,4,5,5,1928,0,0,0,NA,0,0H3,PRAIRIE AV,MARINE AV,14,N,N,A,-,N,NA,NA,NA,NA,NA,NA,NA,NA,NA,N,4,0,1,2,A,-,09,21801,A,N,A,C,A,A,H,-,B,A,0,NA,NA,NA,NA,Y,NA,A,07,0,0,1,0,0,0,0,0,0,-,-,NA,NA,LOS ANGELES,HAWTHORNE,-118.34384,33.8946884
7159495,2016,2016-02-11,1955,2016-01-22,0718,41872,0089,5,5,6,1955,0,0,0,NA,0,004,RESERVOIR ST,PHILADELPHIA ST,40,S,N,A,-,N,NA,NA,NA,NA,NA,NA,NA,NA,NA,Y,4,0,1,3,A,-,03,22350,NA,N,C,C,A,A,H,-,A,A,0,NA,NA,Y,NA,Y,NA,A,01,0,0,1,0,0,0,0,0,1,-,-,NA,NA,LOS ANGELES,POMONA,-117.73176513,34.03361044
7159499,2016,2017-01-31,1955,2016-01-22,0852,40348,0084,5,5,6,1955,0,0,0,NA,0,004,RIVERSIDE DR,TOWNE AV,0,NA,Y,A,-,N,NA,NA,NA,NA,NA,NA,NA,NA,NA,Y,4,0,2,2,A,-,09,21801,A,N,D,C,A,A,H,-,A,A,0,NA,NA,NA,NA,Y,NA,A,01,0,0,2,0,0,0,0,0,0,-,-,NA,NA,LOS ANGELES,POMONA,-117.7401,34.01903
7159503,2016,2016-02-12,1900,2016-01-17,1129,506392,1614,7,5,5,1977,0,0,0,NA,0,164T,190TH ST,FIGUEROA ST,0,NA,Y,A,-,N,NA,NA,NA,NA,NA,NA,NA,NA,NA,Y,4,0,3,2,A,-,12,21453,A,N,D,C,A,A,H,-,A,A,0,NA,NA,NA,NA,Y,NA,A,01,0,0,3,0,0,0,0,0,0,-,-,NA,NA,LOS ANGELES,CARSON,-118.28156003,33.86279001
7159511,2015,2016-02-12,1928,2015-01-23,0818,389,522,5,5,5,1928,0,0,0,NA,0,0H3,PRAIRIE AV,MARINE AV,0,NA,Y,A,-,N,NA,NA,NA,NA,NA,NA,NA,NA,NA,N,4,0,1,2,A,-,12,21453,A,N,D,C,A,A,H,-,A,A,0,NA,NA,NA,NA,Y,NA,A,01,0,0,1,0,0,0,0,0,0,-,-,33.89463,-118.34387,LOS ANGELES,HAWTHORNE,-118.34384001,33.89465009
7159543,2015,2016-02-22,1907,2015-09-22,1819,190,1,2,5,4,1907,0,0,0,NA,0,NA,FLORENCE AV,BEAR AV,121,W,N,A,-,N,NA,NA,NA,NA,NA,NA,NA,NA,NA,N,4,0,1,2,A,-,03,22350,NA,N,C,C,A,A,H,-,A,D,0,NA,NA,NA,NA,Y,NA,A,01,0,0,1,0,0,0,0,0,0,-,-,33.97229,-118.19969,LOS ANGELES,BELL,-118.1993549,33.97150308
7159547,2015,2016-02-22,1942,2015-09-11,1815,40596,0884,5,5,7,1942,0,0,0,H,0,8A59,WESTWOOD BL,PICO BL,100,N,N,A,-,N,NA,NA,NA,NA,NA,NA,NA,NA,NA,N,3,0,1,2,A,-,09,21801,A,N,D,G,A,A,-,-,A,D,0,NA,Y,NA,NA,Y,NA,A,01,0,1,0,0,0,0,1,0,0,-,-,NA,NA,LOS ANGELES,LOS ANGELES,-118.42866313,34.04034221
7159562,2015,2016-02-22,1942,2015-09-09,2000,38028,0884,3,5,7,1942,0,0,0,H,0,8A36,PICO BL,MILITARY AV,0,NA,Y,A,-,N,NA,NA,NA,NA,NA,NA,NA,NA,NA,Y,4,0,1,3,A,-,09,21802,A,N,D,C,A,A,H,-,C,D,0,NA,NA,NA,NA,Y,NA,A,01,0,0,1,0,0,0,0,0,0,-,-,NA,NA,LOS ANGELES,LOS ANGELES,-118.43293001,34.03804001
7159575,2015,2016-02-25,1900,2015-10-24,2131,600695,1335,6,5,5,1908,0,0,0,NA,0,133F1,ARTESIA BL,LAKEWOOD BL,0,NA,Y,A,-,N,NA,NA,NA,NA,NA,NA,NA,NA,NA,Y,4,0,1,4,A,-,01,23152,A,N,A,C,A,A,H,-,C,A,0,NA,NA,NA,NA,Y,Y,A,07,0,0,1,0,0,0,0,0,0,-,-,NA,NA,LOS ANGELES,BELLFLOWER,-118.14259012,33.87482005
7159577,2015,2016-02-29,1941,2015-08-10,2055,5226,NA,1,5,7,1941,0,0,0,NA,0,NA,29TH ST,MAINE AV,0,NA,Y,A,-,N,NA,NA,NA,NA,NA,NA,NA,NA,NA,N,4,0,1,2,A,-,-,NA,NA,F,D,B,B,A,H,-,C,A,0,Y,NA,NA,NA,Y,NA,D,NA,0,0,1,0,1,0,0,0,0,-,-,NA,NA,LOS ANGELES,LONG BEACH,-118.20029008,33.80980007
7159586,2015,2016-02-22,1942,2015-09-06,1540,40932,0881,7,5,7,1942,0,0,0,H,0,8A53,WESTGATE AV,MISSISSIPPI AV,20,S,N,A,-,N,NA,NA,NA,NA,NA,NA,NA,NA,NA,N,4,0,1,2,A,-,12,22450,A,N,D,G,A,A,H,-,A,A,0,NA,Y,NA,NA,Y,NA,A,01,0,0,1,0,0,0,1,0,0,-,-,NA,NA,LOS ANGELES,LOS ANGELES,-118.45191,34.03394
7159589,2015,2016-02-22,1942,2015-09-09,1920,33707,0838,3,5,7,1942,0,0,0,H,0,8A53,GAYLEY AV,KINROSS AV,75,S,N,A,-,N,NA,NA,NA,NA,NA,NA,NA,NA,NA,N,4,0,1,2,A,-,07,21658,A,N,B,C,A,A,H,-,C,D,0,NA,NA,NA,NA,Y,NA,A,01,0,0,1,0,0,0,0,0,0,-,-,NA,NA,LOS ANGELES,LOS ANGELES,-118.44634066,34.06007008