CASE_ID,ACCIDENT_YEAR,PROC_DATE,JURIS,COLLISION_DATE,COLLISION_TIME,OFFICER_ID,REPORTING_DISTRICT,DAY_OF_WEEK,CHP_SHIFT,POPULATION,CNTY_CITY_LOC,SPECIAL_COND,BEAT_TYPE,CHP_BEAT_TYPE,CITY_DIVISION_LAPD,CHP_BEAT_CLASS,BEAT_NUMBER,PRIMARY_RD,SECONDARY_RD,DISTANCE,DIRECTION,INTERSECTION,WEATHER_1,WEATHER_2,STATE_HWY_IND,CALTRANS_COUNTY,CALTRANS_DISTRICT,STATE_ROUTE,ROUTE_SUFFIX,POSTMILE_PREFIX,POSTMILE,LOCATION_TYPE,RAMP_INTERSECTION,SIDE_OF_HWY,TOW_AWAY,COLLISION_SEVERITY,NUMBER_KILLED,NUMBER_INJURED,PARTY_COUNT,PRIMARY_COLL_FACTOR,PCF_CODE_OF_VIOL,PCF_VIOL_CATEGORY,PCF_VIOLATION,PCF_VIOL_SUBSECTION,HIT_AND_RUN,TYPE_OF_COLLISION,MVIW,PED_ACTION,ROAD_SURFACE,ROAD_COND_1,ROAD_COND_2,LIGHTING,CONTROL_DEVICE,CHP_ROAD_TYPE,PEDESTRIAN_ACCIDENT,BICYCLE_ACCIDENT,MOTORCYCLE_ACCIDENT,TRUCK_ACCIDENT,NOT_PRIVATE_PROPERTY,ALCOHOL_INVOLVED,STWD_VEHTYPE_AT_FAULT,CHP_VEHTYPE_AT_FAULT,COUNT_SEVERE_INJ,COUNT_VISIBLE_INJ,COUNT_COMPLAINT_PAIN,COUNT_PED_KILLED,COUNT_PED_INJURED,COUNT_BICYCLIST_KILLED,COUNT_BICYCLIST_INJURED,COUNT_MC_KILLED,COUNT_MC_INJURED,PRIMARY_RAMP,SECONDARY_RAMP,LATITUDE,LONGITUDE,COUNTY,CITY,POINT_X,POINT_Y
7160734,2015,2016-01-22,1900,2015-12-19,2325,528251,1432,6,5,4,1937,0,0,0,NA,0,143T2,HACIENDA BL,ECTOR ST,0,NA,Y,B,-,N,NA,NA,NA,NA,NA,NA,NA,NA,NA,Y,4,0,1,2,A,-,09,21804,A,N,B,C,A,B,H,-,C,D,0,NA,NA,NA,NA,Y,NA,A,08,0,0,1,0,0,0,0,0,0,-,-,NA,NA,LOS ANGELES,LA PUENTE,-117.95239003,34.03194007
7160735,2016,2016-01-21,1901,2016-01-07,1926,277,16,4,5,5,1901,0,0,0,NA,0,004,VALLEY BL,GRANDVIEW,450,W,N,A,-,N,NA,NA,NA,NA,NA,NA,NA,NA,NA,N,3,0,1,3,A,-,03,22350,NA,N,C,C,A,A,H,-,C,D,0,NA,NA,NA,NA,Y,NA,A,01,0,1,0,0,0,0,0,0,0,-,-,NA,NA,LOS ANGELES,ALHAMBRA,-118.15641744,34.07657441
7160738,2015,2016-01-22,1900,2015-12-30,1556,406363,1412,3,5,1,1932,0,0,0,NA,0,141T5,TEMPLE AV,BALDWIN PARK BL,1800,W,N,A,-,N,NA,NA,NA,NA,NA,NA,NA,NA,NA,Y,4,0,1,2,D,-,00,NA,NA,M,C,C,A,A,H,-,A,D,0,NA,NA,NA,NA,Y,NA,-,-,0,0,1,0,0,0,0,0,0,-,-,34.0588,-117.99692,LOS ANGELES,INDUSTRY,-117.996765,34.05889334
7160741,2015,2016-01-22,1900,2015-12-28,1300,526352,1430,1,5,4,1937,0,0,0,NA,0,143T1,NELSON AV,PUENTE AV,0,NA,Y,A,-,N,NA,NA,NA,NA,NA,NA,NA,NA,NA,N,4,0,2,2,A,-,12,21453,A,N,D,C,A,A,H,-,A,A,0,NA,NA,NA,NA,Y,NA,A,01,0,0,2,0,0,0,0,0,0,-,-,NA,NA,LOS ANGELES,LA PUENTE,-117.98557006,34.04670005
7160742,2015,2016-01-22,1900,2015-12-22,1310,232758,1410,2,5,1,1932,0,0,0,NA,0,141T2,CROSSROAD PKWY S,WORKMAN MILL RD,586,E,N,B,-,N,NA,NA,NA,NA,NA,NA,NA,NA,NA,Y,4,0,2,2,A,-,09,21801,A,N,D,C,A,B,H,-,A,D,0,NA,NA,NA,NA,Y,NA,A,07,0,0,2,0,0,0,0,0,0,-,-,34.0289,-118.02383,LOS ANGELES,INDUSTRY,-118.02395237,34.02878
7160745,2015,2016-01-22,1900,2015-12-20,1605,499043,1900,7,5,5,1959,0,0,0,NA,0,53T1,EARLSWOOD DR,HERSHEY ST,80,N,N,A,-,N,NA,NA,NA,NA,NA,NA,NA,NA,NA,N,3,0,1,2,A,-,08,22107,NA,F,B,C,A,A,H,-,A,D,0,NA,NA,NA,NA,Y,NA,A,01,0,1,0,0,0,0,0,0,0,-,-,NA,NA,LOS ANGELES,ROSEMEAD,-118.07378234,34.06924555
7160746,2015,2016-01-22,1900,2015-12-23,1440,196195,1412,3,5,1,1932,0,0,0,NA,0,141T5,TEMPLE AV,PEREZ PL,2112,N,N,A,-,N,NA,NA,NA,NA,NA,NA,NA,NA,NA,Y,4,0,1,1,A,-,03,22350,NA,N,E,I,A,A,H,-,A,D,0,NA,NA,NA,NA,Y,Y,A,01,0,0,1,0,0,0,0,0,0,-,-,34.05942,-117.99651,LOS ANGELES,INDUSTRY,-117.99642863,34.05908223
7160750,2015,2016-01-22,1900,2015-12-23,1655,196195,1417,3,5,1,1932,0,0,0,NA,0,141T5,AZUSA AV,GLENLOCH AV,100,N,N,A,-,N,NA,NA,NA,NA,NA,NA,NA,NA,NA,N,4,0,1,2,A,-,04,21703,NA,N,C,C,A,A,H,-,C,D,0,NA,NA,NA,NA,Y,NA,A,01,0,0,1,0,0,0,0,0,0,-,-,NA,NA,LOS ANGELES,INDUSTRY,-117.91904366,34.02140946
7160751,2015,2016-08-09,1905,2015-12-08,1747,1157,443,2,5,4,1905,0,0,0,NA,0,081,ARROW HWY,CERRITOS AV,0,NA,Y,A,-,N,NA,NA,NA,NA,NA,NA,NA,NA,NA,N,4,0,1,3,A,-,09,21801,A,F,B,C,A,A,H,-,C,A,0,NA,NA,NA,NA,Y,NA,-,NA,0,0,1,0,0,0,0,0,0,-,-,NA,NA,LOS ANGELES,AZUSA,-117.89896003,34.10677003
7160754,2015,2016-01-22,1942,2015-12-06,0120,30694,1993,7,5,7,1942,0,0,0,NA,0,19A61,LANARK ST,SEPULVEDA BL,130,E,N,A,-,N,NA,NA,NA,NA,NA,NA,NA,NA,NA,Y,4,0,1,2,A,-,07,21658,A,N,B,C,A,A,H,-,C,D,0,NA,NA,NA,NA,Y,Y,A,01,0,0,1,0,0,0,0,0,0,-,-,NA,NA,LOS ANGELES,LOS ANGELES,-118.46642,34.21805
7160773,2015,2017-01-30,1900,2015-12-10,1740,538694,0451,4,5,6,1949,0,0,0,NA,0,43T1,FIRESTONE BL,RT 605,0,NA,Y,A,-,Y,LA,7,605,-,R,7.96,R,4,S,N,3,0,1,2,A,-,05,21650,1,N,D,G,A,A,H,-,B,A,0,NA,Y,NA,NA,Y,NA,L,04,0,1,0,0,0,0,1,0,0,-,-,NA,NA,LOS ANGELES,NORWALK,-118.1047719,33.91849843
7160793,2015,2016-02-03,1901,2015-12-03,0938,239,18,4,5,5,1901,0,0,0,NA,0,004,EDITH AV,SHORB ST,684,N,N,A,-,N,NA,NA,NA,NA,NA,NA,NA,NA,NA,N,4,0,1,2,A,-,11,21954,A,N,G,B,E,A,H,-,A,D,0,Y,NA,NA,NA,Y,NA,N,60,0,0,1,0,1,0,0,0,0,-,-,NA,NA,LOS ANGELES,ALHAMBRA,-118.13636904,34.08128554
7160797,2015,2016-01-22,1901,2015-12-02,2025,237,6,3,5,5,1901,0,0,0,NA,0,001,1ST ST,MISSION RD,0,NA,Y,A,-,N,NA,NA,NA,NA,NA,NA,NA,NA,NA,N,3,0,1,2,A,-,10,21950,A,N,G,B,D,A,H,-,C,D,0,Y,NA,NA,NA,Y,NA,A,01,0,1,0,0,1,0,0,0,0,-,-,NA,NA,LOS ANGELES,ALHAMBRA,-118.1240801,34.08922005
7160803,2016,2016-01-21,1942,2016-01-09,1830,37966,0892,6,5,7,1942,0,0,0,H,0,6TL4,SAWTELLE BL,PEARL ST,0,NA,Y,B,-,N,NA,NA,NA,NA,NA,NA,NA,NA,NA,Y,3,0,1,2,A,-,09,21802,A,N,D,C,A,A,H,-,C,A,0,NA,NA,NA,NA,Y,NA,A,01,0,1,0,0,0,0,0,0,0,-,-,NA,NA,LOS ANGELES,LOS ANGELES,-118.43665008,34.03283003
7160807,2016,2016-01-21,1942,2016-01-03,1537,40033,0808,7,5,7,1942,0,0,0,H,0,8X98,BENEDICT CANYON DR,MULHOLLAND DR,430,S,N,A,-,N,NA,NA,NA,NA,NA,NA,NA,NA,NA,Y,4,0,2,3,A,-,03,22350,NA,N,A,C,A,A,H,-,A,D,0,NA,NA,NA,NA,Y,NA,A,01,0,0,2,0,0,0,0,0,0,-,-,NA,NA,LOS ANGELES,LOS ANGELES,-118.43653301,34.13076743
7160811,2016,2016-01-21,1942,2016-01-07,1545,37700,0881,4,5,7,1942,0,0,0,H,0,20TL56,OLYMPIC BL,CENTINELA AV,150,W,N,A,-,N,NA,NA,NA,NA,NA,NA,NA,NA,NA,Y,4,0,1,2,A,-,09,21801,A,N,D,C,A,A,H,-,A,D,0,NA,NA,NA,NA,Y,NA,A,01,0,0,1,0,0,0,0,0,0,-,-,NA,NA,LOS ANGELES,LOS ANGELES,-118.45971856,34.03114286
7160815,2016,2016-01-21,1942,2016-01-11,0845,39611,1406,1,5,7,1942,0,0,0,N,0,14A49,MOTOR AV,WOODBINE ST,0,NA,Y,A,-,N,NA,NA,NA,NA,NA,NA,NA,NA,NA,N,4,0,1,2,A,-,09,21802,A,N,B,C,A,A,H,-,A,A,0,NA,NA,NA,NA,Y,NA,A,01,0,0,1,0,0,0,0,0,0,-,-,NA,NA,LOS ANGELES,LOS ANGELES,-118.40952002,34.02769005
7160819,2016,2016-01-21,1942,2016-01-07,1535,38591,0884,4,5,7,1942,0,0,0,H,0,8X98,PICO BL,COTNER AV,25,E,N,A,-,N,NA,NA,NA,NA,NA,NA,NA,NA,NA,Y,4,0,1,2,A,-,09,21801,A,N,-,C,A,A,-,-,A,A,0,NA,NA,NA,NA,Y,NA,A,07,0,0,1,0,0,0,0,0,0,-,-,NA,NA,LOS ANGELES,LOS ANGELES,-118.43659939,34.03625531
7160823,2016,2016-01-21,1942,2016-01-09,0615,41054,0743,6,5,7,1942,0,0,0,G,0,7TL23,OLYMPIC BL,GENESEE AV,0,NA,Y,A,-,N,NA,NA,NA,NA,NA,NA,NA,NA,NA,Y,2,0,1,2,A,-,12,21453,A,N,G,B,B,A,H,-,C,A,0,Y,NA,NA,NA,Y,NA,A,01,1,0,0,0,1,0,0,0,0,-,-,NA,NA,LOS ANGELES,LOS ANGELES,-118.36087003,34.05770006
7160827,2016,2016-01-21,1942,2016-01-05,0725,35945,0804,2,5,7,1942,0,0,0,H,0,8TL35,SEPULVEDA BL,MOUNTAINGATE DR,5800,S,N,C,-,N,NA,NA,NA,NA,NA,NA,NA,NA,NA,Y,4,0,1,2,A,-,03,22350,NA,N,-,C,A,B,H,-,A,D,0,NA,NA,NA,NA,Y,NA,A,01,0,0,1,0,0,0,0,0,0,-,-,NA,NA,LOS ANGELES,LOS ANGELES,-118.4782267,34.10074268
7160831,2016,2016-01-21,1942,2016-01-08,1625,40701,0884,5,5,7,1942,0,0,0,H,0,8A36,W PICO BL,MILITARY AV,0,NA,Y,A,-,N,NA,NA,NA,NA,NA,NA,NA,NA,NA,Y,4,0,1,2,A,-,03,22350,NA,N,C,C,A,A,H,-,B,D,0,NA,NA,NA,NA,Y,Y,A,01,0,0,1,0,0,0,0,0,0,-,-,NA,NA,LOS ANGELES,LOS ANGELES,-118.43293001,34.03804001
7160835,2016,2016-01-21,1942,2016-01-08,2255,37511,1453,5,5,7,1942,0,0,0,N,0,7T23,GLENCOE AV,BEACH AV,700,S,N,A,-,N,NA,NA,NA,NA,NA,NA,NA,NA,NA,N,4,0,1,1,A,-,03,22350,NA,N,F,J,A,A,H,-,C,D,0,NA,NA,Y,NA,Y,NA,C,02,0,0,1,0,0,0,0,0,1,-,-,NA,NA,LOS ANGELES,LOS ANGELES,-118.44273005,33.98986098
7160839,2016,2016-01-21,1942,2016-01-10,1655,40690,0836,7,5,7,1942,0,0,0,H,0,14T52,AVENUE OF THE STARS,W OLYMPIC BL,0,NA,Y,A,-,N,NA,NA,NA,NA,NA,NA,NA,NA,NA,N,4,0,1,2,A,-,03,22350,A,N,C,C,A,A,H,-,B,D,0,NA,NA,NA,NA,Y,NA,A,07,0,0,1,0,0,0,0,0,0,-,-,NA,NA,LOS ANGELES,LOS ANGELES,-118.41377,34.05635
7160840,2016,2016-01-21,1942,2016-01-03,0800,41054,0824,7,5,7,1942,0,0,0,H,0,7TL23,SUNSET BL,SAN REMO DR,14,E,N,A,-,N,NA,NA,NA,NA,NA,NA,NA,NA,NA,Y,3,0,3,1,A,-,01,23152,A,F,E,I,A,A,H,-,A,D,0,NA,NA,NA,NA,Y,Y,-,99,0,2,1,0,0,0,0,0,0,-,-,NA,NA,LOS ANGELES,LOS ANGELES,NA,NA
7160843,2016,2016-01-21,1942,2016-01-08,1945,39763,1487,5,5,7,1942,0,0,0,N,0,14A13,MANCHESTER AV,SEPULVEDA BL,76,W,N,A,-,N,NA,NA,NA,NA,NA,NA,NA,NA,NA,Y,4,0,1,2,A,-,09,21801,A,N,A,C,A,A,-,-,C,A,0,NA,NA,NA,NA,Y,NA,-,NA,0,0,1,0,0,0,0,0,0,-,-,NA,NA,LOS ANGELES,LOS ANGELES,-118.3964801,33.95991528
7160844,2016,2016-01-21,1942,2016-01-01,1250,39061,1488,5,5,7,1942,0,0,0,N,0,14T54,AIRPORT BL,ARBOR VITAE ST,0,NA,Y,A,-,N,NA,NA,NA,NA,NA,NA,NA,NA,NA,Y,4,0,1,2,A,-,12,21453,A,N,D,C,A,A,H,-,A,A,0,NA,NA,NA,NA,Y,NA,A,07,0,0,1,0,0,0,0,0,0,-,-,NA,NA,LOS ANGELES,LOS ANGELES,-118.38587005,33.95266011
7160847,2016,2016-01-21,1942,2016-01-10,1345,41756,1409,7,5,7,1942,0,0,0,N,0,14A25,VENICE BL,CULVER BL,150,W,N,B,-,N,NA,NA,NA,NA,NA,NA,NA,NA,NA,N,4,0,1,2,A,-,07,21658,NA,N,D,C,A,A,H,-,A,A,0,NA,NA,NA,NA,Y,NA,A,01,0,0,1,0,0,0,0,0,0,-,-,NA,NA,LOS ANGELES,LOS ANGELES,-118.39288158,34.02672232
7160848,2016,2016-01-21,1942,2016-01-04,2240,41376,0701,1,5,7,1942,0,0,0,G,0,20T59,CRESCENT HEIGHTS BL,MELROSE AV,0,NA,Y,A,-,N,NA,NA,NA,NA,NA,NA,NA,NA,NA,N,4,0,1,2,A,-,12,21453,A,F,D,C,A,A,H,-,C,D,0,NA,NA,NA,NA,Y,NA,-,99,0,0,1,0,0,0,0,0,0,-,-,NA,NA,LOS ANGELES,LOS ANGELES,-118.36591002,34.08374004
7160851,2016,2016-01-21,1942,2016-01-04,0940,26281,1413,1,5,7,1942,0,0,0,N,0,14TL47,SANTA CLARA AV,6TH AV,0,NA,Y,B,-,N,NA,NA,NA,NA,NA,NA,NA,NA,NA,Y,3,0,1,2,A,-,12,22450,A,N,D,C,A,B,H,-,A,A,0,NA,NA,NA,NA,Y,NA,-,NA,0,1,0,0,0,0,0,0,0,-,-,NA,NA,LOS ANGELES,LOS ANGELES,-118.46653006,33.99244004
7160852,2016,2016-01-21,1942,2016-01-04,1630,31573,0678,1,5,7,1942,0,0,0,F,0,34MQ09,WESTERN AV,SANTA MONICA BL,15,S,N,A,-,N,NA,NA,NA,NA,NA,NA,NA,NA,NA,N,4,0,2,2,A,-,04,21703,NA,F,C,C,A,A,H,-,A,A,0,NA,NA,NA,NA,Y,NA,-,99,0,0,2,0,0,0,0,0,0,-,-,NA,NA,LOS ANGELES,LOS ANGELES,-118.30917,34.09072886
7160855,2016,2016-01-21,1942,2016-01-06,1645,37715,1487,3,5,7,1942,0,0,0,N,0,8TL26W,WESTCHESTER PKWY,SEPULVEDA EASTWAY,50,W,N,C,-,N,NA,NA,NA,NA,NA,NA,NA,NA,NA,N,4,0,1,2,A,-,03,22350,NA,N,C,C,A,B,H,-,A,A,0,NA,NA,NA,NA,Y,NA,A,07,0,0,1,0,0,0,0,0,0,-,-,NA,NA,LOS ANGELES,LOS ANGELES,-118.39490457,33.95461
7160856,2016,2016-01-21,1942,2016-01-10,0030,39624,0063,7,5,7,1942,0,0,0,NA,0,8T35,HIGHLAND AV,SANTA MONICA BL,64,N,N,A,-,N,NA,NA,NA,NA,NA,NA,NA,NA,NA,Y,4,0,2,3,A,-,01,23152,A,N,C,C,A,A,H,-,D,A,0,NA,NA,NA,NA,Y,Y,A,01,0,0,2,0,0,0,0,0,0,-,-,NA,NA,LOS ANGELES,LOS ANGELES,-118.33860382,34.0908755
7160859,2016,2016-01-21,1942,2016-01-06,0805,26740,1455,3,5,7,1942,0,0,0,N,0,8T83,CENTINELA,WASHINGTON,150,S,N,C,-,N,NA,NA,NA,NA,NA,NA,NA,NA,NA,Y,4,0,1,2,A,-,09,21804,A,N,D,C,A,B,H,-,A,D,0,NA,NA,NA,NA,Y,NA,A,07,0,0,1,0,0,0,0,0,0,-,-,NA,NA,LOS ANGELES,LOS ANGELES,-118.43005351,33.99907356
7160860,2016,2016-01-21,1942,2016-01-09,2310,25495,0724,6,5,7,1942,0,0,0,G,0,7T23,3RD ST,THE GROVE DR,40,W,N,A,-,N,NA,NA,NA,NA,NA,NA,NA,NA,NA,Y,4,0,3,2,A,-,01,23152,A,N,C,C,A,A,H,-,C,A,0,NA,NA,NA,NA,Y,Y,A,01,0,0,3,0,0,0,0,0,0,-,-,NA,NA,LOS ANGELES,LOS ANGELES,-118.35644982,34.07081909
7160863,2016,2016-01-21,1942,2016-01-08,1115,42095,1441,5,5,7,1942,0,0,0,N,0,14A45,VIA DOLCE,WASHINGTON BL,450,S,N,A,-,N,NA,NA,NA,NA,NA,NA,NA,NA,NA,Y,3,0,1,2,A,-,09,21801,A,N,D,C,A,A,H,-,A,D,0,NA,NA,Y,NA,Y,NA,A,07,0,1,0,0,0,0,0,0,0,-,-,NA,NA,LOS ANGELES,LOS ANGELES,-118.46263823,33.98005801
7160864,2016,2016-01-21,1942,2016-01-03,0913,32921,2027,7,5,7,1942,0,0,0,NA,0,8MQ72,BERENDO ST,6TH ST,0,NA,Y,A,-,N,NA,NA,NA,NA,NA,NA,NA,NA,NA,N,4,0,1,2,A,-,10,21950,A,N,G,B,B,A,H,-,A,A,0,Y,NA,NA,NA,Y,NA,A,01,0,0,1,0,1,0,0,0,0,-,-,NA,NA,LOS ANGELES,LOS ANGELES,-118.29413,34.06361
7160867,2016,2016-01-21,1942,2016-01-06,1540,38380,1494,3,5,7,1942,0,0,0,N,0,6TL2,WORLD WAY NORTH,WEST WY,0,NA,Y,C,-,N,NA,NA,NA,NA,NA,NA,NA,NA,NA,N,4,0,1,2,A,-,10,21950,NA,N,G,B,B,B,H,-,A,D,0,Y,NA,NA,NA,Y,NA,A,01,0,0,1,0,1,0,0,0,0,-,-,NA,NA,LOS ANGELES,LOS ANGELES,-118.40606,33.94484008
7160868,2016,2016-01-21,1942,2016-01-02,0600,39058,2024,6,5,7,1942,0,0,0,NA,0,6T7,6TH ST,KINGSLEY DR,0,NA,Y,A,-,N,NA,NA,NA,NA,NA,NA,NA,NA,NA,N,4,0,1,2,A,-,10,21950,A,N,G,B,B,A,H,-,B,A,0,Y,NA,NA,NA,Y,NA,A,01,0,0,1,0,1,0,0,0,0,-,-,NA,NA,LOS ANGELES,LOS ANGELES,-118.30286005,34.063570060000004
7160872,2016,2016-01-21,1942,2016-01-07,0755,38406,2044,4,5,7,1942,0,0,0,NA,0,20TL55,8TH ST,HARVARD,10,E,N,A,-,N,NA,NA,NA,NA,NA,NA,NA,NA,NA,N,4,0,1,2,A,-,09,21801,A,N,G,B,B,B,H,-,A,A,0,Y,NA,NA,NA,Y,NA,A,08,0,0,1,0,1,0,0,0,0,-,-,NA,NA,LOS ANGELES,LOS ANGELES,-118.30413705,34.0576903
7160875,2016,2016-01-21,1942,2016-01-04,1400,37715,1409,1,5,7,1942,0,0,0,N,0,14T52W,VENICE BL,NATIONAL BL,60,W,N,A,-,N,NA,NA,NA,NA,NA,NA,NA,NA,NA,N,4,0,2,3,A,-,03,22350,NA,N,C,C,A,A,H,-,A,D,0,NA,NA,NA,NA,Y,NA,A,08,0,0,2,0,0,0,0,0,0,-,-,NA,NA,LOS ANGELES,LOS ANGELES,-118.38846514,34.02932957
7160876,2016,2016-01-21,1942,2016-01-01,1900,40024,2022,5,5,7,1942,0,0,0,NA,0,6T7,6TH ST,MANHATTAN PL,0,NA,Y,B,-,N,NA,NA,NA,NA,NA,NA,NA,NA,NA,Y,4,0,1,3,A,-,09,21801,A,N,D,C,A,A,H,-,C,A,0,NA,NA,NA,NA,Y,NA,A,01,0,0,1,0,0,0,0,0,0,-,-,NA,NA,LOS ANGELES,LOS ANGELES,-118.31036007,34.06351006
7160880,2016,2016-01-21,1942,2016-01-10,2310,40460,2019,7,5,7,1942,0,0,0,NA,0,7T23,VERMONT AV,3RD ST,0,NA,Y,A,-,N,NA,NA,NA,NA,NA,NA,NA,NA,NA,Y,2,0,2,2,A,-,09,21801,A,N,D,C,A,A,H,-,C,A,0,NA,NA,Y,NA,Y,NA,A,01,1,0,1,0,0,0,0,0,1,-,-,NA,NA,LOS ANGELES,LOS ANGELES,-118.29165,34.06905
7160906,2015,2016-03-02,1901,2015-12-06,1955,183,11,7,5,5,1901,0,0,0,NA,0,002,GARFIELD AV,PALMETTO DR,0,NA,Y,A,-,N,NA,NA,NA,NA,NA,NA,NA,NA,NA,Y,4,0,2,2,A,-,03,22350,NA,N,C,C,A,A,H,-,C,A,0,NA,NA,NA,NA,Y,NA,A,01,0,0,2,0,0,0,0,0,0,-,-,NA,NA,LOS ANGELES,ALHAMBRA,-118.12306006,34.08732004
7160911,2015,2016-02-25,1901,2015-12-07,0157,237,17,1,5,5,1901,0,0,0,NA,0,004,W VALLEY BL,WESTMINSTER AV,160,W,N,A,-,N,NA,NA,NA,NA,NA,NA,NA,NA,NA,Y,4,0,1,1,A,-,08,22107,NA,N,H,I,A,A,H,-,C,D,0,NA,NA,NA,NA,Y,NA,A,01,0,0,1,0,0,0,0,0,0,-,-,NA,NA,LOS ANGELES,ALHAMBRA,-118.15874722,34.07616892
7160922,2015,2016-02-29,1901,2015-12-11,1555,210,30,5,5,5,1901,0,0,0,NA,0,003,FREMONT AV,CONCORD,0,NA,Y,A,-,N,NA,NA,NA,NA,NA,NA,NA,NA,NA,N,4,0,2,3,A,-,03,22350,NA,N,C,C,A,B,H,-,A,A,0,NA,NA,NA,NA,Y,NA,-,NA,0,0,2,0,0,0,0,0,0,-,-,NA,NA,LOS ANGELES,ALHAMBRA,-118.15198013,34.08655009
7160996,2015,2016-02-16,1901,2015-11-30,0755,278,28,1,5,5,1901,0,0,0,NA,0,003,MARGUERITA AV,MISSION RD,478,N,N,A,-,N,NA,NA,NA,NA,NA,NA,NA,NA,NA,Y,4,0,1,3,A,-,09,21804,A,N,D,C,A,A,H,-,A,D,0,NA,NA,NA,NA,Y,NA,A,01,0,0,1,0,0,0,0,0,0,-,-,NA,NA,LOS ANGELES,ALHAMBRA,-118.13824923,34.08446071
7161078,2016,2016-01-27,1955,2016-01-04,2225,42042,0049,1,5,6,1955,0,0,0,NA,0,001,W HOLT AV,FILLMORE ST,30,S,N,B,-,N,NA,NA,NA,NA,NA,NA,NA,NA,NA,Y,4,0,4,2,A,-,12,22450,A,N,D,C,A,A,H,-,C,A,0,NA,NA,NA,NA,Y,NA,D,22,0,0,4,0,0,0,0,0,0,-,-,NA,NA,LOS ANGELES,POMONA,-117.76708000000001,34.06196
7161097,2016,2016-01-25,1955,2016-01-09,1433,42129,0006,6,5,6,1955,0,0,0,NA,0,001,PARK AV,HOLT AV,0,NA,Y,B,-,N,NA,NA,NA,NA,NA,NA,NA,NA,NA,Y,4,0,1,2,A,-,12,21453,A,N,D,C,A,A,H,-,A,A,0,NA,NA,NA,NA,Y,NA,A,01,0,0,1,0,0,0,0,0,0,-,-,NA,NA,LOS ANGELES,POMONA,-117.75466011,34.06228004
7161105,2016,2016-01-25,1955,2016-01-07,2204,42227,0083,4,5,6,1955,0,0,0,NA,0,005,PARK AV,RIO RANCHO RD,0,NA,Y,A,-,N,NA,NA,NA,NA,NA,NA,NA,NA,NA,Y,4,0,2,2,A,-,12,21453,A,N,D,C,A,A,H,-,C,A,0,NA,NA,NA,NA,Y,NA,A,01,0,0,2,0,0,0,0,0,0,-,-,NA,NA,LOS ANGELES,POMONA,-117.75362009,34.03353007
7161109,2016,2016-01-25,1955,2016-01-12,1333,41484,0065,2,5,6,1955,0,0,0,NA,0,001,VALLEY BL,EMPRESS RD,0,NA,Y,A,-,N,NA,NA,NA,NA,NA,NA,NA,NA,NA,Y,4,0,1,3,A,-,05,21650,NA,N,D,C,A,A,H,-,A,A,0,NA,NA,NA,NA,Y,NA,A,01,0,0,1,0,0,0,0,0,0,-,-,NA,NA,LOS ANGELES,POMONA,-117.80784003,34.05441005
7161117,2016,2016-01-25,1955,2016-01-10,0210,41974,0007,7,5,6,1955,0,0,0,NA,0,003,HOLT AV,PALOMARES ST,250,W,N,C,-,N,NA,NA,NA,NA,NA,NA,NA,NA,NA,Y,4,0,1,3,A,-,01,23152,A,N,C,E,A,B,H,-,C,A,0,NA,NA,NA,NA,Y,Y,A,01,0,0,1,0,0,0,0,0,0,-,-,NA,NA,LOS ANGELES,POMONA,-117.7467831,34.06247314
7161332,2015,2016-01-27,1900,2015-10-28,0850,472724,0647,3,5,6,1985,0,0,0,NA,0,64T1,RAILROAD AV,DRAYTON AV,104,N,N,A,-,N,NA,NA,NA,NA,NA,NA,NA,NA,NA,NA,4,0,1,2,A,-,09,21804,A,N,D,C,A,A,H,-,A,D,0,NA,NA,Y,NA,Y,NA,A,01,0,0,1,0,0,0,0,0,1,-,-,NA,NA,LOS ANGELES,SANTA CLARITA,-118.54067008,34.41162225
7161924,2015,2016-02-01,1942,2015-12-22,2210,37724,1839,2,5,7,1942,0,0,0,R,0,3T5,MONA BL,109TH ST,200,S,N,A,-,N,NA,NA,NA,NA,NA,NA,NA,NA,NA,N,4,0,2,2,A,-,21,22106,NA,N,H,C,A,A,H,-,C,D,0,NA,NA,NA,NA,Y,NA,J,48,0,0,2,0,0,0,0,0,0,-,-,NA,NA,LOS ANGELES,LOS ANGELES,-118.22982328,33.9354366
7161928,2015,2017-02-02,1972,2015-12-25,0831,15555,NA,5,5,6,1972,0,0,0,NA,0,NA,HAWTHORNE BL,182ND ST,0,NA,Y,A,-,Y,LA,7,107,-,-,4.193,I,5,S,N,4,0,1,2,A,-,08,22100,A,N,D,C,A,A,H,-,A,A,0,NA,NA,NA,NA,Y,NA,J,NA,0,0,1,0,0,0,0,0,0,-,-,NA,NA,LOS ANGELES,TORRANCE,-118.3526612,33.86556043
7161932,2016,2016-02-02,1942,2016-01-09,1937,40643,0448,6,5,7,1942,0,0,0,D,0,4T43,N SOTO ST,LANCASTER AV,0,NA,Y,A,-,N,NA,NA,NA,NA,NA,NA,NA,NA,NA,Y,3,0,2,2,A,-,12,21453,A,N,D,C,A,A,H,-,C,A,0,NA,NA,NA,NA,Y,NA,J,48,0,1,1,0,0,0,0,0,0,-,-,NA,NA,LOS ANGELES,LOS ANGELES,-118.19996011,34.05924002
7161936,2016,2017-02-13,1942,2016-01-12,0900,30452,1699,2,5,7,1942,0,0,0,P,0,9TL53,RT 5,HOLLYWOOD WY,785,W,N,A,-,Y,LA,7,5,-,-,32.538,R,2,S,Y,4,0,1,1,D,-,00,NA,NA,N,E,I,A,A,H,-,A,D,0,NA,NA,NA,NA,Y,NA,-,-,0,0,1,0,0,0,0,0,0,SF,-,NA,NA,LOS ANGELES,LOS ANGELES,-118.35068842,34.21387285