CASE_ID,ACCIDENT_YEAR,PROC_DATE,JURIS,COLLISION_DATE,COLLISION_TIME,OFFICER_ID,REPORTING_DISTRICT,DAY_OF_WEEK,CHP_SHIFT,POPULATION,CNTY_CITY_LOC,SPECIAL_COND,BEAT_TYPE,CHP_BEAT_TYPE,CITY_DIVISION_LAPD,CHP_BEAT_CLASS,BEAT_NUMBER,PRIMARY_RD,SECONDARY_RD,DISTANCE,DIRECTION,INTERSECTION,WEATHER_1,WEATHER_2,STATE_HWY_IND,CALTRANS_COUNTY,CALTRANS_DISTRICT,STATE_ROUTE,ROUTE_SUFFIX,POSTMILE_PREFIX,POSTMILE,LOCATION_TYPE,RAMP_INTERSECTION,SIDE_OF_HWY,TOW_AWAY,COLLISION_SEVERITY,NUMBER_KILLED,NUMBER_INJURED,PARTY_COUNT,PRIMARY_COLL_FACTOR,PCF_CODE_OF_VIOL,PCF_VIOL_CATEGORY,PCF_VIOLATION,PCF_VIOL_SUBSECTION,HIT_AND_RUN,TYPE_OF_COLLISION,MVIW,PED_ACTION,ROAD_SURFACE,ROAD_COND_1,ROAD_COND_2,LIGHTING,CONTROL_DEVICE,CHP_ROAD_TYPE,PEDESTRIAN_ACCIDENT,BICYCLE_ACCIDENT,MOTORCYCLE_ACCIDENT,TRUCK_ACCIDENT,NOT_PRIVATE_PROPERTY,ALCOHOL_INVOLVED,STWD_VEHTYPE_AT_FAULT,CHP_VEHTYPE_AT_FAULT,COUNT_SEVERE_INJ,COUNT_VISIBLE_INJ,COUNT_COMPLAINT_PAIN,COUNT_PED_KILLED,COUNT_PED_INJURED,COUNT_BICYCLIST_KILLED,COUNT_BICYCLIST_INJURED,COUNT_MC_KILLED,COUNT_MC_INJURED,PRIMARY_RAMP,SECONDARY_RAMP,LATITUDE,LONGITUDE,COUNTY,CITY,POINT_X,POINT_Y
7164584,2016,2016-02-01,1925,2016-01-06,1738,22458,218,3,5,6,1925,0,0,0,NA,0,002,PACIFIC AV,MYRTLE ST,0,NA,Y,C,-,N,NA,NA,NA,NA,NA,NA,NA,NA,NA,N,4,0,1,2,A,-,09,21801,A,N,C,C,A,B,H,-,B,A,0,NA,NA,NA,NA,Y,NA,A,07,0,0,1,0,0,0,0,0,0,-,-,NA,NA,LOS ANGELES,GLENDALE,-118.26454006,34.15077002
7164639,2016,2016-01-29,1900,2016-01-18,2052,546182,1127,1,5,6,1992,0,0,0,NA,0,111T1,AVENUE J,VALLEY CENTRAL WY,0,NA,Y,A,-,N,NA,NA,NA,NA,NA,NA,NA,NA,NA,N,4,0,1,2,D,-,00,NA,NA,N,D,C,A,A,H,-,C,A,0,NA,NA,NA,NA,Y,NA,-,-,0,0,1,0,0,0,0,0,0,-,-,NA,NA,LOS ANGELES,LANCASTER,-118.17221003,34.6894101
7164658,2016,2016-01-29,1900,2016-01-11,0650,450416,0645,1,5,6,1985,0,0,0,NA,0,62T1,AVENUE SCOTT,ANZA DR,0,NA,Y,A,-,N,NA,NA,NA,NA,NA,NA,NA,NA,NA,Y,3,0,1,2,A,-,09,21801,A,N,D,C,A,A,H,-,A,D,0,NA,NA,NA,NA,Y,NA,D,22,0,1,0,0,0,0,0,0,0,-,-,NA,NA,LOS ANGELES,SANTA CLARITA,-118.57133002,34.43341007
7164666,2016,2016-03-03,1900,2016-01-14,1400,523421,0610,4,5,6,1985,0,0,0,NA,0,64T1,SOLEDAD CANYON RD,FURNIVALL AV,246,E,N,A,-,N,NA,NA,NA,NA,NA,NA,NA,NA,NA,Y,3,0,2,3,A,-,09,21804,A,N,B,C,A,A,-,-,A,D,0,NA,NA,NA,Y,Y,NA,A,01,0,1,1,0,0,0,0,0,0,-,-,NA,NA,LOS ANGELES,SANTA CLARITA,-118.49527498,34.42121131
7164672,2016,2016-02-03,1942,2016-01-07,0835,26217,0392,4,5,7,1942,0,0,0,C,0,3TL3,LEIMERT BL,VERNON AV,0,NA,Y,A,-,N,NA,NA,NA,NA,NA,NA,NA,NA,NA,N,4,0,1,3,A,-,12,21453,A,N,D,C,A,A,H,-,A,A,0,NA,NA,NA,NA,Y,NA,A,08,0,0,1,0,0,0,0,0,0,-,-,NA,NA,LOS ANGELES,LOS ANGELES,-118.33084005,34.0036601
7164676,2015,2016-02-04,1942,2015-11-16,0738,41986,0334,1,5,7,1942,0,0,0,C,0,3Z1,MANSFIELD AV,ADAMS BL,100,S,N,A,G,N,NA,NA,NA,NA,NA,NA,NA,NA,NA,N,4,0,1,3,A,-,03,22350,NA,N,C,C,A,A,H,-,A,D,0,NA,NA,NA,NA,Y,NA,A,07,0,0,1,0,0,0,0,0,0,-,-,NA,NA,LOS ANGELES,LOS ANGELES,-118.35239404,34.03223577
7164688,2015,2016-02-02,1942,2015-12-19,1130,32620,1266,6,5,7,1942,0,0,0,L,0,12AU9,HOOVER ST,79TH ST,0,NA,Y,A,-,N,NA,NA,NA,NA,NA,NA,NA,NA,NA,N,4,0,1,4,A,-,09,21801,A,N,B,C,A,A,H,-,A,D,0,NA,NA,NA,NA,Y,NA,A,01,0,0,1,0,0,0,0,0,0,-,-,NA,NA,LOS ANGELES,LOS ANGELES,-118.28712007,33.96782005
7164692,2015,2016-02-01,1942,2015-12-20,1340,32262,1232,7,5,7,1942,0,0,0,L,0,12X32,5TH AV,SLAUSON AV,100,S,N,A,-,N,NA,NA,NA,NA,NA,NA,NA,NA,NA,N,4,0,1,2,A,-,21,22106,NA,N,D,A,A,A,H,-,A,D,0,NA,NA,NA,NA,Y,NA,A,01,0,0,1,0,0,0,0,0,0,-,-,NA,NA,LOS ANGELES,LOS ANGELES,-118.32255,33.98880573
7164696,2015,2016-02-20,1942,2015-12-23,0745,42036,1232,3,5,7,1942,0,0,0,L,0,12A51,59TH ST,5TH AV,0,NA,Y,A,-,N,NA,NA,NA,NA,NA,NA,NA,NA,NA,N,4,0,1,2,A,-,09,21801,A,N,G,B,B,A,H,-,A,D,0,Y,NA,NA,NA,Y,NA,D,22,0,0,1,0,1,0,0,0,0,-,-,NA,NA,LOS ANGELES,LOS ANGELES,-118.32255005,33.98725004
7164700,2015,2016-02-01,1942,2015-12-23,1425,35046,1273,3,5,7,1942,0,0,0,L,0,12A31,WESTERN AV,91ST ST,123,S,N,B,-,N,NA,NA,NA,NA,NA,NA,NA,NA,NA,N,4,0,2,2,A,-,03,22350,NA,N,C,C,A,A,H,-,A,D,0,NA,NA,NA,NA,Y,NA,A,07,0,0,2,0,0,0,0,0,0,-,-,NA,NA,LOS ANGELES,LOS ANGELES,-118.309016,33.954165
7164711,2016,2016-08-15,1900,2016-01-17,1130,292950,0463,7,5,4,1936,0,0,0,NA,0,46T1D,IMPERIAL HWY,SANTA GERTRUDES AV,25,W,N,A,-,N,NA,NA,NA,NA,NA,NA,NA,NA,NA,N,4,0,1,2,A,-,03,22350,NA,N,C,C,A,A,H,-,A,A,0,NA,NA,NA,NA,Y,NA,D,22,0,0,1,0,0,0,0,0,0,-,-,NA,NA,LOS ANGELES,LA MIRADA,-117.99443413,33.91725035
7164712,2015,2016-02-02,1942,2015-12-20,1650,39962,1841,7,5,7,1942,0,0,0,R,0,12TT3,IMPERIAL HWY,VERMONT AV,150,E,N,A,-,N,NA,NA,NA,NA,NA,NA,NA,NA,NA,Y,4,0,1,3,A,-,03,22350,NA,N,D,C,A,A,H,-,C,A,0,NA,NA,NA,NA,Y,NA,A,01,0,0,1,0,0,0,0,0,0,-,-,NA,NA,LOS ANGELES,LOS ANGELES,-118.29111647,33.93098
7164715,2015,2016-01-29,1900,2015-12-22,2354,546542,0456,2,5,6,1949,0,0,0,NA,0,43T1,FIRESTONE BL,BLOOMFIELD AV,12,W,N,B,C,N,NA,NA,NA,NA,NA,NA,NA,NA,NA,Y,4,0,1,2,A,-,09,21801,A,N,D,C,A,B,H,-,C,D,0,NA,NA,NA,Y,Y,NA,F,21,0,0,1,0,0,0,0,0,0,-,-,NA,NA,LOS ANGELES,NORWALK,-118.06429057,33.9030117
7164716,2015,2016-02-02,1942,2015-12-27,1115,39317,1849,7,5,7,1942,0,0,0,R,0,18T23,MONA BL,112TH PL,0,NA,Y,A,-,N,NA,NA,NA,NA,NA,NA,NA,NA,NA,Y,4,0,1,3,A,-,09,21802,A,N,D,C,A,A,H,-,A,A,0,NA,NA,NA,NA,Y,NA,A,07,0,0,1,0,0,0,0,0,0,-,-,NA,NA,LOS ANGELES,LOS ANGELES,-118.23055002,33.93299009
7164717,2016,2016-01-29,1909,2016-01-07,0534,577,1909,4,5,4,1909,0,0,0,NA,0,NORTH,GARFIELD AV,FLORENCE PL,16,S,N,B,-,N,NA,NA,NA,NA,NA,NA,NA,NA,NA,N,3,0,1,2,D,-,00,NA,NA,N,B,B,B,B,H,-,C,A,0,Y,NA,NA,Y,Y,NA,-,-,0,1,0,0,1,0,0,0,0,-,-,NA,NA,LOS ANGELES,BELL GARDENS,-118.15113088,33.96636972
7164720,2015,2016-02-01,1942,2015-12-11,1300,42132,SOE,5,5,7,1942,0,0,0,NA,0,18A3,AVALON BL,103RD ST,0,NA,Y,A,-,N,NA,NA,NA,NA,NA,NA,NA,NA,NA,Y,4,0,1,2,A,-,09,21801,A,N,D,C,A,A,-,-,A,A,0,NA,NA,NA,NA,Y,NA,D,22,0,0,1,0,0,0,0,0,0,-,-,NA,NA,LOS ANGELES,LOS ANGELES,-118.26518005,33.94285001
7164721,2016,2016-01-29,1909,2016-01-06,0742,560,1909,3,5,4,1909,0,0,0,NA,0,SOUTH,EASTERN AV,BICYCLE CASINO DR,0,NA,Y,C,-,N,NA,NA,NA,NA,NA,NA,NA,NA,NA,N,4,0,2,2,A,-,12,21453,A,N,D,C,A,B,H,-,A,A,0,NA,NA,NA,NA,Y,NA,A,NA,0,0,2,0,0,0,0,0,0,-,-,NA,NA,LOS ANGELES,BELL GARDENS,-118.16497006,33.96681004
7164725,2016,2016-01-29,1909,2016-01-13,1858,577,1909,3,5,4,1909,0,0,0,NA,0,NORTH,GRANGER AV,LOVELAND ST,128,S,N,A,-,N,NA,NA,NA,NA,NA,NA,NA,NA,NA,N,4,0,1,2,A,-,05,21651,B,N,D,C,A,A,H,-,C,D,0,NA,NA,NA,NA,Y,NA,A,01,0,0,1,0,0,0,0,0,0,-,-,NA,NA,LOS ANGELES,BELL GARDENS,-118.14789285,33.96926991
7164733,2016,2016-01-29,1900,2016-01-09,1415,509580,0647,6,5,6,1985,0,0,0,NA,0,61T1,RAILROAD AV,OAKRIDGE DR,900,S,N,A,-,N,NA,NA,NA,NA,NA,NA,NA,NA,NA,Y,3,0,1,1,A,-,03,22350,NA,N,E,I,A,A,H,-,A,D,0,NA,NA,NA,NA,Y,NA,A,01,0,1,0,0,0,0,0,0,0,-,-,NA,NA,LOS ANGELES,SANTA CLARITA,-118.53833226,34.39807868
7164737,2016,2016-01-29,1900,2016-01-08,0830,523421,0643,5,5,6,1985,0,0,0,NA,0,64T1,BOUQUET CANYON RD,VALENCIA BL,0,NA,Y,A,-,N,NA,NA,NA,NA,NA,NA,NA,NA,NA,Y,4,0,1,2,A,-,12,21453,A,N,D,C,A,A,H,-,A,A,0,NA,NA,NA,NA,Y,NA,A,01,0,0,1,0,0,0,0,0,0,-,-,NA,NA,LOS ANGELES,SANTA CLARITA,-118.54110003,34.42258007
7164741,2016,2016-01-29,1900,2016-01-08,1630,509580,0637,5,5,6,1985,0,0,0,NA,0,61T1,SIERRA HWY,FRIENDLY VALLEY PKWY,200,N,N,A,-,N,NA,NA,NA,NA,NA,NA,NA,NA,NA,Y,4,0,1,2,A,-,01,23152,A,N,C,C,A,A,H,-,A,A,0,NA,NA,NA,NA,Y,Y,A,07,0,0,1,0,0,0,0,0,0,-,-,NA,NA,LOS ANGELES,SANTA CLARITA,-118.47334449,34.39998034
7164743,2016,2016-03-05,1909,2016-01-08,2325,488,1945,5,5,4,1909,0,0,0,NA,0,NORTH,GAGE AV,DARWELL AV,195,W,N,A,-,N,NA,NA,NA,NA,NA,NA,NA,NA,NA,Y,4,0,1,3,A,-,00,21568,A,N,C,E,A,-,H,-,C,A,0,NA,NA,NA,NA,Y,NA,-,NA,0,0,1,0,0,0,0,0,0,-,-,NA,NA,LOS ANGELES,BELL GARDENS,-118.15095627,33.97420966
7164745,2016,2016-01-29,1900,2016-01-13,1630,515590,0629,3,5,6,1985,0,0,0,NA,0,62T1,LYONS AV,WAYMAN ST,100,W,N,A,-,N,NA,NA,NA,NA,NA,NA,NA,NA,NA,N,4,0,1,3,A,-,03,22350,NA,N,C,C,A,A,H,-,A,D,0,NA,NA,NA,NA,Y,NA,A,07,0,0,1,0,0,0,0,0,0,-,-,NA,NA,LOS ANGELES,SANTA CLARITA,-118.53844022,34.37996307
7164746,2016,2016-01-29,1900,2016-01-07,1852,470558,0466,4,5,4,1936,0,0,0,NA,0,46T1,VALLEY VIEW BL,FIRESTONE BL,585,S,N,A,-,N,NA,NA,NA,NA,NA,NA,NA,NA,NA,Y,4,0,1,3,A,-,04,21703,NA,N,C,C,A,A,H,-,C,D,0,NA,NA,NA,NA,Y,NA,A,01,0,0,1,0,0,0,0,0,0,-,-,NA,NA,LOS ANGELES,LA MIRADA,-118.0289649,33.88421389
7164750,2016,2016-01-29,1900,2016-01-07,1805,470558,0466,4,5,4,1936,0,0,0,NA,0,46T1,ALONDRA BL,STAGE RD,345,W,N,A,-,N,NA,NA,NA,NA,NA,NA,NA,NA,NA,Y,4,0,3,4,A,-,04,21703,NA,N,C,C,A,A,H,-,C,D,0,NA,NA,NA,NA,Y,NA,A,01,0,0,3,0,0,0,0,0,0,-,-,NA,NA,LOS ANGELES,LA MIRADA,-118.01308404,33.88816911
7164798,2016,2016-01-29,1942,2016-01-08,1510,37966,0702,5,5,7,1942,0,0,0,G,0,6TL4,MELROSE AV,VISTA ST,0,NA,Y,A,-,N,NA,NA,NA,NA,NA,NA,NA,NA,NA,Y,3,0,1,2,A,-,09,21802,A,N,D,C,A,A,H,-,A,A,0,NA,NA,Y,NA,Y,NA,A,07,0,1,0,0,0,0,0,0,1,-,-,NA,NA,LOS ANGELES,LOS ANGELES,-118.35227011,34.08362002
7164820,2015,2016-01-26,1901,2015-11-30,1533,275,18,1,5,5,1901,0,0,0,NA,0,004,VALLEY BL,MARENGO,0,NA,Y,A,-,N,NA,NA,NA,NA,NA,NA,NA,NA,NA,N,3,0,2,3,A,-,09,21801,A,N,D,C,A,A,H,-,A,A,0,NA,NA,NA,Y,Y,NA,A,01,0,2,0,0,0,0,0,0,0,-,-,NA,NA,LOS ANGELES,ALHAMBRA,-118.14189004,34.07754004
7164826,2016,2016-02-08,1900,2016-01-01,0651,457374,1432,5,5,4,1937,0,0,0,NA,0,143T1,HACIENDA BL,AMAR RD,0,NA,Y,A,-,N,NA,NA,NA,NA,NA,NA,NA,NA,NA,Y,4,0,2,2,A,-,01,23152,A,N,D,C,A,A,H,-,A,A,0,NA,NA,NA,NA,Y,Y,A,01,0,0,2,0,0,0,0,0,0,-,-,NA,NA,LOS ANGELES,LA PUENTE,-117.9499901,34.03708011
7164827,2015,2016-01-23,1900,2015-12-30,0705,403161,1432,3,5,4,1937,0,0,0,NA,0,143T2,LOUKELTON ST,HACIENDA BL,15,E,N,A,-,N,NA,NA,NA,NA,NA,NA,NA,NA,NA,N,3,0,1,2,D,-,00,NA,NA,N,G,B,D,A,H,-,A,D,0,Y,NA,NA,NA,Y,Y,-,-,0,1,0,0,1,0,0,0,0,-,-,34.03471,-117.95001,LOS ANGELES,LA PUENTE,-117.9502006,34.03466
7164832,2015,2016-01-25,1900,2015-12-24,1925,196195,1412,4,5,1,1932,0,0,0,NA,0,141T5,AMAR RD,VINELAND AV,0,NA,Y,A,-,N,NA,NA,NA,NA,NA,NA,NA,NA,NA,Y,3,0,6,3,A,-,09,21801,A,N,D,C,A,A,H,-,C,A,0,NA,NA,NA,NA,Y,NA,A,01,0,3,3,0,0,0,0,0,0,-,-,34.05772,-117.98301,LOS ANGELES,INDUSTRY,-117.98296007,34.05778006
7164833,2015,2016-01-25,1900,2015-12-27,2220,438154,1418,7,5,1,1932,0,0,0,NA,0,141T1,VALLEY BL,GIANO AV,0,NA,Y,A,-,N,NA,NA,NA,NA,NA,NA,NA,NA,NA,Y,2,0,2,2,A,-,01,23152,A,N,D,C,A,A,H,-,C,A,0,NA,NA,NA,NA,Y,Y,A,07,2,0,0,0,0,0,0,0,0,-,-,NA,NA,LOS ANGELES,INDUSTRY,-117.90952011,34.00648007
7164834,2015,2016-01-25,1900,2015-12-28,1500,531276,1434,1,5,4,1937,0,0,0,NA,0,143T1,VALLEY BL,FERRERO LN,0,NA,Y,C,-,N,NA,NA,NA,NA,NA,NA,NA,NA,NA,N,4,0,1,3,A,-,09,21801,A,N,D,C,A,B,H,-,A,A,0,NA,NA,NA,Y,Y,NA,F,26,0,0,1,0,0,0,0,0,0,-,-,34.01126,-117.93787,LOS ANGELES,LA PUENTE,-117.9378801,34.01108008
7164835,2015,2016-02-23,1900,2015-12-29,1600,532059,1453,2,5,2,1999,0,0,0,NA,0,145K1,HACIENDA RD,AVOCADO CREST RD,0,W,N,A,-,N,NA,NA,NA,NA,NA,NA,NA,NA,NA,Y,4,0,1,2,A,-,03,22350,NA,N,B,D,A,A,H,-,A,D,0,NA,NA,NA,Y,Y,NA,A,01,0,0,1,0,0,0,0,0,0,-,-,33.94921,-117.96392,LOS ANGELES,LA HABRA HEIGHTS,-117.96230004,33.94972003
7164840,2015,2016-01-25,1900,2015-12-20,1300,526352,1432,7,5,4,1937,0,0,0,NA,0,143T1,HACIENDA BL,ELLIOTT AV,145,N,N,A,-,N,NA,NA,NA,NA,NA,NA,NA,NA,NA,N,4,0,1,2,A,-,05,21202,A,N,B,G,A,A,H,-,A,D,0,NA,Y,NA,NA,Y,NA,L,04,0,0,1,0,0,0,1,0,0,-,-,NA,NA,LOS ANGELES,LA PUENTE,-117.95007602,34.03619584
7164845,2015,2016-02-23,1900,2015-12-23,0935,290645,1413,3,5,1,1932,0,0,0,NA,0,141T3,DON JULIAN RD,9TH AV,0,NA,Y,B,-,N,NA,NA,NA,NA,NA,NA,NA,NA,NA,Y,3,0,2,2,A,-,09,21802,A,N,D,C,A,B,H,-,A,A,0,NA,NA,NA,Y,Y,NA,A,01,0,2,0,0,0,0,0,0,0,-,-,NA,NA,LOS ANGELES,INDUSTRY,-117.97351011,34.02426002
7164846,2015,2016-01-25,1900,2015-12-24,1700,196195,1416,4,5,1,1932,0,0,0,NA,0,141T5,HANOVER RD,ALMAHURST ST,0,NA,Y,A,-,N,NA,NA,NA,NA,NA,NA,NA,NA,NA,Y,4,0,1,3,A,-,09,21804,A,N,D,C,A,A,H,-,B,D,0,NA,NA,NA,NA,Y,NA,A,01,0,0,1,0,0,0,0,0,0,-,-,33.99179,-117.92098,LOS ANGELES,INDUSTRY,-117.92090001,33.99166006
7164880,2015,2016-01-22,1900,2015-11-03,2357,530167,1520,2,5,5,1954,0,0,0,NA,0,151T3,WASHINGTON BL,CROSSWAY DR,2,W,N,A,-,N,NA,NA,NA,NA,NA,NA,NA,NA,NA,N,4,0,1,3,A,-,03,22350,NA,N,C,C,A,A,H,-,C,A,0,NA,NA,NA,Y,Y,NA,F,26,0,0,1,0,0,0,0,0,0,-,-,NA,NA,LOS ANGELES,PICO RIVERA,-118.10033548,33.98489304
7164974,2015,2016-01-28,1942,2015-12-01,1300,41069,1583,2,5,7,1942,0,0,0,O,0,15A43,MOORPARK ST,COLFAX AV,0,NA,Y,A,-,N,NA,NA,NA,NA,NA,NA,NA,NA,NA,Y,3,0,1,2,A,-,09,21801,A,N,B,C,A,A,H,-,A,A,0,NA,NA,NA,NA,Y,NA,D,22,0,1,0,0,0,0,0,0,0,-,-,NA,NA,LOS ANGELES,LOS ANGELES,-118.38773008,34.15036006
7164975,2015,2016-02-09,1942,2015-12-03,1435,38356,1563,4,5,7,1942,0,0,0,O,0,16TL26,MOORPARK ST,LEMP AV,110,W,N,A,-,N,NA,NA,NA,NA,NA,NA,NA,NA,NA,Y,3,0,2,2,A,-,03,22350,NA,N,C,C,A,A,H,-,A,A,0,NA,NA,NA,Y,Y,NA,A,01,0,1,1,0,0,0,0,0,0,-,-,NA,NA,LOS ANGELES,LOS ANGELES,-118.38477289,34.15037
7164976,2015,2016-01-28,1942,2015-12-13,2025,41397,1506,7,5,7,1942,0,0,0,O,0,15A3,SHERMAN WY,TUJUNGA,0,NA,N,C,-,N,NA,NA,NA,NA,NA,NA,NA,NA,NA,N,4,0,1,2,A,-,07,21658,A,N,B,E,A,B,H,-,C,D,0,NA,NA,NA,NA,Y,NA,D,22,0,0,1,0,0,0,0,0,0,-,-,NA,NA,LOS ANGELES,LOS ANGELES,-118.3790301,34.20118003
7164977,2015,2016-01-29,1942,2015-12-28,1330,33294,1566,1,5,7,1942,0,0,0,O,0,35M72,VINELAND AV,RIVERSIDE DR,0,NA,Y,B,-,N,NA,NA,NA,NA,NA,NA,NA,NA,NA,Y,4,0,2,2,A,-,09,21801,A,N,D,C,A,A,H,-,A,A,0,NA,NA,NA,NA,Y,NA,D,22,0,0,2,0,0,0,0,0,0,-,-,NA,NA,LOS ANGELES,LOS ANGELES,-118.37033007,34.15241004
7164978,2015,2016-01-29,1942,2015-12-04,1510,40119,1599,5,5,7,1942,0,0,0,O,0,19TL78,CAHUENGA BL,OAKLEY DR,64,W,N,A,-,N,NA,NA,NA,NA,NA,NA,NA,NA,NA,N,4,0,1,2,A,-,07,21658,A,N,B,C,A,A,H,-,A,D,0,NA,NA,NA,NA,Y,NA,A,08,0,0,1,0,0,0,0,0,0,-,-,NA,NA,LOS ANGELES,LOS ANGELES,-118.35416324,34.13246742
7164979,2015,2016-01-28,1942,2015-12-05,1020,40290,1524,6,5,7,1942,0,0,0,O,0,15TL47,VICTORY BL,LAUREL CANYON BL,36,E,N,A,-,N,NA,NA,NA,NA,NA,NA,NA,NA,NA,Y,4,0,1,2,A,-,04,21703,NA,N,C,C,A,A,H,-,A,D,0,NA,NA,NA,NA,Y,NA,D,22,0,0,1,0,0,0,0,0,0,-,-,NA,NA,LOS ANGELES,LOS ANGELES,-118.39639118,34.18668
7164980,2015,2017-01-11,1942,2015-12-29,0610,38326,1562,2,5,7,1942,0,0,0,O,0,15TL43,LAUREL CANYON BL,RT 101,0,NA,Y,A,-,Y,LA,7,101,-,-,12.72,R,4,N,Y,4,0,1,2,A,-,12,21453,A,N,D,C,A,A,H,-,A,-,0,NA,NA,NA,NA,Y,NA,A,01,0,0,1,0,0,0,0,0,0,-,NF,NA,NA,LOS ANGELES,LOS ANGELES,-118.39401249,34.1545379
7164981,2015,2016-01-28,1942,2015-12-21,0800,39493,1541,1,5,7,1942,0,0,0,O,0,15A43,WHITSETT AV,HUSTON ST,5,S,N,A,-,N,NA,NA,NA,NA,NA,NA,NA,NA,NA,N,4,0,1,3,A,-,04,21703,NA,N,C,C,A,A,D,-,A,D,0,NA,NA,NA,NA,Y,NA,A,07,0,0,1,0,0,0,0,0,0,-,-,NA,NA,LOS ANGELES,LOS ANGELES,-118.40524015,34.15941629
7164983,2015,2016-01-28,1942,2015-12-19,2150,34561,1535,6,5,7,1942,0,0,0,O,0,10T35,OXNARD ST,TUJUNGA AV,200,W,N,B,-,N,NA,NA,NA,NA,NA,NA,NA,NA,NA,Y,3,0,1,3,A,-,03,22350,NA,N,D,E,A,B,H,-,C,D,0,NA,NA,NA,NA,Y,NA,A,01,0,1,0,0,0,0,0,0,0,-,-,NA,NA,LOS ANGELES,LOS ANGELES,-118.37969988,34.17944
7164984,2015,2016-01-28,1942,2015-12-15,0550,30452,1506,2,5,7,1942,0,0,0,O,0,9TL53,SHERMAN WY,TUJUNGA AV,30,W,N,A,-,N,NA,NA,NA,NA,NA,NA,NA,NA,NA,N,4,0,1,2,A,-,03,22350,NA,N,C,C,A,A,H,-,C,D,0,NA,NA,NA,Y,Y,NA,F,26,0,0,1,0,0,0,0,0,0,-,-,NA,NA,LOS ANGELES,LOS ANGELES,-118.37912902,34.2011814
7164985,2015,2016-08-09,1942,2015-12-08,1840,39551,1539,2,5,7,1942,0,0,0,O,0,15A1,WHITNALL HWY,OXNARD ST,0,NA,Y,A,-,N,NA,NA,NA,NA,NA,NA,NA,NA,NA,Y,4,0,1,2,A,-,08,22107,NA,N,B,C,A,A,H,-,C,D,0,NA,NA,NA,NA,Y,NA,A,01,0,0,1,0,0,0,0,0,0,-,-,NA,NA,LOS ANGELES,LOS ANGELES,-118.36634012,34.17942009
7164986,2015,2016-01-28,1942,2015-12-19,1000,30676,1526,6,5,7,1942,0,0,0,O,0,15A85,TUJUNGA,VICTORY,0,NA,-,A,-,N,NA,NA,NA,NA,NA,NA,NA,NA,NA,Y,4,0,1,2,A,-,12,21453,A,N,B,C,A,A,H,-,A,A,0,NA,NA,NA,NA,Y,NA,A,01,0,0,1,0,0,0,0,0,0,-,-,NA,NA,LOS ANGELES,LOS ANGELES,-118.37906005,34.18668009
7164987,2015,2016-02-09,1942,2015-12-08,1755,39096,1581,2,5,7,1942,0,0,0,O,0,10TL34,WHITSETT AV,WOODBRIDGE ST,60,N,N,A,-,N,NA,NA,NA,NA,NA,NA,NA,NA,NA,Y,3,0,1,2,A,-,03,22350,NA,N,C,C,A,A,H,-,C,D,0,NA,NA,NA,NA,Y,NA,A,01,0,1,0,0,0,0,0,0,0,-,-,NA,NA,LOS ANGELES,LOS ANGELES,-118.40523316,34.14871455
7164988,2015,2016-02-09,1942,2015-12-05,1354,30830,1521,6,5,7,1942,0,0,0,O,0,16TL23,SHERMAN WY,VARNA AV,0,NA,Y,A,-,N,NA,NA,NA,NA,NA,NA,NA,NA,NA,Y,3,0,2,2,A,-,09,21801,A,N,D,C,A,A,H,-,A,A,0,NA,NA,NA,NA,Y,NA,D,22,0,1,1,0,0,0,0,0,0,-,-,NA,NA,LOS ANGELES,LOS ANGELES,-118.42474011,34.20120008
7164989,2015,2016-03-24,1942,2015-12-04,1615,37578,1513,5,5,7,1942,0,0,0,O,0,15A3,SHERMAN WY,HOLLYWOOD FWY,15,E,N,A,-,N,NA,NA,NA,NA,NA,NA,NA,NA,NA,N,3,0,1,2,A,-,11,21956,A,N,-,C,E,A,H,-,A,A,0,Y,NA,NA,NA,Y,NA,N,60,0,1,0,0,1,0,0,0,0,-,-,NA,NA,LOS ANGELES,LOS ANGELES,NA,NA
7164991,2015,2016-01-28,1942,2015-12-13,0312,41396,LA,7,5,7,1942,0,0,0,NA,0,NA,SHERMAN WY,COLDWATER CANYON AV,0,NA,Y,A,-,N,NA,NA,NA,NA,NA,NA,NA,NA,NA,Y,4,0,3,2,A,-,12,21453,A,N,A,C,A,A,H,-,C,A,0,NA,NA,NA,NA,Y,NA,-,-,0,0,3,0,0,0,0,0,0,-,-,NA,NA,LOS ANGELES,LOS ANGELES,-118.41380014,34.20119004
7164992,2015,2016-02-18,1942,2015-12-08,1616,38356,1591,2,5,7,1942,0,0,0,O,0,16TL26,GOODLAND AV,HALKIRK ST,305,S,N,A,-,N,NA,NA,NA,NA,NA,NA,NA,NA,NA,Y,4,0,1,3,A,-,03,22350,NA,N,B,E,E,A,H,-,A,A,0,Y,NA,NA,NA,Y,Y,A,01,0,0,1,0,1,0,0,0,0,-,-,NA,NA,LOS ANGELES,LOS ANGELES,-118.40974286,34.14111529
7164993,2016,2016-01-29,1942,2016-01-05,2235,39062,0239,2,5,7,1942,0,0,0,B,0,1T11,BEAUDRY AV,1ST ST,0,NA,Y,A,-,N,NA,NA,NA,NA,NA,NA,NA,NA,NA,Y,4,0,1,2,A,-,09,21801,A,N,D,C,A,A,H,-,C,A,0,NA,NA,NA,NA,Y,NA,A,01,0,0,1,0,0,0,0,0,0,-,-,NA,NA,LOS ANGELES,LOS ANGELES,-118.25422002,34.05914002
7164994,2016,2016-01-29,1942,2016-01-13,0800,37398,211,3,5,7,1942,0,0,0,NA,0,11T25,MELROSE AV,KENMORE AV,0,NA,Y,A,-,N,NA,NA,NA,NA,NA,NA,NA,NA,NA,N,3,0,1,2,A,-,09,21801,A,N,D,C,A,A,H,-,A,D,0,NA,NA,NA,NA,Y,NA,D,22,0,1,0,0,0,0,0,0,0,-,-,NA,NA,LOS ANGELES,LOS ANGELES,-118.29700003,34.08360008