CASE_ID,ACCIDENT_YEAR,PROC_DATE,JURIS,COLLISION_DATE,COLLISION_TIME,OFFICER_ID,REPORTING_DISTRICT,DAY_OF_WEEK,CHP_SHIFT,POPULATION,CNTY_CITY_LOC,SPECIAL_COND,BEAT_TYPE,CHP_BEAT_TYPE,CITY_DIVISION_LAPD,CHP_BEAT_CLASS,BEAT_NUMBER,PRIMARY_RD,SECONDARY_RD,DISTANCE,DIRECTION,INTERSECTION,WEATHER_1,WEATHER_2,STATE_HWY_IND,CALTRANS_COUNTY,CALTRANS_DISTRICT,STATE_ROUTE,ROUTE_SUFFIX,POSTMILE_PREFIX,POSTMILE,LOCATION_TYPE,RAMP_INTERSECTION,SIDE_OF_HWY,TOW_AWAY,COLLISION_SEVERITY,NUMBER_KILLED,NUMBER_INJURED,PARTY_COUNT,PRIMARY_COLL_FACTOR,PCF_CODE_OF_VIOL,PCF_VIOL_CATEGORY,PCF_VIOLATION,PCF_VIOL_SUBSECTION,HIT_AND_RUN,TYPE_OF_COLLISION,MVIW,PED_ACTION,ROAD_SURFACE,ROAD_COND_1,ROAD_COND_2,LIGHTING,CONTROL_DEVICE,CHP_ROAD_TYPE,PEDESTRIAN_ACCIDENT,BICYCLE_ACCIDENT,MOTORCYCLE_ACCIDENT,TRUCK_ACCIDENT,NOT_PRIVATE_PROPERTY,ALCOHOL_INVOLVED,STWD_VEHTYPE_AT_FAULT,CHP_VEHTYPE_AT_FAULT,COUNT_SEVERE_INJ,COUNT_VISIBLE_INJ,COUNT_COMPLAINT_PAIN,COUNT_PED_KILLED,COUNT_PED_INJURED,COUNT_BICYCLIST_KILLED,COUNT_BICYCLIST_INJURED,COUNT_MC_KILLED,COUNT_MC_INJURED,PRIMARY_RAMP,SECONDARY_RAMP,LATITUDE,LONGITUDE,COUNTY,CITY,POINT_X,POINT_Y
7165106,2016,2016-03-01,1905,2016-01-06,1054,1142,445,3,5,4,1905,0,0,0,NA,0,001,CITRUS AV,LAXFORD RD,300,S,N,C,-,N,NA,NA,NA,NA,NA,NA,NA,NA,NA,Y,3,0,1,2,A,-,08,22100,A,N,B,C,A,B,H,-,A,D,0,NA,NA,NA,NA,Y,NA,D,22,0,1,0,0,0,0,0,0,0,-,-,34.10808,-117.88987,LOS ANGELES,AZUSA,-117.8902568,34.1080976
7165124,2016,2016-04-19,1942,2016-01-15,1700,42150,0111,5,5,7,1942,0,0,0,A,0,1A1,HILL ST,COLLEGE ST,0,NA,Y,A,-,N,NA,NA,NA,NA,NA,NA,NA,NA,NA,N,4,0,1,2,A,-,09,21801,A,F,D,G,A,A,H,-,B,A,0,NA,Y,NA,NA,Y,Y,L,04,0,0,1,0,0,0,1,0,0,-,-,NA,NA,LOS ANGELES,LOS ANGELES,-118.23872007,34.06443003
7165125,2016,2016-01-28,1942,2016-01-15,2045,41907,0138,5,5,7,1942,0,0,0,A,0,1FB21,4TH ST,CROCKER ST,0,NA,Y,A,-,N,NA,NA,NA,NA,NA,NA,NA,NA,NA,Y,2,0,2,2,A,-,09,21453,B,N,D,C,A,A,H,-,C,A,0,NA,NA,Y,NA,Y,NA,A,01,2,0,0,0,0,0,0,0,2,-,-,NA,NA,LOS ANGELES,LOS ANGELES,-118.24150004,34.0449201
7165126,2016,2016-02-17,1942,2016-01-13,1305,31152,0163,3,5,7,1942,0,0,0,A,0,11T25,8TH ST,BROADWAY,130,W,N,-,-,N,NA,NA,NA,NA,NA,NA,NA,NA,NA,N,3,0,1,2,A,-,03,22350,NA,N,B,G,A,A,H,-,A,D,0,NA,Y,NA,NA,Y,NA,-,-,0,1,0,0,0,0,1,0,0,-,-,NA,NA,LOS ANGELES,LOS ANGELES,-118.2550631,34.04393409
7165127,2016,2016-01-28,1942,2016-01-10,2300,41385,0111,7,5,7,1942,0,0,0,A,0,1A2,ALAMEDA,CESAR CHAVEZ AV,5,S,N,A,-,N,NA,NA,NA,NA,NA,NA,NA,NA,NA,N,4,0,1,2,A,-,12,21453,A,F,G,B,B,A,H,-,C,A,0,Y,NA,NA,NA,Y,NA,-,99,0,0,1,0,1,0,0,0,0,-,-,NA,NA,LOS ANGELES,LOS ANGELES,-118.237087,34.058076
7165128,2016,2016-01-28,1942,2016-01-11,1955,36814,0153,1,5,7,1942,0,0,0,A,0,1T11,5TH ST,OLIVE ST,150,E,N,A,-,N,NA,NA,NA,NA,NA,NA,NA,NA,NA,N,4,0,1,2,A,-,07,21658,A,N,B,G,A,A,H,-,C,A,0,NA,Y,NA,NA,Y,NA,L,04,0,0,1,0,0,0,1,0,0,-,-,NA,NA,LOS ANGELES,LOS ANGELES,-118.25245848,34.04920853
7165129,2016,2016-01-28,1942,2016-01-13,1355,39889,0145,3,5,7,1942,0,0,0,A,0,4T4,WERDIN PL,5TH ST,0,NA,Y,A,-,N,NA,NA,NA,NA,NA,NA,NA,NA,NA,N,4,0,1,2,A,-,05,21650,1,N,D,G,A,A,H,-,A,D,0,NA,Y,NA,NA,Y,NA,A,07,0,0,1,0,0,0,1,0,0,-,-,NA,NA,LOS ANGELES,LOS ANGELES,-118.24804011,34.04638006
7165130,2016,2016-01-28,1942,2016-01-14,1900,41019,1385,4,5,7,1942,0,0,0,M,0,13T53,MAIN ST,GAGE AV,30,N,N,A,-,N,NA,NA,NA,NA,NA,NA,NA,NA,NA,N,4,0,1,2,A,-,11,21956,A,F,G,B,E,A,H,-,C,D,0,Y,NA,NA,NA,Y,NA,N,60,0,0,1,0,1,0,0,0,0,-,-,NA,NA,LOS ANGELES,LOS ANGELES,-118.27394881,33.98250227
7165131,2016,2016-01-28,1942,2016-01-14,0640,31476,1313,4,5,7,1942,0,0,0,M,0,13TL53,WASHINGTON BL,SAN PEDRO ST,100,W,N,A,-,N,NA,NA,NA,NA,NA,NA,NA,NA,NA,N,3,0,1,2,A,-,08,22107,NA,M,A,B,F,A,H,-,A,A,0,Y,NA,NA,NA,Y,NA,-,99,0,1,0,0,1,0,0,0,0,-,-,NA,NA,LOS ANGELES,LOS ANGELES,-118.25773863,34.02775214
7165132,2016,2016-01-28,1942,2016-01-03,1545,34458,0469,7,5,7,1942,0,0,0,D,0,4TL4,4TH ST,INDIANA ST,30,E,N,A,-,N,NA,NA,NA,NA,NA,NA,NA,NA,NA,N,4,0,3,2,A,-,03,22350,NA,N,D,C,A,A,H,-,A,D,0,NA,NA,NA,NA,Y,NA,A,01,0,0,3,0,0,0,0,0,0,-,-,NA,NA,LOS ANGELES,LOS ANGELES,-118.19228138,34.03199481
7165133,2016,2016-01-28,1942,2016-01-15,0640,38124,0477,5,5,7,1942,0,0,0,D,0,4TL43,SOTO ST,7TH ST,0,NA,Y,B,-,N,NA,NA,NA,NA,NA,NA,NA,NA,NA,Y,3,0,2,2,A,-,09,21801,A,N,D,C,A,A,H,-,A,A,0,NA,NA,NA,NA,Y,NA,A,01,0,1,1,0,0,0,0,0,0,-,-,NA,NA,LOS ANGELES,LOS ANGELES,-118.21698007,34.03230006
7165135,2016,2016-01-28,1942,2016-01-15,1215,38124,0426,5,5,7,1942,0,0,0,D,0,4TL43,HUNTINGTON DR,PUEBLO AV,0,NA,Y,B,-,N,NA,NA,NA,NA,NA,NA,NA,NA,NA,Y,4,0,2,2,A,-,09,21801,A,N,D,C,A,A,H,-,A,A,0,NA,NA,NA,NA,Y,NA,A,01,0,0,2,0,0,0,0,0,0,-,-,NA,NA,LOS ANGELES,LOS ANGELES,-118.17492007,34.08768007
7165136,2016,2016-01-28,1942,2016-01-16,1910,40730,0418,6,5,7,1942,0,0,0,D,0,2T15,VAN HORNE AV,HENDERSON ST,140,S,N,A,-,N,NA,NA,NA,NA,NA,NA,NA,NA,NA,Y,3,0,1,2,A,-,09,21804,A,N,D,C,A,A,H,-,C,D,0,NA,NA,NA,NA,Y,NA,A,07,0,1,0,0,0,0,0,0,0,-,-,NA,NA,LOS ANGELES,LOS ANGELES,-118.16953737,34.09526677
7165137,2016,2016-01-28,1942,2016-01-16,0120,41019,0129,6,5,7,1942,0,0,0,A,0,4T43,COMMERCIAL ST,CENTER ST,180,W,N,A,-,N,NA,NA,NA,NA,NA,NA,NA,NA,NA,Y,3,0,1,1,A,-,01,23152,A,N,E,I,A,A,H,-,C,D,0,NA,NA,NA,NA,Y,Y,A,01,0,1,0,0,0,0,0,0,0,-,-,NA,NA,LOS ANGELES,LOS ANGELES,-118.23196602,34.05274575
7165138,2016,2016-01-28,1942,2016-01-03,1735,34426,0235,7,5,7,1942,0,0,0,B,0,2TL28,BEVERLY BL,ROSEMONT AV,0,NA,Y,A,-,N,NA,NA,NA,NA,NA,NA,NA,NA,NA,N,2,0,1,2,A,-,10,21950,A,N,G,B,B,A,H,-,C,A,0,Y,NA,NA,NA,Y,NA,A,01,1,0,0,0,1,0,0,0,0,-,-,NA,NA,LOS ANGELES,LOS ANGELES,-118.27283011,34.06774
7165139,2016,2016-01-28,1942,2016-01-16,0120,25399,0217,6,5,7,1942,0,0,0,B,0,2A92,SUNSET BL,PARK AV,0,NA,Y,A,-,N,NA,NA,NA,NA,NA,NA,NA,NA,NA,N,4,0,1,2,A,-,01,23152,A,N,G,B,B,A,H,-,C,A,0,Y,NA,NA,NA,Y,Y,A,01,0,0,1,0,1,0,0,0,0,-,-,NA,NA,LOS ANGELES,LOS ANGELES,-118.26169001,34.07793005
7165140,2016,2016-01-28,1942,2016-01-16,1450,40099,0203,6,5,7,1942,0,0,0,B,0,4T4,VIRGIL AV,MONROE,0,NA,Y,A,-,N,NA,NA,NA,NA,NA,NA,NA,NA,NA,N,4,0,1,2,A,-,09,21801,A,N,D,C,A,A,H,-,A,D,0,NA,NA,Y,NA,Y,NA,A,01,0,0,1,0,0,0,0,0,1,-,-,NA,NA,LOS ANGELES,LOS ANGELES,-118.28685009,34.08562003
7165141,2016,2016-01-28,1942,2016-01-09,1230,37505,0245,6,5,7,1942,0,0,0,B,0,2TL15,ALVARADO ST,7TH ST,102,N,N,A,-,N,NA,NA,NA,NA,NA,NA,NA,NA,NA,N,4,0,1,2,A,-,-,NA,NA,N,B,C,A,A,H,-,A,A,0,NA,NA,Y,NA,Y,NA,C,02,0,0,1,0,0,0,0,0,1,-,-,NA,NA,LOS ANGELES,LOS ANGELES,-118.276657,34.056716
7165142,2016,2016-01-28,1942,2016-01-12,1915,30083,0236,2,5,7,1942,0,0,0,B,0,11T21,BEVERLY BL,ALVARADO ST,0,NA,Y,A,-,N,NA,NA,NA,NA,NA,NA,NA,NA,NA,N,4,0,2,2,A,-,12,21453,A,N,D,C,A,A,H,-,C,A,0,NA,NA,NA,NA,Y,NA,-,-,0,0,2,0,0,0,0,0,0,-,-,NA,NA,LOS ANGELES,LOS ANGELES,-118.27032009,34.06667005
7165143,2016,2016-01-28,1942,2016-01-06,0915,31152,0217,3,5,7,1942,0,0,0,B,0,11T25,GLENDALE BL,SANTA YNEZ ST,150,S,N,B,C,N,NA,NA,NA,NA,NA,NA,NA,NA,NA,Y,4,0,2,2,A,-,09,21804,A,N,D,C,A,B,H,-,A,D,0,NA,NA,NA,NA,Y,NA,A,01,0,0,2,0,0,0,0,0,0,-,-,NA,NA,LOS ANGELES,LOS ANGELES,-118.26174125,34.07396946
7165145,2016,2016-01-28,1942,2016-01-13,1900,39060,1142,3,5,7,1942,0,0,0,K,0,2T28,FRANKLIN AV,VERMONT AV,0,NA,Y,B,-,N,NA,NA,NA,NA,NA,NA,NA,NA,NA,N,4,0,1,2,A,-,10,21950,A,N,A,B,B,A,H,-,C,A,0,Y,NA,NA,NA,Y,NA,A,01,0,0,1,0,1,0,0,0,0,-,-,NA,NA,LOS ANGELES,LOS ANGELES,-118.29179,34.10541006
7165147,2016,2016-01-28,1942,2016-01-11,1245,41980,1151,1,5,7,1942,0,0,0,K,0,11A71,NORMANDIE AV,SUNSET BL,90,S,N,A,-,N,NA,NA,NA,NA,NA,NA,NA,NA,NA,N,4,0,1,2,A,-,09,21804,A,F,B,C,A,A,H,-,A,A,0,NA,NA,NA,NA,Y,NA,-,99,0,0,1,0,0,0,0,0,0,-,-,NA,NA,LOS ANGELES,LOS ANGELES,-118.30052,34.09787317
7165148,2016,2016-01-28,1942,2016-01-12,0035,39062,0256,2,5,7,1942,0,0,0,B,0,1T11,WILSHIRE BL,BURLINGTON AV,100,W,N,A,-,N,NA,NA,NA,NA,NA,NA,NA,NA,NA,N,2,0,1,2,A,-,11,21954,A,N,G,B,D,A,H,-,C,D,0,Y,NA,NA,NA,Y,NA,N,60,1,0,0,0,1,0,0,0,0,-,-,NA,NA,LOS ANGELES,LOS ANGELES,-118.27280332,34.05654494
7165160,2016,2016-01-28,1942,2016-01-09,2215,40773,0722,6,5,7,1942,0,0,0,G,0,7T23,LA CIENEGA BL,3RD ST,31,S,N,A,-,N,NA,NA,NA,NA,NA,NA,NA,NA,NA,N,4,0,1,2,A,-,03,22350,NA,N,C,C,A,A,H,-,C,D,0,NA,NA,NA,NA,Y,NA,A,07,0,0,1,0,0,0,0,0,0,-,-,NA,NA,LOS ANGELES,LOS ANGELES,-118.37646394,34.07327512
7165161,2016,2016-02-02,1905,2016-01-08,0119,1127,234,5,5,4,1905,0,0,0,NA,0,001,VERNON AV,PARAMOUNT ST,411,S,N,A,-,N,NA,NA,NA,NA,NA,NA,NA,NA,NA,Y,4,0,1,2,A,-,08,22107,NA,N,B,E,A,A,H,-,C,D,0,NA,NA,NA,NA,Y,NA,A,01,0,0,1,0,0,0,0,0,0,-,-,34.11792,-117.9162,LOS ANGELES,AZUSA,-117.91636604,34.11690327
7165162,2016,2016-02-02,1905,2016-01-09,2156,1150,241,6,5,4,1905,0,0,0,NA,0,051,RUSSELL ST,AZUSA AV,7,E,N,A,-,N,NA,NA,NA,NA,NA,NA,NA,NA,NA,N,3,0,1,2,A,-,09,21804,A,N,D,G,A,A,H,-,D,A,0,NA,Y,NA,NA,Y,NA,L,04,0,1,0,0,0,0,1,0,0,-,-,34.11517,-117.90745,LOS ANGELES,AZUSA,-117.90754693,34.11528991
7165182,2016,2016-02-01,1909,2016-01-19,1421,560,1909,2,5,4,1909,0,0,0,NA,0,NORTH,FLORENCE AV,TOLER AV,18,W,N,A,-,N,NA,NA,NA,NA,NA,NA,NA,NA,NA,Y,4,0,1,2,A,-,03,22350,NA,N,C,C,A,A,H,-,A,D,0,NA,NA,NA,NA,Y,NA,A,NA,0,0,1,0,0,0,0,0,0,-,-,NA,NA,LOS ANGELES,BELL GARDENS,-118.15339402,33.96649026
7165183,2016,2016-02-01,1942,2016-01-08,0715,39058,0737,5,5,7,1942,0,0,0,G,0,20T55,LA BREA BL,4TH ST,229,N,N,A,-,N,NA,NA,NA,NA,NA,NA,NA,NA,NA,Y,4,0,3,2,A,-,09,21801,A,N,D,C,A,A,H,-,A,D,0,NA,NA,NA,NA,Y,NA,A,01,0,0,3,0,0,0,0,0,0,-,-,NA,NA,LOS ANGELES,LOS ANGELES,-118.34404462,34.06751805
7165184,2016,2016-02-01,1942,2016-01-11,1450,40690,0719,1,5,7,1942,0,0,0,G,0,14T52,MELROSE AV,CAHUENGA BL,0,NA,Y,A,-,N,NA,NA,NA,NA,NA,NA,NA,NA,NA,N,4,0,1,2,A,-,03,22350,A,N,C,C,A,A,H,-,A,A,0,NA,NA,NA,NA,Y,NA,A,01,0,0,1,0,0,0,0,0,0,-,-,NA,NA,LOS ANGELES,LOS ANGELES,-118.3287701,34.08348006
7165185,2016,2016-03-11,1942,2016-01-10,1745,42004,0706,7,5,7,1942,0,0,0,G,0,7A22,CHEROKEE AV,MELROSE AV,100,S,N,A,-,N,NA,NA,NA,NA,NA,NA,NA,NA,NA,Y,4,0,1,2,A,-,03,22350,NA,N,C,E,A,A,H,-,C,D,0,NA,NA,NA,NA,Y,NA,A,01,0,0,1,0,0,0,0,0,0,-,-,NA,NA,LOS ANGELES,LOS ANGELES,-118.33520653,34.08319575
7165186,2016,2016-02-03,1942,2016-01-05,1410,40452,0644,2,5,7,1942,0,0,0,F,0,6TL2,SUNSET BL,GARDNER ST,0,NA,Y,A,-,N,NA,NA,NA,NA,NA,NA,NA,NA,NA,Y,3,0,1,2,A,-,09,21801,A,N,A,C,A,B,H,-,A,A,0,NA,NA,NA,NA,Y,NA,A,07,0,1,0,0,0,0,0,0,0,-,-,NA,NA,LOS ANGELES,LOS ANGELES,-118.35287003,34.09802012
7165187,2016,2016-02-01,1942,2016-01-05,0700,38721,0678,2,5,7,1942,0,0,0,F,0,6T7,WESTERN AV,ROMAINE ST,9,W,N,B,C,N,NA,NA,NA,NA,NA,NA,NA,NA,NA,N,4,0,1,2,A,-,09,21801,A,N,G,B,B,B,H,-,B,A,0,Y,NA,NA,NA,Y,Y,A,07,0,0,1,0,1,0,0,0,0,-,-,NA,NA,LOS ANGELES,LOS ANGELES,-118.30916,34.08849
7165188,2016,2016-01-29,1942,2016-01-08,1715,37966,0647,5,5,7,1942,0,0,0,F,0,6TL4,GOWER ST,HOLLYWOOD BL,0,NA,Y,A,-,N,NA,NA,NA,NA,NA,NA,NA,NA,NA,Y,3,0,3,2,A,-,09,21801,A,N,A,C,A,A,H,-,A,A,0,NA,NA,NA,NA,Y,NA,A,08,0,1,2,0,0,0,0,0,0,-,-,NA,NA,LOS ANGELES,LOS ANGELES,-118.32239002,34.10165006
7165189,2016,2016-01-29,1942,2016-01-07,0945,36553,0636,4,5,7,1942,0,0,0,F,0,14TL49,YUCCA ST,VINE ST,20,W,N,B,-,N,NA,NA,NA,NA,NA,NA,NA,NA,NA,N,4,0,1,2,A,-,11,21954,A,N,G,B,D,A,H,-,A,A,0,Y,NA,NA,NA,Y,NA,N,60,0,0,1,0,1,0,0,0,0,-,-,NA,NA,LOS ANGELES,LOS ANGELES,-118.32678488,34.10371978
7165190,2016,2016-01-29,1942,2016-01-10,1730,38609,0635,7,5,7,1942,0,0,0,F,0,6A45,CAHUENGA BL,CERRITOS PL,0,NA,Y,A,-,N,NA,NA,NA,NA,NA,NA,NA,NA,NA,N,4,0,2,2,A,-,04,21703,NA,N,C,C,A,A,H,-,C,A,0,NA,NA,NA,NA,Y,NA,A,01,0,0,2,0,0,0,0,0,0,-,-,NA,NA,LOS ANGELES,LOS ANGELES,-118.33070009,34.10740011
7165191,2016,2016-01-29,1942,2016-01-04,1745,41177,0636,1,5,7,1942,0,0,0,F,0,6FB36,HIGHLAND AV,JOHNNY GRANT WY,0,NA,Y,A,-,N,NA,NA,NA,NA,NA,NA,NA,NA,NA,N,4,0,4,3,A,-,07,21658,NA,N,C,C,A,A,H,-,C,A,0,NA,NA,NA,NA,Y,NA,A,01,0,0,4,0,0,0,0,0,0,-,-,NA,NA,LOS ANGELES,LOS ANGELES,-118.33873011,34.10300008
7165192,2016,2016-02-29,1942,2016-01-11,0635,38721,0647,1,5,7,1942,0,0,0,F,0,8TL35,GOWER ST,HOLLYWOOD BL,0,NA,Y,A,-,N,NA,NA,NA,NA,NA,NA,NA,NA,NA,Y,4,0,2,3,A,-,12,21453,A,N,D,C,A,A,H,-,A,A,0,NA,NA,NA,NA,Y,NA,-,-,0,0,2,0,0,0,0,0,0,-,-,NA,NA,LOS ANGELES,LOS ANGELES,-118.32239002,34.10165006
7165193,2016,2016-02-03,1942,2016-01-14,2300,37715,0882,4,5,7,1942,0,0,0,H,0,8T26W4,LA GRANGE AV,BELOIT AV,8,W,N,A,-,N,NA,NA,NA,NA,NA,NA,NA,NA,NA,N,4,0,1,2,A,-,10,21950,A,F,G,B,B,A,H,-,C,D,0,Y,NA,NA,NA,Y,NA,-,99,0,0,1,0,1,0,0,0,0,-,-,NA,NA,LOS ANGELES,LOS ANGELES,-118.44278089,34.04155661
7165194,2016,2016-01-29,1942,2016-01-06,1810,40055,0828,3,5,7,1942,0,0,0,H,0,14X16,LINDBROOK DR,SELBY AV,250,W,N,B,-,N,NA,NA,NA,NA,NA,NA,NA,NA,NA,N,4,0,1,2,A,-,03,22350,NA,N,B,E,A,B,H,-,C,D,0,NA,NA,NA,NA,Y,NA,A,01,0,0,1,0,0,0,0,0,0,-,-,NA,NA,LOS ANGELES,LOS ANGELES,-118.43889616,34.06122475
7165195,2016,2016-01-29,1942,2016-01-05,1245,37715,0829,2,5,7,1942,0,0,0,H,0,8TL26W,WILSHIRE BL,COMSTOCK AV,2000,E,N,C,-,N,NA,NA,NA,NA,NA,NA,NA,NA,NA,Y,4,0,1,4,A,-,04,21703,NA,N,C,C,A,B,H,-,A,D,0,NA,NA,NA,NA,Y,NA,A,07,0,0,1,0,0,0,0,0,0,-,-,NA,NA,LOS ANGELES,LOS ANGELES,-118.41890267,34.06731119
7165217,2016,2016-03-01,1941,2016-01-11,1750,5927,NA,1,5,7,1941,0,0,0,NA,0,NA,PCH,2ND ST,0,NA,Y,A,-,N,NA,NA,NA,NA,NA,NA,NA,NA,NA,Y,4,0,1,3,A,-,03,22350,NA,N,C,C,A,A,H,-,C,A,0,NA,NA,NA,NA,Y,NA,A,NA,0,0,1,0,0,0,0,0,0,-,-,NA,NA,LOS ANGELES,LONG BEACH,-118.111168,33.758014
7165218,2016,2016-03-01,1941,2016-01-11,0925,5407,NA,1,5,7,1941,0,0,0,NA,0,NA,7TH ST,XIMENO AV,0,NA,Y,B,-,N,NA,NA,NA,NA,NA,NA,NA,NA,NA,N,4,0,1,2,A,-,11,21456,B,N,G,B,D,A,H,-,A,A,0,Y,NA,NA,NA,Y,NA,N,60,0,0,1,0,1,0,0,0,0,-,-,NA,NA,LOS ANGELES,LONG BEACH,-118.14158,33.77533011
7165220,2016,2017-02-14,1941,2016-01-03,1813,10764,NA,7,5,7,1941,0,0,0,NA,0,NA,JUNIPERO AV,3RD ST,0,NA,Y,A,-,N,NA,NA,NA,NA,NA,NA,NA,NA,NA,N,4,0,1,2,A,-,12,22450,A,N,D,C,A,A,H,-,C,A,0,NA,NA,NA,NA,Y,NA,A,NA,0,0,1,0,0,0,0,0,0,-,-,NA,NA,LOS ANGELES,LONG BEACH,-118.16547003,33.76806008
7165221,2016,2016-03-01,1941,2016-01-09,1407,10143,NA,6,5,7,1941,0,0,0,NA,0,NA,7TH ST,BELLFLOWER,0,NA,Y,A,-,N,NA,NA,NA,NA,NA,NA,NA,NA,NA,Y,4,0,1,2,-,-,-,NA,NA,N,D,C,A,A,H,-,A,A,0,NA,NA,NA,NA,Y,NA,-,-,0,0,1,0,0,0,0,0,0,-,-,NA,NA,LOS ANGELES,LONG BEACH,-118.12132,33.7753001
7165223,2016,2016-03-02,1941,2016-01-08,0950,10799,NA,5,5,7,1941,0,0,0,NA,0,NA,MARKET ST,ORANGE AV,0,NA,Y,A,-,N,NA,NA,NA,NA,NA,NA,NA,NA,NA,Y,4,0,1,2,A,-,12,21453,A,N,D,C,A,A,H,-,A,-,0,NA,NA,NA,NA,Y,NA,A,NA,0,0,1,0,0,0,0,0,0,-,-,NA,NA,LOS ANGELES,LONG BEACH,-118.17726003,33.85437001
7165226,2016,2016-03-01,1941,2016-01-12,1200,5726,NA,2,5,7,1941,0,0,0,NA,0,NA,LONG BEACH BL,BIXBY ST,0,NA,Y,A,-,N,NA,NA,NA,NA,NA,NA,NA,NA,NA,Y,4,0,1,2,A,-,09,21801,A,N,-,C,A,A,H,-,A,A,0,NA,NA,NA,NA,Y,NA,A,NA,0,0,1,0,0,0,0,0,0,-,-,NA,NA,LOS ANGELES,LONG BEACH,-118.18934013,33.82672011
7165259,2016,2016-03-01,1941,2016-01-17,2030,10766,NA,7,5,7,1941,0,0,0,NA,0,NA,4TH ST,JUNIPERO AV,85,E,N,A,-,N,NA,NA,NA,NA,NA,NA,NA,NA,NA,Y,3,0,1,3,A,-,07,21658,A,N,B,E,A,A,H,-,C,D,0,NA,NA,NA,NA,Y,NA,A,NA,0,1,0,0,0,0,0,0,0,-,-,NA,NA,LOS ANGELES,LONG BEACH,-118.16412093,33.77171628
7165267,2016,2016-03-01,1941,2016-01-13,1100,5407,NA,3,5,7,1941,0,0,0,NA,0,NA,3RD ST,GLADYS AV,0,NA,Y,B,-,N,NA,NA,NA,NA,NA,NA,NA,NA,NA,N,4,0,1,2,A,-,11,21954,A,M,G,B,E,A,H,-,A,A,0,Y,NA,NA,NA,Y,NA,M,47,0,0,1,0,1,0,0,0,0,-,-,NA,NA,LOS ANGELES,LONG BEACH,-118.15787008,33.76806006
7165280,2016,2016-02-29,1941,2016-01-13,2329,5936,NA,3,5,7,1941,0,0,0,NA,0,NA,CARSON ST,ATLANTIC AV,156,E,N,A,-,N,NA,NA,NA,NA,NA,NA,NA,NA,NA,Y,4,0,3,5,A,-,08,22107,NA,N,C,C,A,A,H,-,C,A,0,NA,NA,NA,NA,Y,NA,A,NA,0,0,3,0,0,0,0,0,0,-,-,NA,NA,LOS ANGELES,LONG BEACH,-118.18455738,33.83175
7165366,2016,2016-01-27,1902,2016-01-05,1441,568,8,2,5,5,1902,0,0,0,NA,0,001,FOOTHILL BL,TINDALO RD,17,N,N,C,-,N,NA,NA,NA,NA,NA,NA,NA,NA,NA,Y,4,0,1,2,A,-,09,21802,A,N,D,C,A,B,H,-,A,A,0,NA,NA,NA,NA,Y,NA,-,NA,0,0,1,0,0,0,0,0,0,-,-,NA,NA,LOS ANGELES,ARCADIA,-118.03259,34.15101
7165442,2015,2016-02-01,1918,2015-11-07,1315,1123,NA,6,5,4,1918,0,0,0,NA,0,2TL25,CULVER BL,HARTER AV,65,E,N,A,-,N,NA,NA,NA,NA,NA,NA,NA,NA,NA,Y,4,0,1,2,A,-,01,23152,A,N,B,E,A,A,H,-,A,D,0,NA,NA,NA,NA,Y,Y,A,01,0,0,1,0,0,0,0,0,0,-,-,34.0069,-118.40797,LOS ANGELES,CULVER CITY,-118.4082006,34.00722798
7165450,2015,2016-02-01,1918,2015-11-19,1818,773,NA,4,5,4,1918,0,0,0,NA,0,2M6,WASHINGTON BL,SPAD PL,22,E,N,A,-,N,NA,NA,NA,NA,NA,NA,NA,NA,NA,N,3,0,2,3,A,-,03,22350,NA,F,C,C,A,A,H,-,C,D,0,NA,NA,NA,NA,Y,Y,-,99,0,1,1,0,0,0,0,0,0,-,-,34.01436,-118.40823,LOS ANGELES,CULVER CITY,-118.40820105,34.0143945
7165454,2015,2016-02-01,1918,2015-11-23,0635,833,NA,1,5,4,1918,0,0,0,NA,0,PATROL,CULVER BL,MADISON AV,0,NA,Y,A,-,N,NA,NA,NA,NA,NA,NA,NA,NA,NA,Y,4,0,2,2,D,-,00,NA,NA,N,D,C,A,A,H,-,A,A,0,NA,NA,NA,NA,Y,NA,-,-,0,0,2,0,0,0,0,0,0,-,-,34.01967,-118.37798,LOS ANGELES,CULVER CITY,-118.39789001,34.01970007
7165458,2015,2016-02-02,1918,2015-11-26,2251,1135,NA,4,5,4,1918,0,0,0,NA,0,PATROL,SAWTELLE BL,HAYTER AV,0,NA,Y,A,-,N,NA,NA,NA,NA,NA,NA,NA,NA,NA,Y,2,0,1,2,A,-,01,23153,A,N,C,C,A,A,H,-,C,A,0,NA,NA,NA,NA,Y,Y,A,01,1,0,0,0,0,0,0,0,0,-,-,33.99521,-118.39998,LOS ANGELES,CULVER CITY,-118.40005004,33.99520001
7165467,2016,2016-01-27,1942,2016-01-06,1120,31167,0961,3,5,7,1942,0,0,0,I,0,35M6Q,VENTURA,SEPULVEDA,27,E,N,C,-,N,NA,NA,NA,NA,NA,NA,NA,NA,NA,N,4,0,1,2,A,-,04,21703,NA,F,C,C,A,B,H,-,A,A,0,NA,NA,NA,NA,Y,NA,-,99,0,0,1,0,0,0,0,0,0,-,-,NA,NA,LOS ANGELES,LOS ANGELES,-118.46611265,34.15381544
7165470,2015,2016-02-08,1942,2015-12-11,0740,01484,1494,5,5,7,1942,0,0,0,N,0,5M23,AVIATION BL,102ND ST,0,NA,Y,A,-,N,NA,NA,NA,NA,NA,NA,NA,NA,NA,Y,4,0,1,2,A,-,09,21801,A,N,D,C,A,A,H,-,A,D,0,NA,NA,Y,NA,Y,NA,C,02,0,0,1,0,0,0,0,0,1,-,-,NA,NA,LOS ANGELES,LOS ANGELES,-118.37848014,33.94363001