CASE_ID,ACCIDENT_YEAR,PROC_DATE,JURIS,COLLISION_DATE,COLLISION_TIME,OFFICER_ID,REPORTING_DISTRICT,DAY_OF_WEEK,CHP_SHIFT,POPULATION,CNTY_CITY_LOC,SPECIAL_COND,BEAT_TYPE,CHP_BEAT_TYPE,CITY_DIVISION_LAPD,CHP_BEAT_CLASS,BEAT_NUMBER,PRIMARY_RD,SECONDARY_RD,DISTANCE,DIRECTION,INTERSECTION,WEATHER_1,WEATHER_2,STATE_HWY_IND,CALTRANS_COUNTY,CALTRANS_DISTRICT,STATE_ROUTE,ROUTE_SUFFIX,POSTMILE_PREFIX,POSTMILE,LOCATION_TYPE,RAMP_INTERSECTION,SIDE_OF_HWY,TOW_AWAY,COLLISION_SEVERITY,NUMBER_KILLED,NUMBER_INJURED,PARTY_COUNT,PRIMARY_COLL_FACTOR,PCF_CODE_OF_VIOL,PCF_VIOL_CATEGORY,PCF_VIOLATION,PCF_VIOL_SUBSECTION,HIT_AND_RUN,TYPE_OF_COLLISION,MVIW,PED_ACTION,ROAD_SURFACE,ROAD_COND_1,ROAD_COND_2,LIGHTING,CONTROL_DEVICE,CHP_ROAD_TYPE,PEDESTRIAN_ACCIDENT,BICYCLE_ACCIDENT,MOTORCYCLE_ACCIDENT,TRUCK_ACCIDENT,NOT_PRIVATE_PROPERTY,ALCOHOL_INVOLVED,STWD_VEHTYPE_AT_FAULT,CHP_VEHTYPE_AT_FAULT,COUNT_SEVERE_INJ,COUNT_VISIBLE_INJ,COUNT_COMPLAINT_PAIN,COUNT_PED_KILLED,COUNT_PED_INJURED,COUNT_BICYCLIST_KILLED,COUNT_BICYCLIST_INJURED,COUNT_MC_KILLED,COUNT_MC_INJURED,PRIMARY_RAMP,SECONDARY_RAMP,LATITUDE,LONGITUDE,COUNTY,CITY,POINT_X,POINT_Y
7165947,2015,2016-02-01,1924,2015-11-25,1709,112817,G20,3,5,5,1924,0,0,0,NA,0,0G3,ROSECRANS AV,ARDATH AV,285,E,N,A,-,N,NA,NA,NA,NA,NA,NA,NA,NA,NA,Y,3,0,1,2,A,-,07,21658,A,F,B,C,A,A,H,-,C,D,0,NA,NA,Y,NA,Y,NA,-,NA,0,1,0,0,0,0,0,0,0,-,-,33.90192,-118.32398,LOS ANGELES,GARDENA,-118.32307259,33.9020955
7165948,2015,2016-01-27,1942,2015-12-08,0750,26608,0359,2,5,7,1942,0,0,0,C,0,25MQ15,FIGUEROA ST,39TH ST,0,NA,Y,A,-,N,NA,NA,NA,NA,NA,NA,NA,NA,NA,Y,3,0,1,3,A,-,03,22350,NA,N,C,C,A,A,H,-,A,A,0,NA,NA,NA,NA,Y,NA,A,01,0,1,0,0,0,0,0,0,0,-,-,NA,NA,LOS ANGELES,LOS ANGELES,-118.28276008,34.01400009
7165951,2015,2016-02-01,1924,2015-11-08,2106,115352,34,7,5,5,1924,0,0,0,NA,0,8T4,REDONDO BEACH BL,NORMANDIE AV,267,W,N,A,-,N,NA,NA,NA,NA,NA,NA,NA,NA,NA,N,4,0,1,2,A,-,-,NA,NA,N,H,G,A,A,H,-,C,D,0,NA,Y,NA,NA,Y,NA,L,04,0,0,1,0,0,0,1,0,0,-,-,33.89141,-118.30023,LOS ANGELES,GARDENA,-118.30104673,33.89111109
7165952,2015,2016-01-27,1942,2015-12-08,2125,40003,337,2,5,7,1942,0,0,0,NA,0,3T5,BRIGHTON AV,JEFFERSON BL,120,N,N,A,-,N,NA,NA,NA,NA,NA,NA,NA,NA,NA,N,4,0,2,2,A,-,09,21804,A,N,D,C,A,A,H,-,C,D,0,NA,NA,NA,NA,Y,NA,A,01,0,0,2,0,0,0,0,0,0,-,-,NA,NA,LOS ANGELES,LOS ANGELES,-118.30147,34.02584911
7165956,2015,2016-01-27,1942,2015-12-10,2215,40003,0325,4,5,7,1942,0,0,0,C,0,3TL5,VERMONT AV,25TH ST,75,S,N,A,-,N,NA,NA,NA,NA,NA,NA,NA,NA,NA,N,3,0,1,2,A,-,11,21954,A,N,G,B,D,-,H,-,C,D,0,Y,NA,NA,NA,Y,NA,N,60,0,1,0,0,1,0,0,0,0,-,-,NA,NA,LOS ANGELES,LOS ANGELES,-118.291549,34.03343
7165959,2015,2016-02-01,1924,2015-11-19,1725,111165,41,4,5,5,1924,0,0,0,NA,0,8L2S,166TH ST,NORMANDIE AV,65,W,N,A,-,N,NA,NA,NA,NA,NA,NA,NA,NA,NA,N,4,0,1,2,A,-,11,21954,A,N,G,B,D,A,H,-,B,D,0,Y,NA,NA,NA,Y,NA,N,60,0,0,1,0,1,0,0,0,0,-,-,33.89104,-118.30582,LOS ANGELES,GARDENA,-118.30002372,33.88013214
7165960,2015,2016-02-05,1942,2015-12-13,1835,27328,0391,7,5,7,1942,0,0,0,C,0,3TL55,STOCKER ST,LA BREA AV,300,E,N,C,-,N,NA,NA,NA,NA,NA,NA,NA,NA,NA,N,4,0,1,2,A,-,07,21658,A,N,B,C,A,B,H,-,C,A,0,NA,NA,NA,NA,Y,NA,-,-,0,0,1,0,0,0,0,0,0,-,-,NA,NA,LOS ANGELES,LOS ANGELES,-118.35711938,33.99766094
7165964,2015,2016-01-26,1942,2015-12-16,1650,39177,0341,3,5,7,1942,0,0,0,C,0,3TL57,LA CIENEGA BL,WRIGHTCREST DR,485,S,N,A,-,N,NA,NA,NA,NA,NA,NA,NA,NA,NA,Y,4,0,1,1,A,-,03,22350,NA,N,F,J,A,A,H,-,B,D,0,NA,NA,NA,NA,Y,NA,A,01,0,0,1,0,0,0,0,0,0,-,-,NA,NA,LOS ANGELES,LOS ANGELES,-118.37417272,34.0149252
7165968,2015,2016-01-26,1942,2015-12-16,0640,40393,0395,3,5,7,1942,0,0,0,C,0,18T23,MARTIN LUTHER KING JR BL,HOBART BL,85,E,N,A,-,N,NA,NA,NA,NA,NA,NA,NA,NA,NA,Y,4,0,1,4,A,-,03,22350,NA,N,C,C,A,A,H,-,A,D,0,NA,NA,NA,NA,Y,NA,A,01,0,0,1,0,0,0,0,0,0,-,-,NA,NA,LOS ANGELES,LOS ANGELES,-118.30752007,34.01085
7165972,2015,2016-02-08,1942,2015-12-15,1854,39177,0358,2,5,7,1942,0,0,0,C,0,12TL73,JEFFERSON BL,MCCLINTOCK AV,0,NA,Y,A,-,N,NA,NA,NA,NA,NA,NA,NA,NA,NA,Y,3,0,3,3,A,-,12,21453,A,N,A,C,A,A,H,-,B,A,0,NA,NA,NA,NA,Y,NA,-,-,0,1,2,0,0,0,0,0,0,-,-,NA,NA,LOS ANGELES,LOS ANGELES,-118.28711004,34.02505002
7165975,2015,2016-01-28,1924,2015-12-08,1934,112602,11,2,5,5,1924,0,0,0,NA,0,8T2,EL SEGUNDO BL,VERMONT AV,316,W,N,A,-,N,NA,NA,NA,NA,NA,NA,NA,NA,NA,Y,4,0,1,2,A,-,01,23152,A,N,C,C,A,A,H,-,C,A,0,NA,NA,NA,Y,Y,Y,A,01,0,0,1,0,0,0,0,0,0,-,-,33.66637,-118.29176,LOS ANGELES,GARDENA,-118.29287952,33.91642091
7165976,2015,2016-01-26,1942,2015-12-17,1455,39177,0341,4,5,7,1942,0,0,0,C,0,3TL57,LA CIENEGA BL,RODEO RD,350,S,N,A,-,N,NA,NA,NA,NA,NA,NA,NA,NA,NA,N,4,0,2,2,A,-,03,22350,NA,N,C,C,A,A,H,-,A,D,0,NA,NA,NA,NA,Y,NA,A,01,0,0,2,0,0,0,0,0,0,-,-,NA,NA,LOS ANGELES,LOS ANGELES,-118.37240866,34.02074102
7165980,2015,2016-01-26,1942,2015-12-16,1830,35936,0326,3,5,7,1942,0,0,0,C,0,3T5,RAYMOND AV,ADAMS BL,28,S,N,A,-,N,NA,NA,NA,NA,NA,NA,NA,NA,NA,Y,4,0,1,2,A,-,03,22350,NA,F,A,C,A,A,H,-,C,D,0,NA,NA,NA,NA,Y,NA,A,01,0,0,1,0,0,0,0,0,0,-,-,NA,NA,LOS ANGELES,LOS ANGELES,-118.29805,34.03267321
7165984,2015,2016-01-26,1924,2015-12-19,1612,110874,26,6,5,5,1924,0,0,0,NA,0,0G4,NORMANDIE AV,MARINE AV,0,NA,Y,C,-,N,NA,NA,NA,NA,NA,NA,NA,NA,NA,Y,4,0,1,2,A,-,12,21453,A,N,D,C,A,B,H,-,A,A,0,NA,NA,NA,NA,Y,NA,A,01,0,0,1,0,0,0,0,0,0,-,-,33.89467,-118.30042,LOS ANGELES,GARDENA,-118.30045011,33.8946501
7165987,2015,2016-02-23,1924,2015-12-18,1554,115299,NA,5,5,5,1924,0,0,0,NA,0,NA,ROSECRANS AV,NORMANDIE AV,12,W,N,A,-,N,NA,NA,NA,NA,NA,NA,NA,NA,NA,N,4,0,1,2,A,-,03,22350,NA,N,C,C,A,A,H,-,A,A,0,NA,NA,NA,NA,Y,NA,D,22,0,0,1,0,0,0,0,0,0,-,-,NA,NA,LOS ANGELES,GARDENA,-118.30047947,33.9019
7165988,2015,2016-01-26,1942,2015-12-27,1625,38013,1424,7,5,7,1942,0,0,0,N,0,8TL28,ROSE AV,CENTINELLA AV,7,W,N,A,-,N,NA,NA,NA,NA,NA,NA,NA,NA,NA,N,2,0,1,2,A,-,10,21950,A,F,G,B,B,A,H,-,A,A,0,Y,NA,NA,NA,Y,NA,-,99,1,0,0,0,1,0,0,0,0,-,-,NA,NA,LOS ANGELES,LOS ANGELES,-118.44204004,34.01478051
7165992,2015,2016-01-26,1924,2015-12-13,0204,115237,15,7,5,5,1924,0,0,0,NA,0,001,ROSECRANS AV,CRENSHAW BL,20,E,N,A,-,N,NA,NA,NA,NA,NA,NA,NA,NA,NA,Y,4,0,1,2,A,-,01,23152,A,N,C,C,A,A,H,-,C,A,0,NA,NA,NA,NA,Y,Y,A,01,0,0,1,0,0,0,0,0,0,-,-,33.90192,-118.32651,LOS ANGELES,GARDENA,-118.32647069,33.90190628
7165995,2015,2016-02-01,1924,2015-11-02,1737,111229,G15,1,5,5,1924,0,0,0,NA,0,8L11D,ROSECRANS AV,PURCHE AV,225,W,N,A,-,N,NA,NA,NA,NA,NA,NA,NA,NA,NA,N,4,0,1,2,A,-,09,21801,A,N,D,C,A,A,H,-,C,D,0,NA,NA,NA,Y,Y,NA,F,26,0,0,1,0,0,0,0,0,0,-,-,33.90192,-118.32062,LOS ANGELES,GARDENA,-118.32138463,33.90186
7165999,2016,2016-01-29,1942,2016-01-15,2252,41859,1477,5,5,7,1942,0,0,0,N,0,14A13,BLERIOT AV,82ND ST,0,NA,Y,A,-,N,NA,NA,NA,NA,NA,NA,NA,NA,NA,Y,3,0,1,2,A,-,01,23152,A,N,C,E,A,A,H,-,C,D,0,NA,NA,NA,NA,Y,Y,A,01,0,1,0,0,0,0,0,0,0,-,-,NA,NA,LOS ANGELES,LOS ANGELES,-118.39152009,33.96405009
7166006,2015,2016-01-25,1955,2015-12-29,1756,42014,0083,2,5,6,1955,0,0,0,NA,0,005,RIO RANCHO RD,AUTO CENTER DR,335,E,N,A,-,N,NA,NA,NA,NA,NA,NA,NA,NA,NA,Y,3,0,2,2,A,-,09,21801,A,N,D,C,A,A,H,-,C,A,0,NA,NA,NA,NA,Y,NA,A,01,0,2,0,0,0,0,0,0,0,-,-,NA,NA,LOS ANGELES,POMONA,-117.75567939,34.03361818
7166038,2015,2016-01-25,1955,2015-12-28,0104,30405,0081,1,5,6,1955,0,0,0,NA,0,005,GAREY AV,CRESTHAVEN LN,141,N,N,A,-,N,NA,NA,NA,NA,NA,NA,NA,NA,NA,Y,2,0,1,1,A,-,08,22107,NA,N,E,I,A,A,H,-,C,A,0,NA,NA,NA,NA,Y,NA,A,01,1,0,0,0,0,0,0,0,0,-,-,NA,NA,LOS ANGELES,POMONA,-117.74954235,34.03922634
7166046,2015,2016-08-09,1955,2015-12-15,1114,30381,002,2,5,6,1955,0,0,0,NA,0,002,GAREY AV,ARROW HWY,0,NA,Y,A,-,N,NA,NA,NA,NA,NA,NA,NA,NA,NA,N,3,0,1,2,A,-,12,21453,A,F,G,B,B,A,H,-,A,A,0,Y,NA,NA,NA,Y,NA,A,01,0,1,0,0,1,0,0,0,0,-,-,NA,NA,LOS ANGELES,POMONA,-117.74937012,34.08992009
7166065,2015,2017-02-03,1955,2015-12-29,0450,42042,0043,2,5,6,1955,0,0,0,NA,0,001,VALLEY BL,RT 71,18,E,N,A,-,Y,LA,7,71,-,R,1.28,R,4,N,N,4,0,1,2,A,-,10,21950,A,N,G,B,C,A,H,-,C,A,0,Y,NA,NA,NA,Y,NA,A,01,0,0,1,0,1,0,0,0,0,-,-,NA,NA,LOS ANGELES,POMONA,-117.79233272,34.06316536
7166162,2016,2016-02-26,1900,2016-01-12,1330,478276,1121,2,5,6,1992,0,0,0,NA,0,111T1,AVENUE I,KINGTREE AV,161,W,N,A,-,N,NA,NA,NA,NA,NA,NA,NA,NA,NA,N,4,0,1,2,A,-,11,21956,A,M,G,B,E,A,H,-,A,D,0,Y,NA,NA,NA,Y,Y,N,60,0,0,1,0,1,0,0,0,0,-,-,NA,NA,LOS ANGELES,LANCASTER,-118.15182455,34.70397
7166166,2016,2016-02-26,1900,2016-01-09,1542,546182,1126,6,5,6,1992,0,0,0,NA,0,111T1,AVENUE L,17TH ST WEST,405,E,N,B,-,N,NA,NA,NA,NA,NA,NA,NA,NA,NA,N,4,0,1,2,A,-,03,22350,NA,N,C,C,A,A,H,-,A,D,0,NA,NA,NA,NA,Y,NA,D,22,0,0,1,0,0,0,0,0,0,-,-,NA,NA,LOS ANGELES,LANCASTER,-118.15983392,34.66053638
7166205,2015,2016-01-29,1900,2015-12-18,1222,405950,2318,5,5,5,1919,0,0,0,NA,0,230T,NORWALK BL,166TH ST,153,N,N,A,-,N,NA,NA,NA,NA,NA,NA,NA,NA,NA,N,4,0,2,2,A,-,04,21703,NA,N,C,C,A,A,H,-,A,D,0,NA,NA,NA,NA,Y,NA,D,22,0,0,2,0,0,0,0,0,0,-,-,NA,NA,LOS ANGELES,CERRITOS,-118.07272999,33.88079944
7166209,2016,2016-01-27,1900,2016-01-04,1214,405950,2314,1,5,5,1919,0,0,0,NA,0,230T,DEL AMO BL,NORWALK BL,0,NA,Y,A,-,N,NA,NA,NA,NA,NA,NA,NA,NA,NA,Y,4,0,2,3,A,-,12,21453,A,N,D,C,A,A,H,-,A,A,0,NA,NA,NA,NA,Y,NA,D,22,0,0,2,0,0,0,0,0,0,-,-,NA,NA,LOS ANGELES,CERRITOS,-118.07212002,33.84615008
7166215,2016,2017-02-10,1900,2016-01-14,1516,263565,1126,4,5,6,1992,0,0,0,NA,0,112T2,COLUMBIA WY,RT 14,0,NA,Y,A,-,Y,LA,7,14,-,R,64.87,R,1,S,Y,4,0,1,2,A,-,09,21802,A,N,D,C,A,A,H,-,A,A,0,NA,NA,NA,NA,Y,NA,E,22,0,0,1,0,0,0,0,0,0,-,SF,NA,NA,LOS ANGELES,LANCASTER,-118.1534599,34.64853909
7166217,2015,2016-01-27,1924,2015-12-30,1743,115237,07,3,5,5,1924,0,0,0,NA,0,001,VAN NESS AV,135TH ST,0,NA,Y,A,-,N,NA,NA,NA,NA,NA,NA,NA,NA,NA,Y,4,0,1,4,A,-,12,21453,A,N,A,C,A,A,H,-,C,A,0,NA,NA,NA,NA,Y,NA,A,01,0,0,1,0,0,0,0,0,0,-,-,33.90919,-118.31782,LOS ANGELES,GARDENA,-118.31786005,33.90920002
7166221,2016,2016-01-26,1928,2016-01-05,1853,309,519,2,5,5,1928,0,0,0,NA,0,003,135TH ST,CRENSHAW BL,0,NA,Y,A,-,N,NA,NA,NA,NA,NA,NA,NA,NA,NA,Y,4,0,1,2,A,-,09,21802,B,N,D,C,A,A,H,-,C,A,0,NA,NA,NA,NA,Y,NA,A,01,0,0,1,0,0,0,0,0,0,-,-,33.90918,-118.32651,LOS ANGELES,HAWTHORNE,-118.32660012,33.90919007
7166229,2015,2016-02-09,1900,2015-12-12,0901,405950,2318,6,5,5,1919,0,0,0,NA,0,230T,166TH ST,SHOEMAKER AV,18,W,N,A,-,N,NA,NA,NA,NA,NA,NA,NA,NA,NA,Y,4,0,1,2,A,-,09,21801,A,N,D,C,A,A,H,-,A,D,0,NA,NA,NA,Y,Y,NA,G,25,0,0,1,0,0,0,0,0,0,-,-,NA,NA,LOS ANGELES,CERRITOS,-118.05529917,33.88054942
7166231,2016,2016-01-27,1900,2016-01-04,1111,550490,1126,1,5,6,1992,0,0,0,NA,0,111T1,AVENUE J,KINGTREE AV,0,NA,Y,A,-,N,NA,NA,NA,NA,NA,NA,NA,NA,NA,Y,4,0,1,2,A,-,12,21457,A,N,D,C,A,A,H,-,A,A,0,NA,NA,NA,NA,Y,NA,A,01,0,0,1,0,0,0,0,0,0,-,-,NA,NA,LOS ANGELES,LANCASTER,-118.15128006,34.68942009
7166233,2015,2016-08-09,1928,2015-12-21,1627,239,530,1,5,5,1928,0,0,0,NA,0,501,IMPERIAL HWY,GREVILLEA AV,0,NA,Y,B,C,N,NA,NA,NA,NA,NA,NA,NA,NA,NA,N,4,0,1,3,A,-,09,21801,A,N,B,C,A,B,H,-,B,D,0,NA,NA,NA,NA,Y,NA,A,01,0,0,1,0,0,0,0,0,0,-,-,33.93094,-118.35478,LOS ANGELES,HAWTHORNE,-118.35485007,33.93094008
7166235,2016,2016-01-27,1900,2016-01-03,1408,550490,1136,7,5,6,1992,0,0,0,NA,0,111T1,50TH ST E,LANCASTER BL,90,S,N,A,-,N,NA,NA,NA,NA,NA,NA,NA,NA,NA,Y,4,0,1,2,A,-,08,22107,NA,N,A,C,A,A,H,-,A,A,0,NA,NA,NA,NA,Y,NA,A,01,0,0,1,0,0,0,0,0,0,-,-,NA,NA,LOS ANGELES,LANCASTER,-118.04124863,34.69692325
7166239,2015,2016-01-27,1900,2015-12-27,1251,550490,1127,7,5,6,1992,0,0,0,NA,0,111T1,20TH ST W,AVE J,0,NA,Y,A,-,N,NA,NA,NA,NA,NA,NA,NA,NA,NA,N,4,0,1,2,A,-,08,22100,B,N,B,C,A,A,H,-,A,A,0,NA,NA,NA,NA,Y,NA,A,01,0,0,1,0,0,0,0,0,0,-,-,NA,NA,LOS ANGELES,LANCASTER,-118.16566004,34.68942004
7166241,2015,2016-01-25,1942,2015-11-30,0550,30452,2147,1,5,7,1942,0,0,0,NA,0,9TL53,GAULT ST,IRONDALE AV,197,W,N,A,-,N,NA,NA,NA,NA,NA,NA,NA,NA,NA,Y,2,0,2,3,A,-,03,22350,NA,N,C,E,A,A,H,-,D,D,0,NA,NA,NA,NA,Y,NA,A,07,1,0,1,0,0,0,0,0,0,-,-,NA,NA,LOS ANGELES,LOS ANGELES,-118.5853004,34.1991824
7166242,2016,2016-01-26,1900,2016-01-02,1547,523207,2312,6,5,5,1919,0,0,0,NA,0,230T,183RD ST,STUDEBAKER RD,18,W,N,A,-,N,NA,NA,NA,NA,NA,NA,NA,NA,NA,N,4,0,1,2,A,-,03,22350,NA,N,C,C,A,A,H,-,A,A,0,NA,NA,NA,NA,Y,NA,A,01,0,0,1,0,0,0,0,0,0,-,-,NA,NA,LOS ANGELES,CERRITOS,-118.09982916,33.86567924
7166243,2016,2016-01-26,1900,2016-01-15,1500,532040,1137,5,5,6,1992,0,0,0,NA,0,112T1,CHALLENGER WY,AVENUE J-8,0,NA,Y,A,-,N,NA,NA,NA,NA,NA,NA,NA,NA,NA,Y,3,0,4,2,A,-,09,21801,A,N,D,C,A,A,H,-,A,A,0,NA,NA,NA,NA,Y,NA,A,01,0,1,3,0,0,0,0,0,0,-,-,NA,NA,LOS ANGELES,LANCASTER,-118.112532,34.682178
7166245,2015,2016-01-25,1942,2015-11-24,1251,41976,2189,2,5,7,1942,0,0,0,NA,0,21A42,VENTURA BL,CHALK HILL,1200,W,N,A,-,N,NA,NA,NA,NA,NA,NA,NA,NA,NA,Y,3,0,4,2,A,-,09,21801,A,N,D,C,A,A,H,-,A,D,0,NA,NA,NA,NA,Y,NA,-,-,0,1,3,0,0,0,0,0,0,-,-,NA,NA,LOS ANGELES,LOS ANGELES,-118.58496199,34.16668121
7166246,2016,2016-01-26,1900,2016-01-05,1030,405950,2310,2,5,5,1919,0,0,0,NA,0,2305,STUDEBAKER RD,FALCON WY,100,N,N,C,-,N,NA,NA,NA,NA,NA,NA,NA,NA,NA,Y,3,0,1,1,A,-,03,22350,NA,N,E,J,A,B,F,-,A,D,0,NA,NA,NA,NA,Y,NA,A,01,0,1,0,0,0,0,0,0,0,-,-,NA,NA,LOS ANGELES,CERRITOS,-118.09994352,33.88418419
7166247,2016,2016-01-26,1900,2016-01-15,1507,550490,1135,5,5,6,1992,0,0,0,NA,0,111T1,17TH ST EAST,LANCASTER BL,0,NA,Y,B,-,N,NA,NA,NA,NA,NA,NA,NA,NA,NA,Y,3,0,8,4,A,-,09,21802,A,N,D,C,A,A,H,-,A,A,0,NA,NA,NA,NA,Y,NA,A,01,0,4,4,0,0,0,0,0,0,-,-,NA,NA,LOS ANGELES,LANCASTER,-118.09926001,34.69686011
7166250,2016,2016-01-26,1924,2016-01-04,1623,111361,35,1,5,5,1924,0,0,0,NA,0,8M1,REDONDO BEACH BL,BERENDO AV,0,NA,Y,C,-,N,NA,NA,NA,NA,NA,NA,NA,NA,NA,Y,4,0,3,2,A,-,09,21801,A,N,D,C,A,B,H,-,A,D,0,NA,NA,NA,NA,Y,NA,A,07,0,0,3,0,0,0,0,0,0,-,-,33.90184,-118.29384,LOS ANGELES,GARDENA,-118.29392011,33.89243005
7166253,2015,2016-01-25,1942,2015-11-30,1140,39021,2158,1,5,7,1942,0,0,0,NA,0,9TL55,VICTORY BL,WINNETKA AV,50,W,N,A,-,N,NA,NA,NA,NA,NA,NA,NA,NA,NA,N,4,0,3,2,A,-,04,21703,NA,N,C,C,A,A,H,-,A,A,0,NA,NA,NA,NA,Y,NA,A,01,0,0,3,0,0,0,0,0,0,-,-,NA,NA,LOS ANGELES,LOS ANGELES,-118.57111003,34.18580261
7166257,2015,2016-01-25,1942,2015-11-27,1535,41642,2126,5,5,7,1942,0,0,0,NA,0,21A57,DEERING AV,DEERING CT,335,S,N,A,-,N,NA,NA,NA,NA,NA,NA,NA,NA,NA,N,3,0,1,2,A,-,09,21804,A,N,A,C,A,A,H,-,A,D,0,NA,NA,Y,NA,Y,NA,A,01,0,1,0,0,0,0,0,0,1,-,-,NA,NA,LOS ANGELES,LOS ANGELES,-118.59505377,34.216171
7166259,2016,2016-01-26,1900,2016-01-12,2205,510509,1137,2,5,6,1992,0,0,0,NA,0,112T1,20TH ST E,AVENUE K,436,NA,N,A,-,N,NA,NA,NA,NA,NA,NA,NA,NA,NA,N,4,0,1,2,A,-,11,21954,A,N,G,B,D,A,H,-,C,D,0,Y,NA,NA,NA,Y,Y,N,60,0,0,1,0,1,0,0,0,0,-,-,NA,NA,LOS ANGELES,LANCASTER,-118.0949101,34.67529004
7166261,2015,2016-01-25,1942,2015-11-29,1600,41549,2187,7,5,7,1942,0,0,0,NA,0,21L90,VENTURA BL,CANOGA AV,0,NA,Y,A,-,N,NA,NA,NA,NA,NA,NA,NA,NA,NA,Y,4,0,1,2,A,-,09,21801,A,N,A,C,A,A,H,-,B,A,0,NA,NA,NA,NA,Y,NA,A,01,0,0,1,0,0,0,0,0,0,-,-,NA,NA,LOS ANGELES,LOS ANGELES,-118.59744,34.16786003
7166263,2016,2016-01-26,1900,2016-01-15,1700,546182,1126,5,5,6,1992,0,0,0,NA,0,111T1,LANCASTER BL,30TH ST W,95,E,N,A,-,N,NA,NA,NA,NA,NA,NA,NA,NA,NA,N,4,0,1,2,A,-,03,22350,NA,M,C,C,A,A,H,-,B,A,0,NA,NA,NA,NA,Y,NA,A,01,0,0,1,0,0,0,0,0,0,-,-,NA,NA,LOS ANGELES,LANCASTER,-118.1835146,34.69672
7166265,2015,2016-02-05,1942,2015-11-30,2230,41855,2158,1,5,7,1942,0,0,0,NA,0,21A57,DE SOTO AV,VICTORY BL,42,W,N,A,-,N,NA,NA,NA,NA,NA,NA,NA,NA,NA,Y,2,0,4,2,A,-,12,21453,A,N,A,C,A,A,-,-,C,A,0,NA,NA,NA,NA,Y,NA,A,01,1,0,3,0,0,0,0,0,0,-,-,NA,NA,LOS ANGELES,LOS ANGELES,-118.58840822,34.18847502
7166267,2016,2016-01-26,1900,2016-01-16,1745,600125,1137,6,5,6,1992,0,0,0,NA,0,112T1,20TH ST E,AVENUE K,0,NA,Y,A,-,N,NA,NA,NA,NA,NA,NA,NA,NA,NA,N,4,0,1,2,A,-,09,21801,A,N,D,C,A,A,H,-,C,A,0,NA,NA,NA,NA,Y,NA,A,01,0,0,1,0,0,0,0,0,0,-,-,NA,NA,LOS ANGELES,LANCASTER,-118.0949101,34.67529004
7166269,2015,2016-01-25,1942,2015-11-03,2210,36589,2044,2,5,7,1942,0,0,0,NA,0,6TL7,HARVARD BL,8TH ST,0,NA,Y,A,-,N,NA,NA,NA,NA,NA,NA,NA,NA,NA,NA,4,0,2,2,A,-,09,21801,A,N,A,C,A,A,G,-,C,A,0,NA,NA,NA,NA,Y,NA,A,01,0,0,2,0,0,0,0,0,0,-,-,NA,NA,LOS ANGELES,LOS ANGELES,-118.30417011,34.05769004
7166272,2016,2016-01-25,1900,2016-01-14,1733,510509,1132,4,5,6,1992,0,0,0,NA,0,11271,DIVISION ST,AVENUE I,23,N,N,A,-,N,NA,NA,NA,NA,NA,NA,NA,NA,NA,Y,3,0,3,2,A,-,09,21804,A,N,D,C,A,A,H,-,C,A,0,NA,NA,NA,NA,Y,NA,A,01,0,1,2,0,0,0,0,0,0,-,-,NA,NA,LOS ANGELES,LANCASTER,-118.13044,34.70405306
7166273,2015,2016-01-25,1942,2015-11-25,1150,41499,2118,3,5,7,1942,0,0,0,NA,0,21A42,MASON AV,ROSCOE BL,0,NA,Y,A,-,N,NA,NA,NA,NA,NA,NA,NA,NA,NA,Y,4,0,1,2,A,-,03,22350,NA,N,D,C,A,A,H,-,A,A,0,NA,NA,NA,NA,Y,NA,A,01,0,0,1,0,0,0,0,0,0,-,-,NA,NA,LOS ANGELES,LOS ANGELES,-118.57978012,34.22009003
7166277,2015,2016-01-25,1942,2015-11-23,1500,41499,2107,1,5,7,1942,0,0,0,NA,0,21EL3,DE SOTO,ROSCOE BL,150,S,N,A,-,N,NA,NA,NA,NA,NA,NA,NA,NA,NA,NA,4,0,2,4,A,-,04,21703,NA,N,C,C,A,A,H,-,A,D,0,NA,NA,NA,NA,Y,NA,A,01,0,0,2,0,0,0,0,0,0,-,-,NA,NA,LOS ANGELES,LOS ANGELES,-118.58849,34.21952851
7166279,2016,2016-01-26,1900,2016-01-14,2012,546182,1126,4,5,6,1992,0,0,0,NA,0,111T1,10TH ST W,AVENUE J-2,215,S,N,A,-,N,NA,NA,NA,NA,NA,NA,NA,NA,NA,Y,4,0,2,2,A,-,02,22400,A,N,C,C,A,A,H,-,C,D,0,NA,NA,NA,NA,Y,NA,A,01,0,0,2,0,0,0,0,0,0,-,-,NA,NA,LOS ANGELES,LANCASTER,-118.148,34.68704076
7166281,2015,2016-01-25,1942,2015-11-29,1825,36904,2147,7,5,7,1942,0,0,0,NA,0,21XL28,DE SOTO AV,SHERMAN WY,200,N,N,A,-,N,NA,NA,NA,NA,NA,NA,NA,NA,NA,N,4,0,3,2,A,-,08,22107,NA,N,A,C,A,A,H,-,C,D,0,NA,NA,NA,NA,Y,NA,A,01,0,0,3,0,0,0,0,0,0,-,-,NA,NA,LOS ANGELES,LOS ANGELES,-118.58845914,34.2016686