CASE_ID,ACCIDENT_YEAR,PROC_DATE,JURIS,COLLISION_DATE,COLLISION_TIME,OFFICER_ID,REPORTING_DISTRICT,DAY_OF_WEEK,CHP_SHIFT,POPULATION,CNTY_CITY_LOC,SPECIAL_COND,BEAT_TYPE,CHP_BEAT_TYPE,CITY_DIVISION_LAPD,CHP_BEAT_CLASS,BEAT_NUMBER,PRIMARY_RD,SECONDARY_RD,DISTANCE,DIRECTION,INTERSECTION,WEATHER_1,WEATHER_2,STATE_HWY_IND,CALTRANS_COUNTY,CALTRANS_DISTRICT,STATE_ROUTE,ROUTE_SUFFIX,POSTMILE_PREFIX,POSTMILE,LOCATION_TYPE,RAMP_INTERSECTION,SIDE_OF_HWY,TOW_AWAY,COLLISION_SEVERITY,NUMBER_KILLED,NUMBER_INJURED,PARTY_COUNT,PRIMARY_COLL_FACTOR,PCF_CODE_OF_VIOL,PCF_VIOL_CATEGORY,PCF_VIOLATION,PCF_VIOL_SUBSECTION,HIT_AND_RUN,TYPE_OF_COLLISION,MVIW,PED_ACTION,ROAD_SURFACE,ROAD_COND_1,ROAD_COND_2,LIGHTING,CONTROL_DEVICE,CHP_ROAD_TYPE,PEDESTRIAN_ACCIDENT,BICYCLE_ACCIDENT,MOTORCYCLE_ACCIDENT,TRUCK_ACCIDENT,NOT_PRIVATE_PROPERTY,ALCOHOL_INVOLVED,STWD_VEHTYPE_AT_FAULT,CHP_VEHTYPE_AT_FAULT,COUNT_SEVERE_INJ,COUNT_VISIBLE_INJ,COUNT_COMPLAINT_PAIN,COUNT_PED_KILLED,COUNT_PED_INJURED,COUNT_BICYCLIST_KILLED,COUNT_BICYCLIST_INJURED,COUNT_MC_KILLED,COUNT_MC_INJURED,PRIMARY_RAMP,SECONDARY_RAMP,LATITUDE,LONGITUDE,COUNTY,CITY,POINT_X,POINT_Y
7167846,2015,2016-01-26,1942,2015-12-25,1730,40421,1372,5,5,7,1942,0,0,0,M,0,X94,SAN PEDRO ST,55TH ST,0,NA,Y,A,-,N,NA,NA,NA,NA,NA,NA,NA,NA,NA,N,4,0,2,2,A,-,09,21801,A,N,D,C,A,A,H,-,A,D,0,NA,NA,NA,NA,Y,NA,A,01,0,0,2,0,0,0,0,0,0,-,-,NA,NA,LOS ANGELES,LOS ANGELES,-118.27014012,33.99244005
7167847,2015,2016-08-09,1918,2015-11-18,1358,773,NA,3,5,4,1918,0,0,0,NA,0,2M6,SAWTELLE BL,WASHINGTON BL,50,N,N,A,-,N,NA,NA,NA,NA,NA,NA,NA,NA,NA,N,4,0,1,2,A,-,03,22350,NA,N,C,C,A,A,H,-,A,A,0,NA,NA,NA,NA,Y,NA,A,01,0,0,1,0,0,0,0,0,0,-,-,34.00424,-118.41457,LOS ANGELES,CULVER CITY,-118.41474486,34.0043121
7167848,2015,2016-01-26,1918,2015-11-27,1345,696,NA,5,5,4,1918,0,0,0,NA,0,2M20,JEFFERSON BL,JORDAN WY,15,E,N,A,-,N,NA,NA,NA,NA,NA,NA,NA,NA,NA,Y,4,0,1,3,A,-,03,22350,NA,N,C,C,A,A,H,-,A,A,0,NA,NA,NA,NA,Y,NA,A,01,0,0,1,0,0,0,0,0,0,-,-,34.00529,-118.39293,LOS ANGELES,CULVER CITY,-118.39295101,34.00532798
7167849,2015,2016-04-01,1942,2015-12-21,2200,30083,1177,1,5,7,1942,0,0,0,K,0,11T21,AVE 26,FIGUEROA ST,150,E,N,A,-,N,NA,NA,NA,NA,NA,NA,NA,NA,NA,N,4,0,2,2,A,-,05,21650,NA,F,D,C,A,A,H,-,A,D,0,NA,NA,NA,Y,Y,NA,F,21,0,0,2,0,0,0,0,0,0,-,-,NA,NA,LOS ANGELES,LOS ANGELES,-118.22208039,34.08357681
7167850,2015,2016-01-26,1942,2015-12-01,1430,39889,1317,2,5,7,1942,0,0,0,M,0,11TL32,EAST WASHINGTON BL,STAUNTON AV,0,NA,Y,A,-,N,NA,NA,NA,NA,NA,NA,NA,NA,NA,N,4,0,2,2,A,-,09,21801,A,N,D,C,A,A,H,-,A,D,0,NA,NA,NA,NA,Y,NA,A,01,0,0,2,0,0,0,0,0,0,-,-,NA,NA,LOS ANGELES,LOS ANGELES,-118.24159007,34.02036009
7167851,2015,2016-08-03,1918,2015-11-10,2105,799,2,2,5,4,1918,0,0,0,NA,0,2M9,WASHINGTON BL,SEPULVEDA BL,51,E,N,A,-,N,NA,NA,NA,NA,NA,NA,NA,NA,NA,Y,3,0,2,2,A,-,09,21801,A,N,A,C,A,A,H,-,C,A,0,NA,NA,NA,NA,Y,NA,A,01,0,2,0,0,0,0,0,0,0,-,-,34.0072,-118.41297,LOS ANGELES,CULVER CITY,-118.412909,34.00730678
7167852,2015,2016-01-26,1918,2015-11-29,0300,1118,NA,7,5,4,1918,0,0,0,NA,0,PATROL,WASHINGTON BL,CORINTH AV,0,NA,Y,A,-,N,NA,NA,NA,NA,NA,NA,NA,NA,NA,Y,4,0,1,1,A,-,01,23152,A,N,E,I,A,A,H,-,C,D,0,NA,NA,NA,NA,Y,Y,A,01,0,0,1,0,0,0,0,0,0,-,-,34.00343,-118.41501,LOS ANGELES,CULVER CITY,-118.41508012,34.00343001
7167854,2015,2016-01-26,1942,2015-12-13,1055,40008,1395,7,5,7,1942,0,0,0,M,0,13TL55,AVALON DR,67TH ST,0,NA,Y,A,-,N,NA,NA,NA,NA,NA,NA,NA,NA,NA,Y,4,0,1,2,A,-,09,21801,A,N,A,C,A,A,H,-,A,A,0,NA,NA,NA,NA,Y,NA,A,07,0,0,1,0,0,0,0,0,0,-,-,NA,NA,LOS ANGELES,LOS ANGELES,-118.26520008,33.97881011
7167855,2015,2016-08-09,1918,2015-11-06,1725,1123,NA,5,5,4,1918,0,0,0,NA,0,2TL25,WASHINGTON BL,FAIRFAX AV,0,NA,Y,A,-,N,NA,NA,NA,NA,NA,NA,NA,NA,NA,Y,3,0,2,2,A,-,09,21801,A,N,D,C,A,A,H,-,C,A,0,NA,NA,NA,NA,Y,NA,A,01,0,1,1,0,0,0,0,0,0,-,-,34.03579,-118.36533,LOS ANGELES,CULVER CITY,-118.36993004,34.03437002
7167857,2015,2016-01-26,1942,2015-12-27,1620,40869,1862,7,5,7,1942,0,0,0,R,0,3TL57,120TH ST,MAIN,70,E,N,A,-,N,NA,NA,NA,NA,NA,NA,NA,NA,NA,N,2,0,2,1,A,-,03,22350,NA,N,E,I,A,A,H,-,A,A,0,NA,NA,NA,NA,Y,NA,A,01,2,0,0,0,0,0,0,0,0,-,-,NA,NA,LOS ANGELES,LOS ANGELES,-118.27391,33.92372
7167858,2015,2016-01-26,1942,2015-12-08,2045,40608,1352,2,5,7,1942,0,0,0,M,0,13A63,SAN PEDRO ST,VERNON AV,0,NA,Y,A,-,N,NA,NA,NA,NA,NA,NA,NA,NA,NA,Y,4,0,1,4,A,-,09,21801,A,F,B,C,A,A,H,-,C,A,0,NA,NA,NA,NA,Y,NA,-,99,0,0,1,0,0,0,0,0,0,-,-,NA,NA,LOS ANGELES,LOS ANGELES,-118.26964005,34.00385011
7167859,2015,2016-01-26,1918,2015-11-17,0757,742,390,2,5,4,1918,0,0,0,NA,0,2TL22,WASHINGTON BL,REDWOOD AV,9,E,N,A,-,N,NA,NA,NA,NA,NA,NA,NA,NA,NA,N,3,0,1,2,A,-,10,21950,A,F,G,B,B,A,H,-,A,A,0,Y,NA,NA,NA,Y,NA,A,01,0,1,0,0,1,0,0,0,0,-,-,33.99321,-118.44231,LOS ANGELES,CULVER CITY,-118.44230459,33.99320271
7167861,2015,2016-01-26,1942,2015-12-30,1206,37807,1249,3,5,7,1942,0,0,0,L,0,12TL41,FIGUEROA ST,67TH ST,70,S,N,A,-,N,NA,NA,NA,NA,NA,NA,NA,NA,NA,Y,4,0,2,2,A,-,00,22102,A,N,D,C,A,A,H,-,A,D,0,NA,NA,NA,NA,Y,NA,A,01,0,0,2,0,0,0,0,0,0,-,-,NA,NA,LOS ANGELES,LOS ANGELES,-118.28270519,33.97877807
7167862,2015,2016-01-26,1942,2015-12-08,1705,42076,1333,2,5,7,1942,0,0,0,M,0,1343,GRIFFITH AV,28TH ST,10,E,N,A,-,N,NA,NA,NA,NA,NA,NA,NA,NA,NA,Y,4,0,1,2,A,-,10,21950,C,N,G,B,B,A,H,-,B,D,0,Y,NA,NA,NA,Y,NA,-,-,0,0,1,0,1,0,0,0,0,-,-,NA,NA,LOS ANGELES,LOS ANGELES,-118.25862451,34.0180842
7167863,2015,2016-02-17,1918,2015-11-18,0038,607,NA,3,5,4,1918,0,0,0,NA,0,2TL21,WASHINGTON BL,KENSINGTON RD,69,E,N,A,-,N,NA,NA,NA,NA,NA,NA,NA,NA,NA,Y,2,0,2,2,A,-,17,23109,A,N,E,I,A,A,H,-,C,D,0,NA,NA,NA,NA,Y,Y,-,-,1,1,0,0,0,0,0,0,0,-,-,33.99807,-118.41979,LOS ANGELES,CULVER CITY,-118.41957919,33.99817482
7167865,2015,2016-01-26,1942,2015-12-30,1940,36646,1268,3,5,7,1942,0,0,0,L,0,18T23,MANCHESTER AV,MAIN ST,0,NA,Y,A,-,N,NA,NA,NA,NA,NA,NA,NA,NA,NA,Y,4,0,3,3,A,-,09,21801,A,N,D,C,A,A,H,-,A,A,0,NA,NA,NA,NA,Y,NA,A,01,0,0,3,0,0,0,0,0,0,-,-,NA,NA,LOS ANGELES,LOS ANGELES,-118.27388,33.96009008
7167866,2015,2016-02-09,1942,2015-12-20,1245,31152,1361,7,5,7,1942,0,0,0,M,0,11TL25,BROADWAY,51ST ST,5,S,N,A,-,N,NA,NA,NA,NA,NA,NA,NA,NA,NA,N,3,0,1,2,A,-,12,21453,A,F,D,G,A,A,H,-,A,A,0,NA,Y,NA,NA,Y,NA,-,99,0,1,0,0,0,0,1,0,0,-,-,NA,NA,LOS ANGELES,LOS ANGELES,-118.278328,33.996477
7167867,2015,2016-01-26,1901,2015-11-19,1317,249,7,4,5,5,1901,0,0,0,NA,0,001,GARFIELD AV,BAYSTATE ST,18,S,N,A,-,N,NA,NA,NA,NA,NA,NA,NA,NA,NA,N,4,0,1,2,A,-,10,21950,A,N,G,B,B,A,H,-,A,A,0,Y,NA,NA,NA,Y,NA,A,08,0,0,1,0,1,0,0,0,0,-,-,NA,NA,LOS ANGELES,ALHAMBRA,-118.12549057,34.09321714
7167869,2015,2016-01-26,1942,2015-12-18,1655,41019,1208,5,5,7,1942,0,0,0,L,0,1T24,49TH ST,FIGUEROA ST,16,W,N,A,-,N,NA,NA,NA,NA,NA,NA,NA,NA,NA,Y,3,0,1,1,A,-,03,22350,NA,N,E,I,A,A,H,-,A,A,0,NA,NA,NA,NA,Y,NA,A,01,0,1,0,0,0,0,0,0,0,-,-,NA,NA,LOS ANGELES,LOS ANGELES,-118.28277268,33.99875944
7167870,2015,2016-01-26,1942,2015-12-25,2250,41979,0203,5,5,7,1942,0,0,0,B,0,2A5,VIRGIL AV,MONROE ST,0,NA,Y,A,-,N,NA,NA,NA,NA,NA,NA,NA,NA,NA,Y,4,0,1,3,A,-,12,22450,A,F,D,C,A,A,H,-,A,A,0,NA,NA,NA,NA,Y,NA,-,99,0,0,1,0,0,0,0,0,0,-,-,NA,NA,LOS ANGELES,LOS ANGELES,-118.28685009,34.08562003
7167871,2015,2016-01-26,1901,2015-11-20,1348,249,7,5,5,5,1901,0,0,0,NA,0,001,GARFIELD AV,BAY STATE,19,S,N,A,-,N,NA,NA,NA,NA,NA,NA,NA,NA,NA,N,4,0,1,2,A,-,10,21950,A,N,D,B,B,A,H,-,A,A,0,Y,NA,NA,NA,Y,NA,A,01,0,0,1,0,1,0,0,0,0,-,-,NA,NA,LOS ANGELES,ALHAMBRA,-118.12548894,34.09321476
7167873,2015,2016-01-26,1942,2015-12-27,0040,41938,1133,7,5,7,1942,0,0,0,K,0,2A17,TYBURN ST,HOLLYDALE DR,46,N,N,A,-,N,NA,NA,NA,NA,NA,NA,NA,NA,NA,Y,3,0,1,4,A,-,01,23152,A,N,B,E,A,A,H,-,A,D,0,NA,NA,NA,NA,Y,NA,A,01,0,1,0,0,0,0,0,0,0,-,-,NA,NA,LOS ANGELES,LOS ANGELES,-118.26079981,34.11352668
7167874,2015,2016-01-26,1942,2015-12-26,1530,32178,NA,6,5,7,1942,0,0,0,NA,0,13A85,GRIFFITH AV,22ND ST,0,NA,Y,A,-,N,NA,NA,NA,NA,NA,NA,NA,NA,NA,N,3,0,1,2,A,-,06,21754,NA,F,-,C,A,A,H,-,A,A,0,NA,NA,Y,NA,Y,NA,-,NA,0,1,0,0,0,0,0,0,1,-,-,NA,NA,LOS ANGELES,LOS ANGELES,-118.25537013,34.0232101
7167875,2015,2016-01-26,1901,2015-11-23,0836,180,13,1,5,5,1901,0,0,0,NA,0,002,VALLEY BL,9TH ST,0,NA,Y,A,-,N,NA,NA,NA,NA,NA,NA,NA,NA,NA,Y,4,0,1,3,A,-,12,21453,A,N,A,C,A,A,H,-,A,A,0,NA,NA,NA,NA,Y,NA,A,07,0,0,1,0,0,0,0,0,0,-,-,NA,NA,LOS ANGELES,ALHAMBRA,-118.13311,34.07799009
7167876,2015,2016-01-26,1942,2015-11-17,0700,42081,1393,2,5,7,1942,0,0,0,M,0,13A93,SAN PEDRO,FLORENCE,102,N,N,A,-,N,NA,NA,NA,NA,NA,NA,NA,NA,NA,N,3,0,1,2,B,-,22,NA,NA,N,G,B,D,A,H,-,A,D,0,Y,NA,NA,NA,Y,NA,N,60,0,1,0,0,1,0,0,0,0,-,-,NA,NA,LOS ANGELES,LOS ANGELES,-118.26957373,33.97496972
7167877,2015,2016-01-26,1942,2015-12-12,1410,37631,11,6,5,7,1942,0,0,0,K,0,11A37,LOS FELIZ BL,LAMBETH ST,0,NA,Y,A,-,N,NA,NA,NA,NA,NA,NA,NA,NA,NA,N,4,0,1,2,A,-,07,21658,A,N,B,D,A,A,H,-,A,D,0,NA,NA,NA,NA,Y,NA,-,-,0,0,1,0,0,0,0,0,0,-,-,NA,NA,LOS ANGELES,LOS ANGELES,-118.27243,34.11609
7167878,2015,2016-01-26,1969,2015-12-30,0740,10206,PATRO,3,5,5,1969,0,0,0,NA,0,002,SANTA ANA ST,EVERGREEN AV,0,NA,Y,A,-,N,NA,NA,NA,NA,NA,NA,NA,NA,NA,Y,4,0,1,2,A,-,08,22107,A,N,C,E,A,A,H,-,A,D,0,NA,NA,NA,NA,Y,NA,A,01,0,0,1,0,0,0,0,0,0,-,-,NA,NA,LOS ANGELES,SOUTH GATE,-118.21671003,33.96409011
7167879,2015,2016-01-26,1901,2015-11-16,0757,180,25,1,5,5,1901,0,0,0,NA,0,003,FREMONT AV,COMMONWEALTH AV,107,S,N,A,-,N,NA,NA,NA,NA,NA,NA,NA,NA,NA,N,4,0,1,2,A,-,05,21202,A,N,H,G,A,A,H,-,A,D,0,NA,Y,NA,NA,Y,NA,L,04,0,0,1,0,0,0,1,0,0,-,-,NA,NA,LOS ANGELES,ALHAMBRA,-118.15198,34.08750659
7167880,2015,2016-01-26,1918,2015-11-19,1132,773,NA,4,5,4,1918,0,0,0,NA,0,2M6,OCEAN DR,OVERLAND AV,21,W,N,A,-,N,NA,NA,NA,NA,NA,NA,NA,NA,NA,N,4,0,1,2,A,-,05,21650,1,N,H,G,A,A,H,-,A,A,0,NA,Y,NA,NA,Y,NA,L,04,0,0,1,0,0,0,1,0,0,-,-,34.00672,-118.39579,LOS ANGELES,CULVER CITY,-118.3958433,34.00670679
7167881,2015,2016-01-26,1942,2015-12-24,1550,41019,1113,4,5,7,1942,0,0,0,K,0,1T24,BROADWAY ST,EL VERANO AV,0,NA,Y,A,-,N,NA,NA,NA,NA,NA,NA,NA,NA,NA,Y,4,0,1,2,A,-,09,21802,A,N,D,C,A,A,H,-,A,A,0,NA,NA,NA,NA,Y,NA,A,01,0,0,1,0,0,0,0,0,0,-,-,NA,NA,LOS ANGELES,LOS ANGELES,-118.22571013,34.1436901
7167882,2015,2016-01-26,1969,2015-12-24,1415,1095,NA,4,5,5,1969,0,0,0,NA,0,004,WRIGHT RD,ALMIRA RD,150,N,N,A,-,N,NA,NA,NA,NA,NA,NA,NA,NA,NA,N,4,0,2,3,A,-,08,22107,NA,N,C,C,A,A,H,-,A,D,0,NA,NA,NA,NA,Y,NA,A,01,0,0,2,0,0,0,0,0,0,-,-,NA,NA,LOS ANGELES,SOUTH GATE,-118.18118966,33.93761722
7167883,2015,2016-01-26,1918,2015-11-08,0806,1107,NA,7,5,4,1918,0,0,0,NA,0,PATROL,WASHINGTON BL,NATIONA BL,0,NA,Y,A,-,N,NA,NA,NA,NA,NA,NA,NA,NA,NA,Y,4,0,1,3,A,-,12,21453,A,N,D,C,A,A,H,-,A,A,0,NA,NA,NA,NA,Y,NA,A,01,0,0,1,0,0,0,0,0,0,-,-,34.0296,-118.38198,LOS ANGELES,CULVER CITY,-118.38653005,34.02817011
7167884,2015,2016-01-26,1918,2015-11-23,1810,799,4,1,5,4,1918,0,0,0,NA,0,2M9,HANNUM AV,BUCKINGHAM PKWY,30,E,N,A,-,N,NA,NA,NA,NA,NA,NA,NA,NA,NA,Y,4,0,1,2,A,-,09,21801,A,N,A,C,A,A,H,-,C,A,0,NA,NA,Y,NA,Y,NA,A,01,0,0,1,0,0,0,0,0,1,-,-,33.98748,-118.38233,LOS ANGELES,CULVER CITY,-118.38241,33.98752
7167885,2015,2016-01-26,1942,2015-12-19,1540,36072,1127,6,5,7,1942,0,0,0,K,0,11A89,YORK BL,YORK BL 5725,0,NA,Y,C,-,N,NA,NA,NA,NA,NA,NA,NA,NA,NA,N,4,0,2,2,A,-,08,22102,NA,N,D,C,A,B,H,-,B,D,0,NA,NA,NA,NA,Y,NA,-,-,0,0,2,0,0,0,0,0,0,-,-,NA,NA,LOS ANGELES,LOS ANGELES,-118.192894,34.118739
7167886,2015,2016-01-29,1969,2015-12-31,1332,10050,NA,4,5,5,1969,0,0,0,NA,0,A-1,CENTURY,SAN JOSE AV,0,NA,Y,A,-,N,NA,NA,NA,NA,NA,NA,NA,NA,NA,N,4,0,2,2,A,-,09,21802,A,N,D,C,A,A,H,-,A,D,0,NA,NA,NA,NA,Y,NA,-,-,0,0,2,0,0,0,0,0,0,-,-,NA,NA,LOS ANGELES,SOUTH GATE,-118.2171801,33.93722003
7167887,2015,2016-01-26,1918,2015-11-09,1110,646,1918,1,5,4,1918,0,0,0,NA,0,2M4,WASHINGTON BL,LA CIENEGA BL,17,W,N,A,-,N,NA,NA,NA,NA,NA,NA,NA,NA,NA,N,4,0,1,2,A,-,03,22350,NA,N,C,C,A,A,H,-,A,A,0,NA,NA,NA,NA,Y,NA,A,07,0,0,1,0,0,0,0,0,0,-,-,34.03237,-118.37441,LOS ANGELES,CULVER CITY,-118.37440464,34.03248976
7167888,2015,2016-01-26,1924,2015-10-11,1703,105094,51,7,5,5,1924,0,0,0,NA,0,8L5D,ARTESIA BL,VERMONT AV,0,NA,Y,A,-,N,NA,NA,NA,NA,NA,NA,NA,NA,NA,Y,4,0,1,2,D,-,00,NA,NA,N,D,C,A,A,H,-,A,A,0,NA,NA,NA,NA,Y,NA,-,-,0,0,1,0,0,0,0,0,0,-,-,33.87277,-118.2909,LOS ANGELES,GARDENA,-118.29093003,33.87287004
7167889,2015,2016-01-26,1942,2015-12-19,1730,41326,1123,6,5,7,1942,0,0,0,K,0,11A62,GLENDALE AV,GLENFELIZ BL,12,W,N,C,-,N,NA,NA,NA,NA,NA,NA,NA,NA,NA,N,4,0,1,2,A,-,11,21955,NA,N,G,B,D,B,H,-,C,A,0,Y,NA,NA,NA,Y,Y,-,-,0,0,1,0,1,0,0,0,0,-,-,NA,NA,LOS ANGELES,LOS ANGELES,-118.2629575,34.11614634
7167891,2015,2016-01-26,1918,2015-11-11,1011,646,1918,3,5,4,1918,0,0,0,NA,0,2M4,CULVER BL,MENTONE AV,0,NA,Y,A,-,N,NA,NA,NA,NA,NA,NA,NA,NA,NA,Y,3,0,2,2,A,-,09,21802,A,N,D,C,A,A,H,-,A,A,0,NA,NA,NA,NA,Y,NA,A,01,0,1,1,0,0,0,0,0,0,-,-,34.01511,-118.40137,LOS ANGELES,CULVER CITY,-118.40147011,34.01515004
7167892,2015,2016-02-08,1924,2015-10-07,2029,115237,46,3,5,5,1924,0,0,0,NA,0,005,REDONDO BEACH BL,RAYMOND AV,120,W,N,A,-,N,NA,NA,NA,NA,NA,NA,NA,NA,NA,N,3,0,1,2,A,I,-,NA,NA,N,H,G,A,A,H,-,C,D,0,NA,Y,NA,NA,Y,NA,L,04,0,1,0,0,0,0,1,0,0,-,-,33.89205,-118.29825,LOS ANGELES,GARDENA,-118.29847025,33.89196608
7167893,2015,2016-01-26,1942,2015-12-26,1500,39745,1142,6,5,7,1942,0,0,0,K,0,1TL24,FINLEY AV,HILLHURST AV,0,NA,Y,A,-,N,NA,NA,NA,NA,NA,NA,NA,NA,NA,N,3,0,1,2,A,-,10,21950,A,N,G,B,B,A,H,-,A,A,0,Y,NA,NA,NA,Y,NA,A,01,0,1,0,0,1,0,0,0,0,-,-,NA,NA,LOS ANGELES,LOS ANGELES,-118.28742008,34.10769007
7167894,2015,2016-01-26,1942,2015-12-23,2330,40730,0221,3,5,7,1942,0,0,0,B,0,2T15,NEW HAMPSHIRE,OAKWOOD AV,115,S,N,A,-,N,NA,NA,NA,NA,NA,NA,NA,NA,NA,N,3,0,1,2,A,-,11,21954,A,F,G,B,D,A,H,-,C,D,0,Y,NA,NA,NA,Y,NA,N,60,0,1,0,0,1,0,0,0,0,-,-,NA,NA,LOS ANGELES,LOS ANGELES,-118.29323309,34.07737466
7167895,2015,2016-01-26,1918,2015-11-12,1505,804,NA,4,5,4,1918,0,0,0,NA,0,2M7,WASHINGTON BL,WALGROVE AV,0,NA,Y,A,-,N,NA,NA,NA,NA,NA,NA,NA,NA,NA,N,4,0,1,3,A,-,09,21801,A,N,D,C,A,A,H,-,A,D,0,NA,NA,Y,NA,Y,NA,A,01,0,0,1,0,0,0,0,0,1,-,-,33.99273,-118.4433,LOS ANGELES,CULVER CITY,-118.44329003,33.99271001
7167896,2015,2016-01-26,1924,2015-10-07,1504,115299,11,3,5,5,1924,0,0,0,NA,0,NA,VERMONT AV,135TH ST,0,NA,Y,A,-,N,NA,NA,NA,NA,NA,NA,NA,NA,NA,Y,4,0,1,2,A,-,09,21801,A,N,D,C,A,A,H,-,A,A,0,NA,NA,NA,NA,Y,NA,A,01,0,0,1,0,0,0,0,0,0,-,-,33.90916,-118.29176,LOS ANGELES,GARDENA,-118.29190001,33.90915001
7167897,2015,2016-01-26,1942,2015-12-26,1400,38965,1115,6,5,7,1942,0,0,0,K,0,1A85,COLORADO BL,MOUNT ROYAL DR,193,W,N,A,-,N,NA,NA,NA,NA,NA,NA,NA,NA,NA,N,3,0,1,2,A,-,03,22350,NA,N,C,G,A,A,H,-,A,D,0,NA,Y,NA,NA,Y,NA,-,-,0,1,0,0,0,0,1,0,0,-,-,NA,NA,LOS ANGELES,LOS ANGELES,-118.20434634,34.13946773
7167898,2015,2016-01-26,1942,2015-12-17,1440,40138,1364,4,5,7,1942,0,0,0,M,0,13FB4,CENTRAL AV,50TH ST,15,S,N,A,-,N,NA,NA,NA,NA,NA,NA,NA,NA,NA,N,4,0,1,2,A,-,04,21703,NA,N,C,C,A,A,H,-,A,D,0,NA,NA,NA,NA,Y,NA,A,01,0,0,1,0,0,0,0,0,0,-,-,NA,NA,LOS ANGELES,LOS ANGELES,-118.25647892,33.99795887
7167899,2015,2016-01-26,1918,2015-11-12,1705,799,3,4,5,4,1918,0,0,0,NA,0,2M9,SEPULVEDA BL,JEFFERSON BL,24,S,N,A,-,N,NA,NA,NA,NA,NA,NA,NA,NA,NA,Y,3,0,1,2,A,-,09,21453,C,N,A,C,A,A,H,-,C,A,0,NA,NA,NA,NA,Y,NA,A,01,0,1,0,0,0,0,0,0,0,-,-,33.99015,-118.39518,LOS ANGELES,CULVER CITY,-118.39559618,33.99589522
7167900,2015,2016-01-26,1924,2015-10-07,0753,77534,35,3,5,5,1924,0,0,0,NA,0,8L4D,REDONDO BEACH BL,BUDLONG AV,9,E,N,A,-,N,NA,NA,NA,NA,NA,NA,NA,NA,NA,N,4,0,1,2,A,-,10,21950,A,N,G,B,B,A,H,-,A,A,0,Y,NA,NA,NA,Y,NA,A,01,0,0,1,0,1,0,0,0,0,-,-,33.89235,-118.2962,LOS ANGELES,GARDENA,-118.29606047,33.89235164
7167901,2015,2016-01-26,1942,2015-12-12,1540,34426,1162,6,5,7,1942,0,0,0,K,0,2T28,SUNSET BL,RODNEY DR,35,W,N,A,-,N,NA,NA,NA,NA,NA,NA,NA,NA,NA,N,4,0,1,3,A,-,06,21750,NA,N,B,G,A,A,H,-,A,D,0,NA,Y,NA,NA,Y,NA,-,-,0,0,1,0,0,0,1,0,0,-,-,NA,NA,LOS ANGELES,LOS ANGELES,-118.28988536,34.09815804
7167902,2015,2016-01-26,1969,2015-12-27,1432,10203,PATRO,7,5,5,1969,0,0,0,NA,0,A-1,TWEEDY BL,LONG BEACH BL,4,E,N,A,-,N,NA,NA,NA,NA,NA,NA,NA,NA,NA,Y,4,0,1,2,A,-,09,21801,NA,N,D,D,A,A,H,-,A,A,0,NA,NA,NA,NA,Y,NA,A,01,0,0,1,0,0,0,0,0,0,-,-,NA,NA,LOS ANGELES,SOUTH GATE,-118.21614692,33.94534875
7167903,2015,2016-01-26,1918,2015-11-13,1803,1123,NA,5,5,4,1918,0,0,0,NA,0,2TL25,WASHINGTON BL,SEPULVEDA BL,64,E,N,A,-,N,NA,NA,NA,NA,NA,NA,NA,NA,NA,Y,3,0,2,2,A,-,01,23152,A,N,C,C,A,A,H,-,C,A,0,NA,NA,NA,NA,Y,Y,A,01,0,1,1,0,0,0,0,0,0,-,-,34.0072,-118.41297,LOS ANGELES,CULVER CITY,-118.41289091,34.00733909
7167904,2015,2016-01-26,1924,2015-10-30,0028,115237,47,5,5,5,1924,0,0,0,NA,0,005,MAGNOLIA AV,BUDLONG AV,550,E,N,A,-,N,NA,NA,NA,NA,NA,NA,NA,NA,NA,N,3,0,1,2,A,-,21,22106,NA,M,H,G,A,A,H,-,C,D,0,NA,Y,NA,NA,Y,NA,A,01,0,1,0,0,0,0,1,0,0,-,-,33.88873,-118.29594,LOS ANGELES,GARDENA,-118.29415228,33.88877004
7167905,2015,2016-01-26,1942,2015-12-30,1525,34458,0412,3,5,7,1942,0,0,0,D,0,4TL4,BARRANCA ST,AVE 26,0,NA,Y,A,-,N,NA,NA,NA,NA,NA,NA,NA,NA,NA,Y,3,0,1,2,A,-,09,21802,A,F,D,C,A,A,H,-,A,A,0,NA,NA,NA,NA,Y,NA,-,99,0,1,0,0,0,0,0,0,0,-,-,NA,NA,LOS ANGELES,LOS ANGELES,-118.21741013,34.07862004
7167906,2015,2016-01-26,1969,2015-12-27,2212,10200,PATRO,7,5,5,1969,0,0,0,NA,0,002,VICTORIA AV,DUANE WY,0,NA,Y,A,-,N,NA,NA,NA,NA,NA,NA,NA,NA,NA,Y,4,0,3,2,A,-,12,22450,NA,N,D,C,A,A,H,-,C,A,0,NA,NA,NA,NA,Y,NA,A,01,0,0,3,0,0,0,0,0,0,-,-,NA,NA,LOS ANGELES,SOUTH GATE,-118.21017008,33.94917002
7167907,2015,2016-01-26,1918,2015-11-02,1745,799,4,1,5,4,1918,0,0,0,NA,0,2M9,BRISTOL PKWY,GREEN VALLEY CIR,0,NA,Y,C,-,N,NA,NA,NA,NA,NA,NA,NA,NA,NA,N,4,0,2,2,D,-,00,NA,NA,F,B,C,A,B,H,-,C,D,0,NA,NA,NA,NA,Y,NA,-,-,0,0,2,0,0,0,0,0,0,-,-,33.98355,-118.3909,LOS ANGELES,CULVER CITY,-118.39092004,33.98355003