CASE_ID,ACCIDENT_YEAR,PROC_DATE,JURIS,COLLISION_DATE,COLLISION_TIME,OFFICER_ID,REPORTING_DISTRICT,DAY_OF_WEEK,CHP_SHIFT,POPULATION,CNTY_CITY_LOC,SPECIAL_COND,BEAT_TYPE,CHP_BEAT_TYPE,CITY_DIVISION_LAPD,CHP_BEAT_CLASS,BEAT_NUMBER,PRIMARY_RD,SECONDARY_RD,DISTANCE,DIRECTION,INTERSECTION,WEATHER_1,WEATHER_2,STATE_HWY_IND,CALTRANS_COUNTY,CALTRANS_DISTRICT,STATE_ROUTE,ROUTE_SUFFIX,POSTMILE_PREFIX,POSTMILE,LOCATION_TYPE,RAMP_INTERSECTION,SIDE_OF_HWY,TOW_AWAY,COLLISION_SEVERITY,NUMBER_KILLED,NUMBER_INJURED,PARTY_COUNT,PRIMARY_COLL_FACTOR,PCF_CODE_OF_VIOL,PCF_VIOL_CATEGORY,PCF_VIOLATION,PCF_VIOL_SUBSECTION,HIT_AND_RUN,TYPE_OF_COLLISION,MVIW,PED_ACTION,ROAD_SURFACE,ROAD_COND_1,ROAD_COND_2,LIGHTING,CONTROL_DEVICE,CHP_ROAD_TYPE,PEDESTRIAN_ACCIDENT,BICYCLE_ACCIDENT,MOTORCYCLE_ACCIDENT,TRUCK_ACCIDENT,NOT_PRIVATE_PROPERTY,ALCOHOL_INVOLVED,STWD_VEHTYPE_AT_FAULT,CHP_VEHTYPE_AT_FAULT,COUNT_SEVERE_INJ,COUNT_VISIBLE_INJ,COUNT_COMPLAINT_PAIN,COUNT_PED_KILLED,COUNT_PED_INJURED,COUNT_BICYCLIST_KILLED,COUNT_BICYCLIST_INJURED,COUNT_MC_KILLED,COUNT_MC_INJURED,PRIMARY_RAMP,SECONDARY_RAMP,LATITUDE,LONGITUDE,COUNTY,CITY,POINT_X,POINT_Y
7170470,2016,2016-08-16,1965,2016-01-06,1000,2905,A4,3,5,5,1965,0,0,0,NA,0,004,LINCOLN BL,MONTANA AV,70,S,N,C,-,N,NA,NA,NA,NA,NA,NA,NA,NA,NA,N,3,0,1,2,A,-,03,22350,NA,N,C,C,A,B,H,-,A,A,0,NA,NA,NA,NA,Y,NA,-,NA,0,1,0,0,0,0,0,0,0,-,-,NA,NA,LOS ANGELES,SANTA MONICA,-118.50070047,34.02747133
7170563,2016,2016-01-29,1942,2016-01-11,2120,41056,0356,1,5,7,1942,0,0,0,C,0,3T5,WESTERN AV,36TH ST,15,S,N,A,-,N,NA,NA,NA,NA,NA,NA,NA,NA,NA,Y,4,0,1,2,A,-,03,22350,NA,F,C,C,A,A,H,-,A,A,0,NA,NA,NA,NA,Y,NA,A,01,0,0,1,0,0,0,0,0,0,-,-,NA,NA,LOS ANGELES,LOS ANGELES,-118.308906,34.02276
7170567,2016,2016-01-29,1942,2016-01-05,1520,31387,706,2,5,7,1942,0,0,0,NA,0,6T7,VINE ST,MELROSE AV,0,NA,Y,C,-,N,NA,NA,NA,NA,NA,NA,NA,NA,NA,Y,4,0,3,2,A,-,09,21801,A,N,A,C,A,B,-,-,A,A,0,NA,NA,NA,NA,Y,NA,A,01,0,0,3,0,0,0,0,0,0,-,-,NA,NA,LOS ANGELES,LOS ANGELES,-118.32661003,34.08350005
7170571,2016,2016-01-29,1942,2016-01-06,1815,38013,0719,3,5,7,1942,0,0,0,G,0,7TL38,ROSSMORE AV,CLINTON ST,13,S,N,C,-,N,NA,NA,NA,NA,NA,NA,NA,NA,NA,Y,3,0,3,1,A,-,03,22350,NA,N,E,I,A,B,H,-,C,D,0,NA,NA,NA,NA,Y,NA,A,01,0,1,2,0,0,0,0,0,0,-,-,NA,NA,LOS ANGELES,LOS ANGELES,-118.32718955,34.08161435
7170575,2016,2016-01-29,1955,2016-01-18,0936,40180,0069,1,5,6,1955,0,0,0,NA,0,005,AVENIDOS RANCHEROS,RANCHO NAVATO DR,20,E,N,B,-,N,NA,NA,NA,NA,NA,NA,NA,NA,NA,N,4,0,1,2,A,-,03,22350,NA,N,C,C,A,A,H,-,A,A,0,NA,NA,NA,NA,Y,NA,A,01,0,0,1,0,0,0,0,0,0,-,-,NA,NA,LOS ANGELES,POMONA,-117.794707,34.037703
7170579,2016,2016-01-29,1955,2016-01-07,0558,42145,0048,4,5,6,1955,0,0,0,NA,0,001,ORANGE GROVE AV,GORDON ST,0,NA,Y,C,-,N,NA,NA,NA,NA,NA,NA,NA,NA,NA,Y,4,0,1,2,A,-,09,21802,A,M,D,C,A,B,H,-,B,A,0,NA,NA,NA,NA,Y,NA,A,01,0,0,1,0,0,0,0,0,0,-,-,NA,NA,LOS ANGELES,POMONA,-117.75383007,34.07197006
7170583,2016,2016-01-29,1955,2016-01-01,0016,40939,NA,5,5,6,1955,0,0,0,NA,0,0018,SAN BERNARDINO AV,INDIAN HILL BL,10,N,N,A,-,N,NA,NA,NA,NA,NA,NA,NA,NA,NA,N,4,0,1,2,D,-,00,NA,NA,N,-,-,B,A,H,-,C,A,0,Y,NA,NA,NA,Y,Y,-,-,0,0,1,0,1,0,0,0,0,-,-,NA,NA,LOS ANGELES,POMONA,-117.71925,34.07588
7170587,2016,2016-01-29,1942,2016-01-11,1730,40690,0739,1,5,7,1942,0,0,0,G,0,14T52,3RD ST,RIMPAU BL,0,NA,Y,A,-,N,NA,NA,NA,NA,NA,NA,NA,NA,NA,N,3,0,1,2,A,-,09,21801,A,N,D,C,A,A,H,-,A,A,0,NA,NA,Y,NA,Y,NA,A,07,0,1,0,0,0,0,0,0,1,-,-,NA,NA,LOS ANGELES,LOS ANGELES,-118.33035009,34.06893001
7170591,2016,2016-01-29,1942,2016-01-11,1150,34959,0713,1,5,7,1942,0,0,0,G,0,7TL23,FAIRFIELD AV,ROSEWOOD AV,0,NA,Y,A,-,N,NA,NA,NA,NA,NA,NA,NA,NA,NA,Y,4,0,1,2,A,-,09,21801,A,N,D,C,A,A,H,-,A,D,0,NA,NA,NA,NA,Y,NA,A,01,0,0,1,0,0,0,0,0,0,-,-,NA,NA,LOS ANGELES,LOS ANGELES,NA,NA
7170612,2016,2016-02-01,1976,2016-01-13,1510,328,NA,3,5,5,1976,0,0,0,NA,0,002,PICKERING AV,PHILADELPHIA ST,30,N,N,A,-,N,NA,NA,NA,NA,NA,NA,NA,NA,NA,N,4,0,1,2,A,-,03,22350,NA,N,C,C,A,A,H,-,A,D,0,NA,NA,NA,NA,Y,NA,A,07,0,0,1,0,0,0,0,0,0,-,-,NA,NA,LOS ANGELES,WHITTIER,-118.04207,33.97918226
7170616,2016,2016-01-29,1976,2016-01-01,0144,328,NA,5,5,5,1976,0,0,0,NA,0,003,LAMBERT RD,CALMADA AV,9,W,N,A,-,N,NA,NA,NA,NA,NA,NA,NA,NA,NA,N,4,0,1,2,A,-,03,22350,NA,N,C,C,A,A,H,-,C,A,0,NA,NA,NA,NA,Y,NA,A,01,0,0,1,0,0,0,0,0,0,-,-,NA,NA,LOS ANGELES,WHITTIER,-118.029013,33.95197554
7170620,2016,2016-01-29,1976,2016-01-02,1949,00386,1976,6,5,5,1976,0,0,0,NA,0,002,WHITTIER AV,WHITTIER AV 6501,31680,E,N,A,-,N,NA,NA,NA,NA,NA,NA,NA,NA,NA,N,3,0,1,2,A,-,08,22107,NA,F,H,G,A,A,H,-,A,D,0,NA,Y,NA,NA,Y,NA,A,01,0,1,0,0,0,0,1,0,0,-,-,NA,NA,LOS ANGELES,WHITTIER,NA,NA
7170624,2016,2016-01-29,1976,2016-01-05,1534,590,NA,2,5,5,1976,0,0,0,NA,0,NA,GREENLEAF AV,DANBROOK DR,41,N,N,B,-,N,NA,NA,NA,NA,NA,NA,NA,NA,NA,N,4,0,1,2,A,-,08,22107,NA,N,B,C,A,B,H,-,A,D,0,NA,NA,NA,NA,Y,NA,A,07,0,0,1,0,0,0,0,0,0,-,-,NA,NA,LOS ANGELES,WHITTIER,-118.04279074,33.9600343
7170639,2016,2016-01-29,1928,2016-01-11,0802,239,517,1,5,5,1928,0,0,0,NA,0,503,PRAIRIE AV,130TH ST,0,NA,Y,A,-,N,NA,NA,NA,NA,NA,NA,NA,NA,NA,Y,4,0,1,2,A,-,09,21802,NA,N,D,C,A,A,H,-,A,D,0,NA,NA,NA,NA,Y,NA,A,08,0,0,1,0,0,0,0,0,0,-,-,33.91427,-118.34397,LOS ANGELES,HAWTHORNE,-118.34389007,33.91418011
7170657,2015,2016-01-29,1976,2015-12-31,2200,209,NA,4,5,5,1976,0,0,0,NA,0,004,STARBUCK ST,PORTADA DR,72,E,N,A,-,N,NA,NA,NA,NA,NA,NA,NA,NA,NA,Y,4,0,1,2,A,-,01,23152,A,N,C,E,A,A,H,-,C,D,0,NA,NA,NA,NA,Y,Y,A,01,0,0,1,0,0,0,0,0,0,-,-,NA,NA,LOS ANGELES,WHITTIER,-117.99526357,33.94102208
7170665,2015,2016-01-29,1942,2015-12-08,1650,36320,1547,2,5,7,1942,0,0,0,O,0,15A1,TUJUNGA AV,MAGNOLIA BL,0,NA,Y,A,-,N,NA,NA,NA,NA,NA,NA,NA,NA,NA,Y,3,0,2,2,A,-,09,21801,A,N,A,C,A,A,H,-,C,A,0,NA,NA,NA,NA,Y,Y,A,07,0,2,0,0,0,0,0,0,0,-,-,NA,NA,LOS ANGELES,LOS ANGELES,-118.37899009,34.16495003
7170689,2015,2016-01-29,1955,2015-12-22,1615,42145,0018,2,5,6,1955,0,0,0,NA,0,003,WASHINGTON AV,BARBARA LN,130,S,N,A,-,N,NA,NA,NA,NA,NA,NA,NA,NA,NA,N,4,0,1,3,B,-,22,NA,NA,N,A,E,A,A,H,-,A,A,0,NA,NA,NA,NA,Y,NA,A,07,0,0,1,0,0,0,0,0,0,-,-,NA,NA,LOS ANGELES,POMONA,-117.73149629,34.07254369
7170705,2015,2016-01-29,1925,2015-12-26,1437,24476,261,6,5,6,1925,0,0,0,NA,0,002,BRAND BL,BROADWAY,0,NA,Y,A,-,N,NA,NA,NA,NA,NA,NA,NA,NA,NA,Y,4,0,1,2,A,-,09,21801,A,N,D,C,A,A,H,-,A,A,0,NA,NA,NA,NA,Y,NA,A,01,0,0,1,0,0,0,0,0,0,-,-,NA,NA,LOS ANGELES,GLENDALE,-118.25509007,34.14625012
7170752,2015,2016-02-01,1942,2015-10-18,1345,39217,1591,7,5,7,1942,0,0,0,O,0,21TL62,DONA EMILIA DR,LAUREL CANYON BL,0,NA,Y,A,-,N,NA,NA,NA,NA,NA,NA,NA,NA,NA,Y,2,0,1,2,A,-,09,21802,A,N,D,C,A,A,H,-,A,A,0,NA,NA,Y,NA,Y,NA,A,01,1,0,0,0,0,0,0,0,1,-,-,NA,NA,LOS ANGELES,LOS ANGELES,-118.37751012,34.12491005
7170783,2015,2016-02-01,1924,2015-10-26,2146,112817,01,1,5,5,1924,0,0,0,NA,0,0G7,135TH ST,VAN NESS AV,0,NA,Y,A,-,N,NA,NA,NA,NA,NA,NA,NA,NA,NA,Y,4,0,1,2,A,-,12,21453,A,N,A,C,A,A,H,-,C,A,0,NA,NA,NA,NA,Y,NA,A,01,0,0,1,0,0,0,0,0,0,-,-,33.90919,-118.31782,LOS ANGELES,GARDENA,-118.31786005,33.90920002
7170787,2015,2016-02-01,1924,2015-10-31,0700,105486,03,6,5,5,1924,0,0,0,NA,0,8L2D,EL SEGUNDO BL,DENKER AV,88,E,N,A,-,N,NA,NA,NA,NA,NA,NA,NA,NA,NA,N,2,0,1,2,A,-,02,21654,A,N,G,B,D,A,H,-,D,D,0,Y,NA,NA,NA,Y,NA,N,60,1,0,0,0,1,0,0,0,0,-,-,NA,NA,LOS ANGELES,GARDENA,-118.30428051,33.91644
7170791,2015,2016-02-01,1924,2015-10-31,0447,115237,02,6,5,5,1924,0,0,0,NA,0,002,EL SEGUNDO BL,DENKER AV,50,W,N,A,-,N,NA,NA,NA,NA,NA,NA,NA,NA,NA,Y,3,0,1,1,A,-,01,23152,A,N,E,I,A,A,H,-,C,D,0,NA,NA,NA,NA,Y,Y,A,07,0,1,0,0,0,0,0,0,0,-,-,33.91643,-118.30449,LOS ANGELES,GARDENA,-118.30473448,33.91644
7170795,2015,2016-02-01,1924,2015-10-30,1725,113639,G11,5,5,5,1924,0,0,0,NA,0,8L8S,VERMONT AV,135TH ST,8,N,N,A,-,N,NA,NA,NA,NA,NA,NA,NA,NA,NA,N,3,0,1,2,A,-,03,22350,NA,N,C,C,A,A,H,-,A,A,0,NA,NA,NA,NA,Y,NA,A,01,0,1,0,0,0,0,0,0,0,-,-,33.90916,-118.29176,LOS ANGELES,GARDENA,-118.29189981,33.90917194
7170846,2015,2016-02-01,1947,2015-11-21,1850,1402,NA,6,5,5,1947,0,0,0,NA,0,00B,VIA CAMPO,VAIL AV,600,W,N,A,-,N,NA,NA,NA,NA,NA,NA,NA,NA,NA,N,4,0,1,2,A,-,04,21703,NA,N,C,C,A,A,H,-,A,A,0,NA,NA,NA,NA,Y,NA,A,01,0,0,1,0,0,0,0,0,0,-,-,NA,NA,LOS ANGELES,MONTEBELLO,-118.11994613,34.03287865
7170850,2015,2016-02-01,1947,2015-11-12,1854,1401,NA,4,5,5,1947,0,0,0,NA,0,003,NORTH GARFIELD AV,E WHITTIER BL E,0,NA,Y,A,-,N,NA,NA,NA,NA,NA,NA,NA,NA,NA,N,4,0,1,2,A,-,11,21953,NA,N,H,B,B,A,H,-,C,A,0,Y,NA,NA,NA,Y,Y,A,01,0,0,1,0,1,0,0,0,0,-,-,NA,NA,LOS ANGELES,MONTEBELLO,-118.13003005,34.01460001
7170861,2015,2016-02-02,1900,2015-12-02,1310,480772,1264,3,5,3,1991,0,0,0,NA,0,121T1A,FOOTHILL BL,CHEVY CHASE DR,0,NA,Y,A,-,N,NA,NA,NA,NA,NA,NA,NA,NA,NA,Y,4,0,1,2,A,-,09,21801,A,N,D,C,A,A,H,-,A,A,0,NA,NA,NA,NA,Y,NA,A,01,0,0,1,0,0,0,0,0,0,-,-,NA,NA,LOS ANGELES,LA CANADA-FLINTRIDGE,-118.20110005,34.20486001
7170862,2015,2016-02-01,1900,2015-11-12,0524,411371,1264,4,5,3,1991,0,0,0,NA,0,121EM,VERDUGO BL,WISHING HILL DR,0,NA,Y,A,-,N,NA,NA,NA,NA,NA,NA,NA,NA,NA,Y,2,0,1,1,A,-,01,23152,A,N,A,I,A,A,H,-,B,D,0,NA,NA,NA,NA,Y,NA,-,NA,1,0,0,0,0,0,0,0,0,-,-,NA,NA,LOS ANGELES,LA CANADA-FLINTRIDGE,-118.21341003,34.20568011
7170866,2015,2016-02-01,1900,2015-11-20,1914,440029,1260,5,5,3,1991,0,0,0,NA,0,121T1P,FOOTHILL BL,PALM DR,17,E,N,A,-,N,NA,NA,NA,NA,NA,NA,NA,NA,NA,Y,3,0,1,2,A,-,09,21804,A,N,D,C,A,A,H,-,C,D,0,NA,NA,NA,NA,Y,NA,A,07,0,1,0,0,0,0,0,0,0,-,-,NA,NA,LOS ANGELES,LA CANADA-FLINTRIDGE,-118.21763701,34.21258004
7170870,2015,2016-02-01,1900,2015-11-01,1350,470677,1260,7,5,3,1991,0,0,0,NA,0,121T1P,FOOTHILL BL,PALM DR,0,NA,Y,A,-,N,NA,NA,NA,NA,NA,NA,NA,NA,NA,Y,2,0,1,3,A,-,09,21801,A,N,D,C,A,A,H,-,A,D,0,NA,NA,NA,NA,Y,NA,A,01,1,0,0,0,0,0,0,0,0,-,-,NA,NA,LOS ANGELES,LA CANADA-FLINTRIDGE,-118.21768011,34.2126101
7170944,2016,2016-02-01,1900,2016-01-13,1130,526387,0531,3,5,5,1959,0,0,0,NA,0,53T1AM,MARSHALL ST,BARTLETT AV,75,E,N,A,-,N,NA,NA,NA,NA,NA,NA,NA,NA,NA,Y,4,0,2,3,A,-,05,21650,NA,N,A,C,A,A,H,-,A,D,0,NA,NA,NA,NA,Y,NA,A,08,0,0,2,0,0,0,0,0,0,-,-,NA,NA,LOS ANGELES,ROSEMEAD,-118.07944287,34.07491
7170948,2016,2016-02-01,1900,2016-01-11,0806,529472,53T1,1,5,5,1959,0,0,0,NA,0,AMS,ENCINITA AV,LOWER AZUSA RD,0,NA,Y,A,-,N,NA,NA,NA,NA,NA,NA,NA,NA,NA,N,3,0,2,3,A,-,10,21950,A,N,G,B,B,A,H,-,A,A,0,Y,NA,NA,NA,Y,NA,A,01,0,1,1,0,2,0,0,0,0,-,-,NA,NA,LOS ANGELES,ROSEMEAD,-118.06768007,34.08798005
7170952,2016,2016-02-01,1900,2016-01-18,0906,529472,0533,1,5,5,1959,0,0,0,NA,0,53APMS,SAN GABRIEL BL,RUSH ST,15,N,N,B,-,N,NA,NA,NA,NA,NA,NA,NA,NA,NA,N,2,0,1,2,A,-,10,21950,A,N,G,B,B,A,H,-,A,A,0,Y,NA,NA,NA,Y,NA,A,01,1,0,0,0,1,0,0,0,0,-,-,NA,NA,LOS ANGELES,ROSEMEAD,-118.09052,34.05191113
7170962,2015,2016-02-02,1941,2015-01-09,0211,10784,NA,5,5,7,1941,0,0,0,NA,0,NA,EAST 15TH ST,LINDEN AV,150,E,N,A,-,N,NA,NA,NA,NA,NA,NA,NA,NA,NA,Y,4,0,1,3,A,-,01,23152,B,N,-,E,A,A,H,-,C,D,0,NA,NA,NA,NA,Y,Y,D,NA,0,0,1,0,0,0,0,0,0,-,-,NA,NA,LOS ANGELES,LONG BEACH,-118.18616736,33.78579
7170965,2016,2016-02-01,1900,2016-01-14,1825,470677,1262,4,5,3,1991,0,0,0,NA,0,122A,FOOTHILL BL,DALERIDGE RD,75,W,N,A,-,N,NA,NA,NA,NA,NA,NA,NA,NA,NA,NA,3,0,1,2,A,-,10,21950,A,F,G,B,C,A,H,-,C,A,0,Y,NA,NA,NA,Y,NA,A,01,0,1,0,0,1,0,0,0,0,-,-,NA,NA,LOS ANGELES,LA CANADA-FLINTRIDGE,-118.18248208,34.19630604
7170966,2016,2016-02-01,1941,2016-01-07,0555,3319,NA,4,5,7,1941,0,0,0,NA,0,NA,WILTON ST,REDONDO,36,E,N,C,-,N,NA,NA,NA,NA,NA,NA,NA,NA,NA,N,4,0,1,2,A,-,11,21954,A,N,G,B,D,B,H,-,C,D,0,Y,NA,NA,Y,Y,NA,-,NA,0,0,1,0,1,0,0,0,0,-,-,NA,NA,LOS ANGELES,LONG BEACH,-118.15230178,33.7875911
7170969,2016,2016-02-01,1900,2016-01-09,1101,542320,1263,6,5,3,1991,0,0,0,NA,0,121T1,ALTA CANYADA RD,VERDUGO BL,0,NA,Y,A,-,N,NA,NA,NA,NA,NA,NA,NA,NA,NA,N,2,0,1,2,A,-,09,21801,A,N,B,G,A,A,H,-,A,A,0,NA,Y,NA,NA,Y,NA,A,07,1,0,0,0,0,0,1,0,0,-,-,34.20567,-118.21161,LOS ANGELES,LA CANADA-FLINTRIDGE,-118.21157005,34.20566005
7170970,2016,2016-02-01,1941,2016-01-07,1816,5825,NA,4,5,7,1941,0,0,0,NA,0,NA,EAST 7TH ST,E MARGO AV,15,W,N,A,-,N,NA,NA,NA,NA,NA,NA,NA,NA,NA,Y,3,0,2,3,A,-,12,21453,A,N,D,C,A,A,H,-,C,A,0,NA,NA,NA,NA,Y,NA,A,NA,0,1,1,0,0,0,0,0,0,-,-,NA,NA,LOS ANGELES,LONG BEACH,-118.1118165,33.77502356
7170971,2015,2016-08-03,1928,2015-12-20,0648,387,H506,7,5,5,1928,0,0,0,NA,0,501,IMPERIAL HWY,SUNDALE AV,0,NA,Y,A,-,N,NA,NA,NA,NA,NA,NA,NA,NA,NA,N,4,0,1,2,A,-,12,21453,A,N,D,C,A,A,H,-,A,A,0,NA,NA,NA,NA,Y,NA,A,01,0,0,1,0,0,0,0,0,0,-,-,NA,NA,LOS ANGELES,HAWTHORNE,-118.36481004,33.93101009
7170974,2016,2016-02-01,1941,2016-01-04,2044,5754,NA,1,5,7,1941,0,0,0,NA,0,NA,PACIFIC AV,14TH ST,0,NA,Y,A,-,N,NA,NA,NA,NA,NA,NA,NA,NA,NA,N,2,0,1,2,A,-,09,21802,A,N,D,G,A,A,H,-,C,D,0,NA,Y,NA,NA,Y,Y,L,NA,1,0,0,0,0,0,1,0,0,-,-,NA,NA,LOS ANGELES,LONG BEACH,-118.19373,33.78392008
7170975,2015,2017-02-01,1972,2015-12-31,0743,14629,NA,4,5,6,1972,0,0,0,NA,0,NA,RT 1,MADISON ST,0,NA,Y,A,-,Y,LA,7,1,-,-,15.787,I,5,N,Y,4,0,1,2,A,-,09,21801,A,N,D,C,A,A,H,-,A,A,0,NA,NA,NA,NA,Y,NA,A,NA,0,0,1,0,0,0,0,0,0,-,-,NA,NA,LOS ANGELES,TORRANCE,-118.3477763,33.80360158
7170978,2016,2016-02-01,1941,2016-01-05,1006,5839,NA,2,5,7,1941,0,0,0,NA,0,NA,HILL ST,CEDAR AV,0,E,N,B,C,N,NA,NA,NA,NA,NA,NA,NA,NA,NA,Y,3,0,2,2,A,-,09,21804,A,N,D,C,A,B,H,-,A,D,0,NA,NA,NA,NA,Y,NA,A,NA,0,1,1,0,0,0,0,0,0,-,-,NA,NA,LOS ANGELES,LONG BEACH,-118.19484007,33.79713008
7170979,2015,2017-02-02,1972,2015-12-27,1720,17624,NA,7,5,6,1972,0,0,0,NA,0,NA,HAWTHORNE,ARTESIA,0,NA,Y,A,-,Y,LA,7,107,-,-,4.696,I,5,N,Y,4,0,1,2,A,-,12,21453,A,N,D,C,A,A,H,-,C,A,0,NA,NA,NA,NA,Y,NA,A,NA,0,0,1,0,0,0,0,0,0,-,-,NA,NA,LOS ANGELES,TORRANCE,-118.35235444,33.87290483
7170982,2016,2016-02-03,1941,2016-01-05,1446,3764,NA,2,5,7,1941,0,0,0,NA,0,NA,WILLOW ST,GOLDEN AV,450,W,N,B,-,N,NA,NA,NA,NA,NA,NA,NA,NA,NA,Y,4,0,1,2,-,-,-,NA,NA,N,C,C,A,B,G,-,A,D,0,NA,NA,NA,NA,Y,NA,-,-,0,0,1,0,0,0,0,0,0,-,-,NA,NA,LOS ANGELES,LONG BEACH,-118.20392823,33.80439265
7170986,2016,2016-02-03,1941,2016-01-05,2053,10784,901T,2,5,7,1941,0,0,0,NA,0,NA,LONG BEACH BL,BURNETT ST,0,NA,Y,A,-,N,NA,NA,NA,NA,NA,NA,NA,NA,NA,Y,2,0,1,2,-,-,-,NA,NA,N,D,F,A,A,H,-,C,A,0,NA,NA,NA,NA,Y,NA,-,-,1,0,0,0,0,0,0,0,0,-,-,NA,NA,LOS ANGELES,LONG BEACH,-118.18949011,33.80074011
7170990,2016,2016-02-01,1905,2016-01-20,1101,1133,622,3,5,4,1905,0,0,0,NA,0,063,SIERRA MADRE AV,VOSBURG DR,0,NA,Y,A,-,N,NA,NA,NA,NA,NA,NA,NA,NA,NA,N,3,0,1,1,C,-,18,NA,NA,N,A,I,A,A,H,-,A,D,0,NA,Y,NA,NA,Y,NA,-,-,0,1,0,0,0,0,1,0,0,-,-,NA,NA,LOS ANGELES,AZUSA,-117.902847,34.146754
7171009,2016,2017-02-11,1969,2016-01-03,1923,10194,PATRO,7,5,5,1969,0,0,0,NA,0,005,PARAMOUNT BL,RT 105,0,NA,Y,A,-,Y,LA,7,105,-,-,14.128,R,4,E,Y,4,0,2,2,D,-,00,NA,NA,F,D,C,A,A,H,-,C,A,0,NA,NA,NA,NA,Y,NA,-,-,0,0,2,0,0,0,0,0,0,-,EF,NA,NA,LOS ANGELES,SOUTH GATE,-118.16887226,33.91096855
7171010,2015,2016-08-03,1942,2015-12-11,1340,38850,1566,5,5,7,1942,0,0,0,O,0,15TL44,RIVERSIDE DR,VINELAND AV,2000,W,N,C,-,N,NA,NA,NA,NA,NA,NA,NA,NA,NA,Y,3,0,1,1,A,-,03,22350,NA,N,E,I,A,B,H,-,A,D,0,NA,NA,NA,NA,Y,NA,A,07,0,1,0,0,0,0,0,0,0,-,-,NA,NA,LOS ANGELES,LOS ANGELES,-118.3759911,34.15408387
7171014,2015,2016-08-03,1942,2015-12-21,2010,41422,1566,1,5,7,1942,0,0,0,O,0,15A67,RIVERSIDE DR,ENSIGN AV,1000,W,N,C,-,N,NA,NA,NA,NA,NA,NA,NA,NA,NA,Y,4,0,1,1,D,-,00,NA,NA,N,A,I,A,B,H,-,C,D,0,NA,NA,NA,NA,Y,NA,-,-,0,0,1,0,0,0,0,0,0,-,-,NA,NA,LOS ANGELES,LOS ANGELES,-118.37449256,34.15253235
7171018,2015,2016-08-03,1942,2015-12-21,1740,39551,1545,1,5,7,1942,0,0,0,O,0,15A27,LAUREL CANYON BL,MAGNOLIA,205,S,N,A,-,N,NA,NA,NA,NA,NA,NA,NA,NA,NA,N,3,0,1,2,B,-,22,NA,NA,N,C,E,A,A,H,-,D,D,0,NA,NA,NA,NA,Y,NA,A,01,0,1,0,0,0,0,0,0,0,-,-,NA,NA,LOS ANGELES,LOS ANGELES,-118.3965,34.16431773
7171051,2016,2016-02-29,1920,2016-01-04,1323,10705,NA,1,5,6,1920,0,0,0,NA,0,004,FIRESTONE BL,WOODRUFF AV,0,NA,Y,B,-,N,NA,NA,NA,NA,NA,NA,NA,NA,NA,Y,3,0,2,2,A,-,09,21801,A,N,D,C,A,A,H,-,A,A,0,NA,NA,NA,NA,Y,NA,-,NA,0,2,0,0,0,0,0,0,0,-,-,NA,NA,LOS ANGELES,DOWNEY,-118.11787013,33.93243009
7171055,2015,2016-02-03,1920,2015-12-31,1355,19354,NA,4,5,6,1920,0,0,0,NA,0,006,LAKEWOOD BL,BELLFLOWER BL,226,N,N,A,-,N,NA,NA,NA,NA,NA,NA,NA,NA,NA,N,4,0,1,2,A,-,03,22350,NA,N,C,C,A,A,H,-,A,A,0,NA,NA,NA,NA,Y,NA,D,22,0,0,1,0,0,0,0,0,0,-,-,NA,NA,LOS ANGELES,DOWNEY,-118.12510116,33.93402795
7171102,2015,2016-02-01,1900,2015-10-30,1634,470677,1260,5,5,3,1991,0,0,0,NA,0,121T1P,FOOTHILL BL,HILLARD AV,0,NA,Y,A,-,N,NA,NA,NA,NA,NA,NA,NA,NA,NA,Y,4,0,1,2,A,-,09,21801,A,N,D,C,A,A,H,-,A,A,0,NA,NA,NA,NA,Y,NA,A,01,0,0,1,0,0,0,0,0,0,-,-,NA,NA,LOS ANGELES,LA CANADA-FLINTRIDGE,-118.21547008,34.21148007
7171107,2016,2016-02-04,1900,2016-01-16,1753,546182,1120,6,5,6,1992,0,0,0,NA,0,111T1,60TH ST W,AVE G,0,NA,Y,B,-,N,NA,NA,NA,NA,NA,NA,NA,NA,NA,Y,3,0,3,2,D,-,00,NA,NA,N,B,C,A,A,H,-,C,A,0,NA,NA,NA,NA,Y,NA,-,-,0,1,2,0,0,0,0,0,0,-,-,NA,NA,LOS ANGELES,LANCASTER,-118.23723009,34.73302007
7171111,2016,2016-02-04,1900,2016-01-22,1937,546182,1127,5,5,6,1992,0,0,0,NA,0,111T1,30TH ST W,AVE K,40,S,N,A,-,N,NA,NA,NA,NA,NA,NA,NA,NA,NA,Y,4,0,1,2,A,-,01,23152,A,N,C,C,A,A,H,-,C,A,0,NA,NA,NA,NA,Y,NA,D,22,0,0,1,0,0,0,0,0,0,-,-,NA,NA,LOS ANGELES,LANCASTER,-118.18358852,34.67477032
7171115,2016,2016-02-04,1900,2016-01-25,1545,442237,1192,1,5,6,1992,0,0,0,NA,0,110T3,AVE M,20TH ST W,0,NA,Y,A,-,N,NA,NA,NA,NA,NA,NA,NA,NA,NA,Y,4,0,2,2,A,-,09,21801,A,N,A,C,A,A,H,-,A,A,0,NA,NA,NA,NA,Y,NA,D,22,0,0,2,0,0,0,0,0,0,-,-,NA,NA,LOS ANGELES,LANCASTER,-118.16557001,34.64576005
7171128,2016,2016-02-04,1942,2016-01-23,1245,38214,0139,6,5,7,1942,0,0,0,A,0,1A85,3RD ST,TRACTION AV,5,W,N,A,-,N,NA,NA,NA,NA,NA,NA,NA,NA,NA,N,4,0,3,2,A,-,03,22350,NA,N,C,C,A,A,H,-,A,D,0,NA,NA,NA,NA,Y,NA,D,22,0,0,3,0,0,0,0,0,0,-,-,NA,NA,LOS ANGELES,LOS ANGELES,-118.23652629,34.04573796