CASE_ID,ACCIDENT_YEAR,PROC_DATE,JURIS,COLLISION_DATE,COLLISION_TIME,OFFICER_ID,REPORTING_DISTRICT,DAY_OF_WEEK,CHP_SHIFT,POPULATION,CNTY_CITY_LOC,SPECIAL_COND,BEAT_TYPE,CHP_BEAT_TYPE,CITY_DIVISION_LAPD,CHP_BEAT_CLASS,BEAT_NUMBER,PRIMARY_RD,SECONDARY_RD,DISTANCE,DIRECTION,INTERSECTION,WEATHER_1,WEATHER_2,STATE_HWY_IND,CALTRANS_COUNTY,CALTRANS_DISTRICT,STATE_ROUTE,ROUTE_SUFFIX,POSTMILE_PREFIX,POSTMILE,LOCATION_TYPE,RAMP_INTERSECTION,SIDE_OF_HWY,TOW_AWAY,COLLISION_SEVERITY,NUMBER_KILLED,NUMBER_INJURED,PARTY_COUNT,PRIMARY_COLL_FACTOR,PCF_CODE_OF_VIOL,PCF_VIOL_CATEGORY,PCF_VIOLATION,PCF_VIOL_SUBSECTION,HIT_AND_RUN,TYPE_OF_COLLISION,MVIW,PED_ACTION,ROAD_SURFACE,ROAD_COND_1,ROAD_COND_2,LIGHTING,CONTROL_DEVICE,CHP_ROAD_TYPE,PEDESTRIAN_ACCIDENT,BICYCLE_ACCIDENT,MOTORCYCLE_ACCIDENT,TRUCK_ACCIDENT,NOT_PRIVATE_PROPERTY,ALCOHOL_INVOLVED,STWD_VEHTYPE_AT_FAULT,CHP_VEHTYPE_AT_FAULT,COUNT_SEVERE_INJ,COUNT_VISIBLE_INJ,COUNT_COMPLAINT_PAIN,COUNT_PED_KILLED,COUNT_PED_INJURED,COUNT_BICYCLIST_KILLED,COUNT_BICYCLIST_INJURED,COUNT_MC_KILLED,COUNT_MC_INJURED,PRIMARY_RAMP,SECONDARY_RAMP,LATITUDE,LONGITUDE,COUNTY,CITY,POINT_X,POINT_Y
7172963,2016,2016-02-03,1942,2016-01-04,0620,41861,0803,1,5,7,1942,0,0,0,H,0,8A1,SUNSET BL,MANDEVILLE CANYON RD,320,E,N,C,-,N,NA,NA,NA,NA,NA,NA,NA,NA,NA,Y,4,0,1,1,A,-,03,22350,NA,N,E,I,A,B,H,-,C,D,0,NA,NA,NA,NA,Y,NA,A,07,0,0,1,0,0,0,0,0,0,-,-,NA,NA,LOS ANGELES,LOS ANGELES,-118.49342662,34.05982648
7172964,2016,2016-02-03,1941,2016-01-06,1240,5407,NA,3,5,7,1941,0,0,0,NA,0,NA,WILTON ST,REDONDO AV,0,NA,Y,B,C,N,NA,NA,NA,NA,NA,NA,NA,NA,NA,Y,4,0,1,2,A,-,09,21802,B,N,D,C,A,B,H,-,A,A,0,NA,NA,NA,NA,Y,NA,A,01,0,0,1,0,0,0,0,0,0,-,-,NA,NA,LOS ANGELES,LONG BEACH,-118.15242003,33.78759008
7172989,2016,2016-02-17,1942,2016-01-01,2120,33987,1622,5,5,7,1942,0,0,0,P,0,16A1,SAN FERNANDO RD,DESMOND ST,85,S,N,A,-,N,NA,NA,NA,NA,NA,NA,NA,NA,NA,Y,4,0,1,2,A,-,08,22107,NA,N,D,C,A,A,H,-,C,D,0,NA,NA,NA,NA,Y,NA,-,NA,0,0,1,0,0,0,0,0,0,-,-,NA,NA,LOS ANGELES,LOS ANGELES,-118.43075736,34.27426289
7172990,2016,2016-08-15,1942,2016-01-07,1710,26319,1503,4,5,7,1942,0,0,0,O,0,19TL74,SHERMAN WY,HOLLYWOOD FWY,280,E,N,A,-,N,NA,NA,NA,NA,NA,NA,NA,NA,NA,Y,4,0,2,2,A,-,03,22350,NA,N,C,C,A,A,H,-,B,D,0,NA,NA,NA,NA,Y,NA,A,01,0,0,2,0,0,0,0,0,0,-,-,NA,NA,LOS ANGELES,LOS ANGELES,NA,NA
7172991,2016,2016-02-03,1942,2016-01-06,1150,37766,1549,3,5,7,1942,0,0,0,O,0,21TL65,BURBANK BL,CASE AV,120,W,N,C,-,N,NA,NA,NA,NA,NA,NA,NA,NA,NA,N,4,0,1,2,A,-,09,21804,A,N,A,C,A,B,H,-,A,D,0,NA,NA,NA,NA,Y,NA,A,01,0,0,1,0,0,0,0,0,0,-,-,NA,NA,LOS ANGELES,LOS ANGELES,-118.37234598,34.17216
7172992,2016,2016-02-03,1942,2016-01-05,0710,35346,1596,2,5,7,1942,0,0,0,O,0,9T53,VENTURA BL,TUJUNGA AV,0,NA,Y,C,-,N,NA,NA,NA,NA,NA,NA,NA,NA,NA,Y,4,0,1,2,A,-,09,21801,A,N,D,C,A,B,H,-,B,A,0,NA,NA,NA,NA,Y,NA,A,01,0,0,1,0,0,0,0,0,0,-,-,NA,NA,LOS ANGELES,LOS ANGELES,-118.3789801,34.13989002
7172993,2015,2016-02-03,1942,2015-12-31,2045,39635,1999,4,5,7,1942,0,0,0,NA,0,19T75,ROSCOE BL,VENTURA CANYON AV,0,NA,Y,A,-,N,NA,NA,NA,NA,NA,NA,NA,NA,NA,Y,4,0,3,3,A,-,12,21453,A,N,D,C,A,A,H,-,C,A,0,NA,NA,NA,NA,Y,NA,A,07,0,0,3,0,0,0,0,0,0,-,-,NA,NA,LOS ANGELES,LOS ANGELES,-118.42881009,34.22167008
7172994,2015,2016-02-02,1942,2015-12-28,1000,33504,1758,1,5,7,1942,0,0,0,Q,0,9TL57,WOODLEY AV,DEVONSHIRE ST,0,NA,Y,A,-,N,NA,NA,NA,NA,NA,NA,NA,NA,NA,Y,4,0,1,3,A,-,12,21453,A,N,D,C,A,A,H,-,A,A,0,NA,NA,NA,NA,Y,NA,A,01,0,0,1,0,0,0,0,0,0,-,-,NA,NA,LOS ANGELES,LOS ANGELES,-118.48484003,34.25741011
7172995,2014,2016-02-05,1942,2014-10-23,1840,30983,1764,4,5,7,1942,0,0,0,Q,0,10TL32,PLUMMER ST,TAMPA AV,0,NA,Y,A,-,N,NA,NA,NA,NA,NA,NA,NA,NA,NA,NA,4,0,1,2,A,-,09,21801,A,N,A,C,A,A,H,-,B,D,0,NA,NA,NA,NA,Y,NA,D,22,0,0,1,0,0,0,0,0,0,-,-,NA,NA,LOS ANGELES,LOS ANGELES,-118.55359013,34.24273008
7172996,2016,2016-02-04,1942,2016-01-18,1510,38835,1961,1,5,7,1942,0,0,0,NA,0,19X58,PLUMMER ST,ORION AV,0,NA,Y,C,-,N,NA,NA,NA,NA,NA,NA,NA,NA,NA,Y,4,0,1,2,A,-,09,21801,A,N,D,C,A,B,H,-,A,A,0,NA,NA,NA,NA,Y,NA,D,22,0,0,1,0,0,0,0,0,0,-,-,NA,NA,LOS ANGELES,LOS ANGELES,-118.47192006,34.24281006
7172997,2016,2016-02-29,1942,2016-01-08,1301,39355,1921,5,5,7,1942,0,0,0,NA,0,16TL24,SAN FERNANDO RD,BLEDSOE ST,75,S,N,A,-,N,NA,NA,NA,NA,NA,NA,NA,NA,NA,Y,3,0,2,3,A,-,07,21658,A,N,B,C,A,A,H,-,A,A,0,NA,NA,NA,Y,Y,NA,A,01,0,1,1,0,0,0,0,0,0,-,-,NA,NA,LOS ANGELES,LOS ANGELES,-118.46599255,34.30439635
7172998,2016,2016-02-03,1942,2016-01-05,1325,39335,1999,2,5,7,1942,0,0,0,NA,0,9TL56,WOODMAN AV,SATICOY ST,0,NA,Y,C,-,N,NA,NA,NA,NA,NA,NA,NA,NA,NA,Y,4,0,2,2,A,-,12,21453,A,N,D,C,A,B,H,-,A,A,0,NA,NA,NA,NA,Y,NA,A,01,0,0,2,0,0,0,0,0,0,-,-,NA,NA,LOS ANGELES,LOS ANGELES,-118.4311601,34.20946001
7172999,2016,2016-02-03,1942,2016-01-14,0755,38980,1987,4,5,7,1942,0,0,0,NA,0,10TL37,WOODMAN AV,OSBORNE ST,200,S,N,A,-,N,NA,NA,NA,NA,NA,NA,NA,NA,NA,Y,4,0,1,2,A,-,09,21804,A,N,D,C,A,A,H,-,A,D,0,NA,NA,NA,NA,Y,NA,D,22,0,0,1,0,0,0,0,0,0,-,-,NA,NA,LOS ANGELES,LOS ANGELES,-118.43830118,34.23246945
7173000,2016,2016-02-03,1942,2016-01-21,1215,39355,1974,4,5,7,1942,0,0,0,NA,0,19T74,CEDROS AV,NORDHOFF ST,400,S,N,A,-,N,NA,NA,NA,NA,NA,NA,NA,NA,NA,N,4,0,1,2,A,-,09,21804,A,N,D,C,A,A,H,-,A,D,0,NA,NA,NA,NA,Y,NA,A,07,0,0,1,0,0,0,0,0,0,-,-,NA,NA,LOS ANGELES,LOS ANGELES,-118.45354396,34.23434284
7173004,2016,2016-02-02,1900,2016-01-09,1400,519514,2612,6,5,6,1950,0,0,0,NA,0,262T1,10TH ST W,RANCHO VISTA BL,183,S,N,A,-,N,NA,NA,NA,NA,NA,NA,NA,NA,NA,N,4,0,1,2,A,-,09,21804,A,N,D,C,A,A,H,-,A,D,0,NA,NA,NA,NA,Y,NA,A,08,0,0,1,0,0,0,0,0,0,-,-,NA,NA,LOS ANGELES,PALMDALE,-118.147633,34.60126
7173005,2016,2016-02-02,1900,2016-01-07,0840,527062,2608,4,5,6,1950,0,0,0,NA,0,263T1,AVENUE R,30TH ST E,38,E,N,B,-,N,NA,NA,NA,NA,NA,NA,NA,NA,NA,N,4,0,1,2,A,-,01,23152,A,M,C,C,A,A,H,-,A,A,0,NA,NA,NA,NA,Y,Y,A,01,0,0,1,0,0,0,0,0,0,-,-,NA,NA,LOS ANGELES,PALMDALE,-118.0760341,34.57279307
7173006,2016,2016-02-02,1900,2016-01-11,1730,248079,2627,1,5,6,1950,0,0,0,NA,0,264T1,AVENUE M,20TH ST E,231,W,N,A,-,N,NA,NA,NA,NA,NA,NA,NA,NA,NA,N,4,0,2,3,A,-,03,22350,NA,N,C,C,A,A,H,-,D,D,0,NA,NA,NA,NA,Y,NA,A,07,0,0,2,0,0,0,0,0,0,-,-,NA,NA,LOS ANGELES,PALMDALE,-118.09518638,34.64598
7173007,2016,2016-02-02,1900,2016-01-09,1430,519514,2619,6,5,6,1950,0,0,0,NA,0,262T1,DIVISION ST,PENINA WY,207,S,N,A,-,N,NA,NA,NA,NA,NA,NA,NA,NA,NA,Y,3,0,1,2,A,-,03,22350,NA,N,F,I,A,A,H,-,A,A,0,NA,NA,NA,NA,Y,NA,A,07,0,1,0,0,0,0,0,0,0,-,-,NA,NA,LOS ANGELES,PALMDALE,-118.12999058,34.60761247
7173008,2016,2016-02-02,1900,2016-01-04,1121,467578,2607,1,5,6,1950,0,0,0,NA,0,263T1,AVENUE S,HARLEQUIN WY,265,W,N,A,-,N,NA,NA,NA,NA,NA,NA,NA,NA,NA,Y,4,0,1,2,A,-,09,21804,A,N,B,C,A,A,H,-,A,A,0,NA,NA,NA,NA,Y,NA,A,08,0,0,1,0,0,0,0,0,0,-,-,NA,NA,LOS ANGELES,PALMDALE,-118.04337798,34.55809343
7173009,2016,2016-02-02,1900,2016-01-15,2315,522763,2617,5,5,6,1950,0,0,0,NA,0,262T1,BRISA DR,CLARO WY,0,NA,Y,A,-,N,NA,NA,NA,NA,NA,NA,NA,NA,NA,Y,3,0,1,1,A,-,03,22350,NA,N,E,I,A,A,H,-,C,D,0,NA,NA,NA,NA,Y,NA,A,01,0,1,0,0,0,0,0,0,0,-,-,NA,NA,LOS ANGELES,PALMDALE,-118.21836003,34.61921009
7173010,2016,2016-02-02,1900,2016-01-01,1555,527057,2610,5,5,6,1950,0,0,0,NA,0,263T1,PALMDALE BL,15TH ST EAST,0,NA,Y,A,-,N,NA,NA,NA,NA,NA,NA,NA,NA,NA,Y,4,0,2,2,A,-,08,22107,NA,N,D,C,A,A,H,-,A,A,0,NA,NA,NA,NA,Y,NA,A,07,0,0,2,0,0,0,0,0,0,-,-,NA,NA,LOS ANGELES,PALMDALE,-118.10300001,34.57963009
7173011,2016,2016-02-02,1900,2016-01-04,1950,517840,2607,1,5,6,1950,0,0,0,NA,0,264T1,AVENUE R,65TH ST EAST,0,NA,Y,A,-,N,NA,NA,NA,NA,NA,NA,NA,NA,NA,Y,4,0,3,2,A,-,12,22450,A,N,D,C,A,A,H,-,C,A,0,NA,NA,NA,NA,Y,NA,A,01,0,0,3,0,0,0,0,0,0,-,-,NA,NA,LOS ANGELES,PALMDALE,-118.01382011,34.57243008
7173012,2016,2016-02-02,1900,2016-01-04,1150,467578,2607,1,5,6,1950,0,0,0,NA,0,263T1,AVENUE R,MARSALA DR,0,NA,Y,A,-,N,NA,NA,NA,NA,NA,NA,NA,NA,NA,Y,4,0,1,2,A,-,09,21802,A,N,D,C,A,A,H,-,A,A,0,NA,NA,NA,NA,Y,NA,A,01,0,0,1,0,0,0,0,0,0,-,-,NA,NA,LOS ANGELES,PALMDALE,-118.02470014,34.57240004
7173013,2016,2016-02-02,1900,2016-01-02,1153,491337,2611,6,5,6,1950,0,0,0,NA,0,262T1,PALMDALE BL,4TH ST E,72,W,N,A,-,N,NA,NA,NA,NA,NA,NA,NA,NA,NA,N,2,0,1,2,A,-,05,21650,NA,N,A,G,A,A,H,-,A,D,0,NA,Y,NA,NA,Y,NA,A,01,1,0,0,0,0,0,1,0,0,-,-,NA,NA,LOS ANGELES,PALMDALE,NA,NA
7173014,2016,2016-02-02,1941,2016-01-14,1435,6117,NA,4,5,7,1941,0,0,0,NA,0,NA,E 55TH ST,LOCUST AV,5,W,N,A,-,N,NA,NA,NA,NA,NA,NA,NA,NA,NA,N,4,0,1,2,A,-,08,22101,NA,N,E,B,F,A,H,-,A,D,0,Y,NA,NA,NA,Y,Y,A,NA,0,0,1,0,1,0,0,0,0,-,-,NA,NA,LOS ANGELES,LONG BEACH,-118.18987644,33.85593
7173017,2016,2016-02-02,1905,2016-01-17,1113,2019,424,7,5,4,1905,0,0,0,NA,0,063,EAST FOOTHILL BL,ORCHARD LOOP,12,W,N,A,-,N,NA,NA,NA,NA,NA,NA,NA,NA,NA,N,3,0,1,1,A,-,08,22107,NA,N,H,J,A,A,H,-,A,D,0,NA,Y,NA,NA,Y,NA,L,04,0,1,0,0,0,0,1,0,0,-,-,NA,NA,LOS ANGELES,AZUSA,-117.89122956,34.13346
7173022,2016,2016-02-02,1941,2016-01-13,0804,10793,NA,3,5,7,1941,0,0,0,NA,0,NA,CHERRY AV,ANAHEIM ST,0,NA,Y,A,-,N,NA,NA,NA,NA,NA,NA,NA,NA,NA,N,4,0,1,2,A,-,09,21804,A,N,D,G,A,A,H,-,A,A,0,NA,Y,NA,NA,Y,NA,L,NA,0,0,1,0,0,0,1,0,0,-,-,NA,NA,LOS ANGELES,LONG BEACH,-118.16766,33.78261011
7173023,2016,2016-02-02,1941,2016-01-13,1812,10005,NA,3,5,7,1941,0,0,0,NA,0,NA,MAGNOLIA AV,OCEAN,10,N,N,A,-,N,NA,NA,NA,NA,NA,NA,NA,NA,NA,N,4,0,1,2,A,-,10,21950,A,N,G,B,B,A,H,-,C,A,0,Y,NA,NA,NA,Y,NA,A,NA,0,0,1,0,1,0,0,0,0,-,-,NA,NA,LOS ANGELES,LONG BEACH,-118.19807,33.76741742
7173024,2016,2016-02-02,1941,2016-01-16,0830,10126,NA,6,5,7,1941,0,0,0,NA,0,NA,LONG BEACH BL,69TH ST,0,NA,Y,B,-,N,NA,NA,NA,NA,NA,NA,NA,NA,NA,Y,3,0,1,2,A,-,12,21453,A,F,D,C,A,A,H,-,A,A,0,NA,NA,NA,NA,Y,NA,A,NA,0,1,0,0,0,0,0,0,0,-,-,NA,NA,LOS ANGELES,LONG BEACH,-118.20425004,33.87929006
7173025,2016,2016-02-05,1941,2016-01-08,1233,10143,NA,5,5,7,1941,0,0,0,NA,0,NA,4TH ST,ELM AV,0,NA,Y,A,-,N,NA,NA,NA,NA,NA,NA,NA,NA,NA,Y,3,0,2,3,A,-,12,21453,A,N,D,C,A,A,H,-,A,A,0,NA,NA,NA,NA,Y,NA,A,NA,0,1,1,0,0,0,0,0,0,-,-,NA,NA,LOS ANGELES,LONG BEACH,-118.18765003,33.77173003
7173026,2016,2016-02-02,1941,2016-01-18,1600,6135,NA,1,5,7,1941,0,0,0,NA,0,NA,2ND ST,STUDEBAKER,280,W,N,A,-,N,NA,NA,NA,NA,NA,NA,NA,NA,NA,Y,3,0,2,1,A,-,08,22107,NA,N,A,-,A,A,H,-,A,D,0,NA,NA,NA,NA,Y,NA,-,NA,0,1,1,0,0,0,0,0,0,-,-,NA,NA,LOS ANGELES,LONG BEACH,-118.10477798,33.75966012
7173027,2016,2016-02-02,1941,2016-01-19,1658,5954,NA,2,5,7,1941,0,0,0,NA,0,NA,CARSON ST,CLARK AV,6,W,N,B,-,N,NA,NA,NA,NA,NA,NA,NA,NA,NA,N,4,0,1,2,A,-,03,22350,NA,N,C,C,A,A,H,-,A,A,0,NA,NA,NA,NA,Y,NA,A,NA,0,0,1,0,0,0,0,0,0,-,-,NA,NA,LOS ANGELES,LONG BEACH,-118.13388971,33.83238
7173028,2016,2016-02-02,1941,2016-01-19,1808,5611,NA,2,5,7,1941,0,0,0,NA,0,NA,SANTA FE AV,WARDLOW,102,S,N,A,-,N,NA,NA,NA,NA,NA,NA,NA,NA,NA,N,3,0,1,2,A,-,11,21954,A,N,G,B,D,A,H,-,C,A,0,Y,NA,NA,NA,Y,Y,N,NA,0,1,0,0,1,0,0,0,0,-,-,NA,NA,LOS ANGELES,LONG BEACH,-118.21553,33.82411062
7173029,2016,2016-02-02,1941,2016-01-10,2000,10795,NA,7,5,7,1941,0,0,0,NA,0,NA,3RD ST,TEMPLE AV,0,NA,Y,A,-,N,NA,NA,NA,NA,NA,NA,NA,NA,NA,N,3,0,1,2,A,-,00,20001,A,F,G,B,B,A,H,-,C,A,0,Y,NA,NA,NA,Y,Y,A,NA,0,1,0,0,1,0,0,0,0,-,-,NA,NA,LOS ANGELES,LONG BEACH,-118.15894007,33.76806004
7173030,2016,2016-02-02,1941,2016-01-10,1342,10799,NA,7,5,7,1941,0,0,0,NA,0,NA,LINDEN AV,55TH ST,0,NA,Y,A,-,N,NA,NA,NA,NA,NA,NA,NA,NA,NA,N,2,0,1,2,A,-,05,21650,1,N,A,G,A,A,H,-,A,D,0,NA,Y,NA,NA,Y,NA,L,NA,1,0,0,0,0,0,1,0,0,-,-,NA,NA,LOS ANGELES,LONG BEACH,-118.18597005,33.85624001
7173031,2016,2016-02-03,1941,2016-01-09,1833,10672,NA,6,5,7,1941,0,0,0,NA,0,NA,PARAMOUNT BL,CANDLEWOOD ST,0,NA,Y,A,-,N,NA,NA,NA,NA,NA,NA,NA,NA,NA,Y,4,0,1,2,A,-,03,22350,NA,N,D,C,A,A,H,-,C,D,0,NA,NA,NA,NA,Y,NA,A,NA,0,0,1,0,0,0,0,0,0,-,-,NA,NA,LOS ANGELES,LONG BEACH,-118.15986002,33.85382006
7173032,2016,2016-02-02,1941,2016-01-11,1041,10776,NA,1,5,7,1941,0,0,0,NA,0,NA,ATLANTIC,SAN ANTONIO DR,0,NA,Y,A,-,N,NA,NA,NA,NA,NA,NA,NA,NA,NA,N,4,0,1,2,A,-,08,22107,NA,N,B,C,A,A,H,-,A,A,0,NA,NA,NA,NA,Y,NA,A,NA,0,0,1,0,0,0,0,0,0,-,-,NA,NA,LOS ANGELES,LONG BEACH,-118.18507,33.8369001
7173033,2016,2016-02-03,1941,2016-01-11,1450,6162,NA,1,5,7,1941,0,0,0,NA,0,NA,CARSON ST,CHERRY AV,25,W,N,A,-,N,NA,NA,NA,NA,NA,NA,NA,NA,NA,N,4,0,1,2,D,-,00,NA,NA,N,B,G,A,A,H,-,A,A,0,NA,Y,NA,NA,Y,NA,-,-,0,0,1,0,0,0,1,0,0,-,-,NA,NA,LOS ANGELES,LONG BEACH,-118.16765215,33.83245
7173034,2016,2016-02-02,1941,2016-01-11,1746,10036,NA,1,5,7,1941,0,0,0,NA,0,NA,ATLANTIC AV,SOUTH ST,0,NA,Y,A,-,N,NA,NA,NA,NA,NA,NA,NA,NA,NA,N,4,0,3,2,A,-,08,22107,NA,N,D,C,A,A,H,-,C,A,0,NA,NA,NA,NA,Y,NA,A,NA,0,0,3,0,0,0,0,0,0,-,-,NA,NA,LOS ANGELES,LONG BEACH,-118.18504001,33.86008011
7173035,2016,2016-02-02,1941,2016-01-10,1803,10683,NA,7,5,7,1941,0,0,0,NA,0,NA,ANAHEIM ST,ATLANTIC AV,0,NA,Y,A,-,N,NA,NA,NA,NA,NA,NA,NA,NA,NA,N,4,0,1,2,A,-,10,21950,A,N,G,B,B,A,H,-,C,A,0,Y,NA,NA,NA,Y,NA,A,NA,0,0,1,0,1,0,0,0,0,-,-,NA,NA,LOS ANGELES,LONG BEACH,-118.18504008,33.78261005
7173036,2016,2016-02-03,1941,2016-01-10,1625,10777,NA,7,5,7,1941,0,0,0,NA,0,NA,STEARNS ST,BELLFLOWER BL,0,NA,Y,A,-,N,NA,NA,NA,NA,NA,NA,NA,NA,NA,Y,3,0,1,2,A,-,08,22100,5,N,A,C,A,-,H,-,A,A,0,NA,NA,Y,NA,Y,NA,A,NA,0,1,0,0,0,0,0,0,1,-,-,NA,NA,LOS ANGELES,LONG BEACH,-118.12542005,33.79603
7173037,2016,2016-02-02,1941,2016-01-01,1521,10143,NA,5,5,7,1941,0,0,0,NA,0,NA,7TH ST,ALMOND AV,54,W,N,A,-,N,NA,NA,NA,NA,NA,NA,NA,NA,NA,Y,4,0,1,2,A,-,08,22107,NA,N,D,C,A,A,H,-,A,A,0,NA,NA,NA,NA,Y,NA,A,NA,0,0,1,0,0,0,0,0,0,-,-,NA,NA,LOS ANGELES,LONG BEACH,-118.17490733,33.77534
7173038,2016,2016-02-02,1941,2016-01-11,0024,10519,NA,1,5,7,1941,0,0,0,NA,0,NA,10TH ST,JUNIPERO AV,0,NA,Y,A,-,N,NA,NA,NA,NA,NA,NA,NA,NA,NA,N,2,0,1,2,A,-,11,21453,D,N,G,B,D,A,H,-,C,A,0,Y,NA,NA,NA,Y,NA,N,NA,1,0,0,0,1,0,0,0,0,-,-,NA,NA,LOS ANGELES,LONG BEACH,-118.16333,33.77894007
7173039,2016,2016-02-02,1941,2016-01-10,1139,10785,NA,7,5,7,1941,0,0,0,NA,0,NA,ARTESIA BL,ROSE AV,0,NA,Y,A,-,N,NA,NA,NA,NA,NA,NA,NA,NA,NA,Y,3,0,2,2,A,-,09,21801,A,N,A,C,A,A,H,-,A,D,0,NA,NA,NA,NA,Y,NA,A,NA,0,1,1,0,0,0,0,0,0,-,-,NA,NA,LOS ANGELES,LONG BEACH,-118.17089002,33.87472002
7173040,2016,2016-02-03,1941,2016-01-10,0658,10539,NA,7,5,7,1941,0,0,0,NA,0,NA,59TH ST,ORANGE AV,0,NA,Y,A,-,N,NA,NA,NA,NA,NA,NA,NA,NA,NA,N,3,0,1,2,A,-,09,21802,A,N,D,G,A,B,H,-,A,D,0,NA,Y,NA,NA,Y,NA,A,NA,0,1,0,0,0,0,1,0,0,-,-,NA,NA,LOS ANGELES,LONG BEACH,-118.17730999,33.86190011
7173082,2016,2016-02-03,1942,2016-01-19,1000,38326,2177,2,5,7,1942,0,0,0,NA,0,15T43,WINNETKA AV,CLARK ST,60,N,N,B,-,N,NA,NA,NA,NA,NA,NA,NA,NA,NA,Y,3,0,3,4,A,-,03,22350,NA,N,C,C,A,A,H,-,A,-,0,NA,NA,NA,NA,Y,NA,A,01,0,1,2,0,0,0,0,0,0,-,-,NA,NA,LOS ANGELES,LOS ANGELES,-118.57094117,34.17341459
7173083,2015,2016-02-03,1942,2015-12-29,1755,36599,1935,2,5,7,1942,0,0,0,NA,0,17TL17,RINALDI ST,LEV AV,0,NA,Y,A,-,N,NA,NA,NA,NA,NA,NA,NA,NA,NA,Y,3,0,1,2,A,-,09,21804,A,N,D,C,A,A,H,-,C,A,0,NA,NA,NA,NA,Y,NA,A,01,0,1,0,0,0,0,0,0,0,-,-,NA,NA,LOS ANGELES,LOS ANGELES,-118.46109013,34.27902007
7173084,2015,2016-02-19,1942,2015-12-07,1525,40317,1989,1,5,7,1942,0,0,0,NA,0,19X74,ARLETA,SHELDON,415,N,N,A,-,N,NA,NA,NA,NA,NA,NA,NA,NA,NA,Y,3,0,2,1,A,-,03,22350,NA,N,A,I,A,A,H,-,A,D,0,NA,NA,NA,NA,Y,NA,D,22,0,2,0,0,0,0,0,0,0,-,-,NA,NA,LOS ANGELES,LOS ANGELES,-118.41198138,34.22841819
7173085,2015,2016-02-03,1942,2015-12-24,0700,38285,1944,4,5,7,1942,0,0,0,NA,0,35T90,LA RUE ST,KEWEN AV,0,NA,Y,A,-,N,NA,NA,NA,NA,NA,NA,NA,NA,NA,Y,4,0,1,2,A,-,12,22450,A,N,D,C,A,A,H,-,A,A,0,NA,NA,NA,NA,Y,NA,A,07,0,0,1,0,0,0,0,0,0,-,-,NA,NA,LOS ANGELES,LOS ANGELES,-118.43992001,34.27476001
7173086,2015,2016-02-03,1942,2015-12-02,1145,35844,1962,3,5,7,1942,0,0,0,NA,0,19X74,SEPULVEDA BL,TUPPER ST,0,NA,Y,A,-,N,NA,NA,NA,NA,NA,NA,NA,NA,NA,Y,4,0,2,2,A,-,12,21453,A,N,D,C,A,A,H,-,A,A,0,NA,NA,NA,NA,Y,NA,D,22,0,0,2,0,0,0,0,0,0,-,-,NA,NA,LOS ANGELES,LOS ANGELES,-118.46768013,34.23917002
7173087,2015,2016-02-03,1942,2015-12-01,1240,38850,1985,2,5,7,1942,0,0,0,NA,0,15TL44,CHASE ST,VAN NUYS BL,35,E,N,A,-,N,NA,NA,NA,NA,NA,NA,NA,NA,NA,N,4,0,1,2,A,-,04,21703,NA,N,C,C,A,A,H,-,A,A,0,NA,NA,NA,NA,Y,NA,D,22,0,0,1,0,0,0,0,0,0,-,-,NA,NA,LOS ANGELES,LOS ANGELES,-118.44868443,34.22475
7173088,2015,2016-02-08,1942,2015-11-26,1245,37707,1994,4,5,7,1942,0,0,0,NA,0,19A75,ROSCOE BL,VAN NUYS BL,160,W,N,B,-,N,NA,NA,NA,NA,NA,NA,NA,NA,NA,N,4,0,1,2,A,-,-,NA,NA,N,A,G,A,A,H,-,A,D,0,NA,Y,NA,NA,Y,NA,L,04,0,0,1,0,0,0,1,0,0,-,-,NA,NA,LOS ANGELES,LOS ANGELES,-118.44930832,34.22153
7173089,2015,2016-02-03,1942,2015-12-22,1715,42097,1783,2,5,7,1942,0,0,0,Q,0,17A49,NORDHOFF ST,TAMPA AV,100,E,N,C,-,N,NA,NA,NA,NA,NA,NA,NA,NA,NA,N,2,0,1,2,A,-,09,21801,A,N,D,C,A,B,H,-,C,D,0,NA,NA,Y,NA,Y,NA,D,22,1,0,0,0,0,0,0,0,1,-,-,NA,NA,LOS ANGELES,LOS ANGELES,-118.55322971,34.23546
7173090,2015,2016-02-24,1942,2015-12-10,0805,41175,1791,4,5,7,1942,0,0,0,Q,0,17A81,PARTHENIA ST,DESOTO AV,0,NA,Y,A,-,N,NA,NA,NA,NA,NA,NA,NA,NA,NA,N,4,0,1,2,A,-,10,21950,A,N,G,B,B,A,H,-,A,A,0,Y,NA,NA,NA,Y,NA,D,22,0,0,1,0,1,0,0,0,0,-,-,NA,NA,LOS ANGELES,LOS ANGELES,-118.58853002,34.22821001
7173091,2015,2016-02-08,1942,2015-12-28,0945,31931,1795,1,5,7,1942,0,0,0,Q,0,35M54,BALBOA BL,ROSCOE BL,0,NA,Y,A,-,N,NA,NA,NA,NA,NA,NA,NA,NA,NA,Y,4,0,2,3,A,-,12,21453,A,N,D,D,A,A,H,-,A,A,0,NA,NA,NA,NA,Y,NA,D,22,0,0,2,0,0,0,0,0,0,-,-,NA,NA,LOS ANGELES,LOS ANGELES,-118.50264001,34.22120007
7173092,2015,2016-02-03,1942,2015-12-10,1815,38835,1785,4,5,7,1942,0,0,0,Q,0,19X58,LINDLEY AV,OSBORN ST,100,S,N,C,-,N,NA,NA,NA,NA,NA,NA,NA,NA,NA,N,4,0,1,2,A,-,04,21703,NA,N,C,C,A,B,H,-,C,D,0,NA,NA,NA,NA,Y,NA,D,22,0,0,1,0,0,0,0,0,0,-,-,NA,NA,LOS ANGELES,LOS ANGELES,NA,NA