CASE_ID,ACCIDENT_YEAR,PROC_DATE,JURIS,COLLISION_DATE,COLLISION_TIME,OFFICER_ID,REPORTING_DISTRICT,DAY_OF_WEEK,CHP_SHIFT,POPULATION,CNTY_CITY_LOC,SPECIAL_COND,BEAT_TYPE,CHP_BEAT_TYPE,CITY_DIVISION_LAPD,CHP_BEAT_CLASS,BEAT_NUMBER,PRIMARY_RD,SECONDARY_RD,DISTANCE,DIRECTION,INTERSECTION,WEATHER_1,WEATHER_2,STATE_HWY_IND,CALTRANS_COUNTY,CALTRANS_DISTRICT,STATE_ROUTE,ROUTE_SUFFIX,POSTMILE_PREFIX,POSTMILE,LOCATION_TYPE,RAMP_INTERSECTION,SIDE_OF_HWY,TOW_AWAY,COLLISION_SEVERITY,NUMBER_KILLED,NUMBER_INJURED,PARTY_COUNT,PRIMARY_COLL_FACTOR,PCF_CODE_OF_VIOL,PCF_VIOL_CATEGORY,PCF_VIOLATION,PCF_VIOL_SUBSECTION,HIT_AND_RUN,TYPE_OF_COLLISION,MVIW,PED_ACTION,ROAD_SURFACE,ROAD_COND_1,ROAD_COND_2,LIGHTING,CONTROL_DEVICE,CHP_ROAD_TYPE,PEDESTRIAN_ACCIDENT,BICYCLE_ACCIDENT,MOTORCYCLE_ACCIDENT,TRUCK_ACCIDENT,NOT_PRIVATE_PROPERTY,ALCOHOL_INVOLVED,STWD_VEHTYPE_AT_FAULT,CHP_VEHTYPE_AT_FAULT,COUNT_SEVERE_INJ,COUNT_VISIBLE_INJ,COUNT_COMPLAINT_PAIN,COUNT_PED_KILLED,COUNT_PED_INJURED,COUNT_BICYCLIST_KILLED,COUNT_BICYCLIST_INJURED,COUNT_MC_KILLED,COUNT_MC_INJURED,PRIMARY_RAMP,SECONDARY_RAMP,LATITUDE,LONGITUDE,COUNTY,CITY,POINT_X,POINT_Y
7173997,2015,2016-02-04,1942,2015-12-23,1530,34244,1757,3,5,7,1942,0,0,0,Q,0,17A95,BALBOA BL,DEVONSHIRE ST,300,S,N,A,-,N,NA,NA,NA,NA,NA,NA,NA,NA,NA,N,4,0,1,2,A,-,09,21801,A,N,D,C,A,A,H,-,A,D,0,NA,NA,NA,NA,Y,NA,A,01,0,0,1,0,0,0,0,0,0,-,-,NA,NA,LOS ANGELES,LOS ANGELES,-118.50234,34.25671714
7173999,2015,2016-02-04,1942,2015-12-01,2025,36695,1954,2,5,7,1942,0,0,0,NA,0,19A7W3,MAYALL ST,SEPULVEDA BL,100,E,N,A,-,N,NA,NA,NA,NA,NA,NA,NA,NA,NA,N,4,0,1,2,D,-,00,NA,NA,N,G,B,E,A,H,-,C,D,0,Y,NA,NA,NA,Y,NA,-,-,0,0,1,0,1,0,0,0,0,-,-,NA,NA,LOS ANGELES,LOS ANGELES,-118.46716022,34.25361
7174000,2015,2016-02-04,1942,2015-12-04,1100,39021,1918,5,5,7,1942,0,0,0,NA,0,9TL55,HUBBARD ST,ADELPHIA AV,0,NA,Y,A,-,N,NA,NA,NA,NA,NA,NA,NA,NA,NA,N,3,0,1,2,A,-,09,21801,A,N,D,C,A,A,H,-,A,D,0,NA,NA,Y,NA,Y,NA,A,01,0,1,0,0,0,0,0,0,1,-,-,NA,NA,LOS ANGELES,LOS ANGELES,-118.43159011,34.30629009
7174006,2016,2017-02-11,1941,2016-01-19,1838,5668,NA,2,5,7,1941,0,0,0,NA,0,NA,PACIFIC COAST HWY,ORANGE AV,0,NA,Y,A,-,Y,LA,7,1,-,-,5.521,I,5,S,Y,3,0,1,2,A,-,09,21801,A,N,D,C,A,A,H,-,C,A,0,NA,NA,NA,NA,Y,NA,A,NA,0,1,0,0,0,0,0,0,0,-,-,NA,NA,LOS ANGELES,LONG BEACH,-118.17631585,33.78980547
7174010,2016,2016-02-04,1941,2016-01-05,1450,10070,NA,2,5,7,1941,0,0,0,NA,0,NA,6TH ST,ALAMO CT,50,W,N,B,-,N,NA,NA,NA,NA,NA,NA,NA,NA,NA,N,4,0,1,2,A,-,09,21804,A,N,D,C,A,B,H,-,A,D,0,NA,NA,NA,NA,Y,NA,A,NA,0,0,1,0,0,0,0,0,0,-,-,NA,NA,LOS ANGELES,LONG BEACH,-118.18847419,33.77415
7174014,2016,2016-02-04,1941,2016-01-21,2255,10788,NA,4,5,7,1941,0,0,0,NA,0,NA,CHERRY AV,10TH ST,0,NA,Y,A,-,N,NA,NA,NA,NA,NA,NA,NA,NA,NA,Y,4,0,2,2,A,-,09,21801,A,N,D,C,A,A,H,-,C,A,0,NA,NA,NA,NA,Y,NA,A,NA,0,0,2,0,0,0,0,0,0,-,-,NA,NA,LOS ANGELES,LONG BEACH,-118.16766,33.77897
7174018,2016,2016-02-04,1941,2016-01-16,1342,6088,NA,6,5,7,1941,0,0,0,NA,0,NA,BELLFLOWER BL,STERNS ST,324,N,N,A,-,N,NA,NA,NA,NA,NA,NA,NA,NA,NA,N,4,0,1,2,A,-,09,21804,A,N,G,B,F,A,H,-,A,D,0,Y,NA,NA,NA,Y,NA,A,NA,0,0,1,0,1,0,0,0,0,-,-,NA,NA,LOS ANGELES,LONG BEACH,-118.12531102,33.7968554
7174022,2016,2016-02-04,1942,2016-01-11,1105,38326,0937,1,5,7,1942,0,0,0,I,0,15TL43,VICTORY BL,WOODMAN AV,75,NA,N,A,-,N,NA,NA,NA,NA,NA,NA,NA,NA,NA,N,4,0,2,3,A,-,21,22106,NA,N,C,C,A,A,H,-,A,D,0,NA,NA,NA,NA,Y,NA,A,07,0,0,2,0,0,0,0,0,0,-,-,NA,NA,LOS ANGELES,LOS ANGELES,-118.43126014,34.18668009
7174030,2016,2016-02-04,1942,2016-01-07,0835,38687,0926,4,5,7,1942,0,0,0,I,0,19TL77,VAN NUYS BL,HAMLIN ST,10,S,N,B,-,N,NA,NA,NA,NA,NA,NA,NA,NA,NA,N,4,0,2,2,A,-,03,22350,NA,N,C,C,A,A,H,-,A,D,0,NA,NA,NA,NA,Y,NA,A,01,0,0,2,0,0,0,0,0,0,-,-,NA,NA,LOS ANGELES,LOS ANGELES,-118.44874,34.18863257
7174034,2016,2016-02-04,1942,2016-01-04,0700,34634,0919,1,5,7,1942,0,0,0,I,0,35M63,WOODMAN AV,SHERMAN WY,162,N,N,C,-,N,NA,NA,NA,NA,NA,NA,NA,NA,NA,N,4,0,1,2,A,-,09,21801,A,N,D,C,A,B,H,-,A,D,0,NA,NA,NA,NA,Y,NA,A,01,0,0,1,0,0,0,0,0,0,-,-,NA,NA,LOS ANGELES,LOS ANGELES,-118.43124766,34.2016343
7174038,2016,2016-02-04,1942,2016-01-03,1630,39096,0937,7,5,7,1942,0,0,0,I,0,10TL34,HAZELTINE AV,VICTORY BL,150,S,N,A,-,N,NA,NA,NA,NA,NA,NA,NA,NA,NA,Y,4,0,4,3,A,-,09,21804,A,N,B,C,A,A,H,-,A,D,0,NA,NA,NA,NA,Y,NA,A,01,0,0,4,0,0,0,0,0,0,-,-,NA,NA,LOS ANGELES,LOS ANGELES,-118.4399758,34.18624858
7174041,2016,2016-02-04,1948,2016-01-24,1640,375,1948,7,5,5,1948,0,0,0,NA,0,002,GARFIELD AV,EMERSON AV,0,NA,Y,A,-,N,NA,NA,NA,NA,NA,NA,NA,NA,NA,Y,4,0,1,2,D,-,00,NA,NA,N,D,C,A,A,H,-,A,A,0,NA,NA,NA,NA,Y,NA,-,-,0,0,1,0,0,0,0,0,0,-,-,NA,NA,LOS ANGELES,MONTEREY PARK,-118.12288009,34.06613001
7174042,2016,2016-02-04,1942,2016-01-03,1200,31736,0941,7,5,7,1942,0,0,0,I,0,35MQ7,VAN NUYS BL,OXNARD ST,65,N,N,A,-,N,NA,NA,NA,NA,NA,NA,NA,NA,NA,Y,3,0,3,3,A,-,04,21703,NA,N,C,C,A,A,H,-,A,A,0,NA,NA,NA,NA,Y,NA,A,01,0,1,2,0,0,0,0,0,0,-,-,NA,NA,LOS ANGELES,LOS ANGELES,-118.44874,34.17957829
7174045,2016,2016-02-04,1948,2016-01-25,2113,452,1948,1,5,5,1948,0,0,0,NA,0,001,ATLANTIC BL,HARDING AV,16,S,N,A,-,N,NA,NA,NA,NA,NA,NA,NA,NA,NA,N,4,0,1,1,A,-,08,22107,NA,N,E,I,A,A,H,-,C,A,0,NA,NA,Y,NA,Y,NA,C,02,0,0,1,0,0,0,0,0,1,-,-,NA,NA,LOS ANGELES,MONTEREY PARK,-118.13473372,34.05643082
7174046,2016,2016-02-04,1942,2016-01-04,1615,34482,0963,1,5,7,1942,0,0,0,I,0,35MQ5,SEPULVEDA BL,HATTERAS ST,100,S,N,A,-,N,NA,NA,NA,NA,NA,NA,NA,NA,NA,Y,4,0,1,2,A,-,09,21804,A,N,D,C,A,A,H,-,A,D,0,NA,NA,NA,NA,Y,NA,A,01,0,0,1,0,0,0,0,0,0,-,-,NA,NA,LOS ANGELES,LOS ANGELES,-118.46616,34.1754557
7174049,2016,2016-02-04,1948,2016-01-24,1456,375,1948,7,5,5,1948,0,0,0,NA,0,001,ATLANTIC BL,EMERSON AV,531,S,N,A,-,N,NA,NA,NA,NA,NA,NA,NA,NA,NA,N,4,0,1,2,A,-,10,21950,A,N,G,B,B,A,H,-,A,A,0,Y,NA,NA,NA,Y,NA,-,NA,0,0,1,0,1,0,0,0,0,-,-,NA,NA,LOS ANGELES,MONTEREY PARK,-118.13431655,34.06465406
7174050,2016,2016-02-04,1942,2016-01-10,1200,3708,0948,7,5,7,1942,0,0,0,I,0,19TL76,ALBERS ST,WOODMAN AV,0,NA,Y,B,-,N,NA,NA,NA,NA,NA,NA,NA,NA,NA,Y,4,0,2,2,A,-,09,21802,A,N,D,C,A,A,H,-,A,A,0,NA,NA,NA,NA,Y,NA,A,08,0,0,2,0,0,0,0,0,0,-,-,NA,NA,LOS ANGELES,LOS ANGELES,-118.43125008,34.1703101
7174054,2016,2016-02-04,1942,2016-01-09,1315,38174,0946,6,5,7,1942,0,0,0,I,0,9T52,BURBANK BL,RANCHITO AV,0,NA,Y,B,-,N,NA,NA,NA,NA,NA,NA,NA,NA,NA,Y,3,0,3,2,A,-,09,21801,A,N,D,C,A,A,H,-,A,A,0,NA,NA,NA,NA,Y,NA,A,01,0,1,2,0,0,0,0,0,0,-,-,NA,NA,LOS ANGELES,LOS ANGELES,-118.4356301,34.17212009
7174057,2016,2016-02-04,1948,2016-01-05,1435,356,1948,2,5,5,1948,0,0,0,NA,0,16-496,ATLANTIC BL,FLORAL DR,150,S,N,C,-,N,NA,NA,NA,NA,NA,NA,NA,NA,NA,N,4,0,1,2,A,-,03,22350,NA,N,C,C,A,B,H,-,A,A,0,NA,NA,NA,NA,Y,NA,-,NA,0,0,1,0,0,0,0,0,0,-,-,NA,NA,LOS ANGELES,MONTEREY PARK,-118.14393895,34.03909634
7174058,2016,2016-02-04,1942,2016-01-08,1200,38687,0952,5,5,7,1942,0,0,0,I,0,19TL77,KESTER AV,CLARK ST,0,NA,Y,A,-,N,NA,NA,NA,NA,NA,NA,NA,NA,NA,Y,3,0,2,2,A,-,09,21801,A,N,D,C,A,A,H,-,A,D,0,NA,NA,NA,NA,Y,NA,A,01,0,1,1,0,0,0,0,0,0,-,-,NA,NA,LOS ANGELES,LOS ANGELES,-118.45747012,34.16848003
7174061,2016,2016-02-04,1948,2016-01-17,1934,449,1948,7,5,5,1948,0,0,0,NA,0,003,SOUTH GARFIELD AV,GARVEY AV,0,NA,Y,A,-,N,NA,NA,NA,NA,NA,NA,NA,NA,NA,Y,4,0,1,2,A,-,09,21800,D,N,D,C,A,A,H,-,C,B,0,NA,NA,NA,NA,Y,NA,-,NA,0,0,1,0,0,0,0,0,0,-,-,NA,NA,LOS ANGELES,MONTEREY PARK,-118.12282002,34.06245004
7174062,2016,2016-02-04,1942,2016-01-06,0915,30947,0935,3,5,7,1942,0,0,0,I,0,9A35,VAN NUYS BL,OXNARD ST,0,NA,Y,C,-,N,NA,NA,NA,NA,NA,NA,NA,NA,NA,Y,4,0,1,2,A,-,12,21453,A,N,D,C,A,B,H,-,A,A,0,NA,NA,NA,NA,Y,NA,A,01,0,0,1,0,0,0,0,0,0,-,-,NA,NA,LOS ANGELES,LOS ANGELES,-118.44874003,34.17940007
7174065,2016,2016-02-04,1948,2016-01-21,1345,454,1948,4,5,5,1948,0,0,0,NA,0,001,ATLANTIC BL,1ST ST,194,S,N,A,-,N,NA,NA,NA,NA,NA,NA,NA,NA,NA,Y,4,0,1,2,A,-,03,22350,NA,N,C,C,A,A,H,-,A,D,0,NA,NA,NA,NA,Y,NA,A,01,0,0,1,0,0,0,0,0,0,-,-,NA,NA,LOS ANGELES,MONTEREY PARK,-118.14866188,34.03614368
7174066,2016,2016-02-04,1942,2016-01-06,1200,36542,0998,3,5,7,1942,0,0,0,I,0,17T16-,VENTURA BL,COLDWATER CANYON BL,40,W,N,C,-,N,NA,NA,NA,NA,NA,NA,NA,NA,NA,N,4,0,1,3,A,-,03,22350,NA,N,C,C,A,B,H,-,A,A,0,NA,NA,NA,NA,Y,NA,A,07,0,0,1,0,0,0,0,0,0,-,-,NA,NA,LOS ANGELES,LOS ANGELES,-118.41384938,34.14515156
7174069,2016,2016-02-03,1948,2016-01-22,1401,445,1948,5,5,5,1948,0,0,0,NA,0,003,GARFIELD AV,RIGGIN ST,273,S,N,A,-,N,NA,NA,NA,NA,NA,NA,NA,NA,NA,N,4,0,1,2,A,-,04,21703,NA,N,C,C,A,A,H,-,A,D,0,NA,NA,NA,NA,Y,NA,-,NA,0,0,1,0,0,0,0,0,0,-,-,NA,NA,LOS ANGELES,MONTEREY PARK,-118.13045305,34.03597438
7174070,2016,2016-02-04,1942,2016-01-08,1820,41915,0941,5,5,7,1942,0,0,0,I,0,15A24,SEPULVEDA BL,OXNARD ST,0,NA,Y,A,-,N,NA,NA,NA,NA,NA,NA,NA,NA,NA,Y,4,0,1,3,A,-,09,21801,A,N,A,C,A,A,H,-,C,A,0,NA,NA,NA,NA,Y,Y,A,01,0,0,1,0,0,0,0,0,0,-,-,NA,NA,LOS ANGELES,LOS ANGELES,-118.46616005,34.17937003
7174073,2016,2016-02-03,1948,2016-01-17,2257,374,1948,7,5,5,1948,0,0,0,NA,0,004,GARFIELD AV,GARVEY AV,0,NA,Y,A,-,N,NA,NA,NA,NA,NA,NA,NA,NA,NA,N,4,0,1,2,A,-,09,21800,D,N,D,C,A,A,H,-,C,B,0,NA,NA,NA,NA,Y,NA,-,NA,0,0,1,0,0,0,0,0,0,-,-,NA,NA,LOS ANGELES,MONTEREY PARK,-118.12282004,34.06255
7174074,2016,2016-02-04,1942,2016-01-07,0955,42103,0932,4,5,7,1942,0,0,0,I,0,9A5,VICTORY BL,LANGDON AV,10,W,N,B,-,N,NA,NA,NA,NA,NA,NA,NA,NA,NA,Y,3,0,4,4,A,-,04,21703,NA,N,C,C,A,B,H,-,A,D,0,NA,NA,NA,NA,Y,NA,-,NA,0,2,2,0,0,0,0,0,0,-,-,NA,NA,LOS ANGELES,LOS ANGELES,-118.46897301,34.18665
7174077,2016,2017-02-11,1941,2016-01-21,0847,5839,NA,4,5,7,1941,0,0,0,NA,0,NA,PACIFIC COAST HWY,GAVIOTA,90,E,N,A,-,Y,LA,7,1,-,-,5.18,H,-,N,N,4,0,1,2,A,-,11,21954,A,N,G,B,D,A,H,-,A,D,0,Y,NA,NA,NA,Y,NA,N,NA,0,0,1,0,1,0,0,0,0,-,-,NA,NA,LOS ANGELES,LONG BEACH,-118.17054133,33.78991733
7174078,2016,2016-02-04,1942,2016-01-07,2010,41249,0952,4,5,7,1942,0,0,0,I,0,9A41,SEPULVEDA BL,WEDDINGTON ST,0,NA,Y,A,-,N,NA,NA,NA,NA,NA,NA,NA,NA,NA,N,4,0,1,5,A,-,09,21801,A,N,D,C,A,B,H,-,C,D,0,NA,NA,NA,NA,Y,NA,A,01,0,0,1,0,0,0,0,0,0,-,-,NA,NA,LOS ANGELES,LOS ANGELES,-118.46616004,34.16727005
7174092,2016,2016-02-05,1942,2016-01-16,0030,30083,1141,6,5,7,1942,0,0,0,K,0,11T21,HOLLYWOOD BL,EDGEMONT ST,0,NA,Y,A,-,N,NA,NA,NA,NA,NA,NA,NA,NA,NA,N,4,0,1,2,A,-,10,21950,A,N,G,B,B,A,H,-,C,A,0,Y,NA,NA,NA,Y,NA,-,99,0,0,1,0,1,0,0,0,0,-,-,NA,NA,LOS ANGELES,LOS ANGELES,-118.29614009,34.10178002
7174115,2016,2016-02-16,1942,2016-01-12,1600,35686,1133,2,5,7,1942,0,0,0,K,0,11A1,LARGA AV,GRACIA ST,0,NA,Y,A,-,N,NA,NA,NA,NA,NA,NA,NA,NA,NA,N,4,0,1,2,A,-,12,22450,A,N,D,C,A,A,H,-,A,D,0,NA,NA,NA,NA,Y,NA,-,NA,0,0,1,0,0,0,0,0,0,-,-,NA,NA,LOS ANGELES,LOS ANGELES,-118.25608008,34.11441003
7174116,2015,2016-02-25,1942,2015-12-11,1745,39956,1921,5,5,7,1942,0,0,0,NA,0,19A1,SAN FERNANDO RD,BLEDSOE ST,0,NA,Y,A,-,N,NA,NA,NA,NA,NA,NA,NA,NA,NA,Y,4,0,1,2,A,-,09,21801,A,N,D,C,A,A,H,-,C,A,0,NA,NA,NA,NA,Y,NA,A,01,0,0,1,0,0,0,0,0,0,-,-,NA,NA,LOS ANGELES,LOS ANGELES,-118.46617008,34.30454
7174121,2016,2016-02-29,1941,2016-01-16,1806,10806,NA,6,5,7,1941,0,0,0,NA,0,NA,ANAHEIM ST,REDONDO AV,0,NA,Y,A,-,N,NA,NA,NA,NA,NA,NA,NA,NA,NA,Y,4,0,1,2,A,-,09,21801,A,N,D,C,A,A,H,-,C,A,0,NA,NA,NA,NA,Y,NA,A,NA,0,0,1,0,0,0,0,0,0,-,-,NA,NA,LOS ANGELES,LONG BEACH,-118.15242,33.78260009
7174124,2016,2017-02-11,1942,2016-01-25,0620,41397,1622,1,5,7,1942,0,0,0,P,0,19T77,SAN FERNANDO RD,RT 118,0,NA,Y,A,-,Y,LA,7,118,-,R,12.251,R,4,W,N,4,0,1,2,A,-,09,21801,A,F,D,C,A,A,H,-,A,A,0,NA,NA,NA,NA,Y,NA,-,99,0,0,1,0,0,0,0,0,0,-,WO,NA,NA,LOS ANGELES,LOS ANGELES,-118.4309466,34.27111044
7174163,2016,2016-02-04,1942,2016-01-20,1300,39335,0923,3,5,7,1942,0,0,0,I,0,9TL56,GILMORE ST,VAN NUYS BL,45,W,N,A,-,N,NA,NA,NA,NA,NA,NA,NA,NA,NA,N,4,0,1,2,A,-,03,22350,NA,N,-,E,A,A,H,-,A,D,0,NA,NA,NA,NA,Y,NA,A,01,0,0,1,0,0,0,0,0,0,-,-,NA,NA,LOS ANGELES,LOS ANGELES,-118.44888853,34.18764
7174164,2015,2016-02-08,1942,2015-12-12,1805,37080,1964,6,5,7,1942,0,0,0,NA,0,19TL76,PLUMMER ST,CEDROS AV,225,E,N,A,-,N,NA,NA,NA,NA,NA,NA,NA,NA,NA,N,2,0,1,2,A,-,11,21954,A,N,G,B,D,A,H,-,C,D,0,Y,NA,NA,NA,Y,Y,N,60,1,0,0,0,1,0,0,0,0,-,-,NA,NA,LOS ANGELES,LOS ANGELES,-118.45278686,34.24268
7174167,2016,2016-02-04,1942,2016-01-13,1500,35638,919,3,5,7,1942,0,0,0,NA,0,9L30,SHERMAN WY,ALLOTT AV,0,NA,Y,A,-,N,NA,NA,NA,NA,NA,NA,NA,NA,NA,Y,4,0,3,2,A,-,09,21801,A,N,-,C,A,A,H,-,A,A,0,NA,NA,NA,NA,Y,NA,-,NA,0,0,3,0,0,0,0,0,0,-,-,NA,NA,LOS ANGELES,LOS ANGELES,-118.42807001,34.20119002
7174168,2015,2016-02-08,1942,2015-12-03,2115,38354,1962,4,5,7,1942,0,0,0,NA,0,9T53,NORDHOFF ST,BURNET AV,311,E,N,A,-,N,NA,NA,NA,NA,NA,NA,NA,NA,NA,Y,4,0,4,2,A,-,03,22350,NA,N,C,C,A,A,H,-,C,A,0,NA,NA,NA,NA,Y,NA,A,07,0,0,4,0,0,0,0,0,0,-,-,NA,NA,LOS ANGELES,LOS ANGELES,-118.46222293,34.23549407
7174171,2016,2016-02-04,1942,2016-01-21,1145,37080,0944,4,5,7,1942,0,0,0,I,0,16TL26,VAN NUYS BL,OXNARD ST,0,NA,Y,A,-,N,NA,NA,NA,NA,NA,NA,NA,NA,NA,Y,3,0,1,2,A,-,09,21801,A,N,A,C,A,A,H,-,A,A,0,NA,NA,NA,NA,Y,NA,A,01,0,1,0,0,0,0,0,0,0,-,-,NA,NA,LOS ANGELES,LOS ANGELES,-118.44874003,34.17940007
7174172,2015,2016-02-08,1942,2015-12-06,1445,27194,1985,7,5,7,1942,0,0,0,NA,0,9A89,ROSCOE BL,TOBIAS AV,0,NA,Y,A,-,N,NA,NA,NA,NA,NA,NA,NA,NA,NA,N,4,0,1,2,D,-,00,NA,NA,N,D,C,A,-,H,-,A,A,0,NA,NA,NA,NA,Y,NA,-,-,0,0,1,0,0,0,0,0,0,-,-,NA,NA,LOS ANGELES,LOS ANGELES,-118.45169003,34.22152006
7174175,2016,2016-02-04,1942,2016-01-21,0835,33504,0914,4,5,7,1942,0,0,0,I,0,9TL57,TOBIAS AV,HART ST,139,S,N,A,-,N,NA,NA,NA,NA,NA,NA,NA,NA,NA,N,3,0,1,3,A,-,08,22107,NA,N,A,E,A,A,H,-,A,D,0,NA,NA,NA,NA,Y,NA,A,01,0,1,0,0,0,0,0,0,0,-,-,NA,NA,LOS ANGELES,LOS ANGELES,-118.45199843,34.1971688
7174179,2016,2016-02-04,1942,2016-01-22,1825,39355,0955,5,5,7,1942,0,0,0,I,0,16TL24,MAGNOLIA ST,HAZELTINE AV,275,W,N,A,-,N,NA,NA,NA,NA,NA,NA,NA,NA,NA,Y,4,0,3,3,A,-,03,22350,NA,N,C,C,A,A,H,-,C,D,0,NA,NA,NA,NA,Y,NA,A,01,0,0,3,0,0,0,0,0,0,-,-,NA,NA,LOS ANGELES,LOS ANGELES,-118.44090744,34.16486
7174180,2015,2016-02-08,1942,2015-12-29,1000,38707,1266,2,5,7,1942,0,0,0,L,0,12TL41,W 81ST ST,FIGUEROA ST,0,NA,Y,A,-,N,NA,NA,NA,NA,NA,NA,NA,NA,NA,N,3,0,1,2,A,-,09,21802,A,N,D,D,A,A,H,-,A,A,0,NA,NA,Y,NA,Y,NA,A,01,0,1,0,0,0,0,0,0,1,-,-,NA,NA,LOS ANGELES,LOS ANGELES,-118.28272005,33.96594011
7174181,2016,2017-02-11,1941,2016-01-20,0623,10778,NA,3,5,7,1941,0,0,0,NA,0,NA,PACIFIC COAST HWY,SHERMAN PL,0,NA,Y,A,-,Y,LA,7,1,-,-,4.931,I,5,N,N,4,0,1,2,A,-,09,21802,A,N,G,G,A,B,H,-,A,A,0,NA,Y,NA,NA,Y,NA,A,NA,0,0,1,0,0,0,1,0,0,-,-,NA,NA,LOS ANGELES,LONG BEACH,-118.16621618,33.78991493
7174183,2015,2016-02-09,1942,2015-12-27,0040,37928,1249,7,5,7,1942,0,0,0,L,0,12A73,FLORENCE AV,FIGUEROA,25,W,N,A,-,N,NA,NA,NA,NA,NA,NA,NA,NA,NA,N,4,0,1,2,A,-,03,22350,A,N,D,C,A,A,H,-,C,A,0,NA,NA,NA,NA,Y,NA,-,-,0,0,1,0,0,0,0,0,0,-,-,NA,NA,LOS ANGELES,LOS ANGELES,-118.2827823,33.97466
7174185,2016,2016-08-15,1942,2016-01-16,0943,42070,0989,6,5,7,1942,0,0,0,I,0,9A41,VENTURA BL,MAMMOTH,0,NA,Y,A,-,N,NA,NA,NA,NA,NA,NA,NA,NA,NA,Y,4,0,1,2,A,-,09,21801,A,N,A,C,A,A,H,-,A,A,0,NA,NA,NA,NA,Y,NA,-,NA,0,0,1,0,0,0,0,0,0,-,-,NA,NA,LOS ANGELES,LOS ANGELES,-118.43260009,34.1482401
7174186,2016,2018-03-16,1942,2016-01-16,2245,40971,0513,6,5,7,1942,0,0,0,E,0,3T5,RT 1,DODGE AV,293,E,N,A,-,Y,LA,7,1,-,-,11.95,H,-,S,Y,2,0,2,2,A,-,11,21955,NA,N,G,B,D,A,H,-,D,D,0,Y,NA,NA,NA,Y,Y,N,60,1,1,0,0,1,0,0,0,0,-,-,NA,NA,LOS ANGELES,LOS ANGELES,-118.28796733,33.790948
7174187,2015,2016-02-04,1942,2015-12-29,0035,40545,1232,2,5,7,1942,0,0,0,L,0,3A99,SLAUSON AV,6TH AV,10,E,N,A,-,N,NA,NA,NA,NA,NA,NA,NA,NA,NA,Y,3,0,1,1,A,-,03,22350,NA,N,E,I,A,A,H,-,C,D,0,NA,NA,NA,NA,Y,NA,A,01,0,1,0,0,0,0,0,0,0,-,-,NA,NA,LOS ANGELES,LOS ANGELES,-118.32362707,33.98907
7174189,2016,2017-02-11,1941,2016-01-14,0848,5839,NA,4,5,7,1941,0,0,0,NA,0,NA,PACIFIC COAST HWY,CEDAR AV,120,W,N,A,-,Y,LA,7,1,-,-,6.61,H,-,S,Y,4,0,2,3,A,-,-,NA,NA,N,C,C,A,A,H,-,A,A,0,NA,NA,NA,NA,Y,NA,A,NA,0,0,2,0,0,0,0,0,0,-,-,NA,NA,LOS ANGELES,LONG BEACH,-118.1953236,33.78980981
7174191,2015,2016-02-04,1942,2015-12-06,0030,41946,1011,7,5,7,1942,0,0,0,J,0,10A21,CORBIN AV,SATICOY ST,0,NA,Y,A,-,N,NA,NA,NA,NA,NA,NA,NA,NA,NA,Y,4,0,1,2,A,-,09,21801,A,N,D,C,A,A,H,-,C,A,0,NA,NA,NA,NA,Y,NA,A,08,0,0,1,0,0,0,0,0,0,-,-,NA,NA,LOS ANGELES,LOS ANGELES,-118.56227002,34.20834008
7174192,2015,2016-02-08,1942,2015-12-25,2352,42120,1259,5,5,7,1942,0,0,0,L,0,12A67,FLORENCE AV,CENTRAL,45,E,N,A,-,N,NA,NA,NA,NA,NA,NA,NA,NA,NA,Y,4,0,1,2,A,-,08,22107,NA,N,A,C,A,A,H,-,C,A,0,NA,NA,NA,NA,Y,NA,A,01,0,0,1,0,0,0,0,0,0,-,-,NA,NA,LOS ANGELES,LOS ANGELES,-118.25631187,33.97476
7174194,2016,2017-02-10,1942,2016-01-24,1910,41239,1981,7,5,7,1942,0,0,0,NA,0,19T75,ROSCOE BL,ORION AV,160,W,N,A,-,Y,LA,7,405,-,-,43.64,R,4,N,Y,4,0,3,3,A,-,12,21453,A,N,D,C,A,A,H,-,C,A,0,NA,NA,NA,NA,Y,NA,A,01,0,0,3,0,0,0,0,0,0,-,-,NA,NA,LOS ANGELES,LOS ANGELES,-118.47310671,34.21944969
7174195,2015,2016-02-08,1942,2015-12-08,2030,38525,2175,2,5,7,1942,0,0,0,NA,0,21A29,COLLINS ST,TOPANGA CYN,1000,W,N,A,-,N,NA,NA,NA,NA,NA,NA,NA,NA,NA,N,4,0,1,2,A,-,21,22106,NA,N,G,B,D,A,H,-,C,D,0,Y,NA,NA,NA,Y,NA,A,01,0,0,1,0,1,0,0,0,0,-,-,NA,NA,LOS ANGELES,LOS ANGELES,-118.6072,34.17452
7174196,2015,2016-02-08,1942,2015-12-21,2000,35594,1797,1,5,7,1942,0,0,0,Q,0,17X22,PATHERNIA ST,WOODLEY AV,25,W,N,C,-,N,NA,NA,NA,NA,NA,NA,NA,NA,NA,Y,3,0,3,2,A,-,09,21801,A,N,D,C,A,B,H,-,C,A,0,NA,NA,NA,NA,Y,NA,A,01,0,1,2,0,0,0,0,0,0,-,-,NA,NA,LOS ANGELES,LOS ANGELES,-118.485237,34.228379
7174198,2016,2017-02-10,1942,2016-01-01,1615,36083,1474,5,5,7,1942,0,0,0,N,0,14T54,LINCOLN BL,83RD ST,0,NA,Y,A,-,Y,LA,7,1,-,-,29.371,I,5,S,Y,3,0,5,2,A,-,09,21801,A,N,D,C,A,A,H,-,A,D,0,NA,NA,NA,NA,Y,NA,A,01,0,3,2,0,0,0,0,0,0,-,-,NA,NA,LOS ANGELES,LOS ANGELES,-118.4218077,33.96267253