CASE_ID,ACCIDENT_YEAR,PROC_DATE,JURIS,COLLISION_DATE,COLLISION_TIME,OFFICER_ID,REPORTING_DISTRICT,DAY_OF_WEEK,CHP_SHIFT,POPULATION,CNTY_CITY_LOC,SPECIAL_COND,BEAT_TYPE,CHP_BEAT_TYPE,CITY_DIVISION_LAPD,CHP_BEAT_CLASS,BEAT_NUMBER,PRIMARY_RD,SECONDARY_RD,DISTANCE,DIRECTION,INTERSECTION,WEATHER_1,WEATHER_2,STATE_HWY_IND,CALTRANS_COUNTY,CALTRANS_DISTRICT,STATE_ROUTE,ROUTE_SUFFIX,POSTMILE_PREFIX,POSTMILE,LOCATION_TYPE,RAMP_INTERSECTION,SIDE_OF_HWY,TOW_AWAY,COLLISION_SEVERITY,NUMBER_KILLED,NUMBER_INJURED,PARTY_COUNT,PRIMARY_COLL_FACTOR,PCF_CODE_OF_VIOL,PCF_VIOL_CATEGORY,PCF_VIOLATION,PCF_VIOL_SUBSECTION,HIT_AND_RUN,TYPE_OF_COLLISION,MVIW,PED_ACTION,ROAD_SURFACE,ROAD_COND_1,ROAD_COND_2,LIGHTING,CONTROL_DEVICE,CHP_ROAD_TYPE,PEDESTRIAN_ACCIDENT,BICYCLE_ACCIDENT,MOTORCYCLE_ACCIDENT,TRUCK_ACCIDENT,NOT_PRIVATE_PROPERTY,ALCOHOL_INVOLVED,STWD_VEHTYPE_AT_FAULT,CHP_VEHTYPE_AT_FAULT,COUNT_SEVERE_INJ,COUNT_VISIBLE_INJ,COUNT_COMPLAINT_PAIN,COUNT_PED_KILLED,COUNT_PED_INJURED,COUNT_BICYCLIST_KILLED,COUNT_BICYCLIST_INJURED,COUNT_MC_KILLED,COUNT_MC_INJURED,PRIMARY_RAMP,SECONDARY_RAMP,LATITUDE,LONGITUDE,COUNTY,CITY,POINT_X,POINT_Y
7175269,2016,2016-02-04,1942,2016-01-14,1345,40193,1009,4,5,7,1942,0,0,0,J,0,17TL14,ROSCOE BL,HAYVENHURST AV,575,W,N,A,-,N,NA,NA,NA,NA,NA,NA,NA,NA,NA,Y,4,0,1,2,A,-,04,21703,NA,N,C,C,A,A,H,-,A,A,0,NA,NA,NA,NA,Y,NA,A,01,0,0,1,0,0,0,0,0,0,-,-,NA,NA,LOS ANGELES,LOS ANGELES,-118.49389831,34.22087085
7175270,2016,2016-02-04,1942,2016-01-02,1500,39701,1602,6,5,7,1942,0,0,0,P,0,9TL56,FOOTHILL BL,VAN NUYS BL,200,W,N,A,-,N,NA,NA,NA,NA,NA,NA,NA,NA,NA,Y,4,0,2,2,A,-,21,22106,NA,N,D,C,A,A,H,-,A,A,0,NA,NA,NA,NA,Y,NA,A,01,0,0,2,0,0,0,0,0,0,-,-,NA,NA,LOS ANGELES,LOS ANGELES,-118.40229682,34.28127565
7175272,2015,2016-02-04,1942,2015-01-07,1700,40165,1762,3,5,7,1942,0,0,0,Q,0,15TL42,LASSEN ST,MASON AV,0,NA,Y,A,-,N,NA,NA,NA,NA,NA,NA,NA,NA,NA,N,4,0,2,2,A,-,12,21453,A,N,D,C,A,A,H,-,B,A,0,NA,NA,NA,NA,Y,NA,A,01,0,0,2,0,0,0,0,0,0,-,-,NA,NA,LOS ANGELES,LOS ANGELES,-118.57980002,34.24998008
7175273,2016,2016-02-04,1942,2016-01-08,1640,40141,1039,5,5,7,1942,0,0,0,J,0,10TL36,WOODLEY AV,KITTRIDGE ST,0,NA,Y,A,-,N,NA,NA,NA,NA,NA,NA,NA,NA,NA,N,4,0,1,2,A,-,09,21802,A,N,D,C,A,A,H,-,A,A,0,NA,NA,NA,NA,Y,NA,A,01,0,0,1,0,0,0,0,0,0,-,-,NA,NA,LOS ANGELES,LOS ANGELES,-118.48365011,34.19028003
7175274,2016,2016-02-04,1942,2016-01-07,1205,38687,1633,4,5,7,1942,0,0,0,P,0,19TL77,GLENOAKS BL,OSBORN ST,550,N,N,A,-,N,NA,NA,NA,NA,NA,NA,NA,NA,NA,Y,4,0,1,3,A,-,21,22106,NA,F,D,E,A,A,H,-,A,D,0,NA,NA,NA,NA,Y,NA,-,99,0,0,1,0,0,0,0,0,0,-,-,NA,NA,LOS ANGELES,LOS ANGELES,-118.403153,34.265789
7175276,2016,2016-02-04,1942,2016-01-12,0740,30830,1707,2,5,7,1942,0,0,0,Q,0,16TL23,BALBOA BL,WESTBURY DR,0,NA,Y,A,-,N,NA,NA,NA,NA,NA,NA,NA,NA,NA,Y,3,0,3,2,A,-,09,21801,A,N,D,C,A,A,H,-,A,A,0,NA,NA,NA,NA,Y,NA,A,01,0,1,2,0,0,0,0,0,0,-,-,NA,NA,LOS ANGELES,LOS ANGELES,-118.50270006,34.29896008
7175277,2016,2016-02-04,1942,2016-01-08,1710,39473,1063,5,5,7,1942,0,0,0,J,0,16TL24,VENTURA BL,ETIWANDA AV,200,W,N,A,-,N,NA,NA,NA,NA,NA,NA,NA,NA,NA,Y,4,0,2,3,A,-,03,22350,NA,N,C,C,A,A,H,-,A,A,0,NA,NA,NA,NA,Y,NA,A,01,0,0,2,0,0,0,0,0,0,-,-,NA,NA,LOS ANGELES,LOS ANGELES,-118.5314083,34.16689165
7175278,2016,2016-02-04,1942,2016-01-23,1750,41240,1039,6,5,7,1942,0,0,0,J,0,10X12,VANOWEN ST,WOODLEY AV,0,NA,Y,B,-,N,NA,NA,NA,NA,NA,NA,NA,NA,NA,Y,3,0,1,2,A,-,01,23152,A,N,F,C,A,A,H,-,C,A,0,NA,NA,NA,NA,Y,Y,-,NA,0,1,0,0,0,0,0,0,0,-,-,NA,NA,LOS ANGELES,LOS ANGELES,-118.48366011,34.19391001
7175280,2016,2016-02-04,1942,2016-01-07,0835,41396,1777,4,5,7,1942,0,0,0,Q,0,21T67,PLUMMER ST,GOTHIC AV,0,NA,Y,B,-,N,NA,NA,NA,NA,NA,NA,NA,NA,NA,Y,4,0,3,2,A,-,09,21802,A,N,D,C,A,B,H,-,A,D,0,NA,NA,NA,NA,Y,NA,A,07,0,0,3,0,0,0,0,0,0,-,-,NA,NA,LOS ANGELES,LOS ANGELES,-118.49100007,34.24293001
7175282,2015,2016-02-04,1942,2015-12-04,1230,40119,1781,5,5,7,1942,0,0,0,Q,0,19TL78,NORDHOFF ST,OSO AV,0,NA,Y,A,-,N,NA,NA,NA,NA,NA,NA,NA,NA,NA,Y,3,0,1,2,A,-,12,21453,A,N,D,C,A,A,H,-,A,A,0,NA,NA,NA,NA,Y,NA,A,01,0,1,0,0,0,0,0,0,0,-,-,NA,NA,LOS ANGELES,LOS ANGELES,-118.57546013,34.23181002
7175283,2015,2016-02-04,1942,2015-12-24,1925,39559,1764,4,5,7,1942,0,0,0,Q,0,17A64,TAMPA AV,NORTHRIDGE AV,0,NA,Y,A,-,N,NA,NA,NA,NA,NA,NA,NA,NA,NA,N,4,0,1,1,A,-,08,22107,NA,N,H,A,A,A,H,-,C,A,0,NA,NA,Y,NA,Y,NA,C,02,0,0,1,0,0,0,0,0,1,-,-,NA,NA,LOS ANGELES,LOS ANGELES,NA,NA
7175284,2015,2016-02-09,1942,2015-12-17,0800,34244,1707,4,5,7,1942,0,0,0,Q,0,17A35,BRADFORD PL,TILFORD CT,2,S,N,A,-,N,NA,NA,NA,NA,NA,NA,NA,NA,NA,N,3,0,1,2,A,-,10,21950,A,N,A,B,B,A,H,-,A,D,0,Y,NA,NA,NA,Y,NA,A,01,0,1,0,0,1,0,0,0,0,-,-,NA,NA,LOS ANGELES,LOS ANGELES,-118.5122547,34.29437672
7175285,2015,2016-03-21,1942,2015-12-27,0200,36589,1469,7,5,7,1942,0,0,0,N,0,8TL35,LA CIENEGA,HILL,10,NA,N,A,-,N,NA,NA,NA,NA,NA,NA,NA,NA,NA,Y,4,0,1,3,A,-,03,22350,NA,M,B,E,A,A,H,-,C,D,0,NA,NA,NA,NA,Y,NA,A,01,0,0,1,0,0,0,0,0,0,-,-,NA,NA,LOS ANGELES,LOS ANGELES,-118.37018006,33.97303012
7175286,2015,2016-02-03,1942,2015-12-22,1335,38885,1774,2,5,7,1942,0,0,0,Q,0,10A3,ZELZAH AV,PLUMMER ST,20,N,N,C,-,N,NA,NA,NA,NA,NA,NA,NA,NA,NA,N,4,0,1,2,A,-,04,21703,NA,N,C,C,A,B,H,-,A,A,0,NA,NA,NA,NA,Y,NA,A,08,0,0,1,0,0,0,0,0,0,-,-,NA,NA,LOS ANGELES,LOS ANGELES,-118.52325,34.24321486
7175287,2015,2016-02-06,1942,2015-12-13,1610,40165,1754,7,5,7,1942,0,0,0,Q,0,15TL42,DEVONSHIRE ST,RESEDA BL,0,NA,Y,C,-,N,NA,NA,NA,NA,NA,NA,NA,NA,NA,Y,4,0,5,2,A,-,09,21801,A,N,D,C,A,B,H,-,A,A,0,NA,NA,NA,NA,Y,NA,A,01,0,0,5,0,0,0,0,0,0,-,-,NA,NA,LOS ANGELES,LOS ANGELES,-118.53609003,34.25726011
7175288,2015,2016-02-06,1942,2015-12-17,0750,33504,1715,4,5,7,1942,0,0,0,Q,0,9TL57,SHOSHONE AV,RINALDI ST,0,NA,Y,A,-,N,NA,NA,NA,NA,NA,NA,NA,NA,NA,N,3,0,1,2,A,-,00,21451,NA,N,G,B,B,A,H,-,A,A,0,Y,NA,NA,NA,Y,NA,N,60,0,1,0,0,1,0,0,0,0,-,-,NA,NA,LOS ANGELES,LOS ANGELES,-118.51655013,34.27939008
7175290,2015,2016-02-04,1942,2015-12-03,2340,38354,1767,4,5,7,1942,0,0,0,Q,0,9T53,PLUMMER ST,RESEDA BL,4,E,N,A,-,N,NA,NA,NA,NA,NA,NA,NA,NA,NA,Y,2,0,2,3,A,-,03,22350,NA,N,-,I,A,A,H,-,C,-,0,NA,NA,NA,NA,Y,NA,A,01,1,1,0,0,0,0,0,0,0,-,-,NA,NA,LOS ANGELES,LOS ANGELES,-118.53606679,34.24274024
7175291,2015,2016-02-06,1942,2015-12-14,2050,41622,1754,1,5,7,1942,0,0,0,Q,0,17A23,RESEDA,DEVONSHIRE,17,N,N,A,G,N,NA,NA,NA,NA,NA,NA,NA,NA,NA,Y,3,0,3,2,A,-,09,21802,A,N,B,C,A,A,H,-,C,D,0,NA,NA,NA,NA,Y,NA,A,01,0,2,1,0,0,0,0,0,0,-,-,NA,NA,LOS ANGELES,LOS ANGELES,-118.53609072,34.25730663
7175292,2015,2016-02-06,1942,2015-12-18,1700,40296,1785,5,5,7,1942,0,0,0,Q,0,17E1,NORDHOFF ST,WILBUR AV,0,NA,Y,A,-,N,NA,NA,NA,NA,NA,NA,NA,NA,NA,N,3,0,2,2,A,-,09,21801,A,N,D,C,A,A,H,-,A,A,0,NA,NA,NA,NA,Y,NA,A,01,0,2,0,0,0,0,0,0,0,-,-,NA,NA,LOS ANGELES,LOS ANGELES,-118.54483001,34.23544002
7175294,2015,2016-02-03,1942,2015-12-23,0945,33504,1727,3,5,7,1942,0,0,0,Q,0,9TL57,TAMPA AV,GERMAIN ST,43,S,N,A,-,N,NA,NA,NA,NA,NA,NA,NA,NA,NA,Y,3,0,3,2,A,-,03,22350,A,N,C,C,A,A,H,-,A,D,0,NA,NA,NA,NA,Y,NA,A,01,0,1,2,0,0,0,0,0,0,-,-,NA,NA,LOS ANGELES,LOS ANGELES,-118.55553381,34.26028319
7175295,2015,2016-02-06,1942,2015-12-30,1235,40193,1781,3,5,7,1942,0,0,0,Q,0,17TL14,PARTHENIA ST,MASON AV,0,NA,Y,A,-,N,NA,NA,NA,NA,NA,NA,NA,NA,NA,Y,4,0,1,3,A,-,12,21453,A,N,D,C,A,A,H,-,A,A,0,NA,NA,NA,NA,Y,NA,A,01,0,0,1,0,0,0,0,0,0,-,-,NA,NA,LOS ANGELES,LOS ANGELES,-118.57978014,34.22821005
7175296,2015,2016-02-06,1942,2015-12-22,1410,39096,1761,2,5,7,1942,0,0,0,Q,0,10TL34,TOPANGA CANYON BL,PLUMMER ST,0,NA,Y,C,-,N,NA,NA,NA,NA,NA,NA,NA,NA,NA,Y,4,0,2,2,A,-,07,21658,A,N,B,C,A,B,H,-,A,A,0,NA,NA,NA,NA,Y,NA,A,01,0,0,2,0,0,0,0,0,0,-,-,NA,NA,LOS ANGELES,LOS ANGELES,-118.60648005,34.24271006
7175298,2015,2016-02-03,1942,2015-12-22,0825,38326,1788,2,5,7,1942,0,0,0,Q,0,15TL43,PARTHENIA ST,BALBOA BL,50,W,N,A,-,N,NA,NA,NA,NA,NA,NA,NA,NA,NA,N,4,0,1,2,A,-,03,22350,NA,N,C,C,A,A,H,-,A,D,0,NA,NA,NA,NA,Y,NA,A,01,0,0,1,0,0,0,0,0,0,-,-,NA,NA,LOS ANGELES,LOS ANGELES,-118.50274508,34.22851306
7175299,2015,2016-02-06,1942,2015-12-24,1805,39581,1754,4,5,7,1942,0,0,0,Q,0,19X12,DEVONSHIRE ST,RESEDA BL,0,NA,Y,A,-,N,NA,NA,NA,NA,NA,NA,NA,NA,NA,N,3,0,1,2,A,-,09,21801,A,N,B,C,A,A,H,-,B,A,0,NA,NA,NA,NA,Y,NA,A,01,0,1,0,0,0,0,0,0,0,-,-,NA,NA,LOS ANGELES,LOS ANGELES,-118.53609003,34.25726011
7175300,2015,2016-02-09,1942,2015-12-16,1630,39473,1795,3,5,7,1942,0,0,0,Q,0,16TL24,ROSCOE BL,AMESTOY AV,10,W,N,A,-,N,NA,NA,NA,NA,NA,NA,NA,NA,NA,Y,4,0,2,2,A,-,03,22350,NA,N,C,C,A,A,H,-,A,A,0,NA,NA,NA,NA,Y,NA,A,01,0,0,2,0,0,0,0,0,0,-,-,NA,NA,LOS ANGELES,LOS ANGELES,-118.50555226,34.22141413
7175302,2015,2016-02-03,1942,2015-12-02,1340,37377,1757,3,5,7,1942,0,0,0,Q,0,17A67,BALBOA BL,DEVONSHIRE ST,360,S,N,A,-,N,NA,NA,NA,NA,NA,NA,NA,NA,NA,N,2,0,1,2,A,-,11,21954,A,N,G,B,D,A,H,-,A,D,0,Y,NA,NA,NA,Y,NA,N,60,1,0,0,0,1,0,0,0,0,-,-,NA,NA,LOS ANGELES,LOS ANGELES,-118.50234,34.25655256
7175303,2015,2016-02-06,1942,2015-12-23,0905,31281,1728,3,5,7,1942,0,0,0,Q,0,17A49,CELTIC ST,RESEDA BL,0,NA,-,A,-,N,NA,NA,NA,NA,NA,NA,NA,NA,NA,N,4,0,1,1,B,-,22,NA,NA,N,E,I,A,A,H,-,A,D,0,NA,NA,NA,NA,Y,NA,-,NA,0,0,1,0,0,0,0,0,0,-,-,NA,NA,LOS ANGELES,LOS ANGELES,-118.53611002,34.26873006
7175304,2015,2016-02-06,1942,2015-12-19,1200,40119,1764,6,5,7,1942,0,0,0,Q,0,19TL78,TAMPA AV,SUPERIOR ST,0,NA,Y,A,-,N,NA,NA,NA,NA,NA,NA,NA,NA,NA,N,3,0,5,3,A,-,03,22350,NA,N,C,C,A,A,H,-,A,A,0,NA,NA,NA,NA,Y,NA,A,07,0,2,3,0,0,0,0,0,0,-,-,NA,NA,LOS ANGELES,LOS ANGELES,-118.55359009,34.24636004
7175305,2015,2016-02-03,1942,2015-12-19,1530,41448,NA,6,5,7,1942,0,0,0,NA,0,18A1,CENTRAL AV,118TH ST,20,S,N,B,-,N,NA,NA,NA,NA,NA,NA,NA,NA,NA,N,4,0,1,3,A,-,03,22350,NA,M,C,C,A,A,H,-,A,A,0,NA,NA,NA,NA,Y,NA,A,01,0,0,1,0,0,0,0,0,0,-,-,NA,NA,LOS ANGELES,LOS ANGELES,-118.25432,33.92631515
7175306,2015,2016-02-03,1942,2015-12-21,1345,33827,1754,1,5,7,1942,0,0,0,Q,0,35M75,DEVONSHIRE ST,ETIWANDA AV,75,W,N,B,-,N,NA,NA,NA,NA,NA,NA,NA,NA,NA,Y,3,0,1,2,A,-,03,22350,NA,N,C,C,A,A,H,-,A,A,0,NA,NA,NA,NA,Y,NA,A,01,0,1,0,0,0,0,0,0,0,-,-,NA,NA,LOS ANGELES,LOS ANGELES,-118.53196778,34.25728
7175307,2015,2016-02-04,1942,2015-12-14,1745,40811,1793,1,5,7,1942,0,0,0,Q,0,21TL64,ROSCOE BL,TAMAPA AV,0,NA,Y,A,-,N,NA,NA,NA,NA,NA,NA,NA,NA,NA,Y,4,0,2,2,A,-,12,21453,A,N,D,C,A,A,H,-,C,A,0,NA,NA,NA,NA,Y,NA,A,01,0,0,2,0,0,0,0,0,0,-,-,NA,NA,LOS ANGELES,LOS ANGELES,-118.55351004,34.22048007
7175308,2015,2016-02-09,1942,2015-12-18,0745,38273,1756,5,5,7,1942,0,0,0,Q,0,21TL67,LOUISA AV,MAYALL ST,0,NA,Y,A,-,N,NA,NA,NA,NA,NA,NA,NA,NA,NA,Y,4,0,1,3,A,-,09,21802,A,N,-,C,A,A,H,-,A,A,0,NA,NA,NA,NA,Y,NA,A,01,0,0,1,0,0,0,0,0,0,-,-,NA,NA,LOS ANGELES,LOS ANGELES,-118.51113,34.25395
7175309,2015,2016-02-03,1942,2015-12-25,2125,38662,1835,5,5,7,1942,0,0,0,R,0,18A97,CENTRAL AV,107TH ST,0,NA,Y,A,-,N,NA,NA,NA,NA,NA,NA,NA,NA,NA,Y,3,0,5,2,A,-,09,21802,A,N,D,C,A,A,H,-,C,A,0,NA,NA,NA,NA,Y,NA,A,01,0,1,4,0,0,0,0,0,0,-,-,NA,NA,LOS ANGELES,LOS ANGELES,-118.25418009,33.93924002
7175310,2015,2016-02-03,1942,2015-12-06,0040,39271,2161,7,5,7,1942,0,0,0,NA,0,21A2-W,BURBANK BL,VALLEY CIR,0,NA,Y,A,-,N,NA,NA,NA,NA,NA,NA,NA,NA,NA,N,4,0,4,2,A,-,12,21453,A,N,D,D,A,A,H,-,C,A,0,NA,NA,NA,NA,Y,NA,A,01,0,0,4,0,0,0,0,0,0,-,-,NA,NA,LOS ANGELES,LOS ANGELES,-118.64542006,34.17156005
7175311,2015,2016-02-06,1942,2015-12-27,1300,39473,1755,7,5,7,1942,0,0,0,Q,0,16TL24,ZELZAH AV,LASSEN ST,0,NA,Y,A,-,N,NA,NA,NA,NA,NA,NA,NA,NA,NA,N,3,0,1,2,A,-,12,21453,A,N,D,G,A,A,H,-,A,A,0,NA,Y,NA,NA,Y,NA,L,04,0,1,0,0,0,0,1,0,0,-,-,NA,NA,LOS ANGELES,LOS ANGELES,-118.52332001,34.25039
7175312,2015,2016-02-09,1942,2015-12-29,0920,38980,1781,2,5,7,1942,0,0,0,Q,0,10TL37,DE SOTO AV,NORDHOFF ST,310,S,N,A,G,N,NA,NA,NA,NA,NA,NA,NA,NA,NA,Y,3,0,3,2,A,-,07,21658,A,N,D,C,A,A,H,-,A,D,0,NA,NA,NA,NA,Y,Y,A,07,0,2,1,0,0,0,0,0,0,-,-,NA,NA,LOS ANGELES,LOS ANGELES,-118.58855,34.23462959
7175313,2015,2016-02-03,1942,2015-12-20,1900,38167,0563,7,5,7,1942,0,0,0,E,0,5A84,PACIFIC AV,18TH ST,10,N,N,A,-,N,NA,NA,NA,NA,NA,NA,NA,NA,NA,Y,3,0,1,2,A,-,06,21750,NA,N,B,C,A,A,H,-,C,D,0,NA,NA,Y,NA,Y,NA,C,02,0,1,0,0,0,0,0,0,1,-,-,NA,NA,LOS ANGELES,LOS ANGELES,-118.47139018,33.98666168
7175314,2015,2016-02-04,1942,2015-12-31,1810,37611,0191,4,5,7,1942,0,0,0,A,0,13TL22,FIGUEROA ST,VENICE BL,0,NA,Y,A,-,N,NA,NA,NA,NA,NA,NA,NA,NA,NA,Y,2,0,1,3,A,-,09,21801,A,N,A,C,A,A,H,-,C,A,0,NA,NA,Y,NA,Y,NA,A,01,1,0,0,0,0,0,0,0,0,-,-,NA,NA,LOS ANGELES,LOS ANGELES,-118.27005001,34.0375101
7175315,2015,2016-02-06,1942,2015-12-26,1240,40165,1782,6,5,7,1942,0,0,0,Q,0,15TL42,NORDHOFF PL,CORBIN AV,0,NA,Y,A,-,N,NA,NA,NA,NA,NA,NA,NA,NA,NA,Y,3,0,2,2,A,-,09,21801,A,N,D,C,A,A,H,-,A,A,0,NA,NA,NA,NA,Y,NA,A,07,0,1,1,0,0,0,0,0,0,-,-,NA,NA,LOS ANGELES,LOS ANGELES,-118.56230004,34.23548004
7175316,2015,2016-02-09,1942,2015-12-16,2500,42093,173,3,5,7,1942,0,0,0,Q,0,17A35,WHITE OAK,LOS ALIMOS ST,0,NA,Y,A,-,N,NA,NA,NA,NA,NA,NA,NA,NA,NA,Y,4,0,1,2,A,-,09,21801,A,N,D,C,A,A,H,-,A,D,0,NA,NA,NA,NA,Y,NA,A,01,0,0,1,0,0,0,0,0,0,-,-,NA,NA,LOS ANGELES,LOS ANGELES,-118.51975013,34.26609004
7175317,2015,2016-02-02,1942,2015-12-20,2020,40003,0363,7,5,7,1942,0,0,0,C,0,3T500W,COLISEUM ST,STEVELY DR,230,E,N,A,-,N,NA,NA,NA,NA,NA,NA,NA,NA,NA,N,4,0,1,2,A,-,03,22350,NA,F,B,C,A,A,H,-,-,D,0,NA,NA,NA,NA,Y,NA,-,99,0,0,1,0,0,0,0,0,0,-,-,NA,NA,LOS ANGELES,LOS ANGELES,-118.35289245,34.01828505
7175318,2015,2016-02-03,1942,2015-12-22,1800,33801,1792,2,5,7,1942,0,0,0,Q,0,17X22,PARTHENIA ST,OAKDALE AV,40,E,N,-,-,N,NA,NA,NA,NA,NA,NA,NA,NA,NA,Y,4,0,1,2,A,-,04,21703,NA,N,C,C,A,-,-,-,-,D,0,NA,NA,NA,NA,Y,NA,A,01,0,0,1,0,0,0,0,0,0,-,-,NA,NA,LOS ANGELES,LOS ANGELES,-118.5665679,34.22822061
7175319,2015,2016-02-04,1942,2015-12-13,0915,38326,1777,7,5,7,1942,0,0,0,Q,0,15TL43,NORDHOFF ST,HAYVENHURST,10,E,N,A,-,N,NA,NA,NA,NA,NA,NA,NA,NA,NA,N,3,0,1,2,A,-,10,21950,A,N,G,A,B,A,H,-,A,A,0,Y,NA,NA,NA,Y,NA,A,01,0,1,0,0,1,0,0,0,0,-,-,NA,NA,LOS ANGELES,LOS ANGELES,-118.49376697,34.23569
7175320,2015,2016-02-09,1942,2015-12-17,1745,38471,1796,4,5,7,1942,0,0,0,Q,0,16TL24,BALBOA BL,RAYEN ST,15,S,N,A,-,N,NA,NA,NA,NA,NA,NA,NA,NA,NA,N,4,0,1,4,A,-,04,21703,NA,N,C,C,A,A,H,-,C,A,0,NA,NA,NA,NA,Y,Y,A,01,0,0,1,0,0,0,0,0,0,-,-,NA,NA,LOS ANGELES,LOS ANGELES,-118.50254,34.23207885
7175321,2015,2016-02-03,1942,2015-12-18,1900,33599,0321,5,5,7,1942,0,0,0,C,0,3T5,JEFFERSON BL,RODERICK RD,250,N,N,A,-,N,NA,NA,NA,NA,NA,NA,NA,NA,NA,Y,4,0,1,2,A,-,07,21658,A,N,D,C,A,A,H,-,C,A,0,NA,NA,NA,NA,Y,NA,A,01,0,0,1,0,0,0,0,0,0,-,-,NA,NA,LOS ANGELES,LOS ANGELES,NA,NA
7175322,2015,2016-02-03,1942,2015-12-22,1810,34332,1918,2,5,7,1942,0,0,0,NA,0,16T25,FOOTHILL BL,GRIDLEY AV,0,NA,Y,C,-,N,NA,NA,NA,NA,NA,NA,NA,NA,NA,N,3,0,2,2,A,-,12,21453,A,N,D,C,A,B,H,-,C,A,0,NA,NA,NA,NA,Y,NA,A,07,0,1,1,0,0,0,0,0,0,-,-,NA,NA,LOS ANGELES,LOS ANGELES,-118.42632006,34.30395011
7175323,2015,2016-02-10,1942,2015-12-26,1455,40165,1794,6,5,7,1942,0,0,0,Q,0,15TL42,CHASE AV,RESEDA BL,0,NA,Y,A,-,N,NA,NA,NA,NA,NA,NA,NA,NA,NA,N,4,0,1,2,A,-,10,21950,A,N,G,B,B,A,H,-,A,A,0,Y,NA,NA,NA,Y,NA,A,01,0,0,1,0,1,0,0,0,0,-,-,NA,NA,LOS ANGELES,LOS ANGELES,-118.5360901,34.22460008
7175324,2015,2016-02-09,1942,2015-12-29,1135,40290,1764,2,5,7,1942,0,0,0,Q,0,15TL47,NORRHOFF ST,CORBIN AV,180,E,N,A,-,N,NA,NA,NA,NA,NA,NA,NA,NA,NA,Y,4,0,1,2,A,-,09,21801,A,N,D,C,A,A,H,-,A,D,0,NA,NA,NA,NA,Y,NA,A,01,0,0,1,0,0,0,0,0,0,-,-,NA,NA,LOS ANGELES,LOS ANGELES,-118.56170559,34.23548974
7175325,2015,2016-02-02,1942,2015-12-17,2500,41056,0355,4,5,7,1942,0,0,0,C,0,STL21,JEFFERSON BL,SAINT ANDREWS PL,0,NA,Y,A,-,N,NA,NA,NA,NA,NA,NA,NA,NA,NA,N,4,0,1,1,C,-,18,NA,NA,N,H,B,A,D,H,-,C,D,0,NA,NA,Y,NA,Y,NA,-,-,0,0,1,0,0,0,0,0,1,-,-,NA,NA,LOS ANGELES,LOS ANGELES,-118.31203005,34.02554001
7175326,2015,2016-02-03,1947,2015-12-30,0739,1389,NA,3,5,5,1947,0,0,0,NA,0,00D,WASHINGTON BL,BLUFF RD,0,NA,Y,A,-,N,NA,NA,NA,NA,NA,NA,NA,NA,NA,Y,3,0,1,2,A,-,12,21453,A,N,D,C,A,A,H,-,A,A,0,NA,NA,NA,NA,Y,NA,A,01,0,1,0,0,0,0,0,0,0,-,-,NA,NA,LOS ANGELES,MONTEBELLO,-118.1116,33.9918901
7175327,2015,2016-02-04,1942,2015-12-25,2035,41239,1727,5,5,7,1942,0,0,0,Q,0,16T23,TAMPA AV,CHATSWORTH ST,60,N,N,A,G,N,NA,NA,NA,NA,NA,NA,NA,NA,NA,N,4,0,2,2,A,-,03,22350,NA,N,C,C,A,A,H,-,C,A,0,NA,NA,NA,NA,Y,NA,A,01,0,0,2,0,0,0,0,0,0,-,-,NA,NA,LOS ANGELES,LOS ANGELES,-118.55528,34.26642459
7175328,2015,2016-02-09,1942,2015-12-29,1215,36755,1768,2,5,7,1942,0,0,0,Q,0,10TL38,BALBOA BL,LESSERMAN ST,50,S,N,A,-,N,NA,NA,NA,NA,NA,NA,NA,NA,NA,N,2,0,2,4,A,-,03,22350,A,N,C,C,A,A,H,-,A,D,0,NA,NA,NA,NA,Y,NA,A,01,1,0,1,0,0,0,0,0,0,-,-,NA,NA,LOS ANGELES,LOS ANGELES,NA,NA
7175329,2015,2016-02-03,1942,2015-12-20,1225,38594,1834,7,5,7,1942,0,0,0,R,0,18A1,CENTRAL AV,108TH ST,0,NA,Y,B,-,N,NA,NA,NA,NA,NA,NA,NA,NA,NA,Y,3,0,1,2,A,-,03,22350,NA,N,A,B,F,A,H,-,A,A,0,Y,NA,NA,NA,Y,Y,A,01,0,1,0,0,1,0,0,0,0,-,-,NA,NA,LOS ANGELES,LOS ANGELES,-118.25419011,33.93826011
7175331,2015,2016-02-06,1942,2015-12-23,0745,34420,1701,3,5,7,1942,0,0,0,Q,0,35M,PORTOR RANCH DR,RUNDELL ST,1000,N,N,A,-,N,NA,NA,NA,NA,NA,NA,NA,NA,NA,N,4,0,1,2,D,-,00,NA,NA,N,G,B,D,A,H,-,A,D,0,Y,NA,NA,NA,Y,NA,-,-,0,0,1,0,1,0,0,0,0,-,-,NA,NA,LOS ANGELES,LOS ANGELES,NA,NA
7175332,2015,2016-02-09,1942,2015-12-31,1050,41396,LAPD,4,5,7,1942,0,0,0,NA,0,9T55,ROSCOE BL,BALBOA BL,0,NA,Y,A,-,N,NA,NA,NA,NA,NA,NA,NA,NA,NA,N,4,0,3,3,A,-,04,21703,NA,N,C,C,A,A,H,-,A,A,0,NA,NA,NA,NA,Y,Y,A,01,0,0,3,0,0,0,0,0,0,-,-,NA,NA,LOS ANGELES,LOS ANGELES,-118.50264001,34.22120007
7175333,2015,2016-02-03,1942,2015-12-25,0330,40832,1822,5,5,7,1942,0,0,0,R,0,5A15,BROADWAY,103RD ST,30,N,N,A,-,N,NA,NA,NA,NA,NA,NA,NA,NA,NA,Y,3,0,1,4,A,-,03,22350,NA,N,C,E,A,A,H,-,C,D,0,NA,NA,NA,NA,Y,NA,A,07,0,1,0,0,0,0,0,0,0,-,-,NA,NA,LOS ANGELES,LOS ANGELES,-118.278146,33.942904