CASE_ID,ACCIDENT_YEAR,PROC_DATE,JURIS,COLLISION_DATE,COLLISION_TIME,OFFICER_ID,REPORTING_DISTRICT,DAY_OF_WEEK,CHP_SHIFT,POPULATION,CNTY_CITY_LOC,SPECIAL_COND,BEAT_TYPE,CHP_BEAT_TYPE,CITY_DIVISION_LAPD,CHP_BEAT_CLASS,BEAT_NUMBER,PRIMARY_RD,SECONDARY_RD,DISTANCE,DIRECTION,INTERSECTION,WEATHER_1,WEATHER_2,STATE_HWY_IND,CALTRANS_COUNTY,CALTRANS_DISTRICT,STATE_ROUTE,ROUTE_SUFFIX,POSTMILE_PREFIX,POSTMILE,LOCATION_TYPE,RAMP_INTERSECTION,SIDE_OF_HWY,TOW_AWAY,COLLISION_SEVERITY,NUMBER_KILLED,NUMBER_INJURED,PARTY_COUNT,PRIMARY_COLL_FACTOR,PCF_CODE_OF_VIOL,PCF_VIOL_CATEGORY,PCF_VIOLATION,PCF_VIOL_SUBSECTION,HIT_AND_RUN,TYPE_OF_COLLISION,MVIW,PED_ACTION,ROAD_SURFACE,ROAD_COND_1,ROAD_COND_2,LIGHTING,CONTROL_DEVICE,CHP_ROAD_TYPE,PEDESTRIAN_ACCIDENT,BICYCLE_ACCIDENT,MOTORCYCLE_ACCIDENT,TRUCK_ACCIDENT,NOT_PRIVATE_PROPERTY,ALCOHOL_INVOLVED,STWD_VEHTYPE_AT_FAULT,CHP_VEHTYPE_AT_FAULT,COUNT_SEVERE_INJ,COUNT_VISIBLE_INJ,COUNT_COMPLAINT_PAIN,COUNT_PED_KILLED,COUNT_PED_INJURED,COUNT_BICYCLIST_KILLED,COUNT_BICYCLIST_INJURED,COUNT_MC_KILLED,COUNT_MC_INJURED,PRIMARY_RAMP,SECONDARY_RAMP,LATITUDE,LONGITUDE,COUNTY,CITY,POINT_X,POINT_Y
7177928,2016,2016-02-10,1942,2016-01-21,1730,38638,0647,4,5,7,1942,0,0,0,F,0,6A44,HOLLYWOOD BL,BRONSON AV,350,W,N,A,-,N,NA,NA,NA,NA,NA,NA,NA,NA,NA,N,3,0,1,2,A,-,04,21703,NA,N,C,C,A,A,H,-,C,D,0,NA,NA,NA,NA,Y,NA,A,01,0,1,0,0,0,0,0,0,0,-,-,NA,NA,LOS ANGELES,LOS ANGELES,-118.31914391,34.10166769
7177929,2016,2016-02-09,1942,2016-01-23,1800,39762,1823,6,5,7,1942,0,0,0,R,0,18T37,AVALON BL,104TH ST,8,S,N,A,-,N,NA,NA,NA,NA,NA,NA,NA,NA,NA,N,4,0,1,2,A,-,10,21950,A,F,G,B,B,A,H,-,C,A,0,Y,NA,NA,NA,Y,NA,-,99,0,0,1,0,1,0,0,0,0,-,-,NA,NA,LOS ANGELES,LOS ANGELES,-118.26518,33.94192806
7177931,2016,2016-02-10,1942,2016-01-23,0005,40003,1218,6,5,7,1942,0,0,0,L,0,12T41,SLAUSON AV,HOOVER ST,75,E,N,A,-,N,NA,NA,NA,NA,NA,NA,NA,NA,NA,N,3,0,2,2,A,-,01,23152,A,N,C,C,A,A,H,-,C,D,0,NA,NA,NA,NA,Y,Y,A,01,0,1,1,0,0,0,0,0,0,-,-,NA,NA,LOS ANGELES,LOS ANGELES,-118.28689311,33.98914392
7177932,2016,2016-02-10,1942,2016-01-22,0800,41948,G645,5,5,7,1942,0,0,0,NA,0,06A,FOUNTAIN AV,FORMOSA AV,0,NA,Y,A,-,N,NA,NA,NA,NA,NA,NA,NA,NA,NA,Y,4,0,2,2,A,-,09,21802,A,N,D,C,A,A,H,-,A,D,0,NA,NA,NA,NA,Y,NA,A,01,0,0,2,0,0,0,0,0,0,-,-,NA,NA,LOS ANGELES,LOS ANGELES,-118.34626013,34.0943501
7177933,2016,2016-02-09,1942,2016-01-28,1605,38503,1871,4,5,7,1942,0,0,0,R,0,3T57,ROSECRANS AV,VERMONT AV,0,NA,Y,A,-,N,NA,NA,NA,NA,NA,NA,NA,NA,NA,N,4,0,1,2,A,-,03,22350,NA,N,C,C,A,A,H,-,A,A,0,NA,NA,NA,NA,Y,NA,A,01,0,0,1,0,0,0,0,0,0,-,-,NA,NA,LOS ANGELES,LOS ANGELES,-118.29159004,33.90189004
7177935,2016,2016-02-10,1942,2016-01-01,1705,40440,1837,5,5,7,1942,0,0,0,R,0,12TL73,COMPTON AV,109TH ST,150,S,N,A,-,N,NA,NA,NA,NA,NA,NA,NA,NA,NA,N,4,0,1,2,A,-,09,21804,NA,F,B,C,A,A,H,-,C,D,0,NA,NA,NA,NA,Y,NA,-,99,0,0,1,0,0,0,0,0,0,-,-,NA,NA,LOS ANGELES,LOS ANGELES,-118.24629186,33.93642875
7177936,2016,2016-02-10,1942,2016-01-22,1125,34959,0645,5,5,7,1942,0,0,0,F,0,6TL11,FRANKLIN AV,OUTPOST DR,28,E,N,A,-,N,NA,NA,NA,NA,NA,NA,NA,NA,NA,N,4,0,1,2,A,-,03,22350,NA,N,C,C,A,A,H,-,A,D,0,NA,NA,NA,NA,Y,NA,A,01,0,0,1,0,0,0,0,0,0,-,-,NA,NA,LOS ANGELES,LOS ANGELES,-118.34379768,34.10414
7177937,2016,2016-02-09,1942,2016-01-22,1300,36828,1802,5,5,7,1942,0,0,0,R,0,18A35,BROADWAY,93RD ST,0,NA,Y,A,-,N,NA,NA,NA,NA,NA,NA,NA,NA,NA,Y,4,0,2,2,A,-,09,21801,A,N,D,C,A,A,H,-,A,A,0,NA,NA,NA,NA,Y,NA,A,01,0,0,2,0,0,0,0,0,0,-,-,NA,NA,LOS ANGELES,LOS ANGELES,-118.2784,33.95189
7177939,2016,2017-02-11,1942,2016-01-06,1150,40533,NA,3,5,7,1942,0,0,0,NA,0,18A63,CENTRAL,RT 105,30,S,N,B,C,Y,LA,7,105,-,R,8.697,R,4,E,Y,4,0,1,2,A,-,03,22350,NA,N,D,C,A,B,-,-,A,A,0,NA,NA,NA,NA,Y,NA,A,01,0,0,1,0,0,0,0,0,0,-,-,NA,NA,LOS ANGELES,LOS ANGELES,-118.25782218,33.92746261
7177940,2016,2016-02-10,1942,2016-01-22,1700,37966,0663,5,5,7,1942,0,0,0,F,0,6TL4,SEWARD ST,SANTA MONICA BL,0,NA,Y,A,-,N,NA,NA,NA,NA,NA,NA,NA,NA,NA,N,4,0,1,2,A,-,09,21802,A,N,D,C,A,A,H,-,A,A,0,NA,NA,NA,NA,Y,NA,A,01,0,0,1,0,0,0,0,0,0,-,-,NA,NA,LOS ANGELES,LOS ANGELES,-118.33318012,34.09072009
7177941,2016,2016-02-09,1942,2016-01-23,1720,42111,LOSAN,6,5,7,1942,0,0,0,NA,0,18A49,GARDENA,ESTRELLA,0,NA,Y,A,-,N,NA,NA,NA,NA,NA,NA,NA,NA,NA,Y,4,0,2,2,A,-,09,21801,A,N,D,C,A,A,H,-,C,D,0,NA,NA,NA,NA,Y,Y,A,01,0,0,2,0,0,0,0,0,0,-,-,NA,NA,LOS ANGELES,LOS ANGELES,-118.28560001,33.8817501
7177943,2016,2016-02-10,1942,2016-01-22,1955,41089,0758,5,5,7,1942,0,0,0,G,0,8T35,QUEEN ANNE PL,12TH ST,134,S,N,B,-,N,NA,NA,NA,NA,NA,NA,NA,NA,NA,Y,2,0,1,3,A,-,01,23152,A,N,B,E,A,A,H,-,C,D,0,NA,NA,NA,NA,Y,Y,A,01,1,0,0,0,0,0,0,0,0,-,-,NA,NA,LOS ANGELES,LOS ANGELES,-118.3315265,34.05124049
7177944,2016,2016-02-10,1942,2016-01-21,1625,37966,0632,4,5,7,1942,0,0,0,F,0,6TL2,LAUREL CANYON BL,PERCIVAL PL,132,N,N,B,-,N,NA,NA,NA,NA,NA,NA,NA,NA,NA,Y,4,0,1,1,C,-,18,NA,NA,N,E,I,A,A,H,-,A,D,0,NA,NA,NA,NA,Y,NA,-,-,0,0,1,0,0,0,0,0,0,-,-,NA,NA,LOS ANGELES,LOS ANGELES,-118.37168,34.11003
7177945,2016,2016-02-09,1942,2016-01-24,0405,40574,1822,7,5,7,1942,0,0,0,R,0,18A1,BROADWAY,D93RD ST,125,S,N,A,-,N,NA,NA,NA,NA,NA,NA,NA,NA,NA,Y,4,0,1,3,A,-,03,22350,NA,N,C,E,A,A,H,-,C,D,0,NA,NA,NA,NA,Y,NA,A,01,0,0,1,0,0,0,0,0,0,-,-,NA,NA,LOS ANGELES,LOS ANGELES,-118.278401,33.951539
7177947,2016,2016-02-10,1942,2016-01-21,1440,42063,1444,4,5,7,1942,0,0,0,N,0,8A12,WASHINGTON BL,CARTER,15,E,N,A,-,N,NA,NA,NA,NA,NA,NA,NA,NA,NA,N,4,0,1,2,A,-,03,22350,NA,F,C,C,A,A,H,-,A,A,0,NA,NA,NA,NA,Y,NA,-,99,0,0,1,0,0,0,0,0,0,-,-,NA,NA,LOS ANGELES,LOS ANGELES,-118.44828812,33.99024181
7177948,2016,2016-08-16,1942,2016-01-19,2200,42017,0644,2,5,7,1942,0,0,0,F,0,6A67,GARDNER ST,SUNSET BL,0,NA,Y,A,-,N,NA,NA,NA,NA,NA,NA,NA,NA,NA,N,4,0,1,2,A,-,10,21950,A,N,G,B,B,A,H,-,C,A,0,Y,NA,NA,NA,Y,NA,A,01,0,0,1,0,1,0,0,0,0,-,-,NA,NA,LOS ANGELES,LOS ANGELES,-118.35287003,34.09802012
7177949,2016,2016-02-09,1942,2016-01-23,1140,41068,1824,6,5,7,1942,0,0,0,R,0,18X36,CENTRAL AV,E 93RD ST,0,NA,Y,A,-,N,NA,NA,NA,NA,NA,NA,NA,NA,NA,N,4,0,1,2,A,-,09,21801,A,N,A,C,A,A,H,-,A,-,0,NA,NA,NA,NA,Y,NA,-,-,0,0,1,0,0,0,0,0,0,-,-,NA,NA,LOS ANGELES,LOS ANGELES,-118.25544005,33.9518201
7177951,2016,2016-02-10,1942,2016-01-21,2030,89388,LOSAN,4,5,7,1942,0,0,0,NA,0,14A45,VENICE,INGLEWOOD BL,30,W,N,A,-,N,NA,NA,NA,NA,NA,NA,NA,NA,NA,N,4,0,2,2,A,-,04,21703,NA,F,C,C,A,A,H,-,C,A,0,NA,NA,NA,NA,Y,NA,-,99,0,0,2,0,0,0,0,0,0,-,-,NA,NA,LOS ANGELES,LOS ANGELES,-118.42907195,34.00621403
7177952,2016,2016-02-10,1942,2016-01-18,1200,30702,0645,1,5,7,1942,0,0,0,F,0,6A31,HIGHLAND AV,DE LONGPRE AV,25,N,N,A,-,N,NA,NA,NA,NA,NA,NA,NA,NA,NA,N,3,0,1,4,A,-,03,22350,NA,N,B,C,A,A,H,-,A,A,0,NA,NA,NA,NA,Y,NA,A,01,0,1,0,0,0,0,0,0,0,-,-,NA,NA,LOS ANGELES,LOS ANGELES,-118.33863,34.09621857
7177953,2016,2016-02-09,1942,2016-01-26,1120,41596,1871,2,5,7,1942,0,0,0,R,0,18A1,ROSECRANS AV,FIGUEROA ST,0,NA,Y,A,-,N,NA,NA,NA,NA,NA,NA,NA,NA,NA,N,4,0,1,2,A,-,03,22350,NA,F,C,C,A,A,H,-,A,A,0,NA,NA,NA,NA,Y,NA,-,99,0,0,1,0,0,0,0,0,0,-,-,NA,NA,LOS ANGELES,LOS ANGELES,-118.28278006,33.90189004
7177955,2016,2016-02-10,1942,2016-01-22,2245,40024,1452,5,5,7,1942,0,0,0,N,0,14T47,PACIFIC AV,DRIFTWOOD ST,60,S,N,B,-,N,NA,NA,NA,NA,NA,NA,NA,NA,NA,N,3,0,1,2,A,-,03,22350,NA,M,B,E,A,A,H,-,C,D,0,NA,Y,NA,NA,Y,Y,L,04,0,1,0,0,0,0,1,0,0,-,-,NA,NA,LOS ANGELES,LOS ANGELES,-118.46387257,33.97745188
7177956,2016,2016-02-10,1942,2016-01-15,1620,41586,LOSAN,5,5,7,1942,0,0,0,NA,0,0GA,LAUREL CANYON RD,MT OLYMPUS,0,NA,Y,A,-,N,NA,NA,NA,NA,NA,NA,NA,NA,NA,Y,3,0,1,2,A,-,09,21801,A,N,D,C,A,A,H,-,A,A,0,NA,NA,NA,NA,Y,NA,A,01,0,1,0,0,0,0,0,0,0,-,-,NA,NA,LOS ANGELES,LOS ANGELES,-118.36604013,34.10368002
7177957,2016,2016-02-09,1942,2016-01-26,1935,40734,1841,2,5,7,1942,0,0,0,R,0,18A97,S FIGUEROA,106TH ST,3,N,N,A,-,N,NA,NA,NA,NA,NA,NA,NA,NA,NA,N,3,0,1,2,A,-,03,22350,NA,N,E,C,A,A,H,-,C,D,0,NA,NA,NA,NA,Y,NA,A,01,0,1,0,0,0,0,0,0,0,-,-,NA,NA,LOS ANGELES,LOS ANGELES,-118.2826,33.94009823
7177959,2016,2016-08-15,1942,2016-01-25,0840,26740,2002,1,5,7,1942,0,0,0,NA,0,8MQ73,MELROSE,GRAMERCY PL,0,NA,Y,A,-,N,NA,NA,NA,NA,NA,NA,NA,NA,NA,Y,4,0,1,2,A,-,09,21802,A,F,D,C,A,A,H,-,A,-,0,NA,NA,NA,NA,Y,NA,-,99,0,0,1,0,0,0,0,0,0,-,-,NA,NA,LOS ANGELES,LOS ANGELES,-118.31252011,34.08352002
7177960,2016,2016-02-10,1942,2016-01-18,2125,36599,0615,1,5,7,1942,0,0,0,F,0,9T55,BARHAM BL,LAKE HOLLYWOOD DR,0,NA,Y,A,-,N,NA,NA,NA,NA,NA,NA,NA,NA,NA,Y,3,0,4,2,A,-,09,21453,C,N,D,C,A,A,H,-,C,A,0,NA,NA,NA,NA,Y,NA,A,01,0,1,3,0,0,0,0,0,0,-,-,NA,NA,LOS ANGELES,LOS ANGELES,-118.34432011,34.13233002
7177961,2016,2016-02-09,1942,2016-01-28,0830,25904,1805,4,5,7,1942,0,0,0,R,0,25MQ16,AVALON BL,92ND ST,0,NA,Y,A,-,N,NA,NA,NA,NA,NA,NA,NA,NA,NA,Y,4,0,1,2,A,-,09,21801,A,N,D,C,A,A,H,-,A,D,0,NA,NA,NA,NA,Y,NA,A,01,0,0,1,0,0,0,0,0,0,-,-,NA,NA,LOS ANGELES,LOS ANGELES,-118.26516002,33.95289009
7177963,2016,2016-02-10,1942,2016-01-24,0310,38590,2031,7,5,7,1942,0,0,0,NA,0,7TL23,ST ANDREWS,WILSHIRE BL,100,N,N,A,-,N,NA,NA,NA,NA,NA,NA,NA,NA,NA,N,4,0,1,2,A,-,03,22350,NA,F,C,C,A,A,H,-,C,D,0,NA,NA,NA,NA,Y,NA,-,99,0,0,1,0,0,0,0,0,0,-,-,NA,NA,LOS ANGELES,LOS ANGELES,-118.31157,34.06196426
7177964,2016,2016-02-10,1942,2016-01-16,0140,37511,0663,6,5,7,1942,0,0,0,F,0,6T7,SANTA MONICA BL,MCCADDEN PL,40,W,N,A,-,N,NA,NA,NA,NA,NA,NA,NA,NA,NA,N,4,0,1,2,A,-,11,21954,A,N,G,B,D,A,H,-,C,D,0,Y,NA,NA,NA,Y,NA,N,60,0,0,1,0,1,0,0,0,0,-,-,NA,NA,LOS ANGELES,LOS ANGELES,-118.33757186,34.0907
7177967,2016,2016-02-10,1942,2016-01-13,1305,41054,2021,3,5,7,1942,0,0,0,NA,0,7TL23,WILSHIRE BL,VAN NESS AV,48,W,N,A,-,N,NA,NA,NA,NA,NA,NA,NA,NA,NA,Y,3,0,2,3,A,-,05,21650,NA,N,D,C,A,A,H,-,A,A,0,NA,NA,NA,NA,Y,NA,A,01,0,1,1,0,0,0,0,0,0,-,-,NA,NA,LOS ANGELES,LOS ANGELES,-118.31545818,34.0617
7177968,2016,2016-02-10,1942,2016-01-19,2000,34088,0677,2,5,7,1942,0,0,0,F,0,6T7,SANTA MONICA BL,GOWER ST,177,W,N,B,-,N,NA,NA,NA,NA,NA,NA,NA,NA,NA,Y,4,0,1,4,A,-,03,22350,NA,N,C,C,A,B,H,-,C,D,0,NA,NA,NA,NA,Y,NA,A,07,0,0,1,0,0,0,0,0,0,-,-,NA,NA,LOS ANGELES,LOS ANGELES,-118.32286345,34.0907465
7177971,2016,2016-02-10,1942,2016-01-27,0955,38721,0806,3,5,7,1942,0,0,0,H,0,8TL35,BEL AIR RD,NIMES RD,75,S,N,B,-,N,NA,NA,NA,NA,NA,NA,NA,NA,NA,N,4,0,3,2,A,-,05,21650,NA,N,B,C,A,A,H,-,A,D,0,NA,NA,NA,NA,Y,NA,A,01,0,0,3,0,0,0,0,0,0,-,-,NA,NA,LOS ANGELES,LOS ANGELES,-118.442075,34.08942
7177972,2016,2016-02-10,1942,2016-01-10,2340,34197,0636,7,5,7,1942,0,0,0,F,0,6FB24,HOLLYWOOD BL,HIGHLAND,0,NA,Y,A,-,N,NA,NA,NA,NA,NA,NA,NA,NA,NA,Y,3,0,1,3,A,-,09,21801,A,N,D,C,A,A,H,-,C,A,0,NA,NA,NA,NA,Y,NA,A,01,0,1,0,0,0,0,0,0,0,-,-,NA,NA,LOS ANGELES,LOS ANGELES,-118.33869004,34.10155004
7177975,2016,2016-02-10,1942,2016-01-20,0955,42019,0853,3,5,7,1942,0,0,0,H,0,8A59,SANTA MONICA,SAWTELLE,0,NA,Y,A,-,N,NA,NA,NA,NA,NA,NA,NA,NA,NA,Y,3,0,2,2,A,-,09,21801,B,N,D,C,A,A,H,-,A,A,0,NA,NA,NA,NA,Y,NA,A,01,0,1,1,0,0,0,0,0,0,-,-,NA,NA,LOS ANGELES,LOS ANGELES,-118.44843006,34.04649001
7177976,2016,2016-02-10,1942,2016-01-18,0910,31668,636,1,5,7,1942,0,0,0,NA,0,20TL55,CAHUENGA BL,YUCCA ST,80,N,N,A,-,N,NA,NA,NA,NA,NA,NA,NA,NA,NA,N,4,0,1,2,A,-,11,21956,A,N,G,B,E,A,H,-,A,D,0,Y,NA,NA,NA,Y,NA,N,60,0,0,1,0,1,0,0,0,0,-,-,NA,NA,LOS ANGELES,LOS ANGELES,-118.32979129,34.10412259
7177979,2016,2016-02-10,1942,2016-01-27,0745,38721,0841,3,5,7,1942,0,0,0,H,0,8TL35,TEXAS AV,AMHERST,370,W,N,B,-,N,NA,NA,NA,NA,NA,NA,NA,NA,NA,N,4,0,1,2,A,-,09,21804,A,N,D,C,A,A,H,-,A,D,0,NA,NA,NA,NA,Y,NA,A,01,0,0,1,0,0,0,0,0,0,-,-,NA,NA,LOS ANGELES,LOS ANGELES,-118.46774736,34.04144458
7177983,2016,2016-02-10,1942,2016-01-21,0830,33191,847,4,5,7,1942,0,0,0,NA,0,14TL47,TENNESSEE AV,PROSSER AV,0,NA,Y,A,-,N,NA,NA,NA,NA,NA,NA,NA,NA,NA,N,3,0,1,2,A,-,12,22450,A,N,H,G,A,A,H,-,A,D,0,NA,Y,NA,NA,Y,NA,L,04,0,1,0,0,0,0,1,0,0,-,-,NA,NA,LOS ANGELES,LOS ANGELES,-118.42282006,34.04603005
7177987,2016,2016-02-10,1942,2016-01-26,1215,37715,0896,2,5,7,1942,0,0,0,H,0,8TL26W,NATIONAL BL,MANNING AV,220,E,N,A,-,N,NA,NA,NA,NA,NA,NA,NA,NA,NA,Y,3,0,1,1,A,-,03,22350,NA,N,E,I,A,A,H,-,A,D,0,NA,NA,NA,NA,Y,NA,A,01,0,1,0,0,0,0,0,0,0,-,-,NA,NA,LOS ANGELES,LOS ANGELES,-118.40235015,34.03045821
7177991,2016,2016-02-10,1942,2016-01-26,2055,40899,0891,2,5,7,1942,0,0,0,H,0,8TL35,PICO BL,BUNDY,160,W,N,A,-,N,NA,NA,NA,NA,NA,NA,NA,NA,NA,Y,3,0,1,2,A,-,08,22107,NA,N,B,C,A,A,H,-,C,A,0,NA,NA,Y,NA,Y,NA,A,01,0,1,0,0,0,0,0,0,1,-,-,NA,NA,LOS ANGELES,LOS ANGELES,-118.45065273,34.02914545
7177995,2016,2016-02-10,1942,2016-01-25,0805,34959,0847,1,5,7,1942,0,0,0,H,0,6T7,TENNESSEE AV,BEVERLY GLEN BL,0,NA,Y,-,-,N,NA,NA,NA,NA,NA,NA,NA,NA,NA,Y,3,0,2,2,A,-,09,21802,A,N,D,C,A,A,H,-,A,A,0,NA,NA,NA,NA,Y,NA,A,01,0,1,1,0,0,0,0,0,0,-,-,NA,NA,LOS ANGELES,LOS ANGELES,-118.41900011,34.04853007
7177999,2016,2016-02-10,1942,2016-01-24,1010,36553,0839,7,5,7,1942,0,0,0,H,0,14TL49,OLYMPIC BL,CENTURY PARK EAST,100,W,N,A,-,N,NA,NA,NA,NA,NA,NA,NA,NA,NA,Y,3,0,1,2,A,-,08,22102,NA,N,-,C,A,A,H,-,A,A,0,NA,NA,NA,NA,Y,NA,A,01,0,1,0,0,0,0,0,0,0,-,-,NA,NA,LOS ANGELES,LOS ANGELES,-118.41220332,34.05828507
7178005,2015,2016-02-09,1942,2015-12-07,1815,32067,1849,1,5,7,1942,0,0,0,R,0,18U4,WILLOWBROOK AV,115TH ST,300,N,N,A,-,N,NA,NA,NA,NA,NA,NA,NA,NA,NA,N,4,0,1,2,A,-,12,22451,A,N,H,B,C,A,H,-,C,A,0,Y,NA,NA,NA,Y,NA,N,60,0,0,1,0,1,0,0,0,0,-,-,NA,NA,LOS ANGELES,LOS ANGELES,-118.2391,33.93108
7178022,2015,2016-02-09,1942,2015-12-27,1345,38013,0842,7,5,7,1942,0,0,0,H,0,8TL28,WILSHIRE BL,GRANVILLE AV,0,NA,Y,A,-,N,NA,NA,NA,NA,NA,NA,NA,NA,NA,Y,3,0,2,2,A,-,05,21460,A,N,A,C,A,A,H,-,A,D,0,NA,NA,NA,NA,Y,NA,A,07,0,2,0,0,0,0,0,0,0,-,-,NA,NA,LOS ANGELES,LOS ANGELES,-118.46271002,34.04806007
7178026,2015,2016-02-09,1942,2015-12-26,1125,R2138,0839,6,5,7,1942,0,0,0,H,0,7TL23W,OLYMPIC BL,CENTURY PARK EAST,70,S,N,A,-,N,NA,NA,NA,NA,NA,NA,NA,NA,NA,Y,4,0,2,2,A,-,03,22350,NA,N,C,C,A,A,H,-,A,D,0,NA,NA,NA,NA,Y,NA,A,01,0,0,2,0,0,0,0,0,0,-,-,NA,NA,LOS ANGELES,LOS ANGELES,-118.41212447,34.05833471
7178030,2015,2016-02-09,1942,2015-12-25,1815,38007,0802,5,5,7,1942,0,0,0,H,0,6T2,W SUNSET BL,VIA DE LA PAZ,130,E,N,A,-,N,NA,NA,NA,NA,NA,NA,NA,NA,NA,Y,4,0,1,2,A,-,09,21804,A,N,F,C,A,A,H,-,C,D,0,NA,NA,NA,NA,Y,NA,A,01,0,0,1,0,0,0,0,0,0,-,-,NA,NA,LOS ANGELES,LOS ANGELES,-118.5265085,34.047909
7178034,2015,2016-02-09,1942,2015-12-25,1245,R2138,0892,5,5,7,1942,0,0,0,H,0,14TL47,BARRINGTON AV,AYRES AV,40,S,N,A,-,N,NA,NA,NA,NA,NA,NA,NA,NA,NA,N,3,0,1,2,A,-,09,21802,A,N,D,C,A,A,H,-,A,A,0,NA,NA,Y,NA,Y,NA,A,01,0,1,0,0,0,0,0,0,1,-,-,NA,NA,LOS ANGELES,LOS ANGELES,-118.44505695,34.03075868
7178038,2015,2016-02-09,1942,2015-12-25,1750,37700,0829,5,5,7,1942,0,0,0,H,0,6T2,WILSHIRE BL,DEVON AV,100,E,N,A,-,N,NA,NA,NA,NA,NA,NA,NA,NA,NA,N,4,0,1,2,A,-,09,21804,A,N,D,C,A,A,H,-,C,D,0,NA,NA,NA,NA,Y,NA,A,01,0,0,1,0,0,0,0,0,0,-,-,NA,NA,LOS ANGELES,LOS ANGELES,-118.42691865,34.06770038
7178042,2015,2016-02-09,1942,2015-12-23,2335,41210,0826,3,5,7,1942,0,0,0,H,0,5T7,SUNSET BL,KENTER AV,0,NA,Y,A,-,N,NA,NA,NA,NA,NA,NA,NA,NA,NA,Y,4,0,2,2,A,-,12,21453,A,N,D,C,A,A,H,-,C,A,0,NA,NA,NA,NA,Y,NA,A,01,0,0,2,0,0,0,0,0,0,-,-,NA,NA,LOS ANGELES,LOS ANGELES,-118.47827011,34.05854003
7178046,2015,2016-02-09,1942,2015-12-23,0900,36553,0852,3,5,7,1942,0,0,0,H,0,14TL49,GRANVILLE AV,SANTA MONICA BL,240,S,N,A,-,N,NA,NA,NA,NA,NA,NA,NA,NA,NA,Y,4,0,1,2,A,-,09,21804,A,N,D,C,A,A,H,-,A,D,0,NA,NA,NA,NA,Y,NA,A,08,0,0,1,0,0,0,0,0,0,-,-,NA,NA,LOS ANGELES,LOS ANGELES,-118.45770589,34.04228107
7178050,2015,2016-02-09,1942,2015-12-28,1730,41990,817,1,5,7,1942,0,0,0,NA,0,8A36,WILSHIRE BL,GLENDON AV,30,E,N,A,-,N,NA,NA,NA,NA,NA,NA,NA,NA,NA,N,4,0,2,2,A,-,04,21703,NA,N,C,A,A,A,H,-,B,A,0,NA,NA,NA,NA,Y,NA,A,01,0,0,2,0,0,0,0,0,0,-,-,NA,NA,LOS ANGELES,LOS ANGELES,-118.44243597,34.05918544
7178054,2015,2016-02-09,1942,2015-12-23,0210,40596,0804,3,5,7,1942,0,0,0,H,0,8A1,SEPULVEDA BL,BEL AIR CREST,36,N,N,A,-,N,NA,NA,NA,NA,NA,NA,NA,NA,NA,Y,4,0,1,1,A,-,03,22350,NA,N,E,I,A,A,H,-,C,A,0,NA,NA,NA,NA,Y,NA,A,01,0,0,1,0,0,0,0,0,0,-,-,NA,NA,LOS ANGELES,LOS ANGELES,-118.48252559,34.11028118
7178058,2015,2016-02-09,1942,2015-12-05,1550,38622,0842,6,5,7,1942,0,0,0,H,0,8A53,FEDERAL AV,WILSHIRE BL,700,S,N,A,-,N,NA,NA,NA,NA,NA,NA,NA,NA,NA,N,4,0,1,2,A,-,08,22103,NA,N,B,G,A,A,H,-,A,D,0,NA,Y,NA,NA,Y,NA,A,01,0,0,1,0,0,0,1,0,0,-,-,NA,NA,LOS ANGELES,LOS ANGELES,-118.45786228,34.04920417
7178084,2016,2016-02-10,1900,2016-02-03,0853,482459,1134,3,5,6,1992,0,0,0,NA,0,111T1,AVENUE M,4TH ST EAST,0,NA,Y,A,-,N,NA,NA,NA,NA,NA,NA,NA,NA,NA,Y,3,0,1,2,A,-,09,21802,A,N,D,C,A,A,H,-,A,A,0,NA,NA,NA,NA,Y,NA,A,07,0,1,0,0,0,0,0,0,0,-,-,NA,NA,LOS ANGELES,LANCASTER,-118.12321009,34.64588011
7178140,2015,2016-02-16,1942,2015-12-31,2118,42076,1363,4,5,7,1942,0,0,0,M,0,1363,AVALON BL,51ST ST,0,NA,Y,A,-,N,NA,NA,NA,NA,NA,NA,NA,NA,NA,N,3,0,1,2,A,-,11,21950,B,N,G,B,B,A,A,-,C,B,0,Y,NA,NA,NA,Y,Y,N,60,0,1,0,0,1,0,0,0,0,-,-,NA,NA,LOS ANGELES,LOS ANGELES,-118.26523013,33.99656003
7178144,2016,2016-02-12,1953,2016-01-14,0851,1001,1953,4,5,6,1953,0,0,0,NA,0,005,VALLEY ST,FAIR OAKS AV,0,NA,Y,A,-,N,NA,NA,NA,NA,NA,NA,NA,NA,NA,N,4,0,1,2,A,-,10,21950,A,N,G,B,B,A,H,-,A,A,0,Y,NA,NA,NA,Y,NA,-,NA,0,0,1,0,1,0,0,0,0,-,-,NA,NA,LOS ANGELES,PASADENA,-118.15045012,34.14241008
7178152,2016,2016-02-26,1953,2016-01-23,1737,1645,1953,6,5,6,1953,0,0,0,NA,0,002,FAIR OAKS AV,MOUNTAIN ST,0,NA,Y,B,-,N,NA,NA,NA,NA,NA,NA,NA,NA,NA,Y,4,0,1,2,A,-,12,21453,A,N,D,C,A,A,H,-,C,A,0,NA,NA,NA,NA,Y,NA,D,22,0,0,1,0,0,0,0,0,0,-,-,NA,NA,LOS ANGELES,PASADENA,-118.15061006,34.16146007
7178156,2016,2017-02-11,1942,2016-01-30,1905,40643,0111,6,5,7,1942,0,0,0,A,0,4T43,GRAND AV,RT 101,60,S,N,A,-,Y,LA,7,101,-,-,1.359,R,4,N,Y,3,0,2,2,A,-,05,21651,A,N,D,C,A,A,H,-,C,A,0,NA,NA,NA,NA,Y,NA,D,22,0,2,0,0,0,0,0,0,0,-,-,NA,NA,LOS ANGELES,LOS ANGELES,-118.24610832,34.05974693