CASE_ID,ACCIDENT_YEAR,PROC_DATE,JURIS,COLLISION_DATE,COLLISION_TIME,OFFICER_ID,REPORTING_DISTRICT,DAY_OF_WEEK,CHP_SHIFT,POPULATION,CNTY_CITY_LOC,SPECIAL_COND,BEAT_TYPE,CHP_BEAT_TYPE,CITY_DIVISION_LAPD,CHP_BEAT_CLASS,BEAT_NUMBER,PRIMARY_RD,SECONDARY_RD,DISTANCE,DIRECTION,INTERSECTION,WEATHER_1,WEATHER_2,STATE_HWY_IND,CALTRANS_COUNTY,CALTRANS_DISTRICT,STATE_ROUTE,ROUTE_SUFFIX,POSTMILE_PREFIX,POSTMILE,LOCATION_TYPE,RAMP_INTERSECTION,SIDE_OF_HWY,TOW_AWAY,COLLISION_SEVERITY,NUMBER_KILLED,NUMBER_INJURED,PARTY_COUNT,PRIMARY_COLL_FACTOR,PCF_CODE_OF_VIOL,PCF_VIOL_CATEGORY,PCF_VIOLATION,PCF_VIOL_SUBSECTION,HIT_AND_RUN,TYPE_OF_COLLISION,MVIW,PED_ACTION,ROAD_SURFACE,ROAD_COND_1,ROAD_COND_2,LIGHTING,CONTROL_DEVICE,CHP_ROAD_TYPE,PEDESTRIAN_ACCIDENT,BICYCLE_ACCIDENT,MOTORCYCLE_ACCIDENT,TRUCK_ACCIDENT,NOT_PRIVATE_PROPERTY,ALCOHOL_INVOLVED,STWD_VEHTYPE_AT_FAULT,CHP_VEHTYPE_AT_FAULT,COUNT_SEVERE_INJ,COUNT_VISIBLE_INJ,COUNT_COMPLAINT_PAIN,COUNT_PED_KILLED,COUNT_PED_INJURED,COUNT_BICYCLIST_KILLED,COUNT_BICYCLIST_INJURED,COUNT_MC_KILLED,COUNT_MC_INJURED,PRIMARY_RAMP,SECONDARY_RAMP,LATITUDE,LONGITUDE,COUNTY,CITY,POINT_X,POINT_Y
7186906,2016,2016-03-01,1942,2016-02-12,0725,39761,1375,5,5,7,1942,0,0,0,M,0,11TL21,58TH ST,HOOPER AV,0,NA,Y,A,-,N,NA,NA,NA,NA,NA,NA,NA,NA,NA,N,4,0,2,2,A,-,09,21802,A,N,D,C,A,A,H,-,A,A,0,NA,NA,NA,NA,Y,NA,A,07,0,0,2,0,0,0,0,0,0,-,-,NA,NA,LOS ANGELES,LOS ANGELES,-118.2521201,33.99016005
7186910,2016,2016-03-01,1942,2016-02-06,2300,26691,0497,6,5,7,1942,0,0,0,D,0,2A2,OLYMPIC BL,MINES AV,155,E,N,A,-,N,NA,NA,NA,NA,NA,NA,NA,NA,NA,Y,4,0,3,5,A,-,03,22350,NA,N,A,E,A,A,H,-,C,D,0,NA,NA,NA,NA,Y,NA,A,01,0,0,3,0,0,0,0,0,0,-,-,NA,NA,LOS ANGELES,LOS ANGELES,-118.20739641,34.01876836
7186914,2016,2016-03-01,1942,2016-02-07,2350,41786,0437,7,5,7,1942,0,0,0,D,0,04A9,EASTERN AV,RUTH SWIGGETT DR,0,NA,N,A,-,N,NA,NA,NA,NA,NA,NA,NA,NA,NA,Y,3,0,1,1,A,-,03,22350,NA,N,E,I,A,A,H,-,C,D,0,NA,NA,NA,NA,Y,Y,A,01,0,1,0,0,0,0,0,0,0,-,-,NA,NA,LOS ANGELES,LOS ANGELES,-118.17932002,34.07689004
7186918,2016,2016-04-01,1942,2016-02-11,1830,34344,0217,4,5,7,1942,0,0,0,B,0,2FB44,GLENDALE BL,PARK AV,30,N,N,A,-,N,NA,NA,NA,NA,NA,NA,NA,NA,NA,N,3,0,1,2,A,-,-,NA,NA,N,C,G,A,A,H,-,C,A,0,NA,Y,NA,NA,Y,NA,-,-,0,1,0,0,0,0,1,0,0,-,-,NA,NA,LOS ANGELES,LOS ANGELES,-118.26144877,34.07600806
7186926,2016,2016-03-01,1942,2016-02-09,0020,40726,1361,2,5,7,1942,0,0,0,M,0,13T53,VERNON AV,GRAND AV,0,NA,Y,A,-,N,NA,NA,NA,NA,NA,NA,NA,NA,NA,Y,4,0,1,2,A,-,12,21453,A,F,D,C,A,A,H,-,C,A,0,NA,NA,NA,NA,Y,NA,A,01,0,0,1,0,0,0,0,0,0,-,-,NA,NA,LOS ANGELES,LOS ANGELES,-118.28052011,34.00377005
7186928,2016,2016-03-09,1941,2016-02-03,1704,5226,NA,3,5,7,1941,0,0,0,NA,0,NA,LONG BEACH BL,SPRING ST,0,NA,Y,A,-,N,NA,NA,NA,NA,NA,NA,NA,NA,NA,Y,4,0,1,2,A,-,03,22350,A,N,C,C,A,A,H,-,A,A,0,NA,NA,NA,NA,Y,NA,A,NA,0,0,1,0,0,0,0,0,0,-,-,NA,NA,LOS ANGELES,LONG BEACH,-118.18948013,33.81165011
7186930,2016,2016-03-01,1942,2016-02-11,1955,40730,1341,4,5,7,1942,0,0,0,M,0,2TL5,MARTIN LUTHER KING JR BL,BROADWAY,18,W,Y,A,-,N,NA,NA,NA,NA,NA,NA,NA,NA,NA,Y,2,0,1,2,A,-,11,21456,NA,F,D,B,B,A,H,-,C,A,0,Y,NA,NA,NA,Y,NA,N,60,1,0,0,0,1,0,0,0,0,-,-,NA,NA,LOS ANGELES,LOS ANGELES,-118.27891928,34.01111
7186933,2016,2016-03-01,1942,2016-02-03,0955,38124,1141,3,5,7,1942,0,0,0,K,0,4TL43,LOS FELIZ BL,N EDGEMONT ST,30,E,N,A,-,N,NA,NA,NA,NA,NA,NA,NA,NA,NA,Y,4,0,1,2,A,-,09,21453,B,N,C,C,A,A,H,-,A,D,0,NA,NA,NA,NA,Y,NA,A,01,0,0,1,0,0,0,0,0,0,-,-,NA,NA,LOS ANGELES,LOS ANGELES,-118.29744334,34.11006748
7186937,2016,2016-03-01,1942,2016-02-02,0755,37505,1126,2,5,7,1942,0,0,0,K,0,2TL15,MERIDIAN ST,AVENUE 54,17,E,N,A,-,N,NA,NA,NA,NA,NA,NA,NA,NA,NA,N,4,0,1,2,A,-,10,21950,A,N,D,B,B,A,H,-,A,A,0,Y,NA,NA,NA,Y,NA,A,01,0,0,1,0,1,0,0,0,0,-,-,NA,NA,LOS ANGELES,LOS ANGELES,-118.19915537,34.12090957
7186940,2016,2016-03-08,1941,2016-02-10,1650,5472,NA,3,5,7,1941,0,0,0,NA,0,NA,7TH ST,LOMA,0,NA,Y,A,-,N,NA,NA,NA,NA,NA,NA,NA,NA,NA,Y,4,0,1,2,A,-,09,21801,A,N,D,C,A,A,H,-,A,A,0,NA,NA,NA,NA,Y,NA,A,NA,0,0,1,0,0,0,0,0,0,-,-,NA,NA,LOS ANGELES,LONG BEACH,-118.15027005,33.7753401
7186941,2016,2016-03-01,1942,2016-02-02,0435,32973,1136,2,5,7,1942,0,0,0,K,0,11TL32,EAGLE ROCK BL,YORK BL,60,S,N,A,-,N,NA,NA,NA,NA,NA,NA,NA,NA,NA,Y,4,0,1,1,A,-,03,22350,NA,N,E,I,A,A,H,-,C,D,0,NA,NA,NA,NA,Y,NA,A,01,0,0,1,0,0,0,0,0,0,-,-,NA,NA,LOS ANGELES,LOS ANGELES,-118.2210267,34.12407955
7186945,2016,2016-03-01,1942,2016-02-01,1855,39062,1142,1,5,7,1942,0,0,0,K,0,1T11,LOS FELIZ BL,VERMONT AV,65,E,N,A,-,N,NA,NA,NA,NA,NA,NA,NA,NA,NA,Y,4,0,1,4,A,-,03,22350,NA,N,C,C,A,A,H,-,C,D,0,NA,NA,NA,NA,Y,NA,A,01,0,0,1,0,0,0,0,0,0,-,-,NA,NA,LOS ANGELES,LOS ANGELES,-118.29161106,34.11109967
7186949,2016,2016-03-01,1942,2016-02-01,1020,37505,1142,1,5,7,1942,0,0,0,K,0,2TL15,LOS FELIZ BL,RODNEY DR,89,E,N,A,-,N,NA,NA,NA,NA,NA,NA,NA,NA,NA,Y,4,0,2,2,A,-,21,22106,NA,N,B,C,A,A,H,-,A,D,0,NA,NA,NA,NA,Y,NA,A,01,0,0,2,0,0,0,0,0,0,-,-,NA,NA,LOS ANGELES,LOS ANGELES,-118.28905454,34.11157658
7186953,2016,2016-03-01,1942,2016-02-10,1735,40099,1141,3,5,7,1942,0,0,0,K,0,4T4,HOLLYWOOD BL,ALEXANDRA AV,75,W,N,A,-,N,NA,NA,NA,NA,NA,NA,NA,NA,NA,N,4,0,1,2,A,-,21,22106,NA,N,B,C,A,A,H,-,C,D,0,NA,NA,NA,NA,Y,NA,A,07,0,0,1,0,0,0,0,0,0,-,-,NA,NA,LOS ANGELES,LOS ANGELES,-118.29860725,34.10176223
7186957,2016,2016-03-01,1942,2016-02-07,1251,41337,1373,7,5,7,1942,0,0,0,M,0,1A85,SLAUSON AV,CENTRAL AV,0,NA,Y,A,-,N,NA,NA,NA,NA,NA,NA,NA,NA,NA,N,4,0,1,2,A,-,03,22350,NA,N,C,C,A,A,H,-,A,D,0,NA,NA,NA,NA,Y,NA,-,NA,0,0,1,0,0,0,0,0,0,-,-,NA,NA,LOS ANGELES,LOS ANGELES,-118.25646009,33.98934006
7186961,2016,2016-03-15,1941,2016-02-04,0845,5407,NA,4,5,7,1941,0,0,0,NA,0,NA,REDONDO AV,29TH ST,0,N,N,A,-,N,NA,NA,NA,NA,NA,NA,NA,NA,NA,Y,4,0,1,2,A,-,05,21460,A,N,A,C,A,A,H,-,A,A,0,NA,NA,NA,NA,Y,NA,A,01,0,0,1,0,0,0,0,0,0,-,-,NA,NA,LOS ANGELES,LONG BEACH,-118.15134011,33.80662005
7187042,2016,2016-02-26,1941,2016-02-09,0829,5839,NA,2,5,7,1941,0,0,0,NA,0,NA,WILLOW ST,COTA AV,93,W,N,A,-,N,NA,NA,NA,NA,NA,NA,NA,NA,NA,Y,4,0,1,3,A,-,07,21658,A,N,C,E,A,A,H,-,A,D,0,NA,NA,NA,NA,Y,NA,A,NA,0,0,1,0,0,0,0,0,0,-,-,NA,NA,LOS ANGELES,LONG BEACH,-118.21687551,33.80439
7187043,2016,2016-02-26,1941,2016-02-03,2021,10759,NA,3,5,7,1941,0,0,0,NA,0,NA,ARGONNE AV,2ND ST,0,NA,Y,A,-,N,NA,NA,NA,NA,NA,NA,NA,NA,NA,N,3,0,1,2,A,-,08,22107,NA,N,-,G,A,A,H,-,C,A,0,NA,Y,NA,NA,Y,NA,A,NA,0,1,0,0,0,0,1,0,0,-,-,NA,NA,LOS ANGELES,LONG BEACH,-118.13668003,33.76099003
7187047,2016,2016-02-26,1941,2016-02-05,1249,10068,NA,5,5,7,1941,0,0,0,NA,0,NA,MARINA DR,2ND ST,88,S,N,A,-,N,NA,NA,NA,NA,NA,NA,NA,NA,NA,N,4,0,1,2,A,-,09,21804,A,N,D,C,A,A,H,-,A,D,0,NA,NA,Y,NA,Y,NA,D,NA,0,0,1,0,0,0,0,0,1,-,-,NA,NA,LOS ANGELES,LONG BEACH,-118.11305723,33.75744376
7187051,2016,2016-02-26,1941,2016-02-05,1849,10221,NA,5,5,7,1941,0,0,0,NA,0,NA,ATLANTIC AV,MARKET ST,12,N,N,A,-,N,NA,NA,NA,NA,NA,NA,NA,NA,NA,N,4,0,2,2,A,-,03,22350,NA,N,C,C,A,A,H,-,C,A,0,NA,NA,NA,NA,Y,NA,A,NA,0,0,2,0,0,0,0,0,0,-,-,NA,NA,LOS ANGELES,LONG BEACH,-118.185,33.85437291
7187053,2016,2016-03-02,1942,2016-02-08,1115,39258,1011,1,5,7,1942,0,0,0,J,0,19TL79,TAMPA AV,SATICOY ST,0,NA,Y,A,-,N,NA,NA,NA,NA,NA,NA,NA,NA,NA,N,4,0,2,2,A,-,09,21801,A,N,D,C,A,A,H,-,A,A,0,NA,NA,NA,NA,Y,NA,A,01,0,0,2,0,0,0,0,0,0,-,-,NA,NA,LOS ANGELES,LOS ANGELES,-118.55351002,34.20836006
7187055,2016,2016-02-26,1941,2016-02-05,0835,6178,NA,5,5,7,1941,0,0,0,NA,0,NA,ALAMITOS AV,10TH ST,1,S,N,A,-,N,NA,NA,NA,NA,NA,NA,NA,NA,NA,N,4,0,1,2,-,-,-,NA,NA,N,D,G,A,A,H,-,A,A,0,NA,Y,NA,NA,Y,NA,-,-,0,0,1,0,0,0,1,0,0,-,-,NA,NA,LOS ANGELES,LONG BEACH,-118.17908085,33.77897735
7187057,2016,2016-02-26,1942,2016-02-03,0755,40636,1008,3,5,7,1942,0,0,0,J,0,10A99,SHERMAN WY,VALJEAN AV,150,E,N,A,-,N,NA,NA,NA,NA,NA,NA,NA,NA,NA,N,4,0,1,1,A,-,03,22350,NA,N,E,I,A,A,H,-,A,A,0,NA,NA,Y,NA,Y,NA,C,02,0,0,1,0,0,0,0,0,1,-,-,NA,NA,LOS ANGELES,LOS ANGELES,-118.48541491,34.20117146
7187059,2016,2016-02-26,1941,2016-02-07,2053,10052,NA,7,5,7,1941,0,0,0,NA,0,NA,2ND ST,LIGHT POLE #TA1155,24,W,N,A,-,N,NA,NA,NA,NA,NA,NA,NA,NA,NA,Y,3,0,3,3,A,-,08,22107,NA,N,C,C,A,A,H,-,C,D,0,NA,NA,NA,NA,Y,NA,A,NA,0,1,2,0,0,0,0,0,0,-,-,NA,NA,LOS ANGELES,LONG BEACH,NA,NA
7187061,2016,2016-02-26,1942,2016-02-03,0710,39258,1075,3,5,7,1942,0,0,0,J,0,19TL79,VENTURA BL,NESTLE AV,0,NA,Y,A,-,N,NA,NA,NA,NA,NA,NA,NA,NA,NA,Y,4,0,1,2,A,-,12,21453,A,N,D,C,A,A,H,-,B,A,0,NA,NA,NA,NA,Y,NA,A,01,0,0,1,0,0,0,0,0,0,-,-,NA,NA,LOS ANGELES,LOS ANGELES,-118.52977005,34.16625003
7187063,2016,2016-02-26,1941,2016-02-07,1430,10237,NA,7,5,7,1941,0,0,0,NA,0,NA,HILL ST,LIME AV,145,E,N,A,-,N,NA,NA,NA,NA,NA,NA,NA,NA,NA,N,3,0,1,2,A,-,-,NA,NA,N,A,G,A,A,H,-,A,D,0,NA,Y,NA,NA,Y,NA,A,NA,0,1,0,0,0,0,1,0,0,-,-,NA,NA,LOS ANGELES,LONG BEACH,-118.18346372,33.79713
7187065,2016,2016-02-26,1942,2016-02-03,2015,41316,1015,3,5,7,1942,0,0,0,J,0,17T13,LINDLEY AV,SATICOY,281,S,N,A,-,N,NA,NA,NA,NA,NA,NA,NA,NA,NA,Y,4,0,1,2,A,-,03,22350,NA,N,C,E,A,A,H,-,C,D,0,NA,NA,NA,NA,Y,NA,A,01,0,0,1,0,0,0,0,0,0,-,-,NA,NA,LOS ANGELES,LOS ANGELES,-118.52732498,34.20762929
7187067,2016,2016-02-26,1941,2016-02-07,2127,10772,NA,7,5,7,1941,0,0,0,NA,0,NA,WILLOW ST,EASY AV,0,NA,Y,A,-,N,NA,NA,NA,NA,NA,NA,NA,NA,NA,Y,4,0,2,3,A,-,09,21801,A,N,D,C,A,A,H,-,C,A,0,NA,NA,NA,NA,Y,NA,A,NA,0,0,2,0,0,0,0,0,0,-,-,NA,NA,LOS ANGELES,LONG BEACH,-118.21003002,33.80439003
7187069,2016,2016-02-26,1942,2016-02-02,1600,39915,R0101,2,5,7,1942,0,0,0,NA,0,10X6,SHERMAN WY,LINDLEY AV,0,NA,Y,A,-,N,NA,NA,NA,NA,NA,NA,NA,NA,NA,N,3,0,1,2,A,-,10,21950,A,N,G,B,B,A,H,-,A,A,0,Y,NA,NA,NA,Y,NA,A,01,0,1,0,0,1,0,0,0,0,-,-,NA,NA,LOS ANGELES,LOS ANGELES,-118.52730003,34.20108009
7187085,2016,2016-02-26,1941,2016-02-14,1905,5970,NA,7,5,7,1941,0,0,0,NA,0,NA,MAGNOLIA AV,29TH ST,141,S,N,A,-,N,NA,NA,NA,NA,NA,NA,NA,NA,NA,Y,4,0,1,2,A,-,01,23152,A,N,C,E,A,A,H,-,C,D,0,NA,NA,NA,NA,Y,Y,E,NA,0,0,1,0,0,0,0,0,0,-,-,NA,NA,LOS ANGELES,LONG BEACH,-118.1981357,33.80942334
7187089,2016,2016-02-26,1941,2016-02-11,2000,10772,NA,4,5,7,1941,0,0,0,NA,0,NA,5TH ST,ROSE AV,40,W,N,A,-,N,NA,NA,NA,NA,NA,NA,NA,NA,NA,N,4,0,1,3,A,-,08,22107,NA,M,A,E,A,A,H,-,C,A,0,NA,NA,NA,NA,Y,NA,A,NA,0,0,1,0,0,0,0,0,0,-,-,NA,NA,LOS ANGELES,LONG BEACH,-118.16997134,33.77352885
7187097,2016,2016-02-26,1941,2016-02-13,2146,6066,NA,6,5,7,1941,0,0,0,NA,0,NA,7TH ST,ORIZABA AV,50,W,N,A,-,N,NA,NA,NA,NA,NA,NA,NA,NA,NA,N,2,0,1,2,A,-,11,21954,A,N,G,-,D,A,H,-,C,D,0,Y,NA,NA,NA,Y,NA,N,NA,1,0,0,0,1,0,0,0,0,-,-,NA,NA,LOS ANGELES,LONG BEACH,-118.15693419,33.77535
7187101,2016,2016-02-26,1941,2016-02-10,0827,10063,NA,3,5,7,1941,0,0,0,NA,0,NA,10TH ST,DEL REY CT,0,NA,Y,A,-,N,NA,NA,NA,NA,NA,NA,NA,NA,NA,Y,4,0,1,2,A,-,08,22107,NA,N,A,C,A,A,H,-,A,D,0,NA,NA,NA,NA,Y,NA,A,NA,0,0,1,0,0,0,0,0,0,-,-,NA,NA,LOS ANGELES,LONG BEACH,-118.19570007,33.77898009
7187105,2016,2016-02-26,1941,2016-02-10,1240,5462,NA,3,5,7,1941,0,0,0,NA,0,NA,CLARK AV,WARDLOW RD,0,NA,Y,A,-,N,NA,NA,NA,NA,NA,NA,NA,NA,NA,Y,2,0,1,2,A,-,08,22100,A,N,D,C,A,A,H,-,A,A,0,NA,NA,Y,NA,Y,NA,A,NA,1,0,0,0,0,0,0,0,1,-,-,NA,NA,LOS ANGELES,LONG BEACH,-118.13396011,33.8188601
7187109,2016,2016-02-26,1941,2016-02-10,0748,5839,NA,3,5,7,1941,0,0,0,NA,0,NA,ANAHEIM ST,ATLANTIC AV,52,E,N,A,-,N,NA,NA,NA,NA,NA,NA,NA,NA,NA,N,4,0,1,2,D,-,00,NA,NA,N,H,J,A,A,H,-,A,A,0,NA,NA,NA,NA,Y,NA,-,-,0,0,1,0,0,0,0,0,0,-,-,NA,NA,LOS ANGELES,LONG BEACH,-118.18486922,33.78261
7187113,2016,2016-02-26,1941,2016-02-10,0801,6178,NA,3,5,7,1941,0,0,0,NA,0,NA,ALAMITOS AV,10TH ST,45,S,N,A,-,N,NA,NA,NA,NA,NA,NA,NA,NA,NA,Y,4,0,1,2,-,-,-,NA,NA,N,D,C,A,A,H,-,A,D,0,NA,NA,Y,NA,Y,NA,-,-,0,0,1,0,0,0,0,0,1,-,-,NA,NA,LOS ANGELES,LONG BEACH,-118.17911806,33.77886076
7187117,2016,2016-02-26,1941,2016-02-10,1820,5808,NA,3,5,7,1941,0,0,0,NA,0,NA,7TH ST,ALAMITOS,0,NA,Y,A,-,N,NA,NA,NA,NA,NA,NA,NA,NA,NA,N,4,0,1,2,D,-,00,NA,NA,N,D,B,B,A,H,-,C,A,0,Y,NA,NA,NA,Y,NA,-,-,0,0,1,0,1,0,0,0,0,-,-,NA,NA,LOS ANGELES,LONG BEACH,-118.18020012,33.77534005
7187147,2015,2016-02-24,1900,2015-12-18,0740,550672,1366,5,5,5,1952,0,0,0,NA,0,136DP,ORANGE AV,ALONDA BL,400,N,N,A,-,N,NA,NA,NA,NA,NA,NA,NA,NA,NA,N,4,0,1,2,A,-,10,21952,NA,M,G,B,E,A,H,-,A,D,0,Y,NA,NA,NA,Y,NA,A,NA,0,0,1,0,1,0,0,0,0,-,-,NA,NA,LOS ANGELES,PARAMOUNT,-118.17754179,33.89026665
7187167,2016,2016-08-15,1948,2016-01-25,1728,398,1948,1,5,5,1948,0,0,0,NA,0,002,GARFIELD AV,GARCELON AV,70,N,N,A,-,N,NA,NA,NA,NA,NA,NA,NA,NA,NA,N,4,0,1,2,A,-,06,21755,NA,N,D,C,A,A,H,-,C,D,0,NA,NA,NA,NA,Y,NA,A,01,0,0,1,0,0,0,0,0,0,-,-,NA,NA,LOS ANGELES,MONTEREY PARK,-118.12287218,34.06511194
7187168,2016,2016-08-15,1909,2016-01-29,1430,532,1909,5,5,4,1909,0,0,0,NA,0,NORTH,SPECHT AV,LANTO ST,60,S,N,A,-,N,NA,NA,NA,NA,NA,NA,NA,NA,NA,N,4,0,1,2,A,-,11,21954,A,F,A,B,D,A,H,-,A,D,0,Y,NA,NA,NA,Y,NA,N,60,0,0,1,0,1,0,0,0,0,-,-,NA,NA,LOS ANGELES,BELL GARDENS,-118.16469432,33.97739672
7187171,2016,2016-08-15,1942,2016-01-20,0745,41876,1468,3,5,7,1942,0,0,0,N,0,14Z1,INGLEWOOD BL,HAVELOCK AV,0,NA,Y,B,-,N,NA,NA,NA,NA,NA,NA,NA,NA,NA,Y,3,0,1,2,A,-,21,22106,NA,N,B,C,A,B,H,-,A,D,0,NA,NA,NA,NA,Y,NA,A,01,0,1,0,0,0,0,0,0,0,-,-,NA,NA,LOS ANGELES,LOS ANGELES,-118.41256008,33.99071011
7187175,2016,2017-02-10,1942,2016-01-26,1920,39211,1445,2,5,7,1942,0,0,0,N,0,14A46,VENICE BL,WADE ST,0,NA,Y,A,-,Y,LA,7,187,-,-,4.481,I,5,E,N,4,0,1,2,A,-,10,21950,A,N,B,B,B,A,H,-,C,A,0,Y,NA,NA,NA,Y,Y,A,01,0,0,1,0,1,0,0,0,0,-,-,NA,NA,LOS ANGELES,LOS ANGELES,-118.43796366,34.00131954
7187176,2016,2016-03-04,1942,2016-01-15,1730,A,1088,5,5,7,1942,0,0,0,J,0,16TL28,VENTURA BL,NOELINE AV,40,W,N,A,-,N,NA,NA,NA,NA,NA,NA,NA,NA,NA,N,4,0,2,2,A,-,00,20015,NA,N,C,C,A,A,H,-,B,A,0,NA,NA,NA,NA,Y,Y,-,-,0,0,2,0,0,0,0,0,0,-,-,NA,NA,LOS ANGELES,LOS ANGELES,-118.49025043,34.15726477
7187179,2016,2016-08-15,1942,2016-01-23,1500,42088,1007,6,5,7,1942,0,0,0,J,0,10A39,BALBOA BL,STAGG ST,9,S,N,A,-,N,NA,NA,NA,NA,NA,NA,NA,NA,NA,Y,4,0,1,2,A,-,12,21453,A,N,B,C,A,A,H,-,A,A,0,NA,NA,NA,NA,Y,NA,-,NA,0,0,1,0,0,0,0,0,0,-,-,NA,NA,LOS ANGELES,LOS ANGELES,-118.50136,34.21202531
7187180,2016,2016-02-17,1942,2016-01-08,2005,36733,1061,5,5,7,1942,0,0,0,J,0,15TREW,VENTURA BL,SHIRLEY AV,59,E,N,A,-,N,NA,NA,NA,NA,NA,NA,NA,NA,NA,Y,4,0,1,2,A,-,03,22350,NA,N,B,C,A,A,H,-,C,D,0,NA,NA,NA,NA,Y,NA,A,01,0,0,1,0,0,0,0,0,0,-,-,NA,NA,LOS ANGELES,LOS ANGELES,-118.55764539,34.17276444
7187182,2016,2017-04-15,1942,2016-01-28,1805,38696,985,4,5,7,1942,0,0,0,NA,0,NA,HAZELTINE,VENTURA,50,N,N,A,-,N,NA,NA,NA,NA,NA,NA,NA,NA,NA,NA,4,0,1,2,A,-,05,21460,A,F,A,C,A,A,H,-,B,D,0,NA,NA,NA,NA,Y,NA,-,99,0,0,1,0,0,0,0,0,0,-,-,NA,NA,LOS ANGELES,LOS ANGELES,-118.43998637,34.14961704
7187183,2016,2016-08-15,1976,2016-01-12,1415,406,1976,2,5,3,1964,0,0,0,NA,0,001,WASHINGTON BL,WESTMAN AV,0,NA,Y,A,-,N,NA,NA,NA,NA,NA,NA,NA,NA,NA,Y,3,0,1,2,A,-,09,21802,A,N,C,C,A,A,H,-,A,A,0,NA,NA,NA,NA,Y,NA,A,01,0,1,0,0,0,0,0,0,0,-,-,NA,NA,LOS ANGELES,SANTA FE SPRINGS,-118.06612004,33.97075012
7187184,2016,2016-02-17,1942,2016-01-18,1030,40001,0857,1,5,7,1942,0,0,0,H,0,3A1,PICO BL,CREST DR,5,E,N,A,-,N,NA,NA,NA,NA,NA,NA,NA,NA,NA,N,4,0,1,2,A,-,21,22106,NA,F,C,-,-,A,H,-,A,D,0,Y,NA,NA,NA,Y,NA,-,99,0,0,1,0,1,0,0,0,0,-,-,NA,NA,LOS ANGELES,LOS ANGELES,-118.38781352,34.05526
7187187,2016,2016-02-17,1972,2016-01-09,0541,19086,NA,6,5,6,1972,0,0,0,NA,0,NA,190TH ST,FALDA,160,W,N,A,-,N,NA,NA,NA,NA,NA,NA,NA,NA,NA,Y,2,0,1,2,A,-,03,22350,NA,N,C,E,A,A,H,-,C,D,0,NA,NA,Y,NA,Y,NA,C,NA,1,0,0,0,0,0,0,0,1,-,-,NA,NA,LOS ANGELES,TORRANCE,-118.330326,33.85831
7187188,2016,2016-02-17,1942,2016-01-04,1730,39847,1615,1,5,7,1942,0,0,0,P,0,16X72,FOOTHILL BL,PIERCE ST,0,NA,Y,A,-,N,NA,NA,NA,NA,NA,NA,NA,NA,NA,N,2,0,1,2,A,-,10,21950,A,N,A,B,B,A,H,-,B,D,0,Y,NA,NA,NA,Y,NA,-,NA,1,0,0,0,1,0,0,0,0,-,-,NA,NA,LOS ANGELES,LOS ANGELES,-118.39867006,34.27785009
7187191,2016,2016-02-17,1942,2016-01-16,1145,24543,1841,6,5,7,1942,0,0,0,R,0,25MQ13,CENTURY BL,HOOVER ST,0,NA,Y,B,-,N,NA,NA,NA,NA,NA,NA,NA,NA,NA,Y,4,0,1,2,A,-,09,21453,B,N,D,C,A,A,H,-,A,A,0,NA,NA,NA,NA,Y,NA,A,01,0,0,1,0,0,0,0,0,0,-,-,NA,NA,LOS ANGELES,LOS ANGELES,-118.28697002,33.94551005
7187192,2016,2016-02-17,1942,2016-01-02,1905,40972,1037,6,5,7,1942,0,0,0,J,0,16T23,BALBOA BL,VICTORY BL,6,S,N,A,-,N,NA,NA,NA,NA,NA,NA,NA,NA,NA,N,4,0,1,2,A,-,10,21950,A,N,G,B,B,A,H,-,C,A,0,Y,NA,NA,NA,Y,NA,A,01,0,0,1,0,1,0,0,0,0,-,-,NA,NA,LOS ANGELES,LOS ANGELES,-118.5011011,34.18661357
7187194,2016,2017-02-11,1944,2016-01-29,2206,354,NA,5,5,4,1944,0,0,0,NA,0,001,SEPULVEDA BL,8TH ST,0,NA,Y,A,-,Y,LA,7,1,-,-,22.641,I,5,N,Y,4,0,1,2,A,-,12,21453,A,N,D,C,A,A,H,-,C,A,0,NA,NA,NA,NA,Y,NA,A,01,0,0,1,0,0,0,0,0,0,-,-,NA,NA,LOS ANGELES,MANHATTAN BEACH,-118.39594135,33.88375681
7187196,2016,2016-02-24,1942,2016-01-14,1620,38471,1003,4,5,7,1942,0,0,0,J,0,9TL54,RESEDA BL,ROSCOE BL,15,N,N,A,-,N,NA,NA,NA,NA,NA,NA,NA,NA,NA,Y,4,0,5,5,A,-,03,22350,NA,N,G,B,E,A,H,-,A,A,0,Y,NA,NA,NA,Y,NA,A,07,0,0,5,0,3,0,0,0,0,-,-,NA,NA,LOS ANGELES,LOS ANGELES,-118.53607916,34.22079114
7187198,2016,2016-02-17,1944,2016-01-28,1825,352,NA,4,5,4,1944,0,0,0,NA,0,002,MANHATTAN BEACH BL,PACIFIC AV,0,NA,Y,A,-,N,NA,NA,NA,NA,NA,NA,NA,NA,NA,N,3,0,1,2,A,-,10,21950,A,N,G,B,B,A,H,-,C,A,0,Y,NA,NA,NA,Y,Y,-,NA,0,1,0,0,1,0,0,0,0,-,-,NA,NA,LOS ANGELES,MANHATTAN BEACH,-118.40331007,33.88736004
7187200,2016,2016-02-24,1900,2016-01-16,1710,519506,1628,6,5,5,1977,0,0,0,NA,0,167T1,213TH ST,AVALON BL,50,E,N,A,-,N,NA,NA,NA,NA,NA,NA,NA,NA,NA,Y,4,0,1,1,C,-,18,NA,NA,N,E,J,A,A,H,-,B,D,0,NA,NA,NA,NA,Y,NA,-,-,0,0,1,0,0,0,0,0,0,-,-,NA,NA,LOS ANGELES,CARSON,-118.26360613,33.83539996
7187202,2015,2016-03-01,1900,2015-12-20,1910,551905,1331,7,5,5,1908,0,0,0,NA,0,133T2,BELLFLOWER BL,ROSECRANS AV,430,N,N,A,-,N,NA,NA,NA,NA,NA,NA,NA,NA,NA,Y,4,0,1,3,A,-,09,21804,A,N,D,C,A,A,H,-,-,-,0,NA,NA,NA,NA,Y,NA,A,01,0,0,1,0,0,0,0,0,0,-,-,NA,NA,LOS ANGELES,BELLFLOWER,-118.12534,33.903149