CASE_ID,ACCIDENT_YEAR,PROC_DATE,JURIS,COLLISION_DATE,COLLISION_TIME,OFFICER_ID,REPORTING_DISTRICT,DAY_OF_WEEK,CHP_SHIFT,POPULATION,CNTY_CITY_LOC,SPECIAL_COND,BEAT_TYPE,CHP_BEAT_TYPE,CITY_DIVISION_LAPD,CHP_BEAT_CLASS,BEAT_NUMBER,PRIMARY_RD,SECONDARY_RD,DISTANCE,DIRECTION,INTERSECTION,WEATHER_1,WEATHER_2,STATE_HWY_IND,CALTRANS_COUNTY,CALTRANS_DISTRICT,STATE_ROUTE,ROUTE_SUFFIX,POSTMILE_PREFIX,POSTMILE,LOCATION_TYPE,RAMP_INTERSECTION,SIDE_OF_HWY,TOW_AWAY,COLLISION_SEVERITY,NUMBER_KILLED,NUMBER_INJURED,PARTY_COUNT,PRIMARY_COLL_FACTOR,PCF_CODE_OF_VIOL,PCF_VIOL_CATEGORY,PCF_VIOLATION,PCF_VIOL_SUBSECTION,HIT_AND_RUN,TYPE_OF_COLLISION,MVIW,PED_ACTION,ROAD_SURFACE,ROAD_COND_1,ROAD_COND_2,LIGHTING,CONTROL_DEVICE,CHP_ROAD_TYPE,PEDESTRIAN_ACCIDENT,BICYCLE_ACCIDENT,MOTORCYCLE_ACCIDENT,TRUCK_ACCIDENT,NOT_PRIVATE_PROPERTY,ALCOHOL_INVOLVED,STWD_VEHTYPE_AT_FAULT,CHP_VEHTYPE_AT_FAULT,COUNT_SEVERE_INJ,COUNT_VISIBLE_INJ,COUNT_COMPLAINT_PAIN,COUNT_PED_KILLED,COUNT_PED_INJURED,COUNT_BICYCLIST_KILLED,COUNT_BICYCLIST_INJURED,COUNT_MC_KILLED,COUNT_MC_INJURED,PRIMARY_RAMP,SECONDARY_RAMP,LATITUDE,LONGITUDE,COUNTY,CITY,POINT_X,POINT_Y
7188134,2016,2016-02-22,1942,2016-02-02,1330,37715,1459,2,5,7,1942,0,0,0,N,0,7T38W4,SAWTELLE BL,BRADDOCK DR,0,NA,Y,A,-,N,NA,NA,NA,NA,NA,NA,NA,NA,NA,Y,4,0,2,2,A,-,09,21800,D,N,D,C,A,A,H,-,A,B,0,NA,NA,NA,NA,Y,NA,A,01,0,0,2,0,0,0,0,0,0,-,-,NA,NA,LOS ANGELES,LOS ANGELES,-118.40853009,34.00064011
7188136,2015,2016-02-22,1907,2015-12-10,0800,192,1,4,5,4,1907,0,0,0,NA,0,NA,GIFFORD AV,BELL AV,370,N,N,E,-,N,NA,NA,NA,NA,NA,NA,NA,NA,NA,N,3,0,1,2,A,-,09,21804,A,N,D,C,A,B,H,-,A,D,0,NA,NA,NA,NA,Y,NA,A,01,0,1,0,0,0,0,0,0,0,-,-,NA,NA,LOS ANGELES,BELL,-118.19432116,33.97617599
7188138,2016,2016-02-22,1942,2016-02-02,1940,40707,1415,2,5,7,1942,0,0,0,N,0,14A12,LINCOLN BL,SUNSET BL,500,N,N,A,-,N,NA,NA,NA,NA,NA,NA,NA,NA,NA,N,3,0,1,2,C,-,18,NA,NA,N,H,G,A,A,H,-,A,D,0,NA,Y,NA,NA,Y,NA,-,-,0,1,0,0,0,0,1,0,0,-,-,NA,NA,LOS ANGELES,LOS ANGELES,-118.46702363,34.00094907
7188140,2015,2016-02-22,1907,2015-12-09,1601,191,1,3,5,4,1907,0,0,0,NA,0,NA,OTIS AV,BELL AV,21,N,N,A,-,N,NA,NA,NA,NA,NA,NA,NA,NA,NA,Y,4,0,3,1,A,-,08,22107,NA,N,E,I,A,A,H,-,A,D,0,NA,NA,NA,NA,Y,NA,A,01,0,0,3,0,0,0,0,0,0,-,-,33.97511,-118.1931,LOS ANGELES,BELL,-118.19319174,33.97506718
7188142,2016,2017-02-11,1942,2016-02-07,2245,37078,1454,7,5,7,1942,0,0,0,N,0,14EL1,MINDANAO WY,RT 90,10,N,N,A,-,Y,LA,7,90,-,-,1.201,I,5,W,N,4,0,1,2,A,-,08,22100,B,F,D,C,A,A,H,-,C,A,0,NA,NA,NA,NA,Y,NA,-,99,0,0,1,0,0,0,0,0,0,-,-,NA,NA,LOS ANGELES,LOS ANGELES,-118.43780586,33.98381722
7188144,2015,2016-02-22,1907,2015-12-01,1141,518,1,2,5,4,1907,0,0,0,NA,0,NA,ATLANTIC AV,BROMPTON AV,140,S,N,A,-,N,NA,NA,NA,NA,NA,NA,NA,NA,NA,N,4,0,1,2,A,-,03,22350,NA,N,C,C,A,A,D,-,A,D,0,NA,NA,NA,NA,Y,NA,A,01,0,0,1,0,0,0,0,0,0,-,-,NA,NA,LOS ANGELES,BELL,-118.18774399,33.97337872
7188146,2016,2016-02-22,1942,2016-02-06,1630,40452,1428,6,5,7,1942,0,0,0,N,0,14T54,OVERLAND DR,NATIONAL BL,577,S,N,A,-,N,NA,NA,NA,NA,NA,NA,NA,NA,NA,Y,2,0,1,2,A,-,03,22350,NA,N,D,C,A,A,H,-,A,D,0,NA,NA,Y,NA,Y,NA,C,02,1,0,0,0,0,0,0,0,1,-,-,NA,NA,LOS ANGELES,LOS ANGELES,-118.41656776,34.03113701
7188147,2015,2016-02-19,1942,2015-12-25,2250,41207,1249,5,5,7,1942,0,0,0,L,0,NA,FLOWER ST,FLORENCE AV,0,NA,Y,A,-,N,NA,NA,NA,NA,NA,NA,NA,NA,NA,NA,4,0,1,2,A,-,05,21650,A,F,D,C,A,A,H,-,C,A,0,NA,NA,NA,NA,Y,NA,-,99,0,0,1,0,0,0,0,0,0,-,-,NA,NA,LOS ANGELES,LOS ANGELES,-118.28126007,33.9746501
7188148,2015,2016-02-22,1907,2015-12-12,1430,235,1,6,5,4,1907,0,0,0,NA,0,NA,GIFFORD AV,RANDOLPH ST,360,S,N,A,-,N,NA,NA,NA,NA,NA,NA,NA,NA,NA,N,4,0,1,2,A,-,11,21950,B,N,G,B,D,A,H,-,A,D,0,Y,NA,NA,NA,Y,NA,N,60,0,0,1,0,1,0,0,0,0,-,-,NA,NA,LOS ANGELES,BELL,-118.19332607,33.9809903
7188150,2016,2016-02-22,1942,2016-02-03,0845,36016,1458,3,5,7,1942,0,0,0,N,0,14A49,CULVER BL,BERRYMAN AV,2,E,N,A,-,N,NA,NA,NA,NA,NA,NA,NA,NA,NA,Y,3,0,2,2,A,-,09,21801,A,N,D,C,A,A,H,-,A,A,0,NA,NA,NA,NA,Y,NA,A,01,0,1,1,0,0,0,0,0,0,-,-,NA,NA,LOS ANGELES,LOS ANGELES,-118.41379618,34.00034447
7188154,2016,2016-02-22,1942,2016-02-03,1820,30521,1444,3,5,7,1942,0,0,0,N,0,14A45,LINCOLN BL,JEFFERSON WY,175,N,N,A,-,N,NA,NA,NA,NA,NA,NA,NA,NA,NA,N,3,0,1,2,A,-,09,21801,A,N,B,D,A,A,H,-,A,D,0,NA,NA,Y,NA,Y,NA,A,01,0,1,0,0,0,0,0,0,1,-,-,NA,NA,LOS ANGELES,LOS ANGELES,-118.44592273,33.98846959
7188156,2015,2016-02-22,1907,2015-12-14,1910,209,1,1,5,4,1907,0,0,0,NA,0,NA,BELL AV,ORCHARD AV,150,W,N,A,G,N,NA,NA,NA,NA,NA,NA,NA,NA,NA,N,4,0,1,2,A,-,11,21954,A,N,G,B,D,A,H,-,C,A,0,Y,NA,NA,NA,Y,NA,N,60,0,0,1,0,1,0,0,0,0,-,-,NA,NA,LOS ANGELES,BELL,-118.20041852,33.97579971
7188158,2016,2016-02-22,1942,2016-02-05,2340,41756,1494,5,5,7,1942,0,0,0,N,0,14A67,INTERNATIONAL RD,CENTURY BL,50,S,N,A,-,N,NA,NA,NA,NA,NA,NA,NA,NA,NA,N,4,0,1,3,A,-,03,22350,NA,N,C,C,A,A,H,-,C,A,0,NA,NA,NA,NA,Y,NA,A,01,0,0,1,0,0,0,0,0,0,-,-,NA,NA,LOS ANGELES,LOS ANGELES,-118.38158741,33.94482288
7188160,2015,2016-02-22,1907,2015-12-25,1305,235,2,5,5,4,1907,0,0,0,NA,0,NA,GAGE AV,KING AV,9,W,N,A,-,N,NA,NA,NA,NA,NA,NA,NA,NA,NA,Y,3,0,2,3,A,-,03,22350,NA,N,C,C,A,A,H,-,A,D,0,NA,NA,NA,NA,Y,NA,A,01,0,1,1,0,0,0,0,0,0,-,-,33.98023,-118.18875,LOS ANGELES,BELL,-118.18486944,33.97779278
7188164,2016,2017-02-10,1900,2016-01-22,2147,530043,2607,5,5,6,1950,0,0,0,NA,0,264T7,RT 138,PEARBLOSSOM HWY,1901,N,N,A,-,Y,LA,7,138,-,-,51.34,H,-,E,Y,3,0,2,2,A,-,08,22107,NA,F,E,I,A,A,H,-,D,D,0,NA,NA,NA,NA,Y,NA,A,01,0,1,1,0,0,0,0,0,0,-,-,NA,NA,LOS ANGELES,PALMDALE,-118.03128016,34.54344201
7188167,2016,2016-08-16,1900,2016-01-29,1640,517022,0469,5,5,4,1936,0,0,0,NA,0,46T1PM,IMPERIAL HWY,BONAVISTA LN,210,E,N,A,-,N,NA,NA,NA,NA,NA,NA,NA,NA,NA,N,4,0,1,2,A,-,09,21801,A,N,D,C,A,A,H,-,A,D,0,NA,NA,NA,NA,Y,NA,A,01,0,0,1,0,0,0,0,0,0,-,-,NA,NA,LOS ANGELES,LA MIRADA,-118.03086935,33.91724
7188168,2016,2017-02-10,1900,2016-01-25,1635,546043,2611,1,5,6,1950,0,0,0,NA,0,262T1,RT 138,2ND ST E,0,NA,Y,A,-,Y,LA,7,138,-,-,43.792,I,5,W,N,4,0,2,2,A,-,17,21461,A,N,D,C,A,A,H,-,A,D,0,NA,NA,NA,NA,Y,NA,A,01,0,0,2,0,0,0,0,0,0,-,-,NA,NA,LOS ANGELES,PALMDALE,-118.12763321,34.5798386
7188172,2016,2016-08-12,1947,2016-01-27,0805,1327,NA,3,5,5,1947,0,0,0,NA,0,00E,W WHITTIER BL,N CALIFORNIA AV,0,NA,Y,A,-,N,NA,NA,NA,NA,NA,NA,NA,NA,NA,N,4,0,1,2,A,-,12,21453,A,N,G,B,B,A,H,-,A,A,0,Y,NA,NA,NA,Y,NA,A,08,0,0,1,0,1,0,0,0,0,-,-,34.01206,-118.11765,LOS ANGELES,MONTEBELLO,-118.11769007,34.01201003
7188176,2016,2017-02-10,1900,2016-01-23,1600,507736,1013,6,5,3,1995,0,0,0,NA,0,101T3,RT 1,WINDING WY,266,S,N,A,-,Y,LA,7,1,-,-,52.8,H,-,S,Y,3,0,1,2,A,-,08,21460,5,N,D,C,A,-,H,-,A,D,0,NA,NA,NA,NA,Y,NA,A,01,0,1,0,0,0,0,0,0,0,-,-,NA,NA,LOS ANGELES,MALIBU,-118.78293718,34.02510379
7188180,2016,2017-02-11,1942,2016-01-15,0610,42123,851,5,5,7,1942,0,0,0,NA,0,8A35,SANTA MONICA BL,BUNDY DR,0,NA,Y,A,-,Y,LA,7,2,-,-,2.6,I,5,E,Y,4,0,1,2,A,-,12,21453,A,N,A,C,A,A,H,-,A,A,0,NA,NA,NA,NA,Y,NA,A,01,0,0,1,0,0,0,0,0,0,-,-,NA,NA,LOS ANGELES,LOS ANGELES,-118.46335195,34.0405463
7188181,2015,2016-02-22,1907,2015-12-06,1817,211,2,7,5,4,1907,0,0,0,NA,0,NA,PROSPECT AV,GAGE AV,0,NA,Y,A,-,N,NA,NA,NA,NA,NA,NA,NA,NA,NA,N,4,0,1,2,D,-,00,NA,NA,N,D,C,A,A,H,-,C,A,0,NA,NA,NA,NA,Y,NA,-,-,0,0,1,0,0,0,0,0,0,-,-,33.98023,-118.18875,LOS ANGELES,BELL,-118.18366,33.97766005
7188184,2016,2017-02-10,1900,2016-01-01,0046,517840,2611,5,5,6,1950,0,0,0,NA,0,262T1,RT 138,DIVISION ST,0,NA,Y,A,-,Y,LA,7,138,-,-,43.681,I,5,E,Y,3,0,1,2,A,-,01,23152,A,N,E,I,A,A,H,-,C,A,0,NA,NA,NA,NA,Y,Y,A,01,0,1,0,0,0,0,0,0,0,-,-,NA,NA,LOS ANGELES,PALMDALE,-118.12954252,34.57982539
7188188,2016,2016-08-12,1900,2016-01-29,0150,530600,2619,5,5,6,1950,0,0,0,NA,0,262T1,SIERRA HWY,TECHNOLOGY DR,622,N,N,A,-,N,NA,NA,NA,NA,NA,NA,NA,NA,NA,Y,3,0,1,1,A,-,08,22102,NA,N,F,A,A,A,H,-,C,D,0,NA,NA,NA,NA,Y,NA,A,01,0,1,0,0,0,0,0,0,0,-,-,NA,NA,LOS ANGELES,PALMDALE,-118.12057495,34.59618384
7188192,2016,2016-08-12,1900,2016-01-23,0115,530600,2619,6,5,6,1950,0,0,0,NA,0,262T1,SIERRA HWY,AVENUE N-4,305,S,N,A,-,N,NA,NA,NA,NA,NA,NA,NA,NA,NA,Y,3,0,1,2,A,-,01,23152,A,N,C,C,A,A,H,-,C,D,0,NA,NA,NA,NA,Y,Y,A,01,0,1,0,0,0,0,0,0,0,-,-,NA,NA,LOS ANGELES,PALMDALE,-118.125246,34.626578
7188200,2016,2016-08-15,1925,2016-01-28,0941,21092,215,4,5,6,1925,0,0,0,NA,0,002,DORAN ST,STATE ST,0,NA,Y,A,-,N,NA,NA,NA,NA,NA,NA,NA,NA,NA,Y,4,0,1,2,A,-,09,21801,A,N,A,C,A,A,H,-,A,D,0,NA,NA,NA,NA,Y,NA,A,01,0,0,1,0,0,0,0,0,0,-,-,NA,NA,LOS ANGELES,GLENDALE,-118.27234005,34.15398007
7188215,2016,2017-02-11,1942,2016-01-28,0855,26736,1532,4,5,7,1942,0,0,0,O,0,35M23,VICTORY BL,RT 170,0,NA,Y,A,-,Y,LA,7,170,-,R,17.446,R,1,S,N,4,0,1,2,A,-,05,21650,1,N,D,G,A,A,H,-,A,D,0,NA,Y,NA,NA,Y,NA,L,04,0,0,1,0,0,0,1,0,0,-,SF,NA,NA,LOS ANGELES,LOS ANGELES,-118.40198127,34.18943782
7188219,2016,2016-08-16,1942,2016-01-29,0910,38687,1689,5,5,7,1942,0,0,0,P,0,19TL77,ROSCOE BL,SUNLAND BL,10,S,N,A,-,N,NA,NA,NA,NA,NA,NA,NA,NA,NA,N,4,0,1,2,A,-,09,21453,B,N,D,C,A,A,H,-,A,A,0,NA,NA,NA,NA,Y,NA,A,01,0,0,1,0,0,0,0,0,0,-,-,NA,NA,LOS ANGELES,LOS ANGELES,-118.36711,34.22144
7188227,2016,2017-02-11,1941,2016-01-15,1858,10235,NA,5,5,7,1941,0,0,0,NA,0,NA,RT 710,CEMENT GOREPOINT,75,N,N,A,-,Y,LA,7,710,-,-,4.91,H,-,N,Y,4,0,3,2,A,-,08,22107,NA,N,D,C,A,A,H,-,C,A,0,NA,NA,NA,NA,Y,NA,A,NA,0,0,3,0,0,0,0,0,0,-,-,NA,NA,LOS ANGELES,LONG BEACH,-118.2146723,33.76639675
7188231,2016,2016-08-16,1942,2016-01-19,1810,41411,1249,2,5,7,1942,0,0,0,L,0,3A62,FIGUEROA ST,GAGE,0,NA,Y,A,-,N,NA,NA,NA,NA,NA,NA,NA,NA,NA,N,4,0,4,2,A,-,09,21801,A,N,D,C,A,A,H,-,C,A,0,NA,NA,NA,NA,Y,NA,A,01,0,0,4,0,0,0,0,0,0,-,-,NA,NA,LOS ANGELES,LOS ANGELES,-118.28267013,33.98238002
7188287,2015,2017-02-03,1976,2015-12-24,1757,269,NA,4,5,5,1976,0,0,0,NA,0,004,WHITTIER BL,GUNN AV,0,NA,Y,A,-,Y,LA,7,72,-,-,2.477,I,5,S,Y,4,0,2,2,A,-,09,21801,A,N,D,C,A,A,H,-,C,A,0,NA,NA,NA,NA,Y,NA,A,01,0,0,2,0,0,0,0,0,0,-,-,NA,NA,LOS ANGELES,WHITTIER,-118.01583661,33.95352386
7188307,2015,2017-02-03,1900,2015-12-05,1810,551095,1332,6,5,5,1908,0,0,0,NA,0,133T2,LAKEWOOD BL,SOMERSET BL,10,N,N,A,-,Y,LA,7,19,-,-,7.403,I,5,N,Y,4,0,2,3,A,-,12,21453,A,M,D,C,A,A,H,-,C,A,0,NA,NA,NA,NA,Y,NA,A,01,0,0,2,0,0,0,0,0,0,-,-,NA,NA,LOS ANGELES,BELLFLOWER,-118.14264993,33.89652148
7188321,2016,2016-02-24,1942,2016-02-02,0725,38980,1974,2,5,7,1942,0,0,0,NA,0,10TL37,NORDHOFF ST,CEDROS AV,0,NA,Y,A,-,N,NA,NA,NA,NA,NA,NA,NA,NA,NA,Y,4,0,1,2,A,-,09,21801,A,N,D,C,A,A,H,-,A,A,0,NA,NA,NA,NA,Y,NA,A,07,0,0,1,0,0,0,0,0,0,-,-,NA,NA,LOS ANGELES,LOS ANGELES,-118.45355009,34.23544003
7188325,2016,2016-03-09,1942,2016-02-05,2200,31652,1954,5,5,7,1942,0,0,0,NA,0,19T73,SEPULVEDA BL,LASSEN ST,565,N,N,A,-,N,NA,NA,NA,NA,NA,NA,NA,NA,NA,N,4,0,1,3,A,-,08,22107,NA,N,C,C,A,A,H,-,C,D,0,NA,NA,NA,NA,Y,NA,A,01,0,0,1,0,0,0,0,0,0,-,-,NA,NA,LOS ANGELES,LOS ANGELES,-118.46751365,34.25158965
7188327,2016,2016-04-12,1942,2016-02-08,0910,38980,2128,1,5,7,1942,0,0,0,NA,0,10TL37,SATICOY ST,WINNETKA AV,0,NA,Y,A,G,N,NA,NA,NA,NA,NA,NA,NA,NA,NA,Y,4,0,1,2,A,-,09,21801,A,N,D,C,A,A,H,-,A,A,0,NA,NA,NA,NA,Y,NA,I,09,0,0,1,0,0,0,0,0,0,-,-,NA,NA,LOS ANGELES,LOS ANGELES,-118.571,34.20837007
7188329,2016,2016-02-24,1942,2016-02-07,0520,38687,1921,7,5,7,1942,0,0,0,NA,0,19TL77,SAN FERNANDO RD,LA VALLE ST,95,S,N,A,-,N,NA,NA,NA,NA,NA,NA,NA,NA,NA,N,3,0,1,1,A,-,03,22350,NA,N,E,I,A,A,H,-,C,D,0,NA,NA,NA,NA,Y,NA,A,07,0,1,0,0,0,0,0,0,0,-,-,NA,NA,LOS ANGELES,LOS ANGELES,-118.46516704,34.30374528
7188331,2016,2016-02-23,1942,2016-02-08,0740,37737,2138,1,5,7,1942,0,0,0,NA,0,9TL55,SATICOY ST,MASON AV,7,E,N,A,-,N,NA,NA,NA,NA,NA,NA,NA,NA,NA,N,4,0,1,2,A,-,10,21950,A,N,G,B,B,A,H,-,A,A,0,Y,NA,NA,NA,Y,NA,D,22,0,0,1,0,1,0,0,0,0,-,-,NA,NA,LOS ANGELES,LOS ANGELES,-118.5796969,34.2083405
7188333,2016,2016-02-24,1942,2016-02-04,1600,39194,1943,4,5,7,1942,0,0,0,NA,0,19TL78,ARLETA AV,CHATSWORTH DR,0,NA,Y,A,-,N,NA,NA,NA,NA,NA,NA,NA,NA,NA,Y,3,0,2,2,A,-,12,21453,A,N,D,C,A,A,H,-,A,A,0,NA,NA,NA,NA,Y,NA,A,01,0,1,1,0,0,0,0,0,0,-,-,NA,NA,LOS ANGELES,LOS ANGELES,-118.4541501,34.26981011
7188334,2016,2016-02-24,1942,2016-02-09,1055,38326,1513,2,5,7,1942,0,0,0,O,0,15TL44,VANOWEN ST,BELLAIRE AV,10,E,N,A,-,N,NA,NA,NA,NA,NA,NA,NA,NA,NA,N,3,0,1,2,A,-,10,21950,A,F,G,B,B,A,H,-,A,A,0,Y,NA,NA,NA,Y,NA,-,99,0,1,0,0,1,0,0,0,0,-,-,NA,NA,LOS ANGELES,LOS ANGELES,-118.40939699,34.19395
7188335,2016,2016-02-23,1942,2016-02-08,0755,38980,0914,1,5,7,1942,0,0,0,I,0,10TL37,VAN NUYS BL,SHERMAN WY,0,NA,Y,A,G,N,NA,NA,NA,NA,NA,NA,NA,NA,NA,NA,4,0,2,2,A,-,09,21801,B,N,D,C,A,A,H,-,A,A,0,NA,NA,NA,Y,Y,NA,A,01,0,0,2,0,0,0,0,0,0,-,-,NA,NA,LOS ANGELES,LOS ANGELES,-118.4487201,34.20119007
7188337,2016,2016-02-24,1942,2016-02-04,2145,36565,1971,4,5,7,1942,0,0,0,NA,0,16T25,SEPULVEDA BL,NORDHOFF ST,0,NA,Y,A,-,N,NA,NA,NA,NA,NA,NA,NA,NA,NA,N,3,0,1,2,A,-,10,21950,A,N,G,-,B,A,H,-,C,A,0,Y,NA,NA,NA,Y,NA,A,07,0,1,0,0,1,0,0,0,0,-,-,NA,NA,LOS ANGELES,LOS ANGELES,-118.46771002,34.23553009
7188338,2016,2016-02-24,1942,2016-02-02,1920,34332,1987,2,5,7,1942,0,0,0,NA,0,16T25,COMMUNITY ST,MURIETTA AV,60,W,N,A,-,N,NA,NA,NA,NA,NA,NA,NA,NA,NA,N,3,0,1,2,A,-,08,22103,NA,N,D,C,A,A,H,-,C,D,0,NA,NA,NA,NA,Y,NA,A,01,0,1,0,0,0,0,0,0,0,-,-,NA,NA,LOS ANGELES,LOS ANGELES,-118.43940042,34.22270544
7188339,2016,2016-02-23,1942,2016-02-06,0920,38996,0923,6,5,7,1942,0,0,0,I,0,16T25,VANOWEN ST,SEPULVEDA BL,225,E,N,A,-,N,NA,NA,NA,NA,NA,NA,NA,NA,NA,N,4,0,1,2,A,-,04,21703,NA,N,C,C,A,A,H,-,A,D,0,NA,NA,NA,NA,Y,NA,-,NA,0,0,1,0,0,0,0,0,0,-,-,NA,NA,LOS ANGELES,LOS ANGELES,-118.46543728,34.19392
7188341,2016,2016-02-24,1942,2016-02-05,1605,31557,1993,5,5,7,1942,0,0,0,NA,0,35M41,ROSCOE BL,BURNET AV,0,NA,Y,A,-,N,NA,NA,NA,NA,NA,NA,NA,NA,NA,Y,4,0,2,2,A,-,09,21801,B,N,D,C,A,A,H,-,A,A,0,NA,NA,NA,NA,Y,NA,A,01,0,0,2,0,0,0,0,0,0,-,-,NA,NA,LOS ANGELES,LOS ANGELES,-118.46404009,34.2214501
7188342,2016,2016-02-24,1942,2016-02-06,1550,39473,1963,6,5,7,1942,0,0,0,NA,0,16TL24,WOODMAN AV,VAN NUYS BL,50,N,N,A,-,N,NA,NA,NA,NA,NA,NA,NA,NA,NA,Y,4,0,2,2,A,-,03,22350,NA,N,C,C,A,A,H,-,A,A,0,NA,NA,NA,NA,Y,NA,A,01,0,0,2,0,0,0,0,0,0,-,-,NA,NA,LOS ANGELES,LOS ANGELES,-118.448257,34.24720133
7188343,2016,2016-02-23,1942,2016-02-06,2030,41198,1621,6,5,7,1942,0,0,0,P,0,16T23,PAXTON ST,REMICK AV,0,NA,Y,A,-,N,NA,NA,NA,NA,NA,NA,NA,NA,NA,Y,4,0,1,2,A,-,09,21802,A,N,D,C,A,A,H,-,C,A,0,NA,NA,NA,NA,Y,NA,A,01,0,0,1,0,0,0,0,0,0,-,-,NA,NA,LOS ANGELES,LOS ANGELES,-118.44008004,34.26354008
7188345,2016,2016-02-24,1942,2016-02-08,1550,36336,2141,1,5,7,1942,0,0,0,NA,0,16TL28,VALLEY CIRCLE BL,HARTLAND ST,900,N,N,A,-,N,NA,NA,NA,NA,NA,NA,NA,NA,NA,Y,3,0,2,2,A,-,09,21804,A,N,D,C,A,A,H,-,A,D,0,NA,NA,NA,NA,Y,NA,A,01,0,1,1,0,0,0,0,0,0,-,-,NA,NA,LOS ANGELES,LOS ANGELES,-118.65638971,34.19841351
7188347,2016,2016-03-07,1942,2016-01-28,1655,40337,1984,4,5,7,1942,0,0,0,NA,0,35T90,RAYEN ST,CEDROS AV,50,W,N,A,-,N,NA,NA,NA,NA,NA,NA,NA,NA,NA,Y,4,0,1,2,A,-,00,20015,NA,N,C,C,A,A,H,-,A,D,0,NA,NA,NA,NA,Y,NA,-,-,0,0,1,0,0,0,0,0,0,-,-,NA,NA,LOS ANGELES,LOS ANGELES,-118.45369512,34.23181
7188349,2016,2016-02-24,1942,2016-02-03,0900,33340,1678,3,5,7,1942,0,0,0,P,0,21TL65,LA TUNA CANYON RD,CANTER LN,120,E,N,A,-,N,NA,NA,NA,NA,NA,NA,NA,NA,NA,N,3,0,2,2,A,-,04,21703,NA,N,C,C,A,A,H,-,A,D,0,NA,NA,NA,NA,Y,NA,A,01,0,1,1,0,0,0,0,0,0,-,-,NA,NA,LOS ANGELES,LOS ANGELES,-118.3527,34.23614
7188351,2016,2016-02-24,1942,2016-01-30,1740,36239,1984,6,5,7,1942,0,0,0,NA,0,19X94,CEDROS AV,CHASE ST,300,N,N,A,-,N,NA,NA,NA,NA,NA,NA,NA,NA,NA,Y,4,0,1,2,A,-,09,21804,A,N,D,C,A,A,H,-,C,D,0,NA,NA,NA,NA,Y,NA,A,01,0,0,1,0,0,0,0,0,0,-,-,NA,NA,LOS ANGELES,LOS ANGELES,-118.45356326,34.22556286
7188353,2016,2016-02-24,1942,2016-02-08,1530,37353,2129,1,5,7,1942,0,0,0,NA,0,19TL72,CORBIN AV,ROSCOE BL,10,S,N,A,-,N,NA,NA,NA,NA,NA,NA,NA,NA,NA,N,4,0,1,3,A,-,04,21703,NA,N,C,C,A,A,H,-,A,D,0,NA,NA,NA,NA,Y,NA,A,07,0,0,1,0,0,0,0,0,0,-,-,NA,NA,LOS ANGELES,LOS ANGELES,-118.56229,34.22032257
7188357,2016,2016-02-24,1942,2016-02-08,1840,36336,2143,1,5,7,1942,0,0,0,NA,0,16TL28,VICTORY BL,FALLBROOK CENTER DWY,0,NA,Y,A,-,N,NA,NA,NA,NA,NA,NA,NA,NA,NA,Y,3,0,2,2,A,-,09,21801,A,N,D,C,A,A,H,-,C,A,0,NA,NA,NA,NA,Y,NA,A,07,0,1,1,0,0,0,0,0,0,-,-,NA,NA,LOS ANGELES,LOS ANGELES,NA,NA
7188361,2016,2016-02-24,1942,2016-02-08,1210,40165,2156,1,5,7,1942,0,0,0,NA,0,15TL42,CANOGA AV,OXNARD ST,615,N,N,A,-,N,NA,NA,NA,NA,NA,NA,NA,NA,NA,Y,4,0,2,2,A,-,09,21804,A,N,D,C,A,A,H,-,A,D,0,NA,NA,NA,NA,Y,NA,A,08,0,0,2,0,0,0,0,0,0,-,-,NA,NA,LOS ANGELES,LOS ANGELES,-118.59752,34.1809871
7188365,2016,2016-02-24,1942,2016-02-08,1210,37353,2149,1,5,7,1942,0,0,0,NA,0,19TL72,CORBIN AV,VANOWEN ST,0,NA,Y,A,-,N,NA,NA,NA,NA,NA,NA,NA,NA,NA,N,3,0,1,2,A,-,09,21801,A,N,A,C,A,A,H,-,A,A,0,NA,NA,NA,NA,Y,NA,A,07,0,1,0,0,0,0,0,0,0,-,-,NA,NA,LOS ANGELES,LOS ANGELES,-118.56225012,34.1938201
7188369,2016,2016-02-24,1942,2016-02-08,0014,40542,NA,1,5,7,1942,0,0,0,NA,0,NA,LAUREL CANYON,BURBANK,0,NA,Y,A,-,N,NA,NA,NA,NA,NA,NA,NA,NA,NA,NA,4,0,2,2,A,-,01,23152,A,N,B,C,A,A,H,-,C,A,0,NA,NA,NA,NA,Y,Y,A,01,0,0,2,0,0,0,0,0,0,-,-,NA,NA,LOS ANGELES,LOS ANGELES,-118.39651012,34.17213008
7188370,2016,2016-03-28,1942,2016-02-03,0230,35393,1241,3,5,7,1942,0,0,0,L,0,3T5,CRENSHAW BL,HYDE PARK BL,0,NA,Y,A,-,N,NA,NA,NA,NA,NA,NA,NA,NA,NA,Y,3,0,6,2,A,-,12,21453,A,N,D,C,A,-,H,-,D,A,0,NA,NA,NA,NA,Y,NA,-,-,0,2,4,0,0,0,0,0,0,-,-,NA,NA,LOS ANGELES,LOS ANGELES,-118.33088013,33.98062001
7188373,2016,2016-02-24,1942,2016-02-06,2035,26947,1994,6,5,7,1942,0,0,0,NA,0,35MX10,ROSCOE BL,TOBIAS AV,0,NA,Y,A,-,N,NA,NA,NA,NA,NA,NA,NA,NA,NA,Y,4,0,1,2,A,-,12,21453,A,N,D,C,A,A,H,-,C,A,0,NA,NA,NA,NA,Y,NA,A,01,0,0,1,0,0,0,0,0,0,-,-,NA,NA,LOS ANGELES,LOS ANGELES,-118.45169003,34.22152006