CASE_ID,ACCIDENT_YEAR,PROC_DATE,JURIS,COLLISION_DATE,COLLISION_TIME,OFFICER_ID,REPORTING_DISTRICT,DAY_OF_WEEK,CHP_SHIFT,POPULATION,CNTY_CITY_LOC,SPECIAL_COND,BEAT_TYPE,CHP_BEAT_TYPE,CITY_DIVISION_LAPD,CHP_BEAT_CLASS,BEAT_NUMBER,PRIMARY_RD,SECONDARY_RD,DISTANCE,DIRECTION,INTERSECTION,WEATHER_1,WEATHER_2,STATE_HWY_IND,CALTRANS_COUNTY,CALTRANS_DISTRICT,STATE_ROUTE,ROUTE_SUFFIX,POSTMILE_PREFIX,POSTMILE,LOCATION_TYPE,RAMP_INTERSECTION,SIDE_OF_HWY,TOW_AWAY,COLLISION_SEVERITY,NUMBER_KILLED,NUMBER_INJURED,PARTY_COUNT,PRIMARY_COLL_FACTOR,PCF_CODE_OF_VIOL,PCF_VIOL_CATEGORY,PCF_VIOLATION,PCF_VIOL_SUBSECTION,HIT_AND_RUN,TYPE_OF_COLLISION,MVIW,PED_ACTION,ROAD_SURFACE,ROAD_COND_1,ROAD_COND_2,LIGHTING,CONTROL_DEVICE,CHP_ROAD_TYPE,PEDESTRIAN_ACCIDENT,BICYCLE_ACCIDENT,MOTORCYCLE_ACCIDENT,TRUCK_ACCIDENT,NOT_PRIVATE_PROPERTY,ALCOHOL_INVOLVED,STWD_VEHTYPE_AT_FAULT,CHP_VEHTYPE_AT_FAULT,COUNT_SEVERE_INJ,COUNT_VISIBLE_INJ,COUNT_COMPLAINT_PAIN,COUNT_PED_KILLED,COUNT_PED_INJURED,COUNT_BICYCLIST_KILLED,COUNT_BICYCLIST_INJURED,COUNT_MC_KILLED,COUNT_MC_INJURED,PRIMARY_RAMP,SECONDARY_RAMP,LATITUDE,LONGITUDE,COUNTY,CITY,POINT_X,POINT_Y
7190748,2015,2016-02-23,1942,2015-11-28,1730,41933,0378,6,5,7,1942,0,0,0,C,0,3A92,W MARTIN LUTHER KING JR BL,VERMONT AV,0,NA,Y,A,-,N,NA,NA,NA,NA,NA,NA,NA,NA,NA,N,3,0,1,2,A,-,09,21801,A,N,A,C,A,A,H,-,C,A,0,NA,NA,NA,NA,Y,NA,A,07,0,1,0,0,0,0,0,0,0,-,-,NA,NA,LOS ANGELES,LOS ANGELES,-118.29153011,34.01087002
7190753,2015,2016-02-23,1900,2015-11-28,1358,508822,1369,6,5,5,1952,0,0,0,NA,0,136E,FLOWER ST,PASSAGE AV,100,W,N,A,-,N,NA,NA,NA,NA,NA,NA,NA,NA,NA,Y,3,0,1,2,A,-,03,22350,NA,M,D,C,A,A,H,-,A,D,0,NA,NA,Y,NA,Y,NA,C,NA,0,1,0,0,0,0,0,0,1,-,-,NA,NA,LOS ANGELES,PARAMOUNT,-118.14897875,33.88200604
7190763,2015,2016-02-23,1942,2015-11-23,2155,37510,0341,1,5,7,1942,0,0,0,C,0,12A58,LA CIENEGA,RODEO,20,N,N,A,-,N,NA,NA,NA,NA,NA,NA,NA,NA,NA,N,3,0,1,2,A,-,12,21453,A,N,H,G,A,A,H,-,C,A,0,NA,Y,NA,NA,Y,NA,L,04,0,1,0,0,0,0,1,0,0,-,-,NA,NA,LOS ANGELES,LOS ANGELES,-118.37235781,34.02175483
7190767,2015,2016-02-23,1942,2015-11-23,1400,40762,0355,1,5,7,1942,0,0,0,C,0,3A19,S WESTERN AV,37TH ST,30,S,N,A,-,N,NA,NA,NA,NA,NA,NA,NA,NA,NA,Y,3,0,1,2,A,-,03,22350,NA,N,B,E,A,A,H,-,A,D,0,NA,NA,Y,NA,Y,NA,C,03,0,1,0,0,0,0,0,0,1,-,-,NA,NA,LOS ANGELES,LOS ANGELES,-118.30891,34.02098772
7190771,2015,2016-02-23,1942,2015-11-24,1845,39970,D505,2,5,7,1942,0,0,0,NA,0,5A11,VERMONT AV,186TH ST,45,S,N,A,-,N,NA,NA,NA,NA,NA,NA,NA,NA,NA,Y,4,0,1,2,A,-,03,22350,NA,N,C,C,A,A,H,-,C,D,0,NA,NA,NA,NA,Y,NA,A,01,0,0,1,0,0,0,0,0,0,-,-,NA,NA,LOS ANGELES,LOS ANGELES,-118.290543,33.861872
7190775,2015,2016-02-23,1942,2015-11-30,0730,31814,0516,1,5,7,1942,0,0,0,E,0,3TL5,OPP ST,MARINE AV,15,E,N,A,-,N,NA,NA,NA,NA,NA,NA,NA,NA,NA,N,4,0,1,3,A,-,03,22350,A,N,C,C,A,A,H,-,A,D,0,NA,NA,NA,NA,Y,NA,A,08,0,0,1,0,0,0,0,0,0,-,-,NA,NA,LOS ANGELES,LOS ANGELES,-118.26395093,33.78284366
7190791,2015,2016-02-23,1942,2015-11-29,0555,40911,0379,7,5,7,1942,0,0,0,C,0,3A15,VERMONT AV,EXPOSITION BL,0,NA,Y,A,-,N,NA,NA,NA,NA,NA,NA,NA,NA,NA,N,3,0,1,2,A,-,01,23152,A,N,D,D,A,A,H,-,C,A,0,NA,NA,NA,NA,Y,Y,A,01,0,1,0,0,0,0,0,0,0,-,-,NA,NA,LOS ANGELES,LOS ANGELES,-118.29153003,34.01835005
7190795,2015,2016-02-23,1942,2015-11-25,2310,40717,0362,3,5,7,1942,0,0,0,C,0,3A63,SANTA ROSALIA,AUGUST ST,50,E,N,A,-,N,NA,NA,NA,NA,NA,NA,NA,NA,NA,N,3,0,1,3,A,-,05,21650,NA,N,B,E,A,A,H,-,C,D,0,NA,NA,NA,NA,Y,NA,A,01,0,1,0,0,0,0,0,0,0,-,-,NA,NA,LOS ANGELES,LOS ANGELES,-118.34727,34.01596
7190797,2015,2016-02-26,1976,2015-11-19,2012,328,NA,4,5,5,1976,0,0,0,NA,0,001,BEVERLY BL,PIONEER BL,3,E,N,A,-,N,NA,NA,NA,NA,NA,NA,NA,NA,NA,N,4,0,1,2,A,-,12,21453,A,N,H,G,A,A,H,-,C,A,0,NA,Y,NA,NA,Y,Y,A,01,0,0,1,0,0,0,1,0,0,-,-,NA,NA,LOS ANGELES,WHITTIER,-118.06287232,34.00373483
7190799,2015,2016-02-23,1942,2015-11-24,1850,41163,0333,2,5,7,1942,0,0,0,C,0,NA,JEFFERSON BL,WELLINGTON RD,0,NA,Y,A,-,N,NA,NA,NA,NA,NA,NA,NA,NA,NA,N,4,0,3,2,A,-,09,21802,A,N,D,D,A,A,H,-,C,A,0,NA,NA,NA,NA,Y,NA,A,01,0,0,3,0,0,0,0,0,0,-,-,34.02552,-118.33841,LOS ANGELES,LOS ANGELES,-118.33843009,34.02557004
7190813,2016,2016-02-24,1922,2016-02-05,1646,635,NA,5,5,6,1922,0,0,0,NA,0,NA,BALDWIN AV,LOFTUS DR,0,NA,Y,A,-,N,NA,NA,NA,NA,NA,NA,NA,NA,NA,N,4,0,1,2,A,-,10,21950,A,N,G,B,B,A,H,-,A,A,0,Y,NA,NA,NA,Y,NA,A,01,0,0,1,0,1,0,0,0,0,-,-,NA,NA,LOS ANGELES,EL MONTE,-118.05365002,34.07433008
7190885,2015,2016-02-25,1938,2015-12-02,0753,184,232,3,5,4,1938,0,0,0,NA,0,003,D ST,2ND ST,0,NA,Y,A,-,N,NA,NA,NA,NA,NA,NA,NA,NA,NA,N,4,0,1,2,A,-,09,21802,A,N,D,G,A,A,H,-,A,A,0,NA,Y,NA,NA,Y,NA,-,NA,0,0,1,0,0,0,1,0,0,-,-,NA,NA,LOS ANGELES,LA VERNE,-117.77058005,34.0995201
7190897,2015,2016-02-25,1938,2015-12-10,1324,184,232,4,5,4,1938,0,0,0,NA,0,003,F ST,7TH ST,0,NA,Y,A,-,N,NA,NA,NA,NA,NA,NA,NA,NA,NA,Y,4,0,1,2,A,-,09,21802,A,N,D,C,A,A,H,-,A,A,0,NA,NA,NA,NA,Y,NA,-,NA,0,0,1,0,0,0,0,0,0,-,-,NA,NA,LOS ANGELES,LA VERNE,-117.76509005,34.10340009
7190901,2015,2016-08-10,1938,2015-12-15,1542,184,242,2,5,4,1938,0,0,0,NA,0,002,ARROW HWY,PARK AV,0,NA,Y,A,-,N,NA,NA,NA,NA,NA,NA,NA,NA,NA,Y,4,0,1,2,A,-,08,22107,NA,N,B,C,A,A,H,-,A,D,0,NA,NA,NA,NA,Y,NA,-,NA,0,0,1,0,0,0,0,0,0,-,-,NA,NA,LOS ANGELES,LA VERNE,-117.77896012,34.09976006
7191017,2016,2016-02-24,1900,2016-01-30,1202,540658,1127,6,5,6,1992,0,0,0,NA,0,112T2,AVENUE J-8,30TH ST W,0,NA,Y,A,-,N,NA,NA,NA,NA,NA,NA,NA,NA,NA,Y,3,0,2,2,A,-,09,21801,A,N,D,C,A,A,H,-,A,A,0,NA,NA,NA,NA,Y,NA,A,01,0,1,1,0,0,0,0,0,0,-,-,NA,NA,LOS ANGELES,LANCASTER,-118.18371009,34.68214001
7191025,2016,2016-02-24,1900,2016-01-29,1425,550490,1192,5,5,6,1992,0,0,0,NA,0,111T1,20TH ST WEST,AVENUE K,0,NA,Y,A,-,N,NA,NA,NA,NA,NA,NA,NA,NA,NA,N,4,0,1,2,A,-,09,21453,B,M,D,G,A,A,H,-,A,A,0,NA,Y,Y,NA,Y,NA,C,02,0,0,1,0,0,0,1,0,0,-,-,NA,NA,LOS ANGELES,LANCASTER,-118.16573007,34.67500008
7191029,2016,2016-02-24,1900,2016-01-30,1345,550490,1139,6,5,6,1992,0,0,0,NA,0,111T1,60TH ST WEST,AVENUE L-8,148,S,N,A,-,N,NA,NA,NA,NA,NA,NA,NA,NA,NA,Y,3,0,4,2,A,-,01,23152,F,M,A,C,A,A,H,-,A,A,0,NA,NA,NA,NA,Y,Y,A,01,0,3,1,0,0,0,0,0,0,-,-,NA,NA,LOS ANGELES,LANCASTER,-118.23620648,34.6524543
7191033,2016,2016-02-24,1900,2016-01-31,1456,546182,1126,7,5,6,1992,0,0,0,NA,0,111T1,10TH ST WEST,AVENUE J-6,60,S,N,A,-,N,NA,NA,NA,NA,NA,NA,NA,NA,NA,N,4,0,1,2,A,-,08,22107,NA,N,B,C,A,A,H,-,A,D,0,NA,NA,NA,NA,Y,NA,A,01,0,0,1,0,0,0,0,0,0,-,-,NA,NA,LOS ANGELES,LANCASTER,-118.14816,34.68342548
7191037,2016,2016-02-24,1900,2016-01-29,1651,546182,1125,5,5,6,1992,0,0,0,NA,0,111T1,AVENUE I,10TH ST WEST,20,W,N,A,-,N,NA,NA,NA,NA,NA,NA,NA,NA,NA,N,4,0,2,2,A,-,03,22350,NA,N,C,C,A,A,H,-,B,A,0,NA,NA,NA,NA,Y,NA,A,01,0,0,2,0,0,0,0,0,0,-,-,NA,NA,LOS ANGELES,LANCASTER,-118.1481864,34.70395079
7191121,2016,2016-02-23,1953,2016-02-05,1441,7791,1953,5,5,6,1953,0,0,0,NA,0,005,MENTOR AV,UNION ST,0,NA,Y,A,-,N,NA,NA,NA,NA,NA,NA,NA,NA,NA,Y,3,0,3,2,A,-,12,21453,A,N,D,C,A,A,H,-,A,A,0,NA,NA,NA,NA,Y,NA,A,01,0,2,1,0,0,0,0,0,0,-,-,NA,NA,LOS ANGELES,PASADENA,-118.13085005,34.14792007
7191122,2016,2016-02-23,1955,2016-02-06,1653,42150,0087,6,5,6,1955,0,0,0,NA,0,004,TOWNE AV,COUNTY RD,0,NA,Y,A,-,N,NA,NA,NA,NA,NA,NA,NA,NA,NA,Y,3,0,2,2,A,-,12,21453,A,N,D,C,A,A,H,-,B,A,0,NA,NA,NA,NA,Y,NA,A,01,0,1,1,0,0,0,0,0,0,-,-,NA,NA,LOS ANGELES,POMONA,-117.74028003,34.02624008
7191125,2016,2016-02-24,1953,2016-02-07,1335,4817,1953,7,5,6,1953,0,0,0,NA,0,005,MARENGO AV,UNION ST,0,NA,Y,A,-,N,NA,NA,NA,NA,NA,NA,NA,NA,NA,Y,4,0,2,2,A,-,12,21453,A,N,D,C,A,A,H,-,A,A,0,NA,NA,NA,NA,Y,NA,-,-,0,0,2,0,0,0,0,0,0,-,-,NA,NA,LOS ANGELES,PASADENA,-118.14598002,34.14678001
7191126,2016,2016-02-23,1902,2016-02-08,1143,668,11,1,5,5,1902,0,0,0,NA,0,001,HUNTINGTON DR,2ND AV,0,NA,Y,A,-,N,NA,NA,NA,NA,NA,NA,NA,NA,NA,Y,3,0,2,2,A,-,10,21950,A,N,G,B,B,A,H,-,A,A,0,Y,NA,NA,NA,Y,NA,-,NA,0,1,1,0,1,0,0,0,0,-,-,NA,NA,LOS ANGELES,ARCADIA,-118.02489009,34.14013004
7191129,2016,2016-02-23,1953,2016-02-09,0931,3775,NA,2,5,6,1953,0,0,0,NA,0,NA,ORANGE GROVE BL,ALLEN AV,0,NA,Y,A,-,N,NA,NA,NA,NA,NA,NA,NA,NA,NA,Y,3,0,3,2,A,-,12,21453,A,N,D,C,A,A,H,-,A,A,0,NA,NA,NA,NA,Y,NA,A,07,0,1,2,0,0,0,0,0,0,-,-,NA,NA,LOS ANGELES,PASADENA,-118.1131801,34.1578901
7191130,2016,2016-02-23,1955,2016-02-04,0900,42145,0085,4,5,6,1955,0,0,0,NA,0,004,GAREY AV,PHILLIPS BL,0,NA,Y,A,-,N,NA,NA,NA,NA,NA,NA,NA,NA,NA,Y,3,0,1,2,A,-,12,21453,A,N,D,C,A,A,H,-,A,A,0,NA,NA,NA,NA,Y,NA,A,07,0,1,0,0,0,0,0,0,0,-,-,NA,NA,LOS ANGELES,POMONA,-117.74972004,34.04421011
7191134,2016,2016-02-23,1902,2016-02-08,0714,699,31,1,5,5,1902,0,0,0,NA,0,005,BALDWIN AV,LEMON AV,23,W,N,A,-,N,NA,NA,NA,NA,NA,NA,NA,NA,NA,N,4,0,2,2,A,-,03,22350,NA,N,C,C,A,A,H,-,A,D,0,NA,NA,NA,NA,Y,NA,A,07,0,0,2,0,0,0,0,0,0,-,-,NA,NA,LOS ANGELES,ARCADIA,-118.05452105,34.11868239
7191138,2016,2016-02-23,1942,2016-02-11,0150,37575,0636,4,5,7,1942,0,0,0,F,0,6T7,FRANKLIN AV,GRACE AV,47,W,N,A,-,N,NA,NA,NA,NA,NA,NA,NA,NA,NA,Y,2,0,1,2,A,-,01,23152,A,N,B,C,A,A,H,-,C,D,0,NA,NA,NA,NA,Y,Y,A,01,1,0,0,0,0,0,0,0,0,-,-,NA,NA,LOS ANGELES,LOS ANGELES,-118.33236496,34.10523
7191145,2016,2016-02-23,1972,2016-02-02,1519,17649,NA,2,5,6,1972,0,0,0,NA,0,NA,TORRANCE BL,BEECH AV,145,E,N,A,-,N,NA,NA,NA,NA,NA,NA,NA,NA,NA,Y,4,0,1,2,A,-,03,22350,NA,N,C,C,A,A,H,-,A,A,0,NA,NA,NA,NA,Y,NA,A,NA,0,0,1,0,0,0,0,0,0,-,-,NA,NA,LOS ANGELES,TORRANCE,-118.32700343,33.83636
7191157,2016,2016-02-23,1953,2016-02-03,1251,1001,1953,3,5,6,1953,0,0,0,NA,0,005,FAIR OAKS AV,CORSON ST,0,NA,Y,A,-,N,NA,NA,NA,NA,NA,NA,NA,NA,NA,Y,4,0,2,2,A,-,12,21453,A,N,D,C,A,A,H,-,A,-,0,NA,NA,NA,NA,Y,NA,A,01,0,0,2,0,0,0,0,0,0,-,-,NA,NA,LOS ANGELES,PASADENA,-118.15050006,34.15098008
7191161,2016,2016-02-23,1953,2016-02-04,1151,1187,1953,4,5,6,1953,0,0,0,NA,0,002,LOS ROBLES AV,PENN ST,0,NA,Y,A,-,N,NA,NA,NA,NA,NA,NA,NA,NA,NA,N,3,0,2,2,A,-,03,22350,NA,N,D,C,A,A,H,-,A,D,0,NA,NA,Y,NA,Y,NA,C,02,0,1,1,0,0,0,0,0,1,-,-,NA,NA,LOS ANGELES,PASADENA,-118.14167,34.17456006
7191162,2016,2016-02-23,1942,2016-02-12,1200,40995,0668,5,5,7,1942,0,0,0,F,0,6A45,SUNSET BL,WESTERN AV,0,NA,Y,A,-,N,NA,NA,NA,NA,NA,NA,NA,NA,NA,N,4,0,1,2,A,-,12,21453,A,F,C,C,A,A,H,-,A,A,0,NA,NA,NA,NA,Y,Y,-,99,0,0,1,0,0,0,0,0,0,-,-,NA,NA,LOS ANGELES,LOS ANGELES,-118.30922007,34.0981001
7191165,2016,2016-02-23,1953,2016-02-04,1947,5281,1953,4,5,6,1953,0,0,0,NA,0,001,FAIR OAKS AV,ARLINGTON DR,20,N,N,A,-,N,NA,NA,NA,NA,NA,NA,NA,NA,NA,Y,4,0,3,3,A,-,03,22350,NA,N,C,C,A,A,H,-,C,A,0,NA,NA,NA,NA,Y,NA,A,01,0,0,3,0,0,0,0,0,0,-,-,NA,NA,LOS ANGELES,PASADENA,-118.1503304,34.12858484
7191166,2016,2016-02-23,1942,2016-02-13,0130,39061,0738,6,5,7,1942,0,0,0,G,0,7T23,HIGHLAND AV,4TH ST,70,N,N,A,-,N,NA,NA,NA,NA,NA,NA,NA,NA,NA,N,4,0,1,2,A,-,11,21956,A,F,G,B,E,A,H,-,C,D,0,Y,NA,NA,NA,Y,NA,N,60,0,0,1,0,1,0,0,0,0,-,-,NA,NA,LOS ANGELES,LOS ANGELES,-118.338633,34.067065
7191169,2016,2016-03-11,1953,2016-02-05,1312,7176,1953,5,5,6,1953,0,0,0,NA,0,002,FAIR OAKS AV,PEORIA ST,0,NA,Y,A,-,N,NA,NA,NA,NA,NA,NA,NA,NA,NA,N,4,0,2,2,A,-,03,22350,NA,N,C,C,A,A,H,-,A,A,0,NA,NA,NA,NA,Y,NA,J,41,0,0,2,0,0,0,0,0,0,-,-,NA,NA,LOS ANGELES,PASADENA,-118.15057008,34.1566601
7191170,2016,2016-02-23,1942,2016-02-09,2358,41756,1465,2,5,7,1942,0,0,0,N,0,14A67,CENTINELA AV,LA TIJERA,1850,W,N,A,-,N,NA,NA,NA,NA,NA,NA,NA,NA,NA,N,2,0,1,2,A,-,03,22350,NA,F,H,G,A,A,H,-,C,A,0,NA,Y,NA,NA,Y,NA,-,99,1,0,0,0,0,0,1,0,0,-,-,NA,NA,LOS ANGELES,LOS ANGELES,-118.3778895,33.97689105
7191173,2016,2016-02-23,1972,2016-02-05,1553,19767,NA,5,5,6,1972,0,0,0,NA,0,NA,CRENSHAW BL,TORRANCE BL,70,S,N,A,-,N,NA,NA,NA,NA,NA,NA,NA,NA,NA,N,4,0,1,2,A,-,00,21458,A,N,E,A,A,A,H,-,A,D,0,NA,NA,NA,NA,Y,NA,A,NA,0,0,1,0,0,0,0,0,0,-,-,NA,NA,LOS ANGELES,TORRANCE,-118.32870248,33.83614811
7191206,2016,2016-02-24,1942,2016-02-11,1750,26315,1583,4,5,7,1942,0,0,0,O,0,19T74,MOOR PARK ST,MORELLA AV,0,NA,Y,A,-,N,NA,NA,NA,NA,NA,NA,NA,NA,NA,Y,4,0,1,2,A,-,09,21801,A,N,D,C,A,A,H,-,B,D,0,NA,NA,NA,NA,Y,NA,A,07,0,0,1,0,0,0,0,0,0,-,-,NA,NA,LOS ANGELES,LOS ANGELES,-118.38995006,34.15037008
7191210,2016,2016-03-25,1942,2016-02-11,1445,39473,1521,4,5,7,1942,0,0,0,O,0,16TL24,SHERMAN WAY,FULTON AV,0,NA,Y,A,-,N,NA,NA,NA,NA,NA,NA,NA,NA,NA,Y,3,0,1,2,A,-,12,21453,A,N,D,C,A,A,H,-,A,A,0,NA,NA,NA,NA,Y,NA,-,-,0,1,0,0,0,0,0,0,0,-,-,NA,NA,LOS ANGELES,LOS ANGELES,-118.42254001,34.20120004
7191214,2016,2016-02-24,1942,2016-02-08,1545,40902,NA,1,5,7,1942,0,0,0,NA,0,10A1,WILBUR AV,SHERMAN WY,0,NA,Y,A,-,N,NA,NA,NA,NA,NA,NA,NA,NA,NA,N,4,0,2,2,A,-,09,21801,A,N,D,C,A,A,H,-,A,A,0,NA,NA,NA,NA,Y,NA,A,01,0,0,2,0,0,0,0,0,0,-,-,NA,NA,LOS ANGELES,LOS ANGELES,-118.54476012,34.20117002
7191218,2016,2016-02-24,1942,2016-02-05,1500,40193,1063,5,5,7,1942,0,0,0,J,0,17T44,CLARK ST,RESEDA BL,795,E,N,A,-,N,NA,NA,NA,NA,NA,NA,NA,NA,NA,Y,4,0,2,5,A,-,09,21804,A,N,D,C,A,A,H,-,A,D,0,NA,NA,NA,NA,Y,NA,A,01,0,0,2,0,0,0,0,0,0,-,-,NA,NA,LOS ANGELES,LOS ANGELES,-118.536,34.17037
7191222,2016,2016-02-24,1942,2016-02-11,1000,38996,941,4,5,7,1942,0,0,0,NA,0,16TL25,VAN NUYS BL,ORANGE LINE,10,N,N,A,-,N,NA,NA,NA,NA,NA,NA,NA,NA,NA,N,3,0,1,2,A,-,11,21456,B,N,G,B,B,A,H,-,A,A,0,Y,NA,NA,NA,Y,NA,N,60,0,1,0,0,1,0,0,0,0,-,-,NA,NA,LOS ANGELES,LOS ANGELES,NA,NA
7191226,2016,2016-02-24,1942,2016-02-09,1015,42192,1982,2,5,7,1942,0,0,0,NA,0,19A61,SEPULVEDA BL,CHATSWORTH AV,200,S,N,A,-,N,NA,NA,NA,NA,NA,NA,NA,NA,NA,Y,3,0,1,2,A,-,07,21658,A,M,-,C,A,A,H,-,A,D,0,NA,NA,NA,Y,Y,NA,F,21,0,1,0,0,0,0,0,0,0,-,-,NA,NA,LOS ANGELES,LOS ANGELES,-118.46740621,34.26401143
7191229,2016,2016-02-26,1942,2016-02-12,1350,38995,1633,5,5,7,1942,0,0,0,P,0,17TL16,TERRA BELLA ST,FOOTHILL BL,190,E,N,A,-,N,NA,NA,NA,NA,NA,NA,NA,NA,NA,Y,3,0,1,2,A,-,05,21650,NA,F,A,C,A,A,H,-,A,D,0,NA,NA,NA,NA,Y,NA,D,22,0,1,0,0,0,0,0,0,0,-,-,NA,NA,LOS ANGELES,LOS ANGELES,-118.395059,34.27523451
7191230,2016,2016-02-24,1942,2016-02-13,0015,41198,1685,6,5,7,1942,0,0,0,P,0,16T23,STRATHERN ST,IRVINE AV,35,W,N,A,-,N,NA,NA,NA,NA,NA,NA,NA,NA,NA,N,4,0,1,2,A,-,11,21954,A,F,G,B,E,A,H,-,C,D,0,Y,NA,NA,NA,Y,NA,N,60,0,0,1,0,1,0,0,0,0,-,-,NA,NA,LOS ANGELES,LOS ANGELES,-118.38514555,34.21572
7191231,2016,2016-03-09,1942,2016-02-06,1640,40935,1636,6,5,7,1942,0,0,0,P,0,16X58,SUNLAND,FENWICK,260,E,N,A,-,N,NA,NA,NA,NA,NA,NA,NA,NA,NA,N,4,0,1,2,D,-,00,NA,NA,N,C,C,A,A,H,-,A,A,0,NA,NA,NA,NA,Y,NA,-,-,0,0,1,0,0,0,0,0,0,-,-,NA,NA,LOS ANGELES,LOS ANGELES,-118.32730119,34.25976
7191241,2016,2016-02-26,1942,2016-02-14,0725,35346,1611,7,5,7,1942,0,0,0,P,0,16T23,EUSTACE ST,BRADLEY AV,500,E,N,A,-,N,NA,NA,NA,NA,NA,NA,NA,NA,NA,Y,2,0,1,2,A,-,01,23152,A,N,C,E,A,A,H,-,A,D,0,NA,NA,NA,Y,Y,Y,A,01,1,0,0,0,0,0,0,0,0,-,-,NA,NA,LOS ANGELES,LOS ANGELES,-118.42461891,34.27694454
7191244,2016,2016-02-24,1942,2016-02-11,0715,38273,1751,4,5,7,1942,0,0,0,Q,0,21TL67,LASSEN ST,OWENSMOUTH AV,12,E,N,A,-,N,NA,NA,NA,NA,NA,NA,NA,NA,NA,Y,2,0,1,2,A,-,10,21950,A,N,G,B,B,A,H,-,A,A,0,Y,NA,NA,NA,Y,NA,A,01,1,0,0,0,1,0,0,0,0,-,-,NA,NA,LOS ANGELES,LOS ANGELES,-118.60167036,34.25
7191246,2016,2016-02-25,1942,2016-02-11,1610,40141,1504,4,5,7,1942,0,0,0,O,0,10TL34,LANKERSHIM BL,SHERMAN WY,120,N,N,A,-,N,NA,NA,NA,NA,NA,NA,NA,NA,NA,Y,4,0,2,2,A,-,08,22102,NA,N,D,C,A,A,H,-,A,D,0,NA,NA,NA,NA,Y,NA,D,22,0,0,2,0,0,0,0,0,0,-,-,NA,NA,LOS ANGELES,LOS ANGELES,-118.38778,34.20151913
7191257,2016,2016-04-19,1942,2016-02-11,1501,37353,2157,4,5,7,1942,0,0,0,NA,0,147672,VANOWEN ST,DE SOTO AV,0,NA,Y,A,-,N,NA,NA,NA,NA,NA,NA,NA,NA,NA,Y,4,0,1,2,A,-,04,21703,NA,N,C,C,A,-,H,-,A,D,0,NA,NA,NA,NA,Y,NA,D,22,0,0,1,0,0,0,0,0,0,-,-,NA,NA,LOS ANGELES,LOS ANGELES,-118.5884201,34.19379001
7191258,2016,2016-03-02,1942,2016-02-10,1300,36542,2158,3,5,7,1942,0,0,0,NA,0,9T74W7,MASON AV,VICTORY BL,10,N,N,A,-,N,NA,NA,NA,NA,NA,NA,NA,NA,NA,N,4,0,1,2,A,-,17,22109,NA,N,C,C,A,A,H,-,A,A,0,NA,NA,NA,Y,Y,NA,A,07,0,0,1,0,0,0,0,0,0,-,-,NA,NA,LOS ANGELES,LOS ANGELES,-118.57968419,34.18842721
7191261,2016,2016-02-29,1942,2016-02-11,1645,39335,0904,4,5,7,1942,0,0,0,I,0,9T56,SEPULVEDA BL,RAYMER ST,275,S,N,A,-,N,NA,NA,NA,NA,NA,NA,NA,NA,NA,N,4,0,1,4,A,-,09,21801,A,N,D,C,A,A,H,-,A,D,0,NA,NA,NA,NA,Y,NA,A,01,0,0,1,0,0,0,0,0,0,-,-,NA,NA,LOS ANGELES,LOS ANGELES,-118.46621577,34.21343678
7191262,2016,2016-02-24,1942,2016-02-09,2140,36270,1547,2,5,7,1942,0,0,0,O,0,9A19,MAGNOLIA BL,TUJUNGA AV,0,NA,Y,A,-,N,NA,NA,NA,NA,NA,NA,NA,NA,NA,N,4,0,2,2,A,-,09,21801,A,N,B,C,A,A,H,-,C,A,0,NA,NA,NA,NA,Y,NA,A,07,0,0,2,0,0,0,0,0,0,-,-,NA,NA,LOS ANGELES,LOS ANGELES,-118.37899009,34.16495003
7191265,2016,2016-03-02,1942,2016-02-05,1540,41269,LOSAN,5,5,7,1942,0,0,0,NA,0,16A35,FOOTHILL BL,PAXTON ST,0,NA,Y,A,-,N,NA,NA,NA,NA,NA,NA,NA,NA,NA,Y,2,0,1,3,A,-,08,22107,NA,N,A,D,A,A,H,-,A,D,0,NA,NA,NA,Y,Y,Y,A,01,1,0,0,0,0,0,0,0,0,-,-,NA,NA,LOS ANGELES,LOS ANGELES,-118.40818006,34.28686007
7191266,2016,2016-02-24,1942,2016-02-11,1250,39355,0923,4,5,7,1942,0,0,0,I,0,9T56,KESTER AV,VICTORY BL,0,NA,Y,A,-,N,NA,NA,NA,NA,NA,NA,NA,NA,NA,N,4,0,2,2,A,-,09,21801,A,N,D,C,A,A,H,-,A,A,0,NA,NA,NA,NA,Y,NA,A,07,0,0,2,0,0,0,0,0,0,-,-,NA,NA,LOS ANGELES,LOS ANGELES,-118.45745,34.18666011
7191268,2016,2016-02-24,1942,2016-02-16,1735,38326,1998,2,5,7,1942,0,0,0,NA,0,15TL44,LENNOX AV,ROSCOE BL,100,N,N,A,-,N,NA,NA,NA,NA,NA,NA,NA,NA,NA,Y,4,0,1,2,A,-,09,21804,A,M,D,C,A,A,H,-,B,D,0,NA,NA,NA,NA,Y,NA,-,99,0,0,1,0,0,0,0,0,0,-,-,NA,NA,LOS ANGELES,LOS ANGELES,-118.44596,34.22185429
7191269,2016,2016-02-29,1942,2016-02-06,0825,35349,1729,6,5,7,1942,0,0,0,Q,0,21T67,ZELZAH AV,SAN FERNANDO MISSION,0,NA,Y,A,-,N,NA,NA,NA,NA,NA,NA,NA,NA,NA,Y,4,0,2,2,A,-,09,21801,A,N,D,C,A,A,H,-,A,A,0,NA,NA,NA,NA,Y,NA,D,22,0,0,2,0,0,0,0,0,0,-,-,NA,NA,LOS ANGELES,LOS ANGELES,-118.52348001,34.27214009
7191270,2016,2016-02-24,1942,2016-02-11,1205,37353,2141,4,5,7,1942,0,0,0,NA,0,19TL72,PLATT AV,VANOWEN ST,0,NA,Y,A,-,N,NA,NA,NA,NA,NA,NA,NA,NA,NA,Y,4,0,1,2,A,-,09,21801,A,N,A,C,A,A,H,-,A,A,0,NA,NA,NA,NA,Y,NA,A,01,0,0,1,0,0,0,0,0,0,-,-,NA,NA,LOS ANGELES,LOS ANGELES,-118.64249007,34.19325001