CASE_ID,ACCIDENT_YEAR,PROC_DATE,JURIS,COLLISION_DATE,COLLISION_TIME,OFFICER_ID,REPORTING_DISTRICT,DAY_OF_WEEK,CHP_SHIFT,POPULATION,CNTY_CITY_LOC,SPECIAL_COND,BEAT_TYPE,CHP_BEAT_TYPE,CITY_DIVISION_LAPD,CHP_BEAT_CLASS,BEAT_NUMBER,PRIMARY_RD,SECONDARY_RD,DISTANCE,DIRECTION,INTERSECTION,WEATHER_1,WEATHER_2,STATE_HWY_IND,CALTRANS_COUNTY,CALTRANS_DISTRICT,STATE_ROUTE,ROUTE_SUFFIX,POSTMILE_PREFIX,POSTMILE,LOCATION_TYPE,RAMP_INTERSECTION,SIDE_OF_HWY,TOW_AWAY,COLLISION_SEVERITY,NUMBER_KILLED,NUMBER_INJURED,PARTY_COUNT,PRIMARY_COLL_FACTOR,PCF_CODE_OF_VIOL,PCF_VIOL_CATEGORY,PCF_VIOLATION,PCF_VIOL_SUBSECTION,HIT_AND_RUN,TYPE_OF_COLLISION,MVIW,PED_ACTION,ROAD_SURFACE,ROAD_COND_1,ROAD_COND_2,LIGHTING,CONTROL_DEVICE,CHP_ROAD_TYPE,PEDESTRIAN_ACCIDENT,BICYCLE_ACCIDENT,MOTORCYCLE_ACCIDENT,TRUCK_ACCIDENT,NOT_PRIVATE_PROPERTY,ALCOHOL_INVOLVED,STWD_VEHTYPE_AT_FAULT,CHP_VEHTYPE_AT_FAULT,COUNT_SEVERE_INJ,COUNT_VISIBLE_INJ,COUNT_COMPLAINT_PAIN,COUNT_PED_KILLED,COUNT_PED_INJURED,COUNT_BICYCLIST_KILLED,COUNT_BICYCLIST_INJURED,COUNT_MC_KILLED,COUNT_MC_INJURED,PRIMARY_RAMP,SECONDARY_RAMP,LATITUDE,LONGITUDE,COUNTY,CITY,POINT_X,POINT_Y
7195559,2016,2016-02-29,1900,2016-02-07,2000,408371,2321,7,5,5,1919,0,0,0,NA,0,234,SOUTH ST,GRIDLEY RD,506,E,N,A,-,N,NA,NA,NA,NA,NA,NA,NA,NA,NA,Y,4,0,1,3,A,-,09,21801,A,N,D,C,A,A,H,-,C,A,0,NA,NA,NA,NA,Y,NA,A,01,0,0,1,0,0,0,0,0,0,-,-,NA,NA,LOS ANGELES,CERRITOS,-118.08930698,33.85849467
7195560,2016,2016-02-29,1942,2016-02-13,0045,32774,1039,6,5,7,1942,0,0,0,J,0,10T37,VANOWEN ST,GLORIA AV,30,E,N,A,-,N,NA,NA,NA,NA,NA,NA,NA,NA,NA,Y,3,0,1,2,A,-,03,22350,NA,N,C,C,A,A,H,-,C,D,0,NA,NA,NA,NA,Y,NA,A,07,0,1,0,0,0,0,0,0,0,-,-,NA,NA,LOS ANGELES,LOS ANGELES,-118.47920097,34.19391
7195563,2016,2016-02-29,1931,2016-02-11,1423,5195,1931,4,5,5,1931,0,0,0,NA,0,003,ZOE AV,SANTA FE AV EAST ALLEY,2,E,N,A,-,N,NA,NA,NA,NA,NA,NA,NA,NA,NA,N,3,0,1,3,A,-,11,21954,A,N,D,B,D,A,H,-,A,D,0,Y,Y,NA,NA,Y,Y,N,60,0,1,0,0,1,0,0,0,0,-,-,NA,NA,LOS ANGELES,HUNTINGTON PARK,-118.2303,33.979266
7195564,2016,2016-02-29,1942,2016-02-13,1135,39192,1083,6,5,7,1942,0,0,0,J,0,9TL54W,MECCA AV,TARZANA DR,120,N,N,A,-,N,NA,NA,NA,NA,NA,NA,NA,NA,NA,Y,4,0,1,2,A,-,08,22107,NA,N,C,E,A,A,H,-,A,D,0,NA,NA,NA,NA,Y,NA,A,01,0,0,1,0,0,0,0,0,0,-,-,NA,NA,LOS ANGELES,LOS ANGELES,-118.53749118,34.1612272
7195566,2016,2017-02-03,1900,2016-02-16,1935,520269,2317,2,5,5,1919,0,0,0,NA,0,230E,PARK PLAZA DR,RT 91,0,NA,Y,A,-,Y,LA,7,91,-,R,19.791,R,3,E,N,4,0,1,2,A,-,10,21950,A,N,G,B,B,A,H,-,B,A,0,Y,NA,NA,NA,Y,NA,A,07,0,0,1,0,1,0,0,0,0,-,EO,NA,NA,LOS ANGELES,CERRITOS,-118.05539468,33.86992938
7195568,2016,2016-02-29,1942,2016-02-12,0745,39217,0904,5,5,7,1942,0,0,0,I,0,9TL55,SATICOY ST,KESTER AV,0,NA,Y,A,-,N,NA,NA,NA,NA,NA,NA,NA,NA,NA,N,4,0,1,2,A,-,09,21804,A,N,D,G,A,A,H,-,A,A,0,NA,Y,NA,NA,Y,NA,L,04,0,0,1,0,0,0,1,0,0,-,-,NA,NA,LOS ANGELES,LOS ANGELES,-118.45747003,34.20847004
7195571,2016,2016-02-29,1931,2016-02-09,2048,5305,1931,2,5,5,1931,0,0,0,NA,0,003,SEVILLE AV,ZOE AV,46,N,N,A,-,N,NA,NA,NA,NA,NA,NA,NA,NA,NA,Y,3,0,2,3,A,-,08,22107,NA,N,D,C,A,A,H,-,C,A,0,NA,NA,NA,NA,Y,NA,A,08,0,1,1,0,0,0,0,0,0,-,-,NA,NA,LOS ANGELES,HUNTINGTON PARK,-118.22257288,33.97938613
7195572,2016,2016-08-15,1942,2016-02-12,1730,38696,LA,5,5,7,1942,0,0,0,NA,0,9A1,VICTORY,RANCHITO,35,E,N,A,-,N,NA,NA,NA,NA,NA,NA,NA,NA,NA,NA,4,0,2,2,A,-,09,21801,A,N,B,C,A,A,H,-,B,A,0,NA,NA,NA,NA,Y,NA,A,01,0,0,2,0,0,0,0,0,0,-,-,NA,NA,LOS ANGELES,LOS ANGELES,-118.43551448,34.18667
7195575,2016,2016-02-29,1931,2016-02-07,1500,5636,1931,7,5,5,1931,0,0,0,NA,0,004,FLORENCE AV,MARCONI ST,44,E,N,A,-,N,NA,NA,NA,NA,NA,NA,NA,NA,NA,N,4,0,1,2,A,-,17,22517,NA,N,B,G,A,A,H,-,A,D,0,NA,Y,NA,NA,Y,NA,A,01,0,0,1,0,0,0,1,0,0,-,-,NA,NA,LOS ANGELES,HUNTINGTON PARK,-118.21526624,33.97316533
7195576,2016,2016-02-29,1942,2016-02-12,1930,41147,9A5,5,5,7,1942,0,0,0,NA,0,0901,SHERMAN WAY,FIRMAMENT,0,NA,Y,A,-,N,NA,NA,NA,NA,NA,NA,NA,NA,NA,Y,4,0,1,1,A,-,08,22107,NA,N,A,I,A,A,H,-,C,D,0,NA,NA,NA,NA,Y,NA,A,01,0,0,1,0,0,0,0,0,0,-,-,NA,NA,LOS ANGELES,LOS ANGELES,-118.47241013,34.20111011
7195577,2016,2016-03-11,1941,2016-02-12,1614,5870,901T,5,5,7,1941,0,0,0,NA,0,NA,7TH ST,PARK AV,0,NA,Y,A,-,N,NA,NA,NA,NA,NA,NA,NA,NA,NA,Y,4,0,1,2,A,-,12,21453,A,N,D,C,A,A,H,-,A,A,0,NA,NA,NA,NA,Y,NA,D,NA,0,0,1,0,0,0,0,0,0,-,-,NA,NA,LOS ANGELES,LONG BEACH,-118.13747011,33.77536006
7195579,2016,2016-02-29,1931,2016-02-07,0655,5636,1931,7,5,5,1931,0,0,0,NA,0,003,GAGE AV,SANTA FE AV,36,E,N,A,-,N,NA,NA,NA,NA,NA,NA,NA,NA,NA,Y,4,0,2,2,A,-,12,21453,A,N,D,C,A,A,H,-,A,A,0,NA,NA,NA,NA,Y,NA,A,01,0,0,2,0,0,0,0,0,0,-,-,NA,NA,LOS ANGELES,HUNTINGTON PARK,-118.23018149,33.98164
7195580,2016,2016-02-29,1942,2016-02-12,2015,41748,0943,5,5,7,1942,0,0,0,I,0,9A63,BURBANK BL,HAZELTINE AV,0,NA,Y,A,-,N,NA,NA,NA,NA,NA,NA,NA,NA,NA,Y,4,0,2,2,A,-,09,21801,A,N,A,C,A,A,H,-,C,A,0,NA,NA,NA,NA,Y,NA,A,01,0,0,2,0,0,0,0,0,0,-,-,NA,NA,LOS ANGELES,LOS ANGELES,-118.43998011,34.17211001
7195581,2016,2016-03-10,1942,2016-02-11,1000,38625,1998,4,5,7,1942,0,0,0,NA,0,19A85,LANARK ST,CEDROS AV,150,E,N,A,-,N,NA,NA,NA,NA,NA,NA,NA,NA,NA,N,3,0,1,2,A,-,07,21658,A,N,B,C,A,A,H,-,A,D,0,NA,NA,NA,NA,Y,NA,A,08,0,1,0,0,0,0,0,0,0,-,-,NA,NA,LOS ANGELES,LOS ANGELES,-118.45308475,34.21791448
7195582,2014,2016-03-02,1941,2014-02-13,1754,10792,NA,4,5,7,1941,0,0,0,NA,0,NA,REDONDO AV,BROADWAY,0,NA,Y,A,-,N,NA,NA,NA,NA,NA,NA,NA,NA,NA,Y,4,0,1,2,A,-,09,21801,A,N,D,C,A,A,H,-,C,A,0,NA,NA,NA,NA,Y,NA,A,NA,0,0,1,0,0,0,0,0,0,-,-,NA,NA,LOS ANGELES,LONG BEACH,-118.15243007,33.76445009
7195584,2016,2016-02-29,1942,2016-02-12,1350,37686,1025,5,5,7,1942,0,0,0,J,0,35M87,SHERMAN WAY,RESEDA AV,15,W,N,A,-,N,NA,NA,NA,NA,NA,NA,NA,NA,NA,N,4,0,1,2,A,-,04,21703,NA,N,C,C,A,A,H,-,A,A,0,NA,NA,NA,NA,Y,NA,A,01,0,0,1,0,0,0,0,0,0,-,-,NA,NA,LOS ANGELES,LOS ANGELES,-118.53608952,34.20118
7195586,2016,2016-03-02,1941,2016-02-14,1855,10772,NA,7,5,7,1941,0,0,0,NA,0,NA,MAGNOLIA AV,S LOMA VISTA,48,S,N,A,-,N,NA,NA,NA,NA,NA,NA,NA,NA,NA,Y,4,0,1,2,A,-,01,23152,B,N,B,E,A,A,H,-,C,A,0,NA,NA,NA,NA,Y,Y,A,NA,0,0,1,0,0,0,0,0,0,-,-,NA,NA,LOS ANGELES,LONG BEACH,-118.19804,33.78187837
7195588,2016,2016-02-29,1942,2016-02-14,1815,41800,1047,7,5,7,1942,0,0,0,J,0,10E4,BURBANK BL,BALBOA BL,0,NA,Y,A,-,N,NA,NA,NA,NA,NA,NA,NA,NA,NA,Y,3,0,2,2,A,-,08,22107,NA,N,A,C,A,A,H,-,C,A,0,NA,NA,NA,NA,Y,NA,A,01,0,1,1,0,0,0,0,0,0,-,-,NA,NA,LOS ANGELES,LOS ANGELES,-118.50119013,34.17222007
7195590,2016,2016-03-02,1941,2016-02-17,0203,5234,NA,3,5,7,1941,0,0,0,NA,0,NA,SEASIDE,PINE,54,E,N,A,-,N,NA,NA,NA,NA,NA,NA,NA,NA,NA,Y,3,0,1,1,A,-,05,21650,NA,N,-,I,A,A,H,-,C,D,0,NA,NA,Y,NA,Y,NA,C,NA,0,1,0,0,0,0,0,0,1,-,-,NA,NA,LOS ANGELES,LONG BEACH,-118.19221278,33.76587515
7195592,2016,2016-02-29,1942,2016-02-13,1700,41946,1028,6,5,7,1942,0,0,0,J,0,10A26,SHERMAN WAY,FORBES AV,0,NA,Y,A,-,N,NA,NA,NA,NA,NA,NA,NA,NA,NA,N,3,0,2,3,A,-,09,21801,A,N,D,C,A,A,H,-,C,A,0,NA,NA,NA,NA,Y,NA,A,01,0,1,1,0,0,0,0,0,0,-,-,NA,NA,LOS ANGELES,LOS ANGELES,-118.49895011,34.20122005
7195593,2016,2017-02-09,1942,2016-02-03,1850,31255,0899,3,5,7,1942,0,0,0,H,0,34T1,VENICE BL,CATTARAUGUS AV,0,NA,Y,A,-,Y,LA,7,187,-,-,8.333,I,5,E,N,4,0,2,2,A,-,04,21703,NA,N,C,C,A,A,H,-,C,A,0,NA,NA,NA,NA,Y,NA,A,01,0,0,2,0,0,0,0,0,0,-,-,NA,NA,LOS ANGELES,LOS ANGELES,-118.38215107,34.03262817
7195594,2016,2016-03-02,1941,2016-02-17,0002,10781,NA,3,5,7,1941,0,0,0,NA,0,NA,CHERRY AV,61ST ST,79,N,N,A,-,N,NA,NA,NA,NA,NA,NA,NA,NA,NA,N,2,0,1,1,D,-,00,NA,NA,N,H,A,A,A,H,-,C,D,0,NA,Y,NA,NA,Y,Y,-,-,1,0,0,0,0,0,1,0,0,-,-,NA,NA,LOS ANGELES,LONG BEACH,-118.168618,33.865786
7195596,2016,2016-02-29,1942,2016-02-10,0835,25194,1581,3,5,7,1942,0,0,0,O,0,15A67,WHITSETT AV,VALLEY SPRING LN,110,S,N,A,-,N,NA,NA,NA,NA,NA,NA,NA,NA,NA,Y,2,0,2,2,A,-,09,21801,A,N,D,C,A,A,H,-,A,-,0,NA,NA,Y,NA,Y,NA,A,01,1,1,0,0,0,0,0,0,1,-,-,NA,NA,LOS ANGELES,LOS ANGELES,-118.40522282,34.14643832
7195600,2016,2016-02-29,1942,2016-02-09,2120,38887,1504,2,5,7,1942,0,0,0,O,0,15A85,SHERMAN WAY,LANKERSHIM BL,0,NA,Y,A,-,N,NA,NA,NA,NA,NA,NA,NA,NA,NA,Y,3,0,1,2,A,-,09,21801,A,N,D,C,A,A,H,-,C,A,0,NA,NA,Y,NA,Y,NA,A,01,0,1,0,0,0,0,0,0,1,-,-,NA,NA,LOS ANGELES,LOS ANGELES,-118.38778008,34.2011901
7195601,2016,2016-03-01,1942,2016-02-17,1630,40141,1591,3,5,7,1942,0,0,0,O,0,10TL34,LAUREL CANYON BL,DONA DOROTEA DR,25,N,N,C,-,N,NA,NA,NA,NA,NA,NA,NA,NA,NA,Y,3,0,1,2,C,-,18,NA,NA,N,B,C,A,B,H,-,A,D,0,NA,NA,NA,NA,Y,NA,-,-,0,1,0,0,0,0,0,0,0,-,-,NA,NA,LOS ANGELES,LOS ANGELES,-118.37926148,34.1270082
7195602,2016,2016-03-01,1942,2016-02-12,1900,40820,2134,5,5,7,1942,0,0,0,NA,0,15T43,SHERMAN WY,SHOUP AV,0,NA,Y,A,-,N,NA,NA,NA,NA,NA,NA,NA,NA,NA,Y,2,0,2,2,A,-,09,21801,A,N,A,C,A,A,H,-,C,A,0,NA,NA,Y,NA,Y,NA,A,01,1,0,1,0,0,0,0,0,1,-,-,NA,NA,LOS ANGELES,LOS ANGELES,-118.61466008,34.20102001
7195605,2016,2016-03-01,1942,2016-02-18,1825,26947,1794,4,5,7,1942,0,0,0,Q,0,35MX10,CHASE ST,ETIWANDA AV,110,E,N,A,-,N,NA,NA,NA,NA,NA,NA,NA,NA,NA,N,4,0,1,3,A,-,01,23152,A,F,B,E,-,A,H,-,B,D,0,Y,NA,NA,NA,Y,Y,A,01,0,0,1,0,1,0,0,0,0,-,-,NA,NA,LOS ANGELES,LOS ANGELES,-118.53136674,34.2246
7195606,2016,2016-03-01,1942,2016-02-17,1415,33827,2107,3,5,7,1942,0,0,0,NA,0,9T52,ROSCOE BL,DESOTO AV,250,W,N,C,-,N,NA,NA,NA,NA,NA,NA,NA,NA,NA,Y,4,0,2,2,A,-,09,21801,A,N,D,C,A,B,H,-,A,D,0,NA,NA,NA,NA,Y,NA,A,01,0,0,2,0,0,0,0,0,0,-,-,NA,NA,LOS ANGELES,LOS ANGELES,-118.5893156,34.21994
7195609,2016,2016-03-01,1942,2016-02-10,0920,42162,1964,3,5,7,1942,0,0,0,NA,0,19A75,VAN NUYS BL,TUPPER ST,150,N,N,A,-,N,NA,NA,NA,NA,NA,NA,NA,NA,NA,N,3,0,1,2,A,-,08,22100,A,N,H,G,A,A,H,-,A,D,0,NA,Y,NA,NA,Y,NA,A,07,0,1,0,0,0,0,1,0,0,-,-,NA,NA,LOS ANGELES,LOS ANGELES,-118.45023086,34.23943137
7195610,2016,2016-03-01,1942,2016-02-17,0730,38273,2148,3,5,7,1942,0,0,0,NA,0,21TL67,WINNETKA AV,VANOWEN ST,0,NA,Y,A,-,N,NA,NA,NA,NA,NA,NA,NA,NA,NA,Y,4,0,1,2,A,-,12,21453,A,N,A,C,A,A,H,-,A,A,0,NA,NA,NA,NA,Y,NA,A,01,0,0,1,0,0,0,0,0,0,-,-,NA,NA,LOS ANGELES,LOS ANGELES,-118.57098004,34.19379004
7195613,2016,2016-03-01,1942,2016-02-17,0725,39217,1915,3,5,7,1942,0,0,0,NA,0,9TL55,DE GARMO AV,POLK ST,156,N,N,A,-,N,NA,NA,NA,NA,NA,NA,NA,NA,NA,N,3,0,2,2,A,-,05,21650,NA,N,D,C,A,A,H,-,A,D,0,NA,NA,NA,NA,Y,NA,A,07,0,1,1,0,0,0,0,0,0,-,-,NA,NA,LOS ANGELES,LOS ANGELES,-118.45160856,34.30655053
7195614,2016,2017-02-11,1942,2016-02-07,1225,38996,1565,7,5,7,1942,0,0,0,O,0,16TL25,VINELAND AV,RT 101,175,N,N,A,-,Y,LA,7,101,-,-,11.154,R,4,S,Y,3,0,4,2,A,-,07,21658,A,N,C,C,A,A,H,-,A,D,0,NA,NA,NA,NA,Y,NA,A,07,0,2,2,0,0,0,0,0,0,-,SF,NA,NA,LOS ANGELES,LOS ANGELES,-118.37067451,34.14704494
7195617,2016,2016-03-01,1942,2016-02-17,0800,33504,1961,3,5,7,1942,0,0,0,NA,0,9TL57,LANGDON AV,NORDHOFF ST,0,NA,Y,A,-,N,NA,NA,NA,NA,NA,NA,NA,NA,NA,NA,3,0,1,2,A,-,08,22107,NA,N,H,G,A,A,H,-,A,A,0,NA,Y,NA,NA,Y,NA,A,01,0,1,0,0,0,0,1,0,0,-,-,NA,NA,LOS ANGELES,LOS ANGELES,-118.46978004,34.23555004
7195618,2016,2016-03-01,1942,2016-02-13,1410,39335,1505,6,5,7,1942,0,0,0,O,0,9TL56,SHERMAN WY,LEMP AV,0,NA,Y,A,-,N,NA,NA,NA,NA,NA,NA,NA,NA,NA,N,3,0,4,2,A,-,09,21804,A,N,D,C,A,A,H,-,A,D,0,NA,NA,NA,NA,Y,NA,A,01,0,1,3,0,0,0,0,0,0,-,-,NA,NA,LOS ANGELES,LOS ANGELES,-118.38447007,34.20119011
7195621,2016,2016-03-01,1942,2016-02-12,0750,39096,1987,5,5,7,1942,0,0,0,NA,0,15TL47,WOODMAN AV,COMMUNITY ST,10,N,N,A,-,N,NA,NA,NA,NA,NA,NA,NA,NA,NA,Y,3,0,2,2,A,-,09,21802,A,N,D,C,A,A,H,-,A,A,0,NA,NA,NA,NA,Y,NA,A,07,0,1,1,0,0,0,0,0,0,-,-,NA,NA,LOS ANGELES,LOS ANGELES,-118.43274,34.22281743
7195622,2016,2016-03-01,1942,2016-02-12,2015,37676,1522,5,5,7,1942,0,0,0,O,0,19T74,VICTORY BL,ETHEL AV,366,E,N,A,-,N,NA,NA,NA,NA,NA,NA,NA,NA,NA,Y,3,0,2,2,A,-,09,21804,A,N,D,C,A,A,H,-,C,D,0,NA,NA,NA,NA,Y,NA,A,01,0,1,1,0,0,0,0,0,0,-,-,NA,NA,LOS ANGELES,LOS ANGELES,-118.416932,34.18668
7195625,2016,2016-03-01,1942,2016-02-13,1405,26319,1984,6,5,7,1942,0,0,0,NA,0,19TL74,WILLIS AV,PARTHENIA ST,0,NA,Y,A,-,N,NA,NA,NA,NA,NA,NA,NA,NA,NA,N,3,0,2,2,A,-,09,21802,A,N,B,C,A,A,H,-,A,A,0,NA,NA,NA,NA,Y,NA,A,01,0,1,1,0,0,0,0,0,0,-,-,NA,NA,LOS ANGELES,LOS ANGELES,-118.45530001,34.22828007
7195626,2016,2016-03-01,1942,2016-02-10,1825,31466,1512,3,5,7,1942,0,0,0,O,0,16X82,COLDWATER CANYON,VANOWEN,3,N,N,A,-,N,NA,NA,NA,NA,NA,NA,NA,NA,NA,N,3,0,4,3,A,-,08,22107,NA,N,A,C,A,A,H,-,C,A,0,NA,NA,NA,NA,Y,NA,A,01,0,1,3,0,0,0,0,0,0,-,-,NA,NA,LOS ANGELES,LOS ANGELES,-118.4138,34.19394823
7195629,2016,2016-03-01,1942,2016-02-16,1730,38326,1998,2,5,7,1942,0,0,0,NA,0,15TL44,LENNOX AV,ROSCOE BL,100,N,N,A,-,N,NA,NA,NA,NA,NA,NA,NA,NA,NA,N,4,0,1,2,A,-,09,21804,A,N,D,C,A,A,H,-,B,D,0,NA,NA,NA,NA,Y,NA,A,01,0,0,1,0,0,0,0,0,0,-,-,NA,NA,LOS ANGELES,LOS ANGELES,-118.44596,34.22185429
7195630,2016,2016-03-01,1942,2016-02-09,1835,36885,1516,2,5,7,1942,0,0,0,O,0,15A21,TUJUNGA AV,KITTRIDGE ST,250,N,N,A,-,N,NA,NA,NA,NA,NA,NA,NA,NA,NA,Y,4,0,1,2,A,-,04,21703,NA,N,C,C,A,A,H,-,C,D,0,NA,NA,NA,NA,Y,NA,A,01,0,0,1,0,0,0,0,0,0,-,-,NA,NA,LOS ANGELES,LOS ANGELES,-118.37904,34.19099569
7195633,2016,2016-03-01,1942,2016-02-14,1200,38996,1987,7,5,7,1942,0,0,0,NA,0,16TL25,CHASE ST,HAZELTINE AV,0,NA,Y,A,-,N,NA,NA,NA,NA,NA,NA,NA,NA,NA,N,4,0,3,3,A,-,12,21453,A,N,D,C,A,A,H,-,A,A,0,NA,NA,NA,NA,Y,NA,A,01,0,0,3,0,0,0,0,0,0,-,-,NA,NA,LOS ANGELES,LOS ANGELES,-118.44047004,34.22539008
7195634,2016,2016-03-01,1942,2016-02-09,2025,41422,1519,2,5,7,1942,0,0,0,O,0,15A21,VICTORY BL,VINELAND AV,0,NA,Y,A,-,N,NA,NA,NA,NA,NA,NA,NA,NA,NA,N,4,0,1,2,A,-,11,21950,B,N,G,B,B,A,H,-,C,A,0,Y,NA,NA,NA,Y,Y,A,01,0,0,1,0,1,0,0,0,0,-,-,NA,NA,LOS ANGELES,LOS ANGELES,-118.3703101,34.18669004
7195635,2016,2017-02-11,1976,2016-01-21,1905,429,NA,4,5,5,1976,0,0,0,NA,0,002,WHITTIER BL,PENN ST,450,W,N,A,-,Y,LA,7,72,-,-,4.95,H,-,N,N,3,0,1,2,A,-,11,21954,A,N,G,B,C,A,H,-,D,D,0,Y,NA,NA,NA,Y,Y,N,60,0,1,0,0,1,0,0,0,0,-,-,NA,NA,LOS ANGELES,WHITTIER,-118.04774335,33.97680095
7195637,2016,2016-03-01,1942,2016-02-14,1820,41316,1921,7,5,7,1942,0,0,0,NA,0,16T25,TELFAIR AV,REX ST,0,NA,Y,A,-,N,NA,NA,NA,NA,NA,NA,NA,NA,NA,N,4,0,1,2,A,-,06,21750,A,N,D,C,A,A,H,-,C,D,0,NA,NA,NA,NA,Y,NA,A,07,0,0,1,0,0,0,0,0,0,-,-,NA,NA,LOS ANGELES,LOS ANGELES,-118.46558004,34.29879004
7195638,2016,2016-03-01,1942,2016-02-16,0755,39217,1515,2,5,7,1942,0,0,0,O,0,9TL55,HART ST,RADFORD ST,0,NA,Y,A,-,N,NA,NA,NA,NA,NA,NA,NA,NA,NA,N,3,0,1,2,A,-,12,22450,NA,N,D,G,A,A,H,-,A,A,0,NA,Y,NA,NA,Y,NA,A,01,0,1,0,0,0,0,1,0,0,-,-,NA,NA,LOS ANGELES,LOS ANGELES,-118.39215014,34.19756001
7195639,2016,2017-02-11,1976,2016-01-27,2106,230,NA,3,5,5,1976,0,0,0,NA,0,003,HIGHLAND AV,WHITTIER BL,75,N,N,A,-,Y,LA,7,72,-,-,2.403,I,6,N,Y,4,0,1,2,A,-,08,22104,NA,M,B,E,A,A,H,-,C,D,0,NA,NA,NA,NA,Y,Y,A,01,0,0,1,0,0,0,0,0,0,-,-,NA,NA,LOS ANGELES,WHITTIER,-118.01464976,33.95302306
7195641,2016,2016-03-01,1942,2016-02-09,0745,38471,2107,2,5,7,1942,0,0,0,NA,0,19TL75,ROSCOE BL,VARIEL AV,0,NA,Y,A,-,N,NA,NA,NA,NA,NA,NA,NA,NA,NA,N,4,0,1,2,A,-,09,21801,A,N,D,E,A,A,H,-,A,A,0,NA,NA,NA,NA,Y,Y,A,01,0,0,1,0,0,0,0,0,0,-,-,NA,NA,LOS ANGELES,LOS ANGELES,-118.59289007,34.21993009
7195642,2016,2016-03-01,1942,2016-02-13,1530,39355,1531,6,5,7,1942,0,0,0,O,0,21TL62,CHANDLER BL,BELLAIRE AV,0,NA,Y,A,-,N,NA,NA,NA,NA,NA,NA,NA,NA,NA,Y,4,0,2,2,A,-,12,21453,A,N,D,C,A,A,H,-,A,A,0,NA,NA,NA,NA,Y,NA,A,01,0,0,2,0,0,0,0,0,0,-,-,NA,NA,LOS ANGELES,LOS ANGELES,-118.40943002,34.16866006
7195645,2016,2016-03-01,1942,2016-02-12,1100,40811,2133,5,5,7,1942,0,0,0,NA,0,10TL35,FALLBROOK AV,SHERMAN WY,240,N,N,A,-,N,NA,NA,NA,NA,NA,NA,NA,NA,NA,Y,3,0,2,2,A,-,08,22107,NA,N,D,C,A,A,H,-,A,D,0,NA,NA,NA,NA,Y,NA,A,01,0,1,1,0,0,0,0,0,0,-,-,NA,NA,LOS ANGELES,LOS ANGELES,-118.62342,34.20164841
7195646,2016,2016-03-01,1942,2016-02-11,1535,36755,1555,4,5,7,1942,0,0,0,O,0,10TL38,CAMARILLO ST,RIVERSIDE ST,500,S,N,A,-,N,NA,NA,NA,NA,NA,NA,NA,NA,NA,N,3,0,1,2,A,-,08,22103,NA,N,D,G,A,A,H,-,A,A,0,NA,Y,NA,NA,Y,NA,L,04,0,1,0,0,0,0,1,0,0,-,-,NA,NA,LOS ANGELES,LOS ANGELES,-118.37903,34.15765
7195649,2016,2016-03-01,1942,2016-02-16,2045,41316,2134,2,5,7,1942,0,0,0,NA,0,21T65,SHERMAN WY,SHOUP AV,0,NA,Y,A,-,N,NA,NA,NA,NA,NA,NA,NA,NA,NA,N,3,0,1,2,A,-,09,21801,A,N,D,C,A,A,H,-,C,A,0,NA,NA,NA,NA,Y,NA,A,07,0,1,0,0,0,0,0,0,0,-,-,NA,NA,LOS ANGELES,LOS ANGELES,-118.61466008,34.20102001
7195650,2016,2016-03-01,1942,2016-02-12,0825,41396,1522,5,5,7,1942,0,0,0,O,0,16T23,SHERMAN WY,ETHEL AV,338,E,N,A,-,N,NA,NA,NA,NA,NA,NA,NA,NA,NA,Y,4,0,2,2,A,-,09,21801,A,N,D,C,A,A,H,-,A,D,0,NA,NA,NA,NA,Y,NA,A,01,0,0,2,0,0,0,0,0,0,-,-,NA,NA,LOS ANGELES,LOS ANGELES,-118.41703422,34.2012
7195651,2016,2016-02-29,1900,2016-01-05,1845,273453,0617,2,5,6,1985,0,0,0,NA,0,60D1,SIERRA HWY,PLACERITA CANYON RD,0,NA,Y,A,-,N,NA,NA,NA,NA,NA,NA,NA,NA,NA,Y,4,0,1,2,D,-,00,NA,NA,N,D,C,A,B,H,-,B,D,0,NA,NA,NA,NA,Y,NA,-,-,0,0,1,0,0,0,0,0,0,-,-,NA,NA,LOS ANGELES,SANTA CLARITA,-118.49428009,34.37820004
7195654,2016,2016-03-01,1942,2016-02-16,1825,38356,1589,2,5,7,1942,0,0,0,O,0,16TL26,FOREST LAWN DR,BARHAM BL,380,E,N,A,-,N,NA,NA,NA,NA,NA,NA,NA,NA,NA,Y,4,0,1,2,A,-,09,21801,A,N,D,C,A,A,H,-,C,A,0,NA,NA,Y,NA,Y,NA,A,01,0,0,1,0,0,0,0,0,1,-,-,NA,NA,LOS ANGELES,LOS ANGELES,-118.34039344,34.14372177
7195657,2016,2016-03-01,1942,2016-02-09,1115,34428,2156,2,5,7,1942,0,0,0,NA,0,21L73,OWENSMOUTH AV,VANOWEN ST,0,NA,Y,A,-,N,NA,NA,NA,NA,NA,NA,NA,NA,NA,Y,4,0,1,2,A,-,12,21453,A,N,D,C,A,A,H,-,A,A,0,NA,NA,NA,NA,Y,NA,A,01,0,0,1,0,0,0,0,0,0,-,-,NA,NA,LOS ANGELES,LOS ANGELES,-118.60152006,34.19376006
7195659,2016,2016-02-29,1900,2016-01-31,0825,550491,0612,7,5,6,1985,0,0,0,NA,0,61T1,WHITES CANYON RD,STILLMORE ST,0,NA,Y,C,-,N,NA,NA,NA,NA,NA,NA,NA,NA,NA,N,4,0,1,2,A,-,12,21453,A,N,D,C,A,B,H,-,A,A,0,NA,NA,NA,NA,Y,NA,A,01,0,0,1,0,0,0,0,0,0,-,-,NA,NA,LOS ANGELES,SANTA CLARITA,-118.47217006,34.41836011