CASE_ID,ACCIDENT_YEAR,PROC_DATE,JURIS,COLLISION_DATE,COLLISION_TIME,OFFICER_ID,REPORTING_DISTRICT,DAY_OF_WEEK,CHP_SHIFT,POPULATION,CNTY_CITY_LOC,SPECIAL_COND,BEAT_TYPE,CHP_BEAT_TYPE,CITY_DIVISION_LAPD,CHP_BEAT_CLASS,BEAT_NUMBER,PRIMARY_RD,SECONDARY_RD,DISTANCE,DIRECTION,INTERSECTION,WEATHER_1,WEATHER_2,STATE_HWY_IND,CALTRANS_COUNTY,CALTRANS_DISTRICT,STATE_ROUTE,ROUTE_SUFFIX,POSTMILE_PREFIX,POSTMILE,LOCATION_TYPE,RAMP_INTERSECTION,SIDE_OF_HWY,TOW_AWAY,COLLISION_SEVERITY,NUMBER_KILLED,NUMBER_INJURED,PARTY_COUNT,PRIMARY_COLL_FACTOR,PCF_CODE_OF_VIOL,PCF_VIOL_CATEGORY,PCF_VIOLATION,PCF_VIOL_SUBSECTION,HIT_AND_RUN,TYPE_OF_COLLISION,MVIW,PED_ACTION,ROAD_SURFACE,ROAD_COND_1,ROAD_COND_2,LIGHTING,CONTROL_DEVICE,CHP_ROAD_TYPE,PEDESTRIAN_ACCIDENT,BICYCLE_ACCIDENT,MOTORCYCLE_ACCIDENT,TRUCK_ACCIDENT,NOT_PRIVATE_PROPERTY,ALCOHOL_INVOLVED,STWD_VEHTYPE_AT_FAULT,CHP_VEHTYPE_AT_FAULT,COUNT_SEVERE_INJ,COUNT_VISIBLE_INJ,COUNT_COMPLAINT_PAIN,COUNT_PED_KILLED,COUNT_PED_INJURED,COUNT_BICYCLIST_KILLED,COUNT_BICYCLIST_INJURED,COUNT_MC_KILLED,COUNT_MC_INJURED,PRIMARY_RAMP,SECONDARY_RAMP,LATITUDE,LONGITUDE,COUNTY,CITY,POINT_X,POINT_Y
7195969,2016,2016-03-01,1900,2016-02-17,0903,550490,1125,3,5,6,1992,0,0,0,NA,0,111T1,20TH ST WEST,LANCASTER BL,71,N,N,A,-,N,NA,NA,NA,NA,NA,NA,NA,NA,NA,Y,3,0,2,3,A,-,04,21703,NA,N,C,C,A,A,H,-,A,A,0,NA,NA,NA,NA,Y,NA,A,07,0,2,0,0,0,0,0,0,0,-,-,NA,NA,LOS ANGELES,LANCASTER,-118.16582487,34.69693464
7195972,2015,2016-08-03,1910,2015-12-16,1500,3633,NA,3,5,4,1910,0,0,0,NA,0,007,BURTON WY,ALMONT DR,100,E,N,A,-,N,NA,NA,NA,NA,NA,NA,NA,NA,NA,N,4,0,4,3,A,-,03,22350,NA,N,C,C,A,A,H,-,A,D,0,NA,NA,NA,NA,Y,NA,A,01,0,0,4,0,0,0,0,0,0,-,-,34.07202,-118.38809,LOS ANGELES,BEVERLY HILLS,-118.3873804,34.07209
7195973,2016,2016-03-01,1900,2016-02-21,0255,525744,1125,7,5,6,1992,0,0,0,NA,0,111T1,13TH ST WEST,AVENUE I,50,S,N,A,-,N,NA,NA,NA,NA,NA,NA,NA,NA,NA,N,3,0,1,1,A,-,08,22107,NA,N,E,I,A,A,H,-,C,D,0,NA,NA,NA,NA,Y,NA,A,01,0,1,0,0,0,0,0,0,0,-,-,NA,NA,LOS ANGELES,LANCASTER,-118.15335,34.7040429
7195976,2015,2016-03-02,1910,2015-12-15,1652,3209,NA,2,5,4,1910,0,0,0,NA,0,005,SOUTH SANTA MONICA BL,LASKY DR,0,NA,Y,A,-,N,NA,NA,NA,NA,NA,NA,NA,NA,NA,N,4,0,1,2,A,-,10,21950,A,N,G,B,B,A,H,-,A,A,0,Y,NA,NA,NA,Y,NA,A,01,0,0,1,0,1,0,0,0,0,-,-,34.06666,-118.41013,LOS ANGELES,BEVERLY HILLS,-118.41003006,34.06669005
7195977,2016,2016-03-01,1900,2016-02-19,0830,532040,1134,5,5,6,1992,0,0,0,NA,0,112T1,CHALLENGER WY,AVENUE K 4,0,NA,Y,A,-,N,NA,NA,NA,NA,NA,NA,NA,NA,NA,N,4,0,2,2,A,-,09,21801,A,N,D,C,A,A,H,-,A,A,0,NA,NA,NA,NA,Y,NA,A,07,0,0,2,0,0,0,0,0,0,-,-,NA,NA,LOS ANGELES,LANCASTER,-118.11237,34.67133
7195980,2015,2016-03-02,1910,2015-12-15,0850,03072,NA,2,5,4,1910,0,0,0,NA,0,007,BURTON WY,N MAPLE DR,30,E,N,A,-,N,NA,NA,NA,NA,NA,NA,NA,NA,NA,Y,4,0,1,2,A,-,03,22350,NA,N,C,C,A,A,H,-,A,D,0,NA,NA,NA,NA,Y,NA,D,22,0,0,1,0,0,0,0,0,0,-,-,34.07238,-118.39336,LOS ANGELES,BEVERLY HILLS,-118.39346112,34.07209
7195981,2016,2016-03-01,1900,2016-02-19,1625,550490,112,5,5,6,1992,0,0,0,NA,0,111T1,AVENUE H,30TH ST WEST,0,NA,Y,B,-,N,NA,NA,NA,NA,NA,NA,NA,NA,NA,N,4,0,3,2,A,-,09,21801,A,N,D,C,A,B,H,-,A,A,0,NA,NA,NA,NA,Y,NA,A,01,0,0,3,0,0,0,0,0,0,-,-,NA,NA,LOS ANGELES,LANCASTER,-118.18375001,34.71872003
7195984,2015,2016-03-02,1910,2015-12-12,2007,4407,NA,6,5,4,1910,0,0,0,NA,0,009,N DOHENY DR,CLIFTON WY,15,N,N,A,-,N,NA,NA,NA,NA,NA,NA,NA,NA,NA,N,3,0,1,2,A,-,10,21950,A,N,G,B,B,A,H,-,C,A,0,Y,NA,NA,NA,Y,NA,A,01,0,1,0,0,1,0,0,0,0,-,-,34.06929,-118.38972,LOS ANGELES,BEVERLY HILLS,-118.38973,34.06932114
7195985,2016,2016-03-01,1900,2016-02-16,1310,550490,1126,2,5,6,1992,0,0,0,NA,0,111T1,AVENUE K,17TH ST WEST,300,W,N,A,-,N,NA,NA,NA,NA,NA,NA,NA,NA,NA,N,4,0,2,3,A,-,08,22107,NA,N,C,C,A,A,H,-,A,D,0,NA,NA,NA,NA,Y,NA,A,01,0,0,2,0,0,0,0,0,0,-,-,NA,NA,LOS ANGELES,LANCASTER,-118.16225563,34.67499
7195988,2015,2016-03-02,1910,2015-12-11,1749,3494,NA,5,5,4,1910,0,0,0,NA,0,004,BEVERLY DR,SHADOW HILL DR,150,S,N,A,-,N,NA,NA,NA,NA,NA,NA,NA,NA,NA,N,4,0,1,2,A,-,03,22350,NA,N,C,C,A,A,H,-,C,D,0,NA,NA,NA,NA,Y,NA,A,01,0,0,1,0,0,0,0,0,0,-,-,NA,NA,LOS ANGELES,BEVERLY HILLS,-118.41263023,34.08945159
7195989,2016,2016-03-01,1900,2016-02-12,1135,532040,1122,5,5,6,1992,0,0,0,NA,0,112T1,10TH ST WEST,JACKMAN ST,135,S,N,A,-,N,NA,NA,NA,NA,NA,NA,NA,NA,NA,Y,4,0,1,2,A,-,08,22107,NA,N,B,C,A,A,H,-,A,D,0,NA,NA,NA,NA,Y,NA,A,01,0,0,1,0,0,0,0,0,0,-,-,NA,NA,LOS ANGELES,LANCASTER,-118.14809139,34.7004399
7195990,2016,2016-03-01,1925,2016-02-12,0735,20871,220,5,5,6,1925,0,0,0,NA,0,001,BRAND BL,MONTEREY AV,0,NA,Y,A,-,N,NA,NA,NA,NA,NA,NA,NA,NA,NA,Y,3,0,1,2,A,-,09,21801,A,N,D,C,A,A,H,-,A,A,0,NA,NA,NA,NA,Y,NA,A,07,0,1,0,0,0,0,0,0,0,-,-,NA,NA,LOS ANGELES,GLENDALE,-118.25497999,34.15742011
7195992,2015,2016-03-02,1910,2015-12-11,0916,34075,NA,5,5,4,1910,0,0,0,NA,0,009,WILSHIRE BL,CARSON RD,0,NA,Y,B,-,N,NA,NA,NA,NA,NA,NA,NA,NA,NA,Y,4,0,1,2,A,-,09,21801,A,N,D,C,A,A,H,-,A,A,0,NA,NA,NA,NA,Y,NA,A,01,0,0,1,0,0,0,0,0,0,-,-,34.06596,-118.3794,LOS ANGELES,BEVERLY HILLS,-118.37943011,34.06601001
7195993,2016,2016-03-01,1900,2016-02-12,1631,540658,1122,5,5,6,1992,0,0,0,NA,0,112T1,LANCASTER BL,CEDAR AV,138,E,N,A,-,N,NA,NA,NA,NA,NA,NA,NA,NA,NA,N,4,0,2,2,A,-,21,22106,NA,N,H,C,A,A,H,-,A,D,0,NA,NA,NA,NA,Y,NA,A,01,0,0,2,0,0,0,0,0,0,-,-,NA,NA,LOS ANGELES,LANCASTER,-118.13908544,34.69821728
7195994,2016,2016-03-01,1925,2016-02-11,2003,20962,265,4,5,6,1925,0,0,0,NA,0,002,COLORADO ST,BRAND BL,126,W,N,A,-,N,NA,NA,NA,NA,NA,NA,NA,NA,NA,Y,4,0,2,2,A,-,04,21703,NA,N,C,C,A,A,H,-,C,D,0,NA,NA,NA,NA,Y,NA,A,01,0,0,2,0,0,0,0,0,0,-,-,NA,NA,LOS ANGELES,GLENDALE,-118.25546552,34.14255389
7195996,2015,2016-03-02,1910,2015-12-10,1810,3438,NA,4,5,4,1910,0,0,0,NA,0,007,OLYMPIC BL,S PALM DR,0,NA,Y,A,-,N,NA,NA,NA,NA,NA,NA,NA,NA,NA,Y,4,0,4,2,A,-,09,21801,A,N,D,C,A,A,H,-,A,D,0,NA,NA,NA,NA,Y,NA,A,01,0,0,4,0,0,0,0,0,0,-,-,34.06724,-118.39271,LOS ANGELES,BEVERLY HILLS,-118.3918201,34.05936003
7195997,2016,2016-03-01,1900,2016-02-11,1211,540658,1134,4,5,6,1992,0,0,0,NA,0,112T2,AVENUE K,5TH ST EAST,0,NA,Y,A,-,N,NA,NA,NA,NA,NA,NA,NA,NA,NA,Y,4,0,1,2,A,-,09,21801,A,N,D,C,A,A,H,-,A,A,0,NA,NA,NA,NA,Y,NA,A,01,0,0,1,0,0,0,0,0,0,-,-,NA,NA,LOS ANGELES,LANCASTER,-118.12128005,34.67500006
7195998,2016,2016-03-01,1925,2016-02-14,2051,21412,5,7,5,6,1925,0,0,0,NA,0,NA,CANADA BL,COLINA DR,170,S,N,A,-,N,NA,NA,NA,NA,NA,NA,NA,NA,NA,Y,4,0,2,2,A,-,03,22350,NA,N,B,E,A,A,H,-,C,D,0,NA,NA,NA,NA,Y,NA,A,NA,0,0,2,0,0,0,0,0,0,-,-,NA,NA,LOS ANGELES,GLENDALE,-118.22898509,34.17393384
7196000,2015,2016-03-02,1910,2015-12-09,1730,3410,NA,3,5,4,1910,0,0,0,NA,0,004,WILSHIRE BL,WHITTIER DR,0,NA,Y,A,-,N,NA,NA,NA,NA,NA,NA,NA,NA,NA,N,4,0,2,2,A,-,03,22350,NA,F,C,C,A,-,H,-,C,A,0,NA,NA,NA,NA,Y,NA,A,01,0,0,2,0,0,0,0,0,0,-,-,34.06706,-118.41558,LOS ANGELES,BEVERLY HILLS,-118.41466012,34.06708005
7196001,2015,2016-03-02,1910,2015-12-09,1405,3209,NA,3,5,4,1910,0,0,0,NA,0,004,N BEVERLY DR,SUNSET BL,100,N,N,A,-,N,NA,NA,NA,NA,NA,NA,NA,NA,NA,Y,4,0,1,2,A,-,08,22107,NA,N,B,C,A,A,H,-,A,A,0,NA,NA,Y,NA,Y,NA,A,01,0,0,1,0,0,0,0,0,1,-,-,34.082,-118.41204,LOS ANGELES,BEVERLY HILLS,-118.4120063,34.08193405
7196002,2015,2016-03-01,1910,2015-11-17,1453,2230,NA,2,5,4,1910,0,0,0,NA,0,005,SOUTH SANTA MONICA BL,N BEDFORD,7,E,N,A,-,N,NA,NA,NA,NA,NA,NA,NA,NA,NA,Y,2,0,2,2,A,-,03,22350,NA,N,E,I,F,A,H,-,A,D,0,Y,NA,NA,NA,Y,NA,A,01,1,0,1,0,1,0,0,0,0,-,-,NA,NA,LOS ANGELES,BEVERLY HILLS,-118.40634203,34.06925204
7196003,2015,2016-03-01,1910,2015-11-28,0448,4205,NA,6,5,4,1910,0,0,0,NA,0,009,N LA CIENEGA BL,CLIFTON WY,330,S,N,A,-,N,NA,NA,NA,NA,NA,NA,NA,NA,NA,Y,4,0,1,1,A,-,01,23152,A,N,E,I,A,A,H,-,C,D,0,NA,NA,NA,NA,Y,Y,A,01,0,0,1,0,0,0,0,0,0,-,-,NA,NA,LOS ANGELES,BEVERLY HILLS,-118.37632554,34.06840514
7196005,2015,2016-03-02,1910,2015-12-08,1055,3633,NA,2,5,4,1910,0,0,0,NA,0,009,LA CIENEGA BL,CLIFTON WY,800,S,N,A,-,N,NA,NA,NA,NA,NA,NA,NA,NA,NA,N,3,0,1,2,A,-,03,22350,NA,N,E,E,A,A,H,-,A,D,0,NA,NA,Y,NA,Y,NA,C,02,0,1,0,0,0,0,0,0,1,-,-,34.06738,-118.37634,LOS ANGELES,BEVERLY HILLS,-118.37628378,34.06711651
7196006,2015,2016-03-01,1910,2015-11-17,0716,2839,NA,2,5,4,1910,0,0,0,NA,0,009,LA CIENEGA BL,WILSHIRE BL,0,NA,Y,A,-,N,NA,NA,NA,NA,NA,NA,NA,NA,NA,Y,4,0,3,4,A,-,09,21801,A,N,A,C,A,A,H,-,A,A,0,NA,NA,NA,NA,Y,NA,A,01,0,0,3,0,0,0,0,0,0,-,-,34.06518,-118.37628,LOS ANGELES,BEVERLY HILLS,-118.37623004,34.06518009
7196007,2015,2016-03-01,1910,2015-11-25,0837,3620,NA,3,5,4,1910,0,0,0,NA,0,009,DOHENY DR,BURTON WY,0,NA,Y,A,-,N,NA,NA,NA,NA,NA,NA,NA,NA,NA,Y,4,0,2,2,A,-,12,21453,A,F,D,C,A,A,H,-,A,A,0,NA,NA,NA,NA,Y,NA,-,NA,0,0,2,0,0,0,0,0,0,-,-,NA,NA,LOS ANGELES,BEVERLY HILLS,-118.38973003,34.07209002
7196009,2015,2017-03-29,1910,2015-12-08,0759,2230,NA,2,5,4,1910,0,0,0,NA,0,009,N FOOTHILL RD,3RD ST,0,NA,Y,A,-,N,NA,NA,NA,NA,NA,NA,NA,NA,NA,N,1,1,0,2,A,-,10,21950,A,N,G,B,B,A,H,-,A,A,0,Y,NA,NA,NA,Y,NA,A,01,0,0,0,1,0,0,0,0,0,-,-,NA,NA,LOS ANGELES,BEVERLY HILLS,-118.39611002,34.07350009
7196010,2015,2016-03-11,1910,2015-11-16,2012,4266,NA,1,5,4,1910,0,0,0,NA,0,009,S ROBERTSON DR,GREGORY WY,0,NA,Y,A,-,N,NA,NA,NA,NA,NA,NA,NA,NA,NA,N,4,0,1,2,A,-,03,22350,NA,N,C,C,A,A,H,-,C,D,0,NA,NA,NA,NA,Y,NA,J,48,0,0,1,0,0,0,0,0,0,-,-,NA,NA,LOS ANGELES,BEVERLY HILLS,-118.3835601,34.06297002
7196011,2015,2016-03-01,1910,2015-11-25,0731,3209,NA,3,5,4,1910,0,0,0,NA,0,004,WILSHIRE BL,WHITTIER DR,0,NA,Y,A,-,N,NA,NA,NA,NA,NA,NA,NA,NA,NA,Y,4,0,1,2,A,-,09,21801,A,N,D,C,A,A,H,-,A,A,0,NA,NA,NA,NA,Y,NA,A,01,0,0,1,0,0,0,0,0,0,-,-,34.06716,-118.41464,LOS ANGELES,BEVERLY HILLS,-118.41466012,34.06708005
7196013,2015,2016-03-02,1910,2015-12-06,1313,4160,NA,7,5,4,1910,0,0,0,NA,0,005,SOUTH SANTA MONICA BL,N RODEO DR,105,E,N,A,-,N,NA,NA,NA,NA,NA,NA,NA,NA,NA,Y,3,0,1,2,A,-,07,21658,A,N,B,E,A,A,E,-,A,D,0,NA,NA,NA,NA,Y,NA,A,01,0,1,0,0,0,0,0,0,0,-,-,NA,NA,LOS ANGELES,BEVERLY HILLS,-118.40408726,34.07077728
7196014,2015,2016-03-01,1910,2015-11-16,0855,3209,NA,1,5,4,1910,0,0,0,NA,0,004,N BEVERLY DR,LAUREL WY,0,NA,Y,A,G,N,NA,NA,NA,NA,NA,NA,NA,NA,NA,N,4,0,2,2,A,-,03,22350,NA,N,C,C,A,A,H,-,A,A,0,NA,NA,NA,NA,Y,NA,A,07,0,0,2,0,0,0,0,0,0,-,-,34.08634,-118.41303,LOS ANGELES,BEVERLY HILLS,-118.41306006,34.08638012
7196015,2015,2016-03-01,1910,2015-11-24,1705,3633,NA,2,5,4,1910,0,0,0,NA,0,004,SUNSET BL,WHITTIER DR,0,NA,Y,A,-,N,NA,NA,NA,NA,NA,NA,NA,NA,NA,Y,4,0,2,2,A,-,09,21801,A,N,A,C,A,A,H,-,C,A,0,NA,NA,NA,NA,Y,NA,A,01,0,0,2,0,0,0,0,0,0,-,-,34.0722,-118.42006,LOS ANGELES,BEVERLY HILLS,-118.41997009,34.07719004
7196017,2015,2016-03-02,1910,2015-12-04,1631,3494,NA,5,5,4,1910,0,0,0,NA,0,004,BEVERLY DR,CARMELITA AV,25,S,N,A,-,N,NA,NA,NA,NA,NA,NA,NA,NA,NA,N,4,0,3,2,A,-,03,22350,NA,N,C,C,A,A,H,-,A,A,0,NA,NA,NA,NA,Y,NA,A,01,0,0,3,0,0,0,0,0,0,-,-,NA,NA,LOS ANGELES,BEVERLY HILLS,-118.40687047,34.07426319
7196018,2015,2016-03-01,1910,2015-11-13,1246,34075,NA,5,5,4,1910,0,0,0,NA,0,007,DOHENY DR,WILSHIRE BL,0,NA,Y,A,-,N,NA,NA,NA,NA,NA,NA,NA,NA,NA,N,4,0,1,2,D,-,00,NA,NA,N,D,C,A,A,H,-,A,A,0,NA,NA,NA,NA,Y,NA,-,-,0,0,1,0,0,0,0,0,0,-,-,34.06695,-118.38979,LOS ANGELES,BEVERLY HILLS,-118.38972009,34.06706004
7196019,2015,2016-03-01,1910,2015-11-23,0813,3438,NA,1,5,4,1910,0,0,0,NA,0,009,S CLARK DR,OLYMPIC BL,3,S,N,A,-,N,NA,NA,NA,NA,NA,NA,NA,NA,NA,N,4,0,1,2,A,-,12,22450,A,N,A,B,B,A,H,-,A,A,0,Y,NA,NA,NA,Y,NA,A,01,0,0,1,0,1,0,0,0,0,-,-,34.05942,-118.38452,LOS ANGELES,BEVERLY HILLS,-118.38468021,34.05934177
7196021,2015,2016-08-03,1910,2015-12-03,1542,3209,NA,4,5,4,1910,0,0,0,NA,0,004,N ROXBURY DR,ELEVADO AV,0,NA,Y,A,-,N,NA,NA,NA,NA,NA,NA,NA,NA,NA,N,3,0,1,2,A,-,10,21950,A,N,G,B,B,A,-,-,A,A,0,Y,NA,NA,NA,Y,NA,A,01,0,1,0,0,1,0,0,0,0,-,-,34.07233,-118.41334,LOS ANGELES,BEVERLY HILLS,-118.41326008,34.07225007
7196022,2015,2016-03-01,1910,2015-11-11,1455,2230,NA,3,5,4,1910,0,0,0,NA,0,005,CHARLEVILLE BL,EL CAMINO DR,0,NA,Y,A,-,N,NA,NA,NA,NA,NA,NA,NA,NA,NA,Y,4,0,1,2,A,-,12,22450,A,N,D,C,A,A,H,-,A,A,0,NA,NA,NA,NA,Y,NA,A,01,0,0,1,0,0,0,0,0,0,-,-,NA,NA,LOS ANGELES,BEVERLY HILLS,-118.40020001,34.06500007
7196023,2015,2016-03-01,1910,2015-11-22,1844,3438,NA,7,5,4,1910,0,0,0,NA,0,004,CARMELITA AV,N CRESCENT DR,172,W,N,A,-,N,NA,NA,NA,NA,NA,NA,NA,NA,NA,Y,4,0,1,1,A,-,08,22107,NA,N,A,J,A,A,H,-,A,D,0,NA,NA,NA,NA,Y,Y,A,01,0,0,1,0,0,0,0,0,0,-,-,34.07553,-118.40467,LOS ANGELES,BEVERLY HILLS,-118.40453173,34.07576124
7196025,2015,2016-03-02,1910,2015-12-22,1432,3410,NA,2,5,4,1910,0,0,0,NA,0,009,N ROBERTSON BL,CHARLEVILLE BL,0,NA,Y,A,-,N,NA,NA,NA,NA,NA,NA,NA,NA,NA,NA,3,0,1,2,A,-,05,21460,A,N,A,C,A,A,H,-,A,D,0,NA,NA,NA,NA,Y,NA,A,01,0,1,0,0,0,0,0,0,0,-,-,34.06993,-118.38376,LOS ANGELES,BEVERLY HILLS,-118.38366007,34.06498011
7196026,2015,2016-03-01,1910,2015-11-11,1106,2839,NA,3,5,4,1910,0,0,0,NA,0,005,WILSHIRE BL,CAMDEN DR,0,NA,Y,A,-,N,NA,NA,NA,NA,NA,NA,NA,NA,NA,N,3,0,1,2,A,-,11,21950,B,N,G,B,B,A,H,-,A,A,0,Y,NA,NA,NA,Y,NA,N,60,0,1,0,0,1,0,0,0,0,-,-,34.06692,-118.4024,LOS ANGELES,BEVERLY HILLS,-118.40264011,34.06707007
7196027,2015,2016-03-01,1910,2015-11-20,1557,2839,NA,5,5,4,1910,0,0,0,NA,0,006,BEVERLY DR,SUNSET BL,0,NA,Y,A,-,N,NA,NA,NA,NA,NA,NA,NA,NA,NA,Y,3,0,2,2,A,-,09,21801,A,N,D,C,A,A,H,-,A,A,0,NA,NA,NA,NA,Y,NA,A,01,0,1,1,0,0,0,0,0,0,-,-,NA,NA,LOS ANGELES,BEVERLY HILLS,-118.41202009,34.08166012
7196029,2015,2016-08-03,1910,2015-12-21,2335,4555,NA,1,5,4,1910,0,0,0,NA,0,009,WILSHIRE BL,SAN VICENTE BL,0,NA,Y,C,-,N,NA,NA,NA,NA,NA,NA,NA,NA,NA,Y,4,0,1,2,A,-,09,21800,A,N,D,C,A,B,H,-,-,A,0,NA,NA,NA,NA,Y,NA,A,01,0,0,1,0,0,0,0,0,0,-,-,34.06385,-118.37096,LOS ANGELES,BEVERLY HILLS,-118.37203014,34.06421006
7196030,2015,2016-03-01,1910,2015-11-10,0608,2230,NA,2,5,4,1910,0,0,0,NA,0,009,OLYMPIC BL,WETHERLY DR,9,E,N,A,-,N,NA,NA,NA,NA,NA,NA,NA,NA,NA,Y,4,0,1,3,A,-,09,21802,A,N,D,C,A,A,H,-,B,A,0,NA,NA,NA,NA,Y,NA,A,01,0,0,1,0,0,0,0,0,0,-,-,NA,NA,LOS ANGELES,BEVERLY HILLS,-118.38875034,34.05935
7196031,2015,2016-03-01,1910,2015-11-19,2010,3840,NA,4,5,4,1910,0,0,0,NA,0,005,N CAMDEN DR,SOUTH SANTA MONICA BL,0,NA,Y,A,-,N,NA,NA,NA,NA,NA,NA,NA,NA,NA,NA,4,0,1,2,A,-,12,21453,A,N,D,C,A,A,H,-,C,A,0,NA,NA,NA,NA,Y,NA,A,01,0,0,1,0,0,0,0,0,0,-,-,34.06992,-118.4054,LOS ANGELES,BEVERLY HILLS,-118.40536002,34.06991011
7196033,2015,2016-03-02,1910,2015-12-21,1545,3633,NA,1,5,4,1910,0,0,0,NA,0,007,WILSHIRE BL,SWALL DR,0,NA,Y,A,-,N,NA,NA,NA,NA,NA,NA,NA,NA,NA,Y,4,0,2,2,A,-,09,21801,A,N,D,C,A,A,H,-,A,D,0,NA,NA,NA,NA,Y,NA,A,01,0,0,2,0,0,0,0,0,0,-,-,34.06697,-118.3857,LOS ANGELES,BEVERLY HILLS,-118.38567012,34.06707002
7196034,2015,2016-03-01,1910,2015-11-09,0726,3410,NA,1,5,4,1910,0,0,0,NA,0,007,SOUTH SANTA MONICA BL,N RODEO DR,0,NA,Y,A,-,N,NA,NA,NA,NA,NA,NA,NA,NA,NA,Y,4,0,1,2,A,-,09,21800,D,N,D,C,A,A,H,-,A,A,0,NA,NA,NA,NA,Y,NA,A,01,0,0,1,0,0,0,0,0,0,-,-,34.07061,-118.40439,LOS ANGELES,BEVERLY HILLS,-118.40436002,34.07060008
7196037,2015,2016-03-02,1910,2015-12-21,1200,3410,NA,1,5,4,1910,0,0,0,NA,0,007,S CRESCENT DR,WILSHIRE BL,0,NA,Y,A,-,N,NA,NA,NA,NA,NA,NA,NA,NA,NA,Y,4,0,3,2,A,-,17,21451,A,N,D,C,A,A,H,-,A,A,0,NA,NA,NA,NA,Y,NA,A,01,0,0,3,0,0,0,0,0,0,-,-,34.06697,-118.39595,LOS ANGELES,BEVERLY HILLS,-118.39594007,34.06705002
7196038,2015,2016-08-03,1910,2015-11-08,1829,4485,NA,7,5,4,1910,0,0,0,NA,0,005,SOUTH SANTA MONICA BL,N CAMDEN DR,0,NA,Y,A,-,N,NA,NA,NA,NA,NA,NA,NA,NA,NA,Y,4,0,2,2,A,-,12,21453,A,N,D,C,A,A,H,-,C,A,0,NA,NA,NA,NA,Y,NA,A,01,0,0,2,0,0,0,0,0,0,-,-,34.06992,-118.40532,LOS ANGELES,BEVERLY HILLS,-118.40536002,34.06991011
7196041,2015,2016-03-02,1910,2015-12-19,1925,4407,NA,6,5,4,1910,0,0,0,NA,0,006,COLDWATER CANYON DR,MONTE CIELO DR,543,S,N,B,F,N,NA,NA,NA,NA,NA,NA,NA,NA,NA,NA,3,0,1,2,A,-,08,22107,NA,N,C,E,A,B,H,-,C,D,0,NA,NA,NA,NA,Y,NA,A,01,0,1,0,0,0,0,0,0,0,-,-,34.09998,-118.40603,LOS ANGELES,BEVERLY HILLS,-118.40608093,34.09998397
7196042,2015,2016-03-01,1910,2015-11-07,1607,3494,NA,6,5,4,1910,0,0,0,NA,0,009,ROBERTSON BL,CLIFTON WY,0,NA,Y,A,-,N,NA,NA,NA,NA,NA,NA,NA,NA,NA,Y,3,0,2,2,A,-,03,22350,NA,N,D,C,A,A,H,-,A,A,0,NA,NA,NA,NA,Y,NA,A,01,0,1,1,0,0,0,0,0,0,-,-,NA,NA,LOS ANGELES,BEVERLY HILLS,-118.38377001,34.0692601
7196045,2015,2016-03-02,1910,2015-12-19,0230,4526,NA,6,5,4,1910,0,0,0,NA,0,005,WILSHIRE BL,S CANON DR,0,NA,Y,A,-,N,NA,NA,NA,NA,NA,NA,NA,NA,NA,Y,3,0,2,2,B,-,22,NA,NA,N,C,C,A,A,H,-,C,A,0,NA,NA,NA,NA,Y,NA,A,01,0,1,1,0,0,0,0,0,0,-,-,34.06707,-118.39782,LOS ANGELES,BEVERLY HILLS,-118.39693009,34.06705011
7196046,2015,2016-03-02,1910,2015-11-06,1807,3494,NA,5,5,4,1910,0,0,0,NA,0,004,SANTA MONICA BL,CAMDEN DR,0,NA,Y,A,-,N,NA,NA,NA,NA,NA,NA,NA,NA,NA,Y,3,0,1,2,A,-,09,21801,A,N,E,C,A,A,H,-,C,A,0,NA,NA,NA,NA,Y,NA,A,01,0,1,0,0,0,0,0,0,0,-,-,NA,NA,LOS ANGELES,BEVERLY HILLS,-118.40571007,34.07026011
7196049,2015,2016-03-02,1910,2015-12-18,1346,3494,NA,5,5,4,1910,0,0,0,NA,0,006,HILLCREST RD,SANTA MONICA BL,390,N,N,A,-,N,NA,NA,NA,NA,NA,NA,NA,NA,NA,Y,4,0,2,3,A,-,08,22107,NA,N,B,E,A,A,H,-,A,D,0,NA,NA,NA,NA,Y,NA,A,01,0,0,2,0,0,0,0,0,0,-,-,NA,NA,LOS ANGELES,BEVERLY HILLS,-118.39533632,34.07875632
7196050,2015,2016-03-01,1910,2015-11-06,1609,2839,NA,5,5,4,1910,0,0,0,NA,0,009,GREGORY WY,GALE DR,0,NA,Y,A,-,N,NA,NA,NA,NA,NA,NA,NA,NA,NA,N,4,0,1,2,A,-,10,21950,A,N,G,B,B,A,H,-,B,A,0,Y,NA,NA,NA,Y,NA,A,01,0,0,1,0,1,0,0,0,0,-,-,34.06217,-118.37411,LOS ANGELES,BEVERLY HILLS,-118.37404004,34.06213002
7196053,2015,2016-03-02,1910,2015-12-17,1837,4394,NA,4,5,4,1910,0,0,0,NA,0,005,SOUTH SANTA MONICA BL,RODEO DR,120,E,N,A,-,N,NA,NA,NA,NA,NA,NA,NA,NA,NA,Y,3,0,1,2,A,-,08,22100,A,N,B,E,A,A,H,-,C,A,0,NA,NA,NA,NA,Y,NA,A,01,0,1,0,0,0,0,0,0,0,-,-,34.0707,-118.40421,LOS ANGELES,BEVERLY HILLS,-118.4040483,34.07080261