CASE_ID,ACCIDENT_YEAR,PROC_DATE,JURIS,COLLISION_DATE,COLLISION_TIME,OFFICER_ID,REPORTING_DISTRICT,DAY_OF_WEEK,CHP_SHIFT,POPULATION,CNTY_CITY_LOC,SPECIAL_COND,BEAT_TYPE,CHP_BEAT_TYPE,CITY_DIVISION_LAPD,CHP_BEAT_CLASS,BEAT_NUMBER,PRIMARY_RD,SECONDARY_RD,DISTANCE,DIRECTION,INTERSECTION,WEATHER_1,WEATHER_2,STATE_HWY_IND,CALTRANS_COUNTY,CALTRANS_DISTRICT,STATE_ROUTE,ROUTE_SUFFIX,POSTMILE_PREFIX,POSTMILE,LOCATION_TYPE,RAMP_INTERSECTION,SIDE_OF_HWY,TOW_AWAY,COLLISION_SEVERITY,NUMBER_KILLED,NUMBER_INJURED,PARTY_COUNT,PRIMARY_COLL_FACTOR,PCF_CODE_OF_VIOL,PCF_VIOL_CATEGORY,PCF_VIOLATION,PCF_VIOL_SUBSECTION,HIT_AND_RUN,TYPE_OF_COLLISION,MVIW,PED_ACTION,ROAD_SURFACE,ROAD_COND_1,ROAD_COND_2,LIGHTING,CONTROL_DEVICE,CHP_ROAD_TYPE,PEDESTRIAN_ACCIDENT,BICYCLE_ACCIDENT,MOTORCYCLE_ACCIDENT,TRUCK_ACCIDENT,NOT_PRIVATE_PROPERTY,ALCOHOL_INVOLVED,STWD_VEHTYPE_AT_FAULT,CHP_VEHTYPE_AT_FAULT,COUNT_SEVERE_INJ,COUNT_VISIBLE_INJ,COUNT_COMPLAINT_PAIN,COUNT_PED_KILLED,COUNT_PED_INJURED,COUNT_BICYCLIST_KILLED,COUNT_BICYCLIST_INJURED,COUNT_MC_KILLED,COUNT_MC_INJURED,PRIMARY_RAMP,SECONDARY_RAMP,LATITUDE,LONGITUDE,COUNTY,CITY,POINT_X,POINT_Y
7196358,2016,2016-03-01,1942,2016-02-19,1830,31652,1591,5,5,7,1942,0,0,0,O,0,19T73,VENTURA BL,VANTAGE AV,35,W,N,A,-,N,NA,NA,NA,NA,NA,NA,NA,NA,NA,N,4,0,1,2,A,-,03,22350,NA,F,C,C,A,A,H,-,C,A,0,NA,NA,NA,NA,Y,NA,-,99,0,0,1,0,0,0,0,0,0,-,-,NA,NA,LOS ANGELES,LOS ANGELES,-118.39767477,34.14334957
7196361,2016,2016-03-08,1942,2016-02-16,1720,40165,1792,2,5,7,1942,0,0,0,Q,0,15TL42,PARTHENIA ST,SHIRLEY AV,0,NA,Y,A,-,N,NA,NA,NA,NA,NA,NA,NA,NA,NA,Y,3,0,1,2,A,-,09,21801,NA,N,D,C,A,A,H,-,B,A,0,NA,NA,NA,NA,Y,NA,A,01,0,1,0,0,0,0,0,0,0,-,-,NA,NA,LOS ANGELES,LOS ANGELES,-118.55792,34.2282201
7196362,2016,2016-03-01,1942,2016-02-19,2251,32774,NA,5,5,7,1942,0,0,0,NA,0,NA,LA MAIDA ST,RIVERSIDE DR,10,N,N,A,-,N,NA,NA,NA,NA,NA,NA,NA,NA,NA,N,4,0,1,2,A,-,21,22106,NA,N,B,B,B,A,H,-,C,D,0,Y,NA,NA,NA,Y,NA,-,99,0,0,1,0,1,0,0,0,0,-,-,NA,NA,LOS ANGELES,LOS ANGELES,-118.40945,34.15763743
7196365,2016,2016-03-08,1942,2016-02-12,1340,39473,1794,5,5,7,1942,0,0,0,Q,0,16TL24,RESEDA BL,GRESHAM ST,0,NA,Y,A,-,N,NA,NA,NA,NA,NA,NA,NA,NA,NA,Y,4,0,1,2,A,-,09,21802,A,N,D,C,A,A,H,-,A,A,0,NA,NA,NA,NA,Y,NA,A,01,0,0,1,0,0,0,0,0,0,-,-,NA,NA,LOS ANGELES,LOS ANGELES,-118.53609011,34.23077007
7196366,2016,2016-03-01,1942,2016-02-19,2250,32774,0969,5,5,7,1942,0,0,0,I,0,16T23,LA MAIDA ST,RIVERSIDE DR,22,N,N,A,-,N,NA,NA,NA,NA,NA,NA,NA,NA,NA,Y,4,0,1,2,A,-,03,22350,NA,F,A,C,A,A,H,-,A,D,0,NA,NA,NA,NA,Y,NA,-,99,0,0,1,0,0,0,0,0,0,-,-,NA,NA,LOS ANGELES,LOS ANGELES,-118.40945,34.15767034
7196369,2016,2016-03-08,1942,2016-02-12,1800,39473,1758,5,5,7,1942,0,0,0,Q,0,16TL24,LASSEN ST,CANOGA AV,0,NA,Y,A,-,N,NA,NA,NA,NA,NA,NA,NA,NA,NA,N,4,0,1,2,A,-,09,21804,A,N,D,G,A,A,H,-,C,A,0,NA,Y,NA,NA,Y,NA,L,04,0,0,1,0,0,0,1,0,0,-,-,NA,NA,LOS ANGELES,LOS ANGELES,-118.59732003,34.2499901
7196370,2016,2016-03-01,1942,2016-02-23,1415,36599,1987,2,5,7,1942,0,0,0,NA,0,9TL54,WOODMAN AV,COMMUNITY ST,164,N,N,A,-,N,NA,NA,NA,NA,NA,NA,NA,NA,NA,Y,3,0,5,2,A,-,01,23152,A,M,A,C,A,A,H,-,A,A,0,NA,NA,NA,NA,Y,Y,A,01,0,4,1,0,0,0,0,0,0,-,-,NA,NA,LOS ANGELES,LOS ANGELES,-118.43274,34.22323983
7196373,2016,2016-03-08,1942,2016-02-18,0810,38687,1762,4,5,7,1942,0,0,0,Q,0,19TL77,LURLINE AV,LASSEN ST,0,NA,Y,A,-,N,NA,NA,NA,NA,NA,NA,NA,NA,NA,N,4,0,1,2,A,-,10,21950,A,N,G,B,B,A,H,-,A,A,0,Y,NA,NA,NA,Y,NA,A,01,0,0,1,0,1,0,0,0,0,-,-,NA,NA,LOS ANGELES,LOS ANGELES,-118.58417007,34.24999007
7196374,2016,2016-03-01,1942,2016-02-23,1100,39335,1501,2,5,7,1942,0,0,0,O,0,9TL56,STRATHERN ST,NAGLE AV,25,E,N,A,-,N,NA,NA,NA,NA,NA,NA,NA,NA,NA,Y,4,0,2,2,A,-,04,21703,NA,F,C,C,A,A,H,-,A,D,0,NA,NA,NA,NA,Y,NA,A,08,0,0,2,0,0,0,0,0,0,-,-,NA,NA,LOS ANGELES,LOS ANGELES,-118.42264746,34.21589083
7196377,2016,2017-10-19,1942,2016-02-18,0750,39217,1754,4,5,7,1942,0,0,0,Q,0,9TL55,RESEDA BL,DEVONSHIRE ST,350,N,N,A,-,N,NA,NA,NA,NA,NA,NA,NA,NA,NA,N,4,0,1,2,A,-,00,24605,NA,N,D,C,A,A,H,-,A,A,0,NA,NA,NA,NA,Y,NA,A,07,0,0,1,0,0,0,0,0,0,-,-,NA,NA,LOS ANGELES,LOS ANGELES,-118.5361,34.25822004
7196381,2016,2016-03-08,1942,2016-02-12,2100,40337,1727,5,5,7,1942,0,0,0,Q,0,16T23,TAMPA AV,ATLANTA AV,0,NA,Y,A,-,N,NA,NA,NA,NA,NA,NA,NA,NA,NA,Y,2,0,1,2,A,-,09,21801,A,N,D,C,A,A,H,-,C,D,0,NA,NA,Y,NA,Y,Y,A,01,1,0,0,0,0,0,0,0,1,-,-,NA,NA,LOS ANGELES,LOS ANGELES,-118.55624014,34.26394004
7196385,2016,2016-03-08,1942,2016-02-12,1500,39355,1754,5,5,7,1942,0,0,0,Q,0,21T162,RESEDA BL,DEVONSHIRE ST,0,NA,Y,A,-,N,NA,NA,NA,NA,NA,NA,NA,NA,NA,Y,4,0,3,3,A,-,09,21800,A,N,D,C,A,A,H,-,A,B,0,NA,NA,NA,NA,Y,NA,A,01,0,0,3,0,0,0,0,0,0,-,-,NA,NA,LOS ANGELES,LOS ANGELES,-118.53609003,34.25726011
7196389,2016,2016-03-08,1942,2016-02-15,2100,40337,1792,1,5,7,1942,0,0,0,Q,0,17TL15,CORBIN AV,ROSCOE BL,20,N,N,A,-,N,NA,NA,NA,NA,NA,NA,NA,NA,NA,N,4,0,1,2,A,-,00,21703,A,N,C,C,A,A,H,-,C,A,0,NA,NA,NA,NA,Y,NA,A,01,0,0,1,0,0,0,0,0,0,-,-,NA,NA,LOS ANGELES,LOS ANGELES,-118.56228886,34.22040486
7196393,2016,2016-03-08,1942,2016-02-15,1800,38765,1762,1,5,7,1942,0,0,0,Q,0,9T53,LASSEN ST,VARIEL AV,50,W,N,A,-,N,NA,NA,NA,NA,NA,NA,NA,NA,NA,Y,4,0,1,2,A,-,09,21804,A,N,D,C,A,A,H,-,A,D,0,NA,NA,NA,NA,Y,NA,A,01,0,0,1,0,0,0,0,0,0,-,-,NA,NA,LOS ANGELES,LOS ANGELES,-118.5931351,34.24998413
7196397,2016,2016-03-01,1942,2016-02-18,1740,36336,21556,4,5,7,1942,0,0,0,NA,0,16TL28,OWENSMOUTH AV,VICTORY BL,0,NA,Y,A,-,N,NA,NA,NA,NA,NA,NA,NA,NA,NA,Y,4,0,2,2,A,-,12,21453,A,N,A,C,A,A,H,-,A,A,0,NA,NA,NA,NA,Y,NA,A,01,0,0,2,0,0,0,0,0,0,-,-,NA,NA,LOS ANGELES,LOS ANGELES,-118.60154002,34.18773009
7196402,2016,2016-03-10,1902,2016-02-25,1827,702,34,4,5,5,1902,0,0,0,NA,0,005,EL MONTE AV,LONGDEN AV,0,NA,Y,A,-,N,NA,NA,NA,NA,NA,NA,NA,NA,NA,N,3,0,1,2,A,-,10,21952,NA,N,D,B,B,A,H,-,C,D,0,Y,NA,NA,NA,Y,NA,D,22,0,1,0,0,1,0,0,0,0,-,-,NA,NA,LOS ANGELES,ARCADIA,-118.03838013,34.11409004
7196469,2016,2017-02-11,1956,2016-02-28,1110,1315,02,7,5,5,1956,0,0,0,NA,0,001,RT 1,AVE E,10,N,N,A,-,Y,LA,7,1,-,-,18.51,H,-,S,Y,4,0,1,2,A,-,07,21658,A,N,C,C,A,A,H,-,A,D,0,NA,NA,NA,Y,Y,NA,F,26,0,0,1,0,0,0,0,0,0,-,-,NA,NA,LOS ANGELES,REDONDO BEACH,-118.38548708,33.823703449999996
7196477,2016,2016-03-10,1902,2016-02-25,0748,738,11,4,5,5,1902,0,0,0,NA,0,001,E HUNTINGTON DR,1ST AV,100,E,N,A,-,N,NA,NA,NA,NA,NA,NA,NA,NA,NA,N,4,0,3,3,A,-,03,22350,NA,F,C,C,A,A,H,-,A,A,0,NA,NA,NA,NA,Y,NA,D,22,0,0,3,0,0,0,0,0,0,-,-,NA,NA,LOS ANGELES,ARCADIA,-118.02802034,34.14008622
7196496,2016,2016-03-10,1920,2016-01-14,1543,11033,NA,4,5,6,1920,0,0,0,NA,0,006,FIRESTONE BL,NASH AV,15,E,N,A,-,N,NA,NA,NA,NA,NA,NA,NA,NA,NA,N,4,0,1,2,A,-,03,22350,NA,N,C,C,A,A,H,-,A,D,0,NA,NA,NA,NA,Y,NA,A,01,0,0,1,0,0,0,0,0,0,-,-,NA,NA,LOS ANGELES,DOWNEY,-118.12485715,33.9359296
7196500,2016,2016-03-10,1920,2016-01-19,1159,10216,NA,2,5,6,1920,0,0,0,NA,0,003,FLORENCE AV,TWEEDY LN,150,E,N,B,-,N,NA,NA,NA,NA,NA,NA,NA,NA,NA,Y,3,0,2,2,A,-,09,21801,A,N,D,C,A,A,H,-,A,D,0,NA,NA,NA,NA,Y,NA,-,NA,0,1,1,0,0,0,0,0,0,-,-,NA,NA,LOS ANGELES,DOWNEY,-118.13127943,33.95418471
7196504,2016,2016-03-10,1920,2016-01-19,1100,10705,NA,2,5,6,1920,0,0,0,NA,0,001,BELLFLOWER BL,HALL RD,375,S,N,B,-,N,NA,NA,NA,NA,NA,NA,NA,NA,NA,N,4,0,1,2,A,-,08,22107,NA,M,B,E,A,A,H,-,A,D,0,NA,NA,NA,NA,Y,NA,-,NA,0,0,1,0,0,0,0,0,0,-,-,NA,NA,LOS ANGELES,DOWNEY,-118.12545168,33.93056174
7196513,2016,2016-03-08,1902,2016-02-27,2004,702,15,6,5,5,1902,0,0,0,NA,0,003,HUNTINGTON DR,HOLLY AV,0,NA,Y,A,-,N,NA,NA,NA,NA,NA,NA,NA,NA,NA,Y,2,0,2,1,A,-,03,22350,NA,M,E,I,A,A,H,-,C,A,0,NA,NA,NA,NA,Y,NA,A,01,1,1,0,0,0,0,0,0,0,-,-,NA,NA,LOS ANGELES,ARCADIA,-118.04593001,34.1315401
7196520,2016,2016-08-15,1965,2016-01-14,1145,3693,0BIK,4,5,5,1965,0,0,0,NA,0,B001,4TH ST,SANTA MONICA BL,0,NA,Y,A,-,N,NA,NA,NA,NA,NA,NA,NA,NA,NA,NA,3,0,1,2,A,-,10,21950,A,F,G,B,B,A,H,-,A,A,0,Y,NA,NA,NA,Y,NA,A,01,0,1,0,0,1,0,0,0,0,-,-,NA,NA,LOS ANGELES,SANTA MONICA,-118.49519012,34.01643003
7196524,2016,2017-02-11,1976,2016-01-30,0138,378,NA,6,5,5,1976,0,0,0,NA,0,004,WHITTIER BL,COLIMA RD,0,NA,Y,B,-,Y,LA,7,72,-,-,1.853,I,5,S,Y,4,0,1,2,A,-,12,21453,A,N,D,C,A,A,H,-,C,A,0,NA,NA,NA,NA,Y,NA,A,07,0,0,1,0,0,0,0,0,0,-,-,NA,NA,LOS ANGELES,WHITTIER,-118.00655829,33.94874119
7196532,2016,2017-02-10,1900,2016-01-21,1215,533190,1015,4,5,3,1995,0,0,0,NA,0,101T2,RT 1,SERRA RD,181,E,N,A,-,Y,LA,7,1,-,-,46.78,H,-,N,Y,3,0,1,2,A,-,07,21658,A,N,B,C,A,A,H,-,A,D,0,NA,NA,NA,NA,Y,NA,A,01,0,1,0,0,0,0,0,0,0,-,-,NA,NA,LOS ANGELES,MALIBU,-118.6803352,34.03513311
7196536,2016,2017-02-11,1942,2016-01-30,1050,39761,1313,6,5,7,1942,0,0,0,M,0,4TL43,SAN PEDRO ST,17TH ST,0,NA,Y,B,-,Y,LA,7,10,-,-,16.217,R,4,E,N,3,0,1,2,A,-,07,21658,A,F,B,C,A,A,H,-,A,D,0,NA,NA,NA,NA,Y,NA,-,99,0,1,0,0,0,0,0,0,0,-,-,NA,NA,LOS ANGELES,LOS ANGELES,-118.2533942,34.0280454
7196544,2016,2017-02-10,1942,2016-01-30,0915,41958,1433,6,5,7,1942,0,0,0,N,0,14A25,LINCOLN BL,VENICE BL,225,N,N,B,-,Y,LA,7,1,-,-,32.21,H,-,N,Y,4,0,1,2,A,-,07,21658,A,N,B,E,A,A,H,-,A,A,0,NA,NA,NA,NA,Y,NA,A,07,0,0,1,0,0,0,0,0,0,-,-,NA,NA,LOS ANGELES,LOS ANGELES,-118.4534121,33.99443238
7196580,2016,2016-03-10,1970,2016-01-31,1643,204,1970,7,5,4,1970,0,0,0,NA,0,004,FAIR OAKS AV,HUNTINGTON DR,135,N,N,C,-,N,NA,NA,NA,NA,NA,NA,NA,NA,NA,Y,4,0,1,2,A,-,03,22350,NA,N,C,C,A,B,-,-,A,D,0,NA,NA,NA,NA,Y,NA,A,01,0,0,1,0,0,0,0,0,0,-,-,NA,NA,LOS ANGELES,SOUTH PASADENA,-118.15054,34.1054001
7196584,2016,2016-03-10,1970,2016-01-30,0320,183,1970,6,5,4,1970,0,0,0,NA,0,003,HILL DR,HARRIMAN AV,15,E,N,A,-,N,NA,NA,NA,NA,NA,NA,NA,NA,NA,Y,3,0,1,1,A,-,01,23152,A,N,A,I,A,A,E,-,E,A,0,NA,NA,NA,NA,Y,Y,-,NA,0,1,0,0,0,0,0,0,0,-,-,NA,NA,LOS ANGELES,SOUTH PASADENA,-118.17596242,34.10347881
7196611,2016,2016-03-10,1970,2016-01-17,1230,169,2,7,5,4,1970,0,0,0,NA,0,002,MISSION ST,DIAMOND AV,93,W,N,A,-,N,NA,NA,NA,NA,NA,NA,NA,NA,NA,N,4,0,1,2,A,-,08,22102,NA,N,D,C,A,A,B,H,A,D,0,NA,NA,NA,NA,Y,NA,A,07,0,0,1,0,0,0,0,0,0,-,-,NA,NA,LOS ANGELES,SOUTH PASADENA,-118.15655655,34.1157448
7196615,2016,2016-03-10,1970,2016-01-13,1411,169,4,3,5,4,1970,0,0,0,NA,0,004,GARFIELD AV,MONTEREY RD,0,NA,Y,A,-,N,NA,NA,NA,NA,NA,NA,NA,NA,NA,N,4,0,1,2,A,-,09,21802,A,N,D,G,A,A,H,-,A,A,0,NA,Y,NA,NA,Y,NA,A,01,0,0,1,0,0,0,1,0,0,-,-,NA,NA,LOS ANGELES,SOUTH PASADENA,-118.13955005,34.11252001
7196619,2016,2016-03-10,1970,2016-01-25,1518,136,1970,1,5,4,1970,0,0,0,NA,0,004,HUNTINGTON DR,FLETCHER AV,270,W,N,A,-,N,NA,NA,NA,NA,NA,NA,NA,NA,NA,N,3,0,1,2,A,-,05,21650,1,N,D,G,A,A,H,-,A,D,0,NA,Y,NA,NA,Y,NA,L,04,0,1,0,0,0,0,1,0,0,-,-,NA,NA,LOS ANGELES,SOUTH PASADENA,-118.14336004,34.10425
7196623,2016,2016-03-10,1970,2016-01-24,1731,136,1970,7,5,4,1970,0,0,0,NA,0,004,HUNTINGTON DR,RAMONA AV,0,NA,Y,A,-,N,NA,NA,NA,NA,NA,NA,NA,NA,NA,Y,3,0,2,2,A,-,09,21802,A,N,D,C,A,A,H,-,C,A,0,NA,NA,NA,NA,Y,NA,-,NA,0,1,1,0,0,0,0,0,0,-,-,NA,NA,LOS ANGELES,SOUTH PASADENA,-118.1538801,34.10349009
7196627,2016,2016-03-10,1970,2016-01-03,1701,194,NA,7,5,4,1970,0,0,0,NA,0,002,FREMONT AV,EL CENTRO ST,32,N,N,A,-,N,NA,NA,NA,NA,NA,NA,NA,NA,NA,N,3,0,1,3,A,-,03,22350,NA,N,C,C,A,A,H,-,B,D,0,NA,NA,NA,NA,Y,NA,A,01,0,1,0,0,0,0,0,0,0,-,-,NA,NA,LOS ANGELES,SOUTH PASADENA,-118.15311,34.11483775
7196641,2016,2016-03-09,1942,2016-01-29,1400,39194,1028,5,5,7,1942,0,0,0,J,0,19TL78,DE CELIS PL,VANOWEN ST,0,NA,Y,A,-,N,NA,NA,NA,NA,NA,NA,NA,NA,NA,N,4,0,1,2,A,-,09,21802,A,N,D,C,A,A,H,-,A,A,0,NA,NA,NA,NA,Y,NA,A,01,0,0,1,0,0,0,0,0,0,-,-,NA,NA,LOS ANGELES,LOS ANGELES,-118.49459005,34.19390003
7196645,2015,2016-03-09,1942,2015-01-29,1820,32774,1041,4,5,7,1942,0,0,0,J,0,10T37,DONNA AV,OXNARD ST,0,NA,Y,A,-,N,NA,NA,NA,NA,NA,NA,NA,NA,NA,Y,2,0,1,2,A,-,09,21802,A,N,A,C,A,A,H,-,C,D,0,NA,NA,Y,NA,Y,NA,A,07,1,0,0,0,0,0,0,0,1,-,-,NA,NA,LOS ANGELES,LOS ANGELES,-118.54751007,34.18020011
7196661,2016,2016-03-09,1920,2016-01-27,1916,10220,1920,3,5,6,1920,0,0,0,NA,0,004,FLORENCE AV,WOODRUFF AV,0,NA,Y,A,-,N,NA,NA,NA,NA,NA,NA,NA,NA,NA,Y,3,0,1,2,A,-,12,21453,A,N,D,C,A,A,H,-,C,A,0,NA,NA,NA,NA,Y,NA,A,01,0,1,0,0,0,0,0,0,0,-,-,NA,NA,LOS ANGELES,DOWNEY,-118.11037013,33.94404008
7196662,2016,2016-03-09,1920,2016-01-15,1809,12605,1920,5,5,6,1920,0,0,0,NA,0,002,FIRESTONE BL,ARNETT ST,0,NA,Y,A,-,N,NA,NA,NA,NA,NA,NA,NA,NA,NA,N,4,0,2,2,A,-,09,21801,A,N,D,C,A,A,H,-,C,D,0,NA,NA,NA,NA,Y,NA,A,01,0,0,2,0,0,0,0,0,0,-,-,NA,NA,LOS ANGELES,DOWNEY,-118.15177006,33.94719004
7196665,2016,2016-03-09,1920,2016-01-29,1517,12323,NA,5,5,6,1920,0,0,0,NA,0,001,IMPERIAL HWY,WOODRUFF AV,785,E,N,A,-,N,NA,NA,NA,NA,NA,NA,NA,NA,NA,Y,4,0,1,2,A,-,04,21703,NA,N,C,C,A,A,H,-,A,D,0,NA,NA,NA,NA,Y,NA,A,01,0,0,1,0,0,0,0,0,0,-,-,NA,NA,LOS ANGELES,DOWNEY,-118.11687,33.91686
7196666,2016,2016-03-09,1920,2016-01-23,0035,12605,1920,6,5,6,1920,0,0,0,NA,0,004,FLORENCE AV,LAKEWOOD BL,0,NA,Y,A,-,N,NA,NA,NA,NA,NA,NA,NA,NA,NA,Y,4,0,1,2,A,-,01,23152,A,N,A,C,A,A,H,-,C,A,0,NA,NA,NA,NA,Y,Y,A,01,0,0,1,0,0,0,0,0,0,-,-,NA,NA,LOS ANGELES,DOWNEY,-118.11725003,33.9475001
7196669,2016,2016-03-09,1920,2016-01-29,1339,11033,NA,5,5,6,1920,0,0,0,NA,0,006,IMPERIAL HWY,DOWNEY AV,0,NA,Y,A,-,N,NA,NA,NA,NA,NA,NA,NA,NA,NA,Y,3,0,5,3,A,-,12,21453,A,N,D,C,A,A,H,-,A,A,0,NA,NA,NA,NA,Y,NA,A,07,0,3,2,0,0,0,0,0,0,-,-,NA,NA,LOS ANGELES,DOWNEY,-118.14688009,33.92131006
7196673,2016,2016-03-09,1920,2016-01-27,1758,11859,1920,3,5,6,1920,0,0,0,NA,0,003,PARAMOUNT BL,HARPER AV,0,NA,Y,A,-,N,NA,NA,NA,NA,NA,NA,NA,NA,NA,Y,4,0,1,2,A,-,09,21801,A,N,D,C,A,A,H,-,C,D,0,NA,NA,NA,NA,Y,NA,A,01,0,0,1,0,0,0,0,0,0,-,-,NA,NA,LOS ANGELES,DOWNEY,-118.13338009,33.94893011
7196677,2016,2016-03-09,1920,2016-01-26,1820,12323,NA,2,5,6,1920,0,0,0,NA,0,004,FLORENCE AV,FAIRFORD AV,52,E,N,A,-,N,NA,NA,NA,NA,NA,NA,NA,NA,NA,N,4,0,1,3,A,-,03,22350,NA,N,C,C,A,A,C,-,C,A,0,NA,NA,NA,NA,Y,NA,A,07,0,0,1,0,0,0,0,0,0,-,-,NA,NA,LOS ANGELES,DOWNEY,-118.09469394,33.93602577
7196678,2016,2016-03-09,1942,2016-01-30,2030,38857,1023,6,5,7,1942,0,0,0,J,0,10T37,SHERMAN WY,WILBUR AV,0,NA,Y,B,-,N,NA,NA,NA,NA,NA,NA,NA,NA,NA,Y,4,0,1,2,A,-,09,21801,A,N,D,C,A,A,H,-,C,A,0,NA,NA,NA,NA,Y,NA,A,01,0,0,1,0,0,0,0,0,0,-,-,NA,NA,LOS ANGELES,LOS ANGELES,-118.54476012,34.20117002
7196681,2016,2016-03-09,1920,2016-01-26,1634,12323,NA,2,5,6,1920,0,0,0,NA,0,001,IMPERIAL HWY,BELLFLOWER BL,24,W,N,A,-,N,NA,NA,NA,NA,NA,NA,NA,NA,NA,Y,4,0,4,3,D,-,00,NA,NA,N,D,E,A,A,H,-,A,A,0,NA,NA,NA,NA,Y,NA,-,-,0,0,4,0,0,0,0,0,0,-,-,NA,NA,LOS ANGELES,DOWNEY,-118.12549893,33.91702897
7196682,2016,2016-03-09,1942,2016-01-30,1720,39194,1049,6,5,7,1942,0,0,0,J,0,19TL78,VICTORY BL,ODESSA AV,305,E,N,A,-,N,NA,NA,NA,NA,NA,NA,NA,NA,NA,Y,4,0,1,2,A,-,08,22107,NA,N,B,C,A,A,H,-,C,D,0,NA,NA,NA,NA,Y,NA,A,01,0,0,1,0,0,0,0,0,0,-,-,NA,NA,LOS ANGELES,LOS ANGELES,-118.48919327,34.18661315
7196686,2016,2016-03-09,1942,2016-01-28,1830,27792,1039,4,5,7,1942,0,0,0,J,0,10T35,VANOWEN ST,GAVIOTA AV,39,W,N,B,-,N,NA,NA,NA,NA,NA,NA,NA,NA,NA,N,2,0,1,2,A,-,11,21955,NA,N,G,B,D,A,H,-,D,D,0,Y,NA,NA,NA,Y,NA,N,60,1,0,0,0,1,0,0,0,0,-,-,NA,NA,LOS ANGELES,LOS ANGELES,-118.48161874,34.19391
7196690,2016,2016-03-09,1942,2016-01-27,2145,40155,1754,3,5,7,1942,0,0,0,Q,0,16T23,DEVONSHIRE,RESEDA,3,E,N,A,-,N,NA,NA,NA,NA,NA,NA,NA,NA,NA,N,4,0,1,2,A,-,10,21950,A,N,G,B,B,A,H,-,B,A,0,Y,NA,NA,NA,Y,NA,A,01,0,0,1,0,1,0,0,0,0,-,-,NA,NA,LOS ANGELES,LOS ANGELES,-118.53608009,34.25726
7196705,2016,2017-02-11,1925,2016-01-21,0854,15427,233,4,5,6,1925,0,0,0,NA,0,004,GLENDALE BL,RT 134,110,N,N,B,-,Y,LA,7,134,-,R,7.86,R,4,E,N,3,0,1,2,A,-,07,21658,A,F,B,G,A,A,H,-,A,D,0,NA,Y,NA,NA,Y,NA,-,-,0,1,0,0,0,0,1,0,0,-,EO,NA,NA,LOS ANGELES,GLENDALE,-118.2423803,34.15578284
7196709,2016,2016-03-09,1900,2016-01-25,1200,520746,0456,1,5,6,1949,0,0,0,NA,0,43T1D,ALONDRA BL,BLOOMFIELD AV,438,W,N,A,-,N,NA,NA,NA,NA,NA,NA,NA,NA,NA,N,3,0,1,2,A,-,11,21954,A,N,G,B,E,A,H,-,A,D,0,Y,NA,NA,NA,Y,NA,N,60,0,1,0,0,1,0,0,0,0,-,-,NA,NA,LOS ANGELES,NORWALK,-118.06562001,33.88778691
7196721,2016,2016-02-29,1900,2016-02-13,2255,529403,0465,6,5,4,1936,0,0,0,NA,0,46T2,LA MIRADA BL,ALONDRA BL,20,N,N,A,-,N,NA,NA,NA,NA,NA,NA,NA,NA,NA,N,4,0,2,3,A,-,04,21703,NA,N,C,C,A,A,H,-,C,A,0,NA,NA,NA,NA,Y,NA,A,01,0,0,2,0,0,0,0,0,0,-,-,NA,NA,LOS ANGELES,LA MIRADA,-117.99941876,33.88821931
7196722,2016,2016-02-29,1900,2016-02-04,1415,489533,0453,4,5,6,1949,0,0,0,NA,0,43T1,FLALLON AV,VAN RUITEN ST,56,S,N,A,-,N,NA,NA,NA,NA,NA,NA,NA,NA,NA,N,4,0,2,2,A,-,21,22106,NA,N,C,C,A,A,H,-,A,A,0,NA,NA,NA,NA,Y,NA,A,01,0,0,2,0,0,0,0,0,0,-,-,NA,NA,LOS ANGELES,NORWALK,-118.08505716,33.90286647
7196723,2016,2016-02-29,1900,2016-02-11,1720,466734,0454,4,5,6,1949,0,0,0,NA,0,43T2P,ADOREE ST,PADDISON AV,237,E,N,A,-,N,NA,NA,NA,NA,NA,NA,NA,NA,NA,Y,3,0,1,1,A,-,03,22350,NA,N,E,I,A,A,H,-,B,D,0,NA,NA,NA,NA,Y,NA,A,01,0,1,0,0,0,0,0,0,0,-,-,NA,NA,LOS ANGELES,NORWALK,-118.07640593,33.91435068
7196724,2016,2016-02-29,1922,2016-02-01,1603,566,NA,1,5,6,1922,0,0,0,NA,0,NA,PECK,KLINGERMAN,0,NA,Y,A,-,N,NA,NA,NA,NA,NA,NA,NA,NA,NA,Y,4,0,1,2,A,-,04,21703,NA,F,C,C,A,A,H,-,A,A,0,NA,NA,NA,NA,Y,Y,-,NA,0,0,1,0,0,0,0,0,0,-,-,NA,NA,LOS ANGELES,EL MONTE,-118.03058,34.05599001
7196725,2016,2016-03-03,1922,2016-02-11,1949,669,NA,4,5,6,1922,0,0,0,NA,0,002,RAMONA BL,MAXSON RD,400,NA,N,A,-,N,NA,NA,NA,NA,NA,NA,NA,NA,NA,Y,4,0,1,1,A,-,03,22350,NA,N,A,I,A,A,H,-,C,D,0,NA,NA,NA,NA,Y,NA,-,-,0,0,1,0,0,0,0,0,0,-,-,NA,NA,LOS ANGELES,EL MONTE,-118.00766008,34.07591007
7196726,2016,2016-02-29,1922,2016-02-15,0007,624,NA,1,5,6,1922,0,0,0,NA,0,NA,VALLEY BL,TYLER AV,0,NA,Y,A,-,N,NA,NA,NA,NA,NA,NA,NA,NA,NA,Y,4,0,1,2,D,-,00,NA,NA,N,D,C,A,A,H,-,C,A,0,NA,NA,NA,NA,Y,NA,-,-,0,0,1,0,0,0,0,0,0,-,-,NA,NA,LOS ANGELES,EL MONTE,-118.03506003,34.0749001